<Objs Version="1.1.0.1" xmlns="http://schemas.microsoft.com/powershell/2004/04">
  <Obj RefId="0">
    <TN RefId="0">
      <T>Microsoft.PowerShell.Commands.PSRepositoryItemInfo</T>
      <T>System.Management.Automation.PSCustomObject</T>
      <T>System.Object</T>
    </TN>
    <MS>
      <S N="Name">OCI.PSModules.Core</S>
      <S N="Version">95.1.0</S>
      <S N="Type">Module</S>
      <S N="Description">This modules provides Cmdlets for OCI Core Service</S>
      <S N="Author">Oracle Cloud Infrastructure</S>
      <S N="CompanyName">oci-psmodules-grp</S>
      <S N="Copyright">(c) Oracle Cloud Infrastructure. All rights reserved.</S>
      <DT N="PublishedDate">2024-11-12T18:45:06+02:00</DT>
      <Nil N="InstalledDate" />
      <Nil N="UpdatedDate" />
      <URI N="LicenseUri">https://github.com/oracle/oci-powershell-modules/blob/master/LICENSE.txt</URI>
      <URI N="ProjectUri">https://github.com/oracle/oci-powershell-modules/</URI>
      <URI N="IconUri">https://github.com/oracle/oci-powershell-modules/blob/master/icon.png</URI>
      <Obj N="Tags" RefId="1">
        <TN RefId="1">
          <T>System.Object[]</T>
          <T>System.Array</T>
          <T>System.Object</T>
        </TN>
        <LST>
          <S>PSEdition_Core</S>
          <S>Windows</S>
          <S>Linux</S>
          <S>macOS</S>
          <S>Oracle</S>
          <S>OCI</S>
          <S>Cloud</S>
          <S>OracleCloudInfrastructure</S>
          <S>Core</S>
          <S>PSModule</S>
        </LST>
      </Obj>
      <Obj N="Includes" RefId="2">
        <TN RefId="2">
          <T>System.Collections.Hashtable</T>
          <T>System.Object</T>
        </TN>
        <DCT>
          <En>
            <S N="Key">Function</S>
            <Obj N="Value" RefId="3">
              <TNRef RefId="1" />
              <LST />
            </Obj>
          </En>
          <En>
            <S N="Key">Workflow</S>
            <Ref N="Value" RefId="3" />
          </En>
          <En>
            <S N="Key">DscResource</S>
            <Ref N="Value" RefId="3" />
          </En>
          <En>
            <S N="Key">RoleCapability</S>
            <Ref N="Value" RefId="3" />
          </En>
          <En>
            <S N="Key">Command</S>
            <Obj N="Value" RefId="4">
              <TNRef RefId="1" />
              <LST>
                <S>Add-OCIComputeImageShapeCompatibilityEntry</S>
                <S>Add-OCIVirtualNetworkDrgRouteDistributionStatements</S>
                <S>Add-OCIVirtualNetworkDrgRouteRules</S>
                <S>Add-OCIVirtualNetworkIpv6SubnetCidr</S>
                <S>Add-OCIVirtualNetworkIpv6VcnCidr</S>
                <S>Add-OCIVirtualNetworkNetworkSecurityGroupSecurityRules</S>
                <S>Add-OCIVirtualNetworkPublicIpPoolCapacity</S>
                <S>Add-OCIVirtualNetworkVcnCidr</S>
                <S>Confirm-OCIVirtualNetworkByoipRange</S>
                <S>Connect-OCIVirtualNetworkLocalPeeringGateways</S>
                <S>Connect-OCIVirtualNetworkRemotePeeringConnections</S>
                <S>Copy-OCIBlockstorageBootVolumeBackup</S>
                <S>Copy-OCIBlockstorageVolumeBackup</S>
                <S>Copy-OCIBlockstorageVolumeGroupBackup</S>
                <S>DisMount-OCIComputeBootVolume</S>
                <S>DisMount-OCIComputeManagementInstancePoolInstance</S>
                <S>DisMount-OCIComputeManagementLoadBalancer</S>
                <S>DisMount-OCIComputeVnic</S>
                <S>DisMount-OCIComputeVolume</S>
                <S>DisMount-OCIVirtualNetworkServiceId</S>
                <S>Edit-OCIVirtualNetworkVcnCidr</S>
                <S>Export-OCIComputeImage</S>
                <S>Get-OCIBlockstorageBlockVolumeReplica</S>
                <S>Get-OCIBlockstorageBlockVolumeReplicasList</S>
                <S>Get-OCIBlockstorageBootVolume</S>
                <S>Get-OCIBlockstorageBootVolumeBackup</S>
                <S>Get-OCIBlockstorageBootVolumeBackupsList</S>
                <S>Get-OCIBlockstorageBootVolumeKmsKey</S>
                <S>Get-OCIBlockstorageBootVolumeReplica</S>
                <S>Get-OCIBlockstorageBootVolumeReplicasList</S>
                <S>Get-OCIBlockstorageBootVolumesList</S>
                <S>Get-OCIBlockstorageVolume</S>
                <S>Get-OCIBlockstorageVolumeBackup</S>
                <S>Get-OCIBlockstorageVolumeBackupPoliciesList</S>
                <S>Get-OCIBlockstorageVolumeBackupPolicy</S>
                <S>Get-OCIBlockstorageVolumeBackupPolicyAssetAssignment</S>
                <S>Get-OCIBlockstorageVolumeBackupPolicyAssignment</S>
                <S>Get-OCIBlockstorageVolumeBackupsList</S>
                <S>Get-OCIBlockstorageVolumeGroup</S>
                <S>Get-OCIBlockstorageVolumeGroupBackup</S>
                <S>Get-OCIBlockstorageVolumeGroupBackupsList</S>
                <S>Get-OCIBlockstorageVolumeGroupReplica</S>
                <S>Get-OCIBlockstorageVolumeGroupReplicasList</S>
                <S>Get-OCIBlockstorageVolumeGroupsList</S>
                <S>Get-OCIBlockstorageVolumeKmsKey</S>
                <S>Get-OCIBlockstorageVolumesList</S>
                <S>Get-OCIComputeAppCatalogListing</S>
                <S>Get-OCIComputeAppCatalogListingAgreements</S>
                <S>Get-OCIComputeAppCatalogListingResourceVersion</S>
                <S>Get-OCIComputeAppCatalogListingResourceVersionsList</S>
                <S>Get-OCIComputeAppCatalogListingsList</S>
                <S>Get-OCIComputeAppCatalogSubscriptionsList</S>
                <S>Get-OCIComputeBootVolumeAttachment</S>
                <S>Get-OCIComputeBootVolumeAttachmentsList</S>
                <S>Get-OCIComputeCapacityReservation</S>
                <S>Get-OCIComputeCapacityReservationInstanceShapesList</S>
                <S>Get-OCIComputeCapacityReservationInstancesList</S>
                <S>Get-OCIComputeCapacityReservationsList</S>
                <S>Get-OCIComputeCapacityTopologiesList</S>
                <S>Get-OCIComputeCapacityTopology</S>
                <S>Get-OCIComputeCapacityTopologyComputeBareMetalHostsList</S>
                <S>Get-OCIComputeCapacityTopologyComputeHpcIslandsList</S>
                <S>Get-OCIComputeCapacityTopologyComputeNetworkBlocksList</S>
                <S>Get-OCIComputeCluster</S>
                <S>Get-OCIComputeClustersList</S>
                <S>Get-OCIComputeConsoleHistoriesList</S>
                <S>Get-OCIComputeConsoleHistory</S>
                <S>Get-OCIComputeConsoleHistoryContent</S>
                <S>Get-OCIComputeDedicatedVmHost</S>
                <S>Get-OCIComputeDedicatedVmHostInstanceShapesList</S>
                <S>Get-OCIComputeDedicatedVmHostInstancesList</S>
                <S>Get-OCIComputeDedicatedVmHostShapesList</S>
                <S>Get-OCIComputeDedicatedVmHostsList</S>
                <S>Get-OCIComputeGlobalImageCapabilitySchema</S>
                <S>Get-OCIComputeGlobalImageCapabilitySchemasList</S>
                <S>Get-OCIComputeGlobalImageCapabilitySchemaVersion</S>
                <S>Get-OCIComputeGlobalImageCapabilitySchemaVersionsList</S>
                <S>Get-OCIComputeImage</S>
                <S>Get-OCIComputeImageCapabilitySchema</S>
                <S>Get-OCIComputeImageCapabilitySchemasList</S>
                <S>Get-OCIComputeImageShapeCompatibilityEntriesList</S>
                <S>Get-OCIComputeImageShapeCompatibilityEntry</S>
                <S>Get-OCIComputeImagesList</S>
                <S>Get-OCIComputeInstance</S>
                <S>Get-OCIComputeInstanceConsoleConnection</S>
                <S>Get-OCIComputeInstanceConsoleConnectionsList</S>
                <S>Get-OCIComputeInstanceDevicesList</S>
                <S>Get-OCIComputeInstanceMaintenanceEvent</S>
                <S>Get-OCIComputeInstanceMaintenanceEventsList</S>
                <S>Get-OCIComputeInstanceMaintenanceReboot</S>
                <S>Get-OCIComputeInstancesList</S>
                <S>Get-OCIComputeManagementClusterNetwork</S>
                <S>Get-OCIComputeManagementClusterNetworkInstancesList</S>
                <S>Get-OCIComputeManagementClusterNetworksList</S>
                <S>Get-OCIComputeManagementInstanceConfiguration</S>
                <S>Get-OCIComputeManagementInstanceConfigurationsList</S>
                <S>Get-OCIComputeManagementInstancePool</S>
                <S>Get-OCIComputeManagementInstancePoolInstance</S>
                <S>Get-OCIComputeManagementInstancePoolInstancesList</S>
                <S>Get-OCIComputeManagementInstancePoolLoadBalancerAttachment</S>
                <S>Get-OCIComputeManagementInstancePoolsList</S>
                <S>Get-OCIComputeMeasuredBootReport</S>
                <S>Get-OCIComputeShapesList</S>
                <S>Get-OCIComputeVnicAttachment</S>
                <S>Get-OCIComputeVnicAttachmentsList</S>
                <S>Get-OCIComputeVolumeAttachment</S>
                <S>Get-OCIComputeVolumeAttachmentsList</S>
                <S>Get-OCIComputeWindowsInstanceInitialCredentials</S>
                <S>Get-OCIVirtualNetworkAllDrgAttachments</S>
                <S>Get-OCIVirtualNetworkAllowedIkeIPSecParameters</S>
                <S>Get-OCIVirtualNetworkAllowedPeerRegionsForRemotePeeringList</S>
                <S>Get-OCIVirtualNetworkByoipAllocatedRangesList</S>
                <S>Get-OCIVirtualNetworkByoipRange</S>
                <S>Get-OCIVirtualNetworkByoipRangesList</S>
                <S>Get-OCIVirtualNetworkCaptureFilter</S>
                <S>Get-OCIVirtualNetworkCaptureFiltersList</S>
                <S>Get-OCIVirtualNetworkCpe</S>
                <S>Get-OCIVirtualNetworkCpeDeviceConfigContent</S>
                <S>Get-OCIVirtualNetworkCpeDeviceShape</S>
                <S>Get-OCIVirtualNetworkCpeDeviceShapesList</S>
                <S>Get-OCIVirtualNetworkCpesList</S>
                <S>Get-OCIVirtualNetworkCrossConnect</S>
                <S>Get-OCIVirtualNetworkCrossConnectGroup</S>
                <S>Get-OCIVirtualNetworkCrossConnectGroupsList</S>
                <S>Get-OCIVirtualNetworkCrossConnectLetterOfAuthority</S>
                <S>Get-OCIVirtualNetworkCrossConnectLocationsList</S>
                <S>Get-OCIVirtualNetworkCrossConnectMappingsList</S>
                <S>Get-OCIVirtualNetworkCrossconnectPortSpeedShapesList</S>
                <S>Get-OCIVirtualNetworkCrossConnectsList</S>
                <S>Get-OCIVirtualNetworkCrossConnectStatus</S>
                <S>Get-OCIVirtualNetworkDhcpOptions</S>
                <S>Get-OCIVirtualNetworkDhcpOptionsList</S>
                <S>Get-OCIVirtualNetworkDrg</S>
                <S>Get-OCIVirtualNetworkDrgAttachment</S>
                <S>Get-OCIVirtualNetworkDrgAttachmentsList</S>
                <S>Get-OCIVirtualNetworkDrgRedundancyStatus</S>
                <S>Get-OCIVirtualNetworkDrgRouteDistribution</S>
                <S>Get-OCIVirtualNetworkDrgRouteDistributionsList</S>
                <S>Get-OCIVirtualNetworkDrgRouteDistributionStatementsList</S>
                <S>Get-OCIVirtualNetworkDrgRouteRulesList</S>
                <S>Get-OCIVirtualNetworkDrgRouteTable</S>
                <S>Get-OCIVirtualNetworkDrgRouteTablesList</S>
                <S>Get-OCIVirtualNetworkDrgsList</S>
                <S>Get-OCIVirtualNetworkFastConnectProviderService</S>
                <S>Get-OCIVirtualNetworkFastConnectProviderServiceKey</S>
                <S>Get-OCIVirtualNetworkFastConnectProviderServicesList</S>
                <S>Get-OCIVirtualNetworkFastConnectProviderVirtualCircuitBandwidthShapesList</S>
                <S>Get-OCIVirtualNetworkInternetGateway</S>
                <S>Get-OCIVirtualNetworkInternetGatewaysList</S>
                <S>Get-OCIVirtualNetworkIpInventoryList</S>
                <S>Get-OCIVirtualNetworkIPSecConnection</S>
                <S>Get-OCIVirtualNetworkIPSecConnectionDeviceConfig</S>
                <S>Get-OCIVirtualNetworkIPSecConnectionDeviceStatus</S>
                <S>Get-OCIVirtualNetworkIPSecConnectionsList</S>
                <S>Get-OCIVirtualNetworkIPSecConnectionTunnel</S>
                <S>Get-OCIVirtualNetworkIPSecConnectionTunnelError</S>
                <S>Get-OCIVirtualNetworkIPSecConnectionTunnelRoutesList</S>
                <S>Get-OCIVirtualNetworkIPSecConnectionTunnelSecurityAssociationsList</S>
                <S>Get-OCIVirtualNetworkIPSecConnectionTunnelSharedSecret</S>
                <S>Get-OCIVirtualNetworkIPSecConnectionTunnelsList</S>
                <S>Get-OCIVirtualNetworkIpsecCpeDeviceConfigContent</S>
                <S>Get-OCIVirtualNetworkIpv6</S>
                <S>Get-OCIVirtualNetworkIpv6sList</S>
                <S>Get-OCIVirtualNetworkLocalPeeringGateway</S>
                <S>Get-OCIVirtualNetworkLocalPeeringGatewaysList</S>
                <S>Get-OCIVirtualNetworkNatGateway</S>
                <S>Get-OCIVirtualNetworkNatGatewaysList</S>
                <S>Get-OCIVirtualNetworkNetworkingTopology</S>
                <S>Get-OCIVirtualNetworkNetworkSecurityGroup</S>
                <S>Get-OCIVirtualNetworkNetworkSecurityGroupSecurityRulesList</S>
                <S>Get-OCIVirtualNetworkNetworkSecurityGroupsList</S>
                <S>Get-OCIVirtualNetworkNetworkSecurityGroupVnicsList</S>
                <S>Get-OCIVirtualNetworkPrivateIp</S>
                <S>Get-OCIVirtualNetworkPrivateIpsList</S>
                <S>Get-OCIVirtualNetworkPublicIp</S>
                <S>Get-OCIVirtualNetworkPublicIpByIpAddress</S>
                <S>Get-OCIVirtualNetworkPublicIpByPrivateIpId</S>
                <S>Get-OCIVirtualNetworkPublicIpPool</S>
                <S>Get-OCIVirtualNetworkPublicIpPoolsList</S>
                <S>Get-OCIVirtualNetworkPublicIpsList</S>
                <S>Get-OCIVirtualNetworkRemotePeeringConnection</S>
                <S>Get-OCIVirtualNetworkRemotePeeringConnectionsList</S>
                <S>Get-OCIVirtualNetworkResourceIpInventory</S>
                <S>Get-OCIVirtualNetworkRouteTable</S>
                <S>Get-OCIVirtualNetworkRouteTablesList</S>
                <S>Get-OCIVirtualNetworkSecurityList</S>
                <S>Get-OCIVirtualNetworkSecurityListsList</S>
                <S>Get-OCIVirtualNetworkService</S>
                <S>Get-OCIVirtualNetworkServiceGateway</S>
                <S>Get-OCIVirtualNetworkServiceGatewaysList</S>
                <S>Get-OCIVirtualNetworkServicesList</S>
                <S>Get-OCIVirtualNetworkSubnet</S>
                <S>Get-OCIVirtualNetworkSubnetCidrUtilization</S>
                <S>Get-OCIVirtualNetworkSubnetIpInventory</S>
                <S>Get-OCIVirtualNetworkSubnetsList</S>
                <S>Get-OCIVirtualNetworkSubnetTopology</S>
                <S>Get-OCIVirtualNetworkTunnelCpeDeviceConfig</S>
                <S>Get-OCIVirtualNetworkTunnelCpeDeviceConfigContent</S>
                <S>Get-OCIVirtualNetworkUpgradeStatus</S>
                <S>Get-OCIVirtualNetworkVcn</S>
                <S>Get-OCIVirtualNetworkVcnDnsResolverAssociation</S>
                <S>Get-OCIVirtualNetworkVcnOverlap</S>
                <S>Get-OCIVirtualNetworkVcnsList</S>
                <S>Get-OCIVirtualNetworkVcnTopology</S>
                <S>Get-OCIVirtualNetworkVirtualCircuit</S>
                <S>Get-OCIVirtualNetworkVirtualCircuitAssociatedTunnelsList</S>
                <S>Get-OCIVirtualNetworkVirtualCircuitBandwidthShapesList</S>
                <S>Get-OCIVirtualNetworkVirtualCircuitPublicPrefixesList</S>
                <S>Get-OCIVirtualNetworkVirtualCircuitsList</S>
                <S>Get-OCIVirtualNetworkVlan</S>
                <S>Get-OCIVirtualNetworkVlansList</S>
                <S>Get-OCIVirtualNetworkVnic</S>
                <S>Get-OCIVirtualNetworkVtap</S>
                <S>Get-OCIVirtualNetworkVtapsList</S>
                <S>Invoke-OCIComputeInstanceAction</S>
                <S>Invoke-OCIComputeManagementLaunchInstanceConfiguration</S>
                <S>Invoke-OCIComputeManagementSoftresetInstancePool</S>
                <S>Invoke-OCIComputeManagementSoftstopInstancePool</S>
                <S>Invoke-OCIComputeManagementTerminateClusterNetwork</S>
                <S>Invoke-OCIComputeManagementTerminateInstancePool</S>
                <S>Invoke-OCIComputeTerminateInstance</S>
                <S>Invoke-OCIVirtualNetworkAdvertiseByoipRange</S>
                <S>Invoke-OCIVirtualNetworkBulkAddVirtualCircuitPublicPrefixes</S>
                <S>Invoke-OCIVirtualNetworkBulkDeleteVirtualCircuitPublicPrefixes</S>
                <S>Invoke-OCIVirtualNetworkUpgradeDrg</S>
                <S>Invoke-OCIVirtualNetworkWithdrawByoipRange</S>
                <S>Mount-OCIComputeBootVolume</S>
                <S>Mount-OCIComputeManagementInstancePoolInstance</S>
                <S>Mount-OCIComputeManagementLoadBalancer</S>
                <S>Mount-OCIComputeVnic</S>
                <S>Mount-OCIComputeVolume</S>
                <S>Mount-OCIVirtualNetworkServiceId</S>
                <S>Move-OCIBlockstorageBootVolumeBackupCompartment</S>
                <S>Move-OCIBlockstorageBootVolumeCompartment</S>
                <S>Move-OCIBlockstorageVolumeBackupCompartment</S>
                <S>Move-OCIBlockstorageVolumeCompartment</S>
                <S>Move-OCIBlockstorageVolumeGroupBackupCompartment</S>
                <S>Move-OCIBlockstorageVolumeGroupCompartment</S>
                <S>Move-OCIComputeCapacityReservationCompartment</S>
                <S>Move-OCIComputeCapacityTopologyCompartment</S>
                <S>Move-OCIComputeClusterCompartment</S>
                <S>Move-OCIComputeDedicatedVmHostCompartment</S>
                <S>Move-OCIComputeImageCapabilitySchemaCompartment</S>
                <S>Move-OCIComputeImageCompartment</S>
                <S>Move-OCIComputeInstanceCompartment</S>
                <S>Move-OCIComputeManagementClusterNetworkCompartment</S>
                <S>Move-OCIComputeManagementInstanceConfigurationCompartment</S>
                <S>Move-OCIComputeManagementInstancePoolCompartment</S>
                <S>Move-OCIVirtualNetworkByoipRangeCompartment</S>
                <S>Move-OCIVirtualNetworkCaptureFilterCompartment</S>
                <S>Move-OCIVirtualNetworkCpeCompartment</S>
                <S>Move-OCIVirtualNetworkCrossConnectCompartment</S>
                <S>Move-OCIVirtualNetworkCrossConnectGroupCompartment</S>
                <S>Move-OCIVirtualNetworkDhcpOptionsCompartment</S>
                <S>Move-OCIVirtualNetworkDrgCompartment</S>
                <S>Move-OCIVirtualNetworkInternetGatewayCompartment</S>
                <S>Move-OCIVirtualNetworkIPSecConnectionCompartment</S>
                <S>Move-OCIVirtualNetworkLocalPeeringGatewayCompartment</S>
                <S>Move-OCIVirtualNetworkNatGatewayCompartment</S>
                <S>Move-OCIVirtualNetworkNetworkSecurityGroupCompartment</S>
                <S>Move-OCIVirtualNetworkPublicIpCompartment</S>
                <S>Move-OCIVirtualNetworkPublicIpPoolCompartment</S>
                <S>Move-OCIVirtualNetworkRemotePeeringConnectionCompartment</S>
                <S>Move-OCIVirtualNetworkRouteTableCompartment</S>
                <S>Move-OCIVirtualNetworkSecurityListCompartment</S>
                <S>Move-OCIVirtualNetworkServiceGatewayCompartment</S>
                <S>Move-OCIVirtualNetworkSubnetCompartment</S>
                <S>Move-OCIVirtualNetworkVcnCompartment</S>
                <S>Move-OCIVirtualNetworkVirtualCircuitCompartment</S>
                <S>Move-OCIVirtualNetworkVlanCompartment</S>
                <S>Move-OCIVirtualNetworkVtapCompartment</S>
                <S>New-OCIBlockstorageBootVolume</S>
                <S>New-OCIBlockstorageBootVolumeBackup</S>
                <S>New-OCIBlockstorageVolume</S>
                <S>New-OCIBlockstorageVolumeBackup</S>
                <S>New-OCIBlockstorageVolumeBackupPolicy</S>
                <S>New-OCIBlockstorageVolumeBackupPolicyAssignment</S>
                <S>New-OCIBlockstorageVolumeGroup</S>
                <S>New-OCIBlockstorageVolumeGroupBackup</S>
                <S>New-OCIComputeAppCatalogSubscription</S>
                <S>New-OCIComputeCapacityReport</S>
                <S>New-OCIComputeCapacityReservation</S>
                <S>New-OCIComputeCapacityTopology</S>
                <S>New-OCIComputeCluster</S>
                <S>New-OCIComputeDedicatedVmHost</S>
                <S>New-OCIComputeImage</S>
                <S>New-OCIComputeImageCapabilitySchema</S>
                <S>New-OCIComputeInstance</S>
                <S>New-OCIComputeInstanceConsoleConnection</S>
                <S>New-OCIComputeManagementClusterNetwork</S>
                <S>New-OCIComputeManagementInstanceConfiguration</S>
                <S>New-OCIComputeManagementInstancePool</S>
                <S>New-OCIVirtualNetworkByoipRange</S>
                <S>New-OCIVirtualNetworkCaptureFilter</S>
                <S>New-OCIVirtualNetworkCpe</S>
                <S>New-OCIVirtualNetworkCrossConnect</S>
                <S>New-OCIVirtualNetworkCrossConnectGroup</S>
                <S>New-OCIVirtualNetworkDhcpOptions</S>
                <S>New-OCIVirtualNetworkDrg</S>
                <S>New-OCIVirtualNetworkDrgAttachment</S>
                <S>New-OCIVirtualNetworkDrgRouteDistribution</S>
                <S>New-OCIVirtualNetworkDrgRouteTable</S>
                <S>New-OCIVirtualNetworkInternetGateway</S>
                <S>New-OCIVirtualNetworkIPSecConnection</S>
                <S>New-OCIVirtualNetworkIpv6</S>
                <S>New-OCIVirtualNetworkLocalPeeringGateway</S>
                <S>New-OCIVirtualNetworkNatGateway</S>
                <S>New-OCIVirtualNetworkNetworkSecurityGroup</S>
                <S>New-OCIVirtualNetworkPrivateIp</S>
                <S>New-OCIVirtualNetworkPublicIp</S>
                <S>New-OCIVirtualNetworkPublicIpPool</S>
                <S>New-OCIVirtualNetworkRemotePeeringConnection</S>
                <S>New-OCIVirtualNetworkRouteTable</S>
                <S>New-OCIVirtualNetworkSecurityList</S>
                <S>New-OCIVirtualNetworkServiceGateway</S>
                <S>New-OCIVirtualNetworkSubnet</S>
                <S>New-OCIVirtualNetworkVcn</S>
                <S>New-OCIVirtualNetworkVirtualCircuit</S>
                <S>New-OCIVirtualNetworkVlan</S>
                <S>New-OCIVirtualNetworkVtap</S>
                <S>Receive-OCIComputeShieldedIntegrityPolicy</S>
                <S>Remove-OCIBlockstorageBootVolume</S>
                <S>Remove-OCIBlockstorageBootVolumeBackup</S>
                <S>Remove-OCIBlockstorageBootVolumeKmsKey</S>
                <S>Remove-OCIBlockstorageVolume</S>
                <S>Remove-OCIBlockstorageVolumeBackup</S>
                <S>Remove-OCIBlockstorageVolumeBackupPolicy</S>
                <S>Remove-OCIBlockstorageVolumeBackupPolicyAssignment</S>
                <S>Remove-OCIBlockstorageVolumeGroup</S>
                <S>Remove-OCIBlockstorageVolumeGroupBackup</S>
                <S>Remove-OCIBlockstorageVolumeKmsKey</S>
                <S>Remove-OCIComputeAppCatalogSubscription</S>
                <S>Remove-OCIComputeCapacityReservation</S>
                <S>Remove-OCIComputeCapacityTopology</S>
                <S>Remove-OCIComputeCluster</S>
                <S>Remove-OCIComputeConsoleHistory</S>
                <S>Remove-OCIComputeDedicatedVmHost</S>
                <S>Remove-OCIComputeImage</S>
                <S>Remove-OCIComputeImageCapabilitySchema</S>
                <S>Remove-OCIComputeImageShapeCompatibilityEntry</S>
                <S>Remove-OCIComputeInstanceConsoleConnection</S>
                <S>Remove-OCIComputeManagementInstanceConfiguration</S>
                <S>Remove-OCIVirtualNetworkByoipRange</S>
                <S>Remove-OCIVirtualNetworkCaptureFilter</S>
                <S>Remove-OCIVirtualNetworkCpe</S>
                <S>Remove-OCIVirtualNetworkCrossConnect</S>
                <S>Remove-OCIVirtualNetworkCrossConnectGroup</S>
                <S>Remove-OCIVirtualNetworkDhcpOptions</S>
                <S>Remove-OCIVirtualNetworkDrg</S>
                <S>Remove-OCIVirtualNetworkDrgAttachment</S>
                <S>Remove-OCIVirtualNetworkDrgRouteDistribution</S>
                <S>Remove-OCIVirtualNetworkDrgRouteDistributionStatements</S>
                <S>Remove-OCIVirtualNetworkDrgRouteRules</S>
                <S>Remove-OCIVirtualNetworkDrgRouteTable</S>
                <S>Remove-OCIVirtualNetworkExportDrgRouteDistribution</S>
                <S>Remove-OCIVirtualNetworkImportDrgRouteDistribution</S>
                <S>Remove-OCIVirtualNetworkInternetGateway</S>
                <S>Remove-OCIVirtualNetworkIPSecConnection</S>
                <S>Remove-OCIVirtualNetworkIpv6</S>
                <S>Remove-OCIVirtualNetworkIpv6SubnetCidr</S>
                <S>Remove-OCIVirtualNetworkIpv6VcnCidr</S>
                <S>Remove-OCIVirtualNetworkLocalPeeringGateway</S>
                <S>Remove-OCIVirtualNetworkNatGateway</S>
                <S>Remove-OCIVirtualNetworkNetworkSecurityGroup</S>
                <S>Remove-OCIVirtualNetworkNetworkSecurityGroupSecurityRules</S>
                <S>Remove-OCIVirtualNetworkPrivateIp</S>
                <S>Remove-OCIVirtualNetworkPublicIp</S>
                <S>Remove-OCIVirtualNetworkPublicIpPool</S>
                <S>Remove-OCIVirtualNetworkPublicIpPoolCapacity</S>
                <S>Remove-OCIVirtualNetworkRemotePeeringConnection</S>
                <S>Remove-OCIVirtualNetworkRouteTable</S>
                <S>Remove-OCIVirtualNetworkSecurityList</S>
                <S>Remove-OCIVirtualNetworkServiceGateway</S>
                <S>Remove-OCIVirtualNetworkSubnet</S>
                <S>Remove-OCIVirtualNetworkVcn</S>
                <S>Remove-OCIVirtualNetworkVcnCidr</S>
                <S>Remove-OCIVirtualNetworkVirtualCircuit</S>
                <S>Remove-OCIVirtualNetworkVlan</S>
                <S>Remove-OCIVirtualNetworkVtap</S>
                <S>Reset-OCIComputeManagementInstancePool</S>
                <S>Save-OCIComputeConsoleHistory</S>
                <S>Start-OCIComputeManagementInstancePool</S>
                <S>Stop-OCIComputeManagementInstancePool</S>
                <S>Update-OCIBlockstorageBootVolume</S>
                <S>Update-OCIBlockstorageBootVolumeBackup</S>
                <S>Update-OCIBlockstorageBootVolumeKmsKey</S>
                <S>Update-OCIBlockstorageVolume</S>
                <S>Update-OCIBlockstorageVolumeBackup</S>
                <S>Update-OCIBlockstorageVolumeBackupPolicy</S>
                <S>Update-OCIBlockstorageVolumeGroup</S>
                <S>Update-OCIBlockstorageVolumeGroupBackup</S>
                <S>Update-OCIBlockstorageVolumeKmsKey</S>
                <S>Update-OCIComputeCapacityReservation</S>
                <S>Update-OCIComputeCapacityTopology</S>
                <S>Update-OCIComputeCluster</S>
                <S>Update-OCIComputeConsoleHistory</S>
                <S>Update-OCIComputeDedicatedVmHost</S>
                <S>Update-OCIComputeImage</S>
                <S>Update-OCIComputeImageCapabilitySchema</S>
                <S>Update-OCIComputeInstance</S>
                <S>Update-OCIComputeInstanceConsoleConnection</S>
                <S>Update-OCIComputeInstanceMaintenanceEvent</S>
                <S>Update-OCIComputeManagementClusterNetwork</S>
                <S>Update-OCIComputeManagementInstanceConfiguration</S>
                <S>Update-OCIComputeManagementInstancePool</S>
                <S>Update-OCIComputeVolumeAttachment</S>
                <S>Update-OCIVirtualNetworkByoipRange</S>
                <S>Update-OCIVirtualNetworkCaptureFilter</S>
                <S>Update-OCIVirtualNetworkCpe</S>
                <S>Update-OCIVirtualNetworkCrossConnect</S>
                <S>Update-OCIVirtualNetworkCrossConnectGroup</S>
                <S>Update-OCIVirtualNetworkDhcpOptions</S>
                <S>Update-OCIVirtualNetworkDrg</S>
                <S>Update-OCIVirtualNetworkDrgAttachment</S>
                <S>Update-OCIVirtualNetworkDrgRouteDistribution</S>
                <S>Update-OCIVirtualNetworkDrgRouteDistributionStatements</S>
                <S>Update-OCIVirtualNetworkDrgRouteRules</S>
                <S>Update-OCIVirtualNetworkDrgRouteTable</S>
                <S>Update-OCIVirtualNetworkInternetGateway</S>
                <S>Update-OCIVirtualNetworkIPSecConnection</S>
                <S>Update-OCIVirtualNetworkIPSecConnectionTunnel</S>
                <S>Update-OCIVirtualNetworkIPSecConnectionTunnelSharedSecret</S>
                <S>Update-OCIVirtualNetworkIpv6</S>
                <S>Update-OCIVirtualNetworkLocalPeeringGateway</S>
                <S>Update-OCIVirtualNetworkNatGateway</S>
                <S>Update-OCIVirtualNetworkNetworkSecurityGroup</S>
                <S>Update-OCIVirtualNetworkNetworkSecurityGroupSecurityRules</S>
                <S>Update-OCIVirtualNetworkPrivateIp</S>
                <S>Update-OCIVirtualNetworkPublicIp</S>
                <S>Update-OCIVirtualNetworkPublicIpPool</S>
                <S>Update-OCIVirtualNetworkRemotePeeringConnection</S>
                <S>Update-OCIVirtualNetworkRouteTable</S>
                <S>Update-OCIVirtualNetworkSecurityList</S>
                <S>Update-OCIVirtualNetworkServiceGateway</S>
                <S>Update-OCIVirtualNetworkSubnet</S>
                <S>Update-OCIVirtualNetworkTunnelCpeDeviceConfig</S>
                <S>Update-OCIVirtualNetworkVcn</S>
                <S>Update-OCIVirtualNetworkVirtualCircuit</S>
                <S>Update-OCIVirtualNetworkVlan</S>
                <S>Update-OCIVirtualNetworkVnic</S>
                <S>Update-OCIVirtualNetworkVtap</S>
              </LST>
            </Obj>
          </En>
          <En>
            <S N="Key">Cmdlet</S>
            <Obj N="Value" RefId="5">
              <TNRef RefId="1" />
              <LST>
                <S>Add-OCIComputeImageShapeCompatibilityEntry</S>
                <S>Add-OCIVirtualNetworkDrgRouteDistributionStatements</S>
                <S>Add-OCIVirtualNetworkDrgRouteRules</S>
                <S>Add-OCIVirtualNetworkIpv6SubnetCidr</S>
                <S>Add-OCIVirtualNetworkIpv6VcnCidr</S>
                <S>Add-OCIVirtualNetworkNetworkSecurityGroupSecurityRules</S>
                <S>Add-OCIVirtualNetworkPublicIpPoolCapacity</S>
                <S>Add-OCIVirtualNetworkVcnCidr</S>
                <S>Confirm-OCIVirtualNetworkByoipRange</S>
                <S>Connect-OCIVirtualNetworkLocalPeeringGateways</S>
                <S>Connect-OCIVirtualNetworkRemotePeeringConnections</S>
                <S>Copy-OCIBlockstorageBootVolumeBackup</S>
                <S>Copy-OCIBlockstorageVolumeBackup</S>
                <S>Copy-OCIBlockstorageVolumeGroupBackup</S>
                <S>DisMount-OCIComputeBootVolume</S>
                <S>DisMount-OCIComputeManagementInstancePoolInstance</S>
                <S>DisMount-OCIComputeManagementLoadBalancer</S>
                <S>DisMount-OCIComputeVnic</S>
                <S>DisMount-OCIComputeVolume</S>
                <S>DisMount-OCIVirtualNetworkServiceId</S>
                <S>Edit-OCIVirtualNetworkVcnCidr</S>
                <S>Export-OCIComputeImage</S>
                <S>Get-OCIBlockstorageBlockVolumeReplica</S>
                <S>Get-OCIBlockstorageBlockVolumeReplicasList</S>
                <S>Get-OCIBlockstorageBootVolume</S>
                <S>Get-OCIBlockstorageBootVolumeBackup</S>
                <S>Get-OCIBlockstorageBootVolumeBackupsList</S>
                <S>Get-OCIBlockstorageBootVolumeKmsKey</S>
                <S>Get-OCIBlockstorageBootVolumeReplica</S>
                <S>Get-OCIBlockstorageBootVolumeReplicasList</S>
                <S>Get-OCIBlockstorageBootVolumesList</S>
                <S>Get-OCIBlockstorageVolume</S>
                <S>Get-OCIBlockstorageVolumeBackup</S>
                <S>Get-OCIBlockstorageVolumeBackupPoliciesList</S>
                <S>Get-OCIBlockstorageVolumeBackupPolicy</S>
                <S>Get-OCIBlockstorageVolumeBackupPolicyAssetAssignment</S>
                <S>Get-OCIBlockstorageVolumeBackupPolicyAssignment</S>
                <S>Get-OCIBlockstorageVolumeBackupsList</S>
                <S>Get-OCIBlockstorageVolumeGroup</S>
                <S>Get-OCIBlockstorageVolumeGroupBackup</S>
                <S>Get-OCIBlockstorageVolumeGroupBackupsList</S>
                <S>Get-OCIBlockstorageVolumeGroupReplica</S>
                <S>Get-OCIBlockstorageVolumeGroupReplicasList</S>
                <S>Get-OCIBlockstorageVolumeGroupsList</S>
                <S>Get-OCIBlockstorageVolumeKmsKey</S>
                <S>Get-OCIBlockstorageVolumesList</S>
                <S>Get-OCIComputeAppCatalogListing</S>
                <S>Get-OCIComputeAppCatalogListingAgreements</S>
                <S>Get-OCIComputeAppCatalogListingResourceVersion</S>
                <S>Get-OCIComputeAppCatalogListingResourceVersionsList</S>
                <S>Get-OCIComputeAppCatalogListingsList</S>
                <S>Get-OCIComputeAppCatalogSubscriptionsList</S>
                <S>Get-OCIComputeBootVolumeAttachment</S>
                <S>Get-OCIComputeBootVolumeAttachmentsList</S>
                <S>Get-OCIComputeCapacityReservation</S>
                <S>Get-OCIComputeCapacityReservationInstanceShapesList</S>
                <S>Get-OCIComputeCapacityReservationInstancesList</S>
                <S>Get-OCIComputeCapacityReservationsList</S>
                <S>Get-OCIComputeCapacityTopologiesList</S>
                <S>Get-OCIComputeCapacityTopology</S>
                <S>Get-OCIComputeCapacityTopologyComputeBareMetalHostsList</S>
                <S>Get-OCIComputeCapacityTopologyComputeHpcIslandsList</S>
                <S>Get-OCIComputeCapacityTopologyComputeNetworkBlocksList</S>
                <S>Get-OCIComputeCluster</S>
                <S>Get-OCIComputeClustersList</S>
                <S>Get-OCIComputeConsoleHistoriesList</S>
                <S>Get-OCIComputeConsoleHistory</S>
                <S>Get-OCIComputeConsoleHistoryContent</S>
                <S>Get-OCIComputeDedicatedVmHost</S>
                <S>Get-OCIComputeDedicatedVmHostInstanceShapesList</S>
                <S>Get-OCIComputeDedicatedVmHostInstancesList</S>
                <S>Get-OCIComputeDedicatedVmHostShapesList</S>
                <S>Get-OCIComputeDedicatedVmHostsList</S>
                <S>Get-OCIComputeGlobalImageCapabilitySchema</S>
                <S>Get-OCIComputeGlobalImageCapabilitySchemasList</S>
                <S>Get-OCIComputeGlobalImageCapabilitySchemaVersion</S>
                <S>Get-OCIComputeGlobalImageCapabilitySchemaVersionsList</S>
                <S>Get-OCIComputeImage</S>
                <S>Get-OCIComputeImageCapabilitySchema</S>
                <S>Get-OCIComputeImageCapabilitySchemasList</S>
                <S>Get-OCIComputeImageShapeCompatibilityEntriesList</S>
                <S>Get-OCIComputeImageShapeCompatibilityEntry</S>
                <S>Get-OCIComputeImagesList</S>
                <S>Get-OCIComputeInstance</S>
                <S>Get-OCIComputeInstanceConsoleConnection</S>
                <S>Get-OCIComputeInstanceConsoleConnectionsList</S>
                <S>Get-OCIComputeInstanceDevicesList</S>
                <S>Get-OCIComputeInstanceMaintenanceEvent</S>
                <S>Get-OCIComputeInstanceMaintenanceEventsList</S>
                <S>Get-OCIComputeInstanceMaintenanceReboot</S>
                <S>Get-OCIComputeInstancesList</S>
                <S>Get-OCIComputeManagementClusterNetwork</S>
                <S>Get-OCIComputeManagementClusterNetworkInstancesList</S>
                <S>Get-OCIComputeManagementClusterNetworksList</S>
                <S>Get-OCIComputeManagementInstanceConfiguration</S>
                <S>Get-OCIComputeManagementInstanceConfigurationsList</S>
                <S>Get-OCIComputeManagementInstancePool</S>
                <S>Get-OCIComputeManagementInstancePoolInstance</S>
                <S>Get-OCIComputeManagementInstancePoolInstancesList</S>
                <S>Get-OCIComputeManagementInstancePoolLoadBalancerAttachment</S>
                <S>Get-OCIComputeManagementInstancePoolsList</S>
                <S>Get-OCIComputeMeasuredBootReport</S>
                <S>Get-OCIComputeShapesList</S>
                <S>Get-OCIComputeVnicAttachment</S>
                <S>Get-OCIComputeVnicAttachmentsList</S>
                <S>Get-OCIComputeVolumeAttachment</S>
                <S>Get-OCIComputeVolumeAttachmentsList</S>
                <S>Get-OCIComputeWindowsInstanceInitialCredentials</S>
                <S>Get-OCIVirtualNetworkAllDrgAttachments</S>
                <S>Get-OCIVirtualNetworkAllowedIkeIPSecParameters</S>
                <S>Get-OCIVirtualNetworkAllowedPeerRegionsForRemotePeeringList</S>
                <S>Get-OCIVirtualNetworkByoipAllocatedRangesList</S>
                <S>Get-OCIVirtualNetworkByoipRange</S>
                <S>Get-OCIVirtualNetworkByoipRangesList</S>
                <S>Get-OCIVirtualNetworkCaptureFilter</S>
                <S>Get-OCIVirtualNetworkCaptureFiltersList</S>
                <S>Get-OCIVirtualNetworkCpe</S>
                <S>Get-OCIVirtualNetworkCpeDeviceConfigContent</S>
                <S>Get-OCIVirtualNetworkCpeDeviceShape</S>
                <S>Get-OCIVirtualNetworkCpeDeviceShapesList</S>
                <S>Get-OCIVirtualNetworkCpesList</S>
                <S>Get-OCIVirtualNetworkCrossConnect</S>
                <S>Get-OCIVirtualNetworkCrossConnectGroup</S>
                <S>Get-OCIVirtualNetworkCrossConnectGroupsList</S>
                <S>Get-OCIVirtualNetworkCrossConnectLetterOfAuthority</S>
                <S>Get-OCIVirtualNetworkCrossConnectLocationsList</S>
                <S>Get-OCIVirtualNetworkCrossConnectMappingsList</S>
                <S>Get-OCIVirtualNetworkCrossconnectPortSpeedShapesList</S>
                <S>Get-OCIVirtualNetworkCrossConnectsList</S>
                <S>Get-OCIVirtualNetworkCrossConnectStatus</S>
                <S>Get-OCIVirtualNetworkDhcpOptions</S>
                <S>Get-OCIVirtualNetworkDhcpOptionsList</S>
                <S>Get-OCIVirtualNetworkDrg</S>
                <S>Get-OCIVirtualNetworkDrgAttachment</S>
                <S>Get-OCIVirtualNetworkDrgAttachmentsList</S>
                <S>Get-OCIVirtualNetworkDrgRedundancyStatus</S>
                <S>Get-OCIVirtualNetworkDrgRouteDistribution</S>
                <S>Get-OCIVirtualNetworkDrgRouteDistributionsList</S>
                <S>Get-OCIVirtualNetworkDrgRouteDistributionStatementsList</S>
                <S>Get-OCIVirtualNetworkDrgRouteRulesList</S>
                <S>Get-OCIVirtualNetworkDrgRouteTable</S>
                <S>Get-OCIVirtualNetworkDrgRouteTablesList</S>
                <S>Get-OCIVirtualNetworkDrgsList</S>
                <S>Get-OCIVirtualNetworkFastConnectProviderService</S>
                <S>Get-OCIVirtualNetworkFastConnectProviderServiceKey</S>
                <S>Get-OCIVirtualNetworkFastConnectProviderServicesList</S>
                <S>Get-OCIVirtualNetworkFastConnectProviderVirtualCircuitBandwidthShapesList</S>
                <S>Get-OCIVirtualNetworkInternetGateway</S>
                <S>Get-OCIVirtualNetworkInternetGatewaysList</S>
                <S>Get-OCIVirtualNetworkIpInventoryList</S>
                <S>Get-OCIVirtualNetworkIPSecConnection</S>
                <S>Get-OCIVirtualNetworkIPSecConnectionDeviceConfig</S>
                <S>Get-OCIVirtualNetworkIPSecConnectionDeviceStatus</S>
                <S>Get-OCIVirtualNetworkIPSecConnectionsList</S>
                <S>Get-OCIVirtualNetworkIPSecConnectionTunnel</S>
                <S>Get-OCIVirtualNetworkIPSecConnectionTunnelError</S>
                <S>Get-OCIVirtualNetworkIPSecConnectionTunnelRoutesList</S>
                <S>Get-OCIVirtualNetworkIPSecConnectionTunnelSecurityAssociationsList</S>
                <S>Get-OCIVirtualNetworkIPSecConnectionTunnelSharedSecret</S>
                <S>Get-OCIVirtualNetworkIPSecConnectionTunnelsList</S>
                <S>Get-OCIVirtualNetworkIpsecCpeDeviceConfigContent</S>
                <S>Get-OCIVirtualNetworkIpv6</S>
                <S>Get-OCIVirtualNetworkIpv6sList</S>
                <S>Get-OCIVirtualNetworkLocalPeeringGateway</S>
                <S>Get-OCIVirtualNetworkLocalPeeringGatewaysList</S>
                <S>Get-OCIVirtualNetworkNatGateway</S>
                <S>Get-OCIVirtualNetworkNatGatewaysList</S>
                <S>Get-OCIVirtualNetworkNetworkingTopology</S>
                <S>Get-OCIVirtualNetworkNetworkSecurityGroup</S>
                <S>Get-OCIVirtualNetworkNetworkSecurityGroupSecurityRulesList</S>
                <S>Get-OCIVirtualNetworkNetworkSecurityGroupsList</S>
                <S>Get-OCIVirtualNetworkNetworkSecurityGroupVnicsList</S>
                <S>Get-OCIVirtualNetworkPrivateIp</S>
                <S>Get-OCIVirtualNetworkPrivateIpsList</S>
                <S>Get-OCIVirtualNetworkPublicIp</S>
                <S>Get-OCIVirtualNetworkPublicIpByIpAddress</S>
                <S>Get-OCIVirtualNetworkPublicIpByPrivateIpId</S>
                <S>Get-OCIVirtualNetworkPublicIpPool</S>
                <S>Get-OCIVirtualNetworkPublicIpPoolsList</S>
                <S>Get-OCIVirtualNetworkPublicIpsList</S>
                <S>Get-OCIVirtualNetworkRemotePeeringConnection</S>
                <S>Get-OCIVirtualNetworkRemotePeeringConnectionsList</S>
                <S>Get-OCIVirtualNetworkResourceIpInventory</S>
                <S>Get-OCIVirtualNetworkRouteTable</S>
                <S>Get-OCIVirtualNetworkRouteTablesList</S>
                <S>Get-OCIVirtualNetworkSecurityList</S>
                <S>Get-OCIVirtualNetworkSecurityListsList</S>
                <S>Get-OCIVirtualNetworkService</S>
                <S>Get-OCIVirtualNetworkServiceGateway</S>
                <S>Get-OCIVirtualNetworkServiceGatewaysList</S>
                <S>Get-OCIVirtualNetworkServicesList</S>
                <S>Get-OCIVirtualNetworkSubnet</S>
                <S>Get-OCIVirtualNetworkSubnetCidrUtilization</S>
                <S>Get-OCIVirtualNetworkSubnetIpInventory</S>
                <S>Get-OCIVirtualNetworkSubnetsList</S>
                <S>Get-OCIVirtualNetworkSubnetTopology</S>
                <S>Get-OCIVirtualNetworkTunnelCpeDeviceConfig</S>
                <S>Get-OCIVirtualNetworkTunnelCpeDeviceConfigContent</S>
                <S>Get-OCIVirtualNetworkUpgradeStatus</S>
                <S>Get-OCIVirtualNetworkVcn</S>
                <S>Get-OCIVirtualNetworkVcnDnsResolverAssociation</S>
                <S>Get-OCIVirtualNetworkVcnOverlap</S>
                <S>Get-OCIVirtualNetworkVcnsList</S>
                <S>Get-OCIVirtualNetworkVcnTopology</S>
                <S>Get-OCIVirtualNetworkVirtualCircuit</S>
                <S>Get-OCIVirtualNetworkVirtualCircuitAssociatedTunnelsList</S>
                <S>Get-OCIVirtualNetworkVirtualCircuitBandwidthShapesList</S>
                <S>Get-OCIVirtualNetworkVirtualCircuitPublicPrefixesList</S>
                <S>Get-OCIVirtualNetworkVirtualCircuitsList</S>
                <S>Get-OCIVirtualNetworkVlan</S>
                <S>Get-OCIVirtualNetworkVlansList</S>
                <S>Get-OCIVirtualNetworkVnic</S>
                <S>Get-OCIVirtualNetworkVtap</S>
                <S>Get-OCIVirtualNetworkVtapsList</S>
                <S>Invoke-OCIComputeInstanceAction</S>
                <S>Invoke-OCIComputeManagementLaunchInstanceConfiguration</S>
                <S>Invoke-OCIComputeManagementSoftresetInstancePool</S>
                <S>Invoke-OCIComputeManagementSoftstopInstancePool</S>
                <S>Invoke-OCIComputeManagementTerminateClusterNetwork</S>
                <S>Invoke-OCIComputeManagementTerminateInstancePool</S>
                <S>Invoke-OCIComputeTerminateInstance</S>
                <S>Invoke-OCIVirtualNetworkAdvertiseByoipRange</S>
                <S>Invoke-OCIVirtualNetworkBulkAddVirtualCircuitPublicPrefixes</S>
                <S>Invoke-OCIVirtualNetworkBulkDeleteVirtualCircuitPublicPrefixes</S>
                <S>Invoke-OCIVirtualNetworkUpgradeDrg</S>
                <S>Invoke-OCIVirtualNetworkWithdrawByoipRange</S>
                <S>Mount-OCIComputeBootVolume</S>
                <S>Mount-OCIComputeManagementInstancePoolInstance</S>
                <S>Mount-OCIComputeManagementLoadBalancer</S>
                <S>Mount-OCIComputeVnic</S>
                <S>Mount-OCIComputeVolume</S>
                <S>Mount-OCIVirtualNetworkServiceId</S>
                <S>Move-OCIBlockstorageBootVolumeBackupCompartment</S>
                <S>Move-OCIBlockstorageBootVolumeCompartment</S>
                <S>Move-OCIBlockstorageVolumeBackupCompartment</S>
                <S>Move-OCIBlockstorageVolumeCompartment</S>
                <S>Move-OCIBlockstorageVolumeGroupBackupCompartment</S>
                <S>Move-OCIBlockstorageVolumeGroupCompartment</S>
                <S>Move-OCIComputeCapacityReservationCompartment</S>
                <S>Move-OCIComputeCapacityTopologyCompartment</S>
                <S>Move-OCIComputeClusterCompartment</S>
                <S>Move-OCIComputeDedicatedVmHostCompartment</S>
                <S>Move-OCIComputeImageCapabilitySchemaCompartment</S>
                <S>Move-OCIComputeImageCompartment</S>
                <S>Move-OCIComputeInstanceCompartment</S>
                <S>Move-OCIComputeManagementClusterNetworkCompartment</S>
                <S>Move-OCIComputeManagementInstanceConfigurationCompartment</S>
                <S>Move-OCIComputeManagementInstancePoolCompartment</S>
                <S>Move-OCIVirtualNetworkByoipRangeCompartment</S>
                <S>Move-OCIVirtualNetworkCaptureFilterCompartment</S>
                <S>Move-OCIVirtualNetworkCpeCompartment</S>
                <S>Move-OCIVirtualNetworkCrossConnectCompartment</S>
                <S>Move-OCIVirtualNetworkCrossConnectGroupCompartment</S>
                <S>Move-OCIVirtualNetworkDhcpOptionsCompartment</S>
                <S>Move-OCIVirtualNetworkDrgCompartment</S>
                <S>Move-OCIVirtualNetworkInternetGatewayCompartment</S>
                <S>Move-OCIVirtualNetworkIPSecConnectionCompartment</S>
                <S>Move-OCIVirtualNetworkLocalPeeringGatewayCompartment</S>
                <S>Move-OCIVirtualNetworkNatGatewayCompartment</S>
                <S>Move-OCIVirtualNetworkNetworkSecurityGroupCompartment</S>
                <S>Move-OCIVirtualNetworkPublicIpCompartment</S>
                <S>Move-OCIVirtualNetworkPublicIpPoolCompartment</S>
                <S>Move-OCIVirtualNetworkRemotePeeringConnectionCompartment</S>
                <S>Move-OCIVirtualNetworkRouteTableCompartment</S>
                <S>Move-OCIVirtualNetworkSecurityListCompartment</S>
                <S>Move-OCIVirtualNetworkServiceGatewayCompartment</S>
                <S>Move-OCIVirtualNetworkSubnetCompartment</S>
                <S>Move-OCIVirtualNetworkVcnCompartment</S>
                <S>Move-OCIVirtualNetworkVirtualCircuitCompartment</S>
                <S>Move-OCIVirtualNetworkVlanCompartment</S>
                <S>Move-OCIVirtualNetworkVtapCompartment</S>
                <S>New-OCIBlockstorageBootVolume</S>
                <S>New-OCIBlockstorageBootVolumeBackup</S>
                <S>New-OCIBlockstorageVolume</S>
                <S>New-OCIBlockstorageVolumeBackup</S>
                <S>New-OCIBlockstorageVolumeBackupPolicy</S>
                <S>New-OCIBlockstorageVolumeBackupPolicyAssignment</S>
                <S>New-OCIBlockstorageVolumeGroup</S>
                <S>New-OCIBlockstorageVolumeGroupBackup</S>
                <S>New-OCIComputeAppCatalogSubscription</S>
                <S>New-OCIComputeCapacityReport</S>
                <S>New-OCIComputeCapacityReservation</S>
                <S>New-OCIComputeCapacityTopology</S>
                <S>New-OCIComputeCluster</S>
                <S>New-OCIComputeDedicatedVmHost</S>
                <S>New-OCIComputeImage</S>
                <S>New-OCIComputeImageCapabilitySchema</S>
                <S>New-OCIComputeInstance</S>
                <S>New-OCIComputeInstanceConsoleConnection</S>
                <S>New-OCIComputeManagementClusterNetwork</S>
                <S>New-OCIComputeManagementInstanceConfiguration</S>
                <S>New-OCIComputeManagementInstancePool</S>
                <S>New-OCIVirtualNetworkByoipRange</S>
                <S>New-OCIVirtualNetworkCaptureFilter</S>
                <S>New-OCIVirtualNetworkCpe</S>
                <S>New-OCIVirtualNetworkCrossConnect</S>
                <S>New-OCIVirtualNetworkCrossConnectGroup</S>
                <S>New-OCIVirtualNetworkDhcpOptions</S>
                <S>New-OCIVirtualNetworkDrg</S>
                <S>New-OCIVirtualNetworkDrgAttachment</S>
                <S>New-OCIVirtualNetworkDrgRouteDistribution</S>
                <S>New-OCIVirtualNetworkDrgRouteTable</S>
                <S>New-OCIVirtualNetworkInternetGateway</S>
                <S>New-OCIVirtualNetworkIPSecConnection</S>
                <S>New-OCIVirtualNetworkIpv6</S>
                <S>New-OCIVirtualNetworkLocalPeeringGateway</S>
                <S>New-OCIVirtualNetworkNatGateway</S>
                <S>New-OCIVirtualNetworkNetworkSecurityGroup</S>
                <S>New-OCIVirtualNetworkPrivateIp</S>
                <S>New-OCIVirtualNetworkPublicIp</S>
                <S>New-OCIVirtualNetworkPublicIpPool</S>
                <S>New-OCIVirtualNetworkRemotePeeringConnection</S>
                <S>New-OCIVirtualNetworkRouteTable</S>
                <S>New-OCIVirtualNetworkSecurityList</S>
                <S>New-OCIVirtualNetworkServiceGateway</S>
                <S>New-OCIVirtualNetworkSubnet</S>
                <S>New-OCIVirtualNetworkVcn</S>
                <S>New-OCIVirtualNetworkVirtualCircuit</S>
                <S>New-OCIVirtualNetworkVlan</S>
                <S>New-OCIVirtualNetworkVtap</S>
                <S>Receive-OCIComputeShieldedIntegrityPolicy</S>
                <S>Remove-OCIBlockstorageBootVolume</S>
                <S>Remove-OCIBlockstorageBootVolumeBackup</S>
                <S>Remove-OCIBlockstorageBootVolumeKmsKey</S>
                <S>Remove-OCIBlockstorageVolume</S>
                <S>Remove-OCIBlockstorageVolumeBackup</S>
                <S>Remove-OCIBlockstorageVolumeBackupPolicy</S>
                <S>Remove-OCIBlockstorageVolumeBackupPolicyAssignment</S>
                <S>Remove-OCIBlockstorageVolumeGroup</S>
                <S>Remove-OCIBlockstorageVolumeGroupBackup</S>
                <S>Remove-OCIBlockstorageVolumeKmsKey</S>
                <S>Remove-OCIComputeAppCatalogSubscription</S>
                <S>Remove-OCIComputeCapacityReservation</S>
                <S>Remove-OCIComputeCapacityTopology</S>
                <S>Remove-OCIComputeCluster</S>
                <S>Remove-OCIComputeConsoleHistory</S>
                <S>Remove-OCIComputeDedicatedVmHost</S>
                <S>Remove-OCIComputeImage</S>
                <S>Remove-OCIComputeImageCapabilitySchema</S>
                <S>Remove-OCIComputeImageShapeCompatibilityEntry</S>
                <S>Remove-OCIComputeInstanceConsoleConnection</S>
                <S>Remove-OCIComputeManagementInstanceConfiguration</S>
                <S>Remove-OCIVirtualNetworkByoipRange</S>
                <S>Remove-OCIVirtualNetworkCaptureFilter</S>
                <S>Remove-OCIVirtualNetworkCpe</S>
                <S>Remove-OCIVirtualNetworkCrossConnect</S>
                <S>Remove-OCIVirtualNetworkCrossConnectGroup</S>
                <S>Remove-OCIVirtualNetworkDhcpOptions</S>
                <S>Remove-OCIVirtualNetworkDrg</S>
                <S>Remove-OCIVirtualNetworkDrgAttachment</S>
                <S>Remove-OCIVirtualNetworkDrgRouteDistribution</S>
                <S>Remove-OCIVirtualNetworkDrgRouteDistributionStatements</S>
                <S>Remove-OCIVirtualNetworkDrgRouteRules</S>
                <S>Remove-OCIVirtualNetworkDrgRouteTable</S>
                <S>Remove-OCIVirtualNetworkExportDrgRouteDistribution</S>
                <S>Remove-OCIVirtualNetworkImportDrgRouteDistribution</S>
                <S>Remove-OCIVirtualNetworkInternetGateway</S>
                <S>Remove-OCIVirtualNetworkIPSecConnection</S>
                <S>Remove-OCIVirtualNetworkIpv6</S>
                <S>Remove-OCIVirtualNetworkIpv6SubnetCidr</S>
                <S>Remove-OCIVirtualNetworkIpv6VcnCidr</S>
                <S>Remove-OCIVirtualNetworkLocalPeeringGateway</S>
                <S>Remove-OCIVirtualNetworkNatGateway</S>
                <S>Remove-OCIVirtualNetworkNetworkSecurityGroup</S>
                <S>Remove-OCIVirtualNetworkNetworkSecurityGroupSecurityRules</S>
                <S>Remove-OCIVirtualNetworkPrivateIp</S>
                <S>Remove-OCIVirtualNetworkPublicIp</S>
                <S>Remove-OCIVirtualNetworkPublicIpPool</S>
                <S>Remove-OCIVirtualNetworkPublicIpPoolCapacity</S>
                <S>Remove-OCIVirtualNetworkRemotePeeringConnection</S>
                <S>Remove-OCIVirtualNetworkRouteTable</S>
                <S>Remove-OCIVirtualNetworkSecurityList</S>
                <S>Remove-OCIVirtualNetworkServiceGateway</S>
                <S>Remove-OCIVirtualNetworkSubnet</S>
                <S>Remove-OCIVirtualNetworkVcn</S>
                <S>Remove-OCIVirtualNetworkVcnCidr</S>
                <S>Remove-OCIVirtualNetworkVirtualCircuit</S>
                <S>Remove-OCIVirtualNetworkVlan</S>
                <S>Remove-OCIVirtualNetworkVtap</S>
                <S>Reset-OCIComputeManagementInstancePool</S>
                <S>Save-OCIComputeConsoleHistory</S>
                <S>Start-OCIComputeManagementInstancePool</S>
                <S>Stop-OCIComputeManagementInstancePool</S>
                <S>Update-OCIBlockstorageBootVolume</S>
                <S>Update-OCIBlockstorageBootVolumeBackup</S>
                <S>Update-OCIBlockstorageBootVolumeKmsKey</S>
                <S>Update-OCIBlockstorageVolume</S>
                <S>Update-OCIBlockstorageVolumeBackup</S>
                <S>Update-OCIBlockstorageVolumeBackupPolicy</S>
                <S>Update-OCIBlockstorageVolumeGroup</S>
                <S>Update-OCIBlockstorageVolumeGroupBackup</S>
                <S>Update-OCIBlockstorageVolumeKmsKey</S>
                <S>Update-OCIComputeCapacityReservation</S>
                <S>Update-OCIComputeCapacityTopology</S>
                <S>Update-OCIComputeCluster</S>
                <S>Update-OCIComputeConsoleHistory</S>
                <S>Update-OCIComputeDedicatedVmHost</S>
                <S>Update-OCIComputeImage</S>
                <S>Update-OCIComputeImageCapabilitySchema</S>
                <S>Update-OCIComputeInstance</S>
                <S>Update-OCIComputeInstanceConsoleConnection</S>
                <S>Update-OCIComputeInstanceMaintenanceEvent</S>
                <S>Update-OCIComputeManagementClusterNetwork</S>
                <S>Update-OCIComputeManagementInstanceConfiguration</S>
                <S>Update-OCIComputeManagementInstancePool</S>
                <S>Update-OCIComputeVolumeAttachment</S>
                <S>Update-OCIVirtualNetworkByoipRange</S>
                <S>Update-OCIVirtualNetworkCaptureFilter</S>
                <S>Update-OCIVirtualNetworkCpe</S>
                <S>Update-OCIVirtualNetworkCrossConnect</S>
                <S>Update-OCIVirtualNetworkCrossConnectGroup</S>
                <S>Update-OCIVirtualNetworkDhcpOptions</S>
                <S>Update-OCIVirtualNetworkDrg</S>
                <S>Update-OCIVirtualNetworkDrgAttachment</S>
                <S>Update-OCIVirtualNetworkDrgRouteDistribution</S>
                <S>Update-OCIVirtualNetworkDrgRouteDistributionStatements</S>
                <S>Update-OCIVirtualNetworkDrgRouteRules</S>
                <S>Update-OCIVirtualNetworkDrgRouteTable</S>
                <S>Update-OCIVirtualNetworkInternetGateway</S>
                <S>Update-OCIVirtualNetworkIPSecConnection</S>
                <S>Update-OCIVirtualNetworkIPSecConnectionTunnel</S>
                <S>Update-OCIVirtualNetworkIPSecConnectionTunnelSharedSecret</S>
                <S>Update-OCIVirtualNetworkIpv6</S>
                <S>Update-OCIVirtualNetworkLocalPeeringGateway</S>
                <S>Update-OCIVirtualNetworkNatGateway</S>
                <S>Update-OCIVirtualNetworkNetworkSecurityGroup</S>
                <S>Update-OCIVirtualNetworkNetworkSecurityGroupSecurityRules</S>
                <S>Update-OCIVirtualNetworkPrivateIp</S>
                <S>Update-OCIVirtualNetworkPublicIp</S>
                <S>Update-OCIVirtualNetworkPublicIpPool</S>
                <S>Update-OCIVirtualNetworkRemotePeeringConnection</S>
                <S>Update-OCIVirtualNetworkRouteTable</S>
                <S>Update-OCIVirtualNetworkSecurityList</S>
                <S>Update-OCIVirtualNetworkServiceGateway</S>
                <S>Update-OCIVirtualNetworkSubnet</S>
                <S>Update-OCIVirtualNetworkTunnelCpeDeviceConfig</S>
                <S>Update-OCIVirtualNetworkVcn</S>
                <S>Update-OCIVirtualNetworkVirtualCircuit</S>
                <S>Update-OCIVirtualNetworkVlan</S>
                <S>Update-OCIVirtualNetworkVnic</S>
                <S>Update-OCIVirtualNetworkVtap</S>
              </LST>
            </Obj>
          </En>
        </DCT>
      </Obj>
      <Nil N="PowerShellGetFormatVersion" />
      <S N="ReleaseNotes">https://github.com/oracle/oci-powershell-modules/blob/master/CHANGELOG.md</S>
      <Obj N="Dependencies" RefId="6">
        <TNRef RefId="1" />
        <LST>
          <Obj RefId="7">
            <TN RefId="3">
              <T>System.Collections.Specialized.OrderedDictionary</T>
              <T>System.Object</T>
            </TN>
            <DCT>
              <En>
                <S N="Key">Name</S>
                <S N="Value">OCI.PSModules.Common</S>
              </En>
              <En>
                <S N="Key">RequiredVersion</S>
                <S N="Value">95.1.0</S>
              </En>
              <En>
                <S N="Key">CanonicalId</S>
                <S N="Value">nuget:OCI.PSModules.Common/[95.1.0]</S>
              </En>
            </DCT>
          </Obj>
        </LST>
      </Obj>
      <S N="RepositorySourceLocation">https://www.powershellgallery.com/api/v2</S>
      <S N="Repository">PSGallery</S>
      <S N="PackageManagementProvider">NuGet</S>
      <Obj N="AdditionalMetadata" RefId="8">
        <TN RefId="4">
          <T>System.Management.Automation.PSCustomObject</T>
          <T>System.Object</T>
        </TN>
        <MS>
          <S N="copyright">(c) Oracle Cloud Infrastructure. All rights reserved.</S>
          <S N="description">This modules provides Cmdlets for OCI Core Service</S>
          <S N="requireLicenseAcceptance">False</S>
          <S N="releaseNotes">https://github.com/oracle/oci-powershell-modules/blob/master/CHANGELOG.md</S>
          <S N="isLatestVersion">True</S>
          <S N="isAbsoluteLatestVersion">True</S>
          <S N="versionDownloadCount">503</S>
          <S N="downloadCount">18733</S>
          <S N="packageSize">1149487</S>
          <S N="published">11/12/2024 6:45:06 PM +02:00</S>
          <S N="created">11/12/2024 6:45:06 PM +02:00</S>
          <S N="lastUpdated">12/8/2024 9:30:00 PM +02:00</S>
          <S N="tags">PSEdition_Core Windows Linux macOS Oracle OCI Cloud OracleCloudInfrastructure Core PSModule</S>
          <S N="developmentDependency">False</S>
          <S N="updated">2024-12-08T21:30:00Z</S>
          <S N="NormalizedVersion">95.1.0</S>
          <S N="Authors">Oracle Cloud Infrastructure</S>
          <S N="IsPrerelease">false</S>
          <S N="ItemType">Module</S>
          <S N="FileList">OCI.PSModules.Core.nuspec|THIRD_PARTY_LICENSES.txt|OCI.PSModules.Core.psd1|LICENSE.txt|OCI.PSModules.Core.dll-Help.xml|assemblies\OCI.PSModules.Core.dll|assemblies\OCI.DotNetSDK.Core.dll|assemblies\OCI.DotNetSDK.Workrequests.dll</S>
          <S N="Cmdlets">Add-OCIComputeImageShapeCompatibilityEntry Add-OCIVirtualNetworkDrgRouteDistributionStatements Add-OCIVirtualNetworkDrgRouteRules Add-OCIVirtualNetworkIpv6SubnetCidr Add-OCIVirtualNetworkIpv6VcnCidr Add-OCIVirtualNetworkNetworkSecurityGroupSecurityRules Add-OCIVirtualNetworkPublicIpPoolCapacity Add-OCIVirtualNetworkVcnCidr Confirm-OCIVirtualNetworkByoipRange Connect-OCIVirtualNetworkLocalPeeringGateways Connect-OCIVirtualNetworkRemotePeeringConnections Copy-OCIBlockstorageBootVolumeBackup Copy-OCIBlockstorageVolumeBackup Copy-OCIBlockstorageVolumeGroupBackup DisMount-OCIComputeBootVolume DisMount-OCIComputeManagementInstancePoolInstance DisMount-OCIComputeManagementLoadBalancer DisMount-OCIComputeVnic DisMount-OCIComputeVolume DisMount-OCIVirtualNetworkServiceId Edit-OCIVirtualNetworkVcnCidr Export-OCIComputeImage Get-OCIBlockstorageBlockVolumeReplica Get-OCIBlockstorageBlockVolumeReplicasList Get-OCIBlockstorageBootVolume Get-OCIBlockstorageBootVolumeBackup Get-OCIBlockstorageBootVolumeBackupsList Get-OCIBlockstorageBootVolumeKmsKey Get-OCIBlockstorageBootVolumeReplica Get-OCIBlockstorageBootVolumeReplicasList Get-OCIBlockstorageBootVolumesList Get-OCIBlockstorageVolume Get-OCIBlockstorageVolumeBackup Get-OCIBlockstorageVolumeBackupPoliciesList Get-OCIBlockstorageVolumeBackupPolicy Get-OCIBlockstorageVolumeBackupPolicyAssetAssignment Get-OCIBlockstorageVolumeBackupPolicyAssignment Get-OCIBlockstorageVolumeBackupsList Get-OCIBlockstorageVolumeGroup Get-OCIBlockstorageVolumeGroupBackup Get-OCIBlockstorageVolumeGroupBackupsList Get-OCIBlockstorageVolumeGroupReplica Get-OCIBlockstorageVolumeGroupReplicasList Get-OCIBlockstorageVolumeGroupsList Get-OCIBlockstorageVolumeKmsKey Get-OCIBlockstorageVolumesList Get-OCIComputeAppCatalogListing Get-OCIComputeAppCatalogListingAgreements Get-OCIComputeAppCatalogListingResourceVersion Get-OCIComputeAppCatalogListingResourceVersionsList Get-OCIComputeAppCatalogListingsList Get-OCIComputeAppCatalogSubscriptionsList Get-OCIComputeBootVolumeAttachment Get-OCIComputeBootVolumeAttachmentsList Get-OCIComputeCapacityReservation Get-OCIComputeCapacityReservationInstanceShapesList Get-OCIComputeCapacityReservationInstancesList Get-OCIComputeCapacityReservationsList Get-OCIComputeCapacityTopologiesList Get-OCIComputeCapacityTopology Get-OCIComputeCapacityTopologyComputeBareMetalHostsList Get-OCIComputeCapacityTopologyComputeHpcIslandsList Get-OCIComputeCapacityTopologyComputeNetworkBlocksList Get-OCIComputeCluster Get-OCIComputeClustersList Get-OCIComputeConsoleHistoriesList Get-OCIComputeConsoleHistory Get-OCIComputeConsoleHistoryContent Get-OCIComputeDedicatedVmHost Get-OCIComputeDedicatedVmHostInstanceShapesList Get-OCIComputeDedicatedVmHostInstancesList Get-OCIComputeDedicatedVmHostShapesList Get-OCIComputeDedicatedVmHostsList Get-OCIComputeGlobalImageCapabilitySchema Get-OCIComputeGlobalImageCapabilitySchemasList Get-OCIComputeGlobalImageCapabilitySchemaVersion Get-OCIComputeGlobalImageCapabilitySchemaVersionsList Get-OCIComputeImage Get-OCIComputeImageCapabilitySchema Get-OCIComputeImageCapabilitySchemasList Get-OCIComputeImageShapeCompatibilityEntriesList Get-OCIComputeImageShapeCompatibilityEntry Get-OCIComputeImagesList Get-OCIComputeInstance Get-OCIComputeInstanceConsoleConnection Get-OCIComputeInstanceConsoleConnectionsList Get-OCIComputeInstanceDevicesList Get-OCIComputeInstanceMaintenanceEvent Get-OCIComputeInstanceMaintenanceEventsList Get-OCIComputeInstanceMaintenanceReboot Get-OCIComputeInstancesList Get-OCIComputeManagementClusterNetwork Get-OCIComputeManagementClusterNetworkInstancesList Get-OCIComputeManagementClusterNetworksList Get-OCIComputeManagementInstanceConfiguration Get-OCIComputeManagementInstanceConfigurationsList Get-OCIComputeManagementInstancePool Get-OCIComputeManagementInstancePoolInstance Get-OCIComputeManagementInstancePoolInstancesList Get-OCIComputeManagementInstancePoolLoadBalancerAttachment Get-OCIComputeManagementInstancePoolsList Get-OCIComputeMeasuredBootReport Get-OCIComputeShapesList Get-OCIComputeVnicAttachment Get-OCIComputeVnicAttachmentsList Get-OCIComputeVolumeAttachment Get-OCIComputeVolumeAttachmentsList Get-OCIComputeWindowsInstanceInitialCredentials Get-OCIVirtualNetworkAllDrgAttachments Get-OCIVirtualNetworkAllowedIkeIPSecParameters Get-OCIVirtualNetworkAllowedPeerRegionsForRemotePeeringList Get-OCIVirtualNetworkByoipAllocatedRangesList Get-OCIVirtualNetworkByoipRange Get-OCIVirtualNetworkByoipRangesList Get-OCIVirtualNetworkCaptureFilter Get-OCIVirtualNetworkCaptureFiltersList Get-OCIVirtualNetworkCpe Get-OCIVirtualNetworkCpeDeviceConfigContent Get-OCIVirtualNetworkCpeDeviceShape Get-OCIVirtualNetworkCpeDeviceShapesList Get-OCIVirtualNetworkCpesList Get-OCIVirtualNetworkCrossConnect Get-OCIVirtualNetworkCrossConnectGroup Get-OCIVirtualNetworkCrossConnectGroupsList Get-OCIVirtualNetworkCrossConnectLetterOfAuthority Get-OCIVirtualNetworkCrossConnectLocationsList Get-OCIVirtualNetworkCrossConnectMappingsList Get-OCIVirtualNetworkCrossconnectPortSpeedShapesList Get-OCIVirtualNetworkCrossConnectsList Get-OCIVirtualNetworkCrossConnectStatus Get-OCIVirtualNetworkDhcpOptions Get-OCIVirtualNetworkDhcpOptionsList Get-OCIVirtualNetworkDrg Get-OCIVirtualNetworkDrgAttachment Get-OCIVirtualNetworkDrgAttachmentsList Get-OCIVirtualNetworkDrgRedundancyStatus Get-OCIVirtualNetworkDrgRouteDistribution Get-OCIVirtualNetworkDrgRouteDistributionsList Get-OCIVirtualNetworkDrgRouteDistributionStatementsList Get-OCIVirtualNetworkDrgRouteRulesList Get-OCIVirtualNetworkDrgRouteTable Get-OCIVirtualNetworkDrgRouteTablesList Get-OCIVirtualNetworkDrgsList Get-OCIVirtualNetworkFastConnectProviderService Get-OCIVirtualNetworkFastConnectProviderServiceKey Get-OCIVirtualNetworkFastConnectProviderServicesList Get-OCIVirtualNetworkFastConnectProviderVirtualCircuitBandwidthShapesList Get-OCIVirtualNetworkInternetGateway Get-OCIVirtualNetworkInternetGatewaysList Get-OCIVirtualNetworkIpInventoryList Get-OCIVirtualNetworkIPSecConnection Get-OCIVirtualNetworkIPSecConnectionDeviceConfig Get-OCIVirtualNetworkIPSecConnectionDeviceStatus Get-OCIVirtualNetworkIPSecConnectionsList Get-OCIVirtualNetworkIPSecConnectionTunnel Get-OCIVirtualNetworkIPSecConnectionTunnelError Get-OCIVirtualNetworkIPSecConnectionTunnelRoutesList Get-OCIVirtualNetworkIPSecConnectionTunnelSecurityAssociationsList Get-OCIVirtualNetworkIPSecConnectionTunnelSharedSecret Get-OCIVirtualNetworkIPSecConnectionTunnelsList Get-OCIVirtualNetworkIpsecCpeDeviceConfigContent Get-OCIVirtualNetworkIpv6 Get-OCIVirtualNetworkIpv6sList Get-OCIVirtualNetworkLocalPeeringGateway Get-OCIVirtualNetworkLocalPeeringGatewaysList Get-OCIVirtualNetworkNatGateway Get-OCIVirtualNetworkNatGatewaysList Get-OCIVirtualNetworkNetworkingTopology Get-OCIVirtualNetworkNetworkSecurityGroup Get-OCIVirtualNetworkNetworkSecurityGroupSecurityRulesList Get-OCIVirtualNetworkNetworkSecurityGroupsList Get-OCIVirtualNetworkNetworkSecurityGroupVnicsList Get-OCIVirtualNetworkPrivateIp Get-OCIVirtualNetworkPrivateIpsList Get-OCIVirtualNetworkPublicIp Get-OCIVirtualNetworkPublicIpByIpAddress Get-OCIVirtualNetworkPublicIpByPrivateIpId Get-OCIVirtualNetworkPublicIpPool Get-OCIVirtualNetworkPublicIpPoolsList Get-OCIVirtualNetworkPublicIpsList Get-OCIVirtualNetworkRemotePeeringConnection Get-OCIVirtualNetworkRemotePeeringConnectionsList Get-OCIVirtualNetworkResourceIpInventory Get-OCIVirtualNetworkRouteTable Get-OCIVirtualNetworkRouteTablesList Get-OCIVirtualNetworkSecurityList Get-OCIVirtualNetworkSecurityListsList Get-OCIVirtualNetworkService Get-OCIVirtualNetworkServiceGateway Get-OCIVirtualNetworkServiceGatewaysList Get-OCIVirtualNetworkServicesList Get-OCIVirtualNetworkSubnet Get-OCIVirtualNetworkSubnetCidrUtilization Get-OCIVirtualNetworkSubnetIpInventory Get-OCIVirtualNetworkSubnetsList Get-OCIVirtualNetworkSubnetTopology Get-OCIVirtualNetworkTunnelCpeDeviceConfig Get-OCIVirtualNetworkTunnelCpeDeviceConfigContent Get-OCIVirtualNetworkUpgradeStatus Get-OCIVirtualNetworkVcn Get-OCIVirtualNetworkVcnDnsResolverAssociation Get-OCIVirtualNetworkVcnOverlap Get-OCIVirtualNetworkVcnsList Get-OCIVirtualNetworkVcnTopology Get-OCIVirtualNetworkVirtualCircuit Get-OCIVirtualNetworkVirtualCircuitAssociatedTunnelsList Get-OCIVirtualNetworkVirtualCircuitBandwidthShapesList Get-OCIVirtualNetworkVirtualCircuitPublicPrefixesList Get-OCIVirtualNetworkVirtualCircuitsList Get-OCIVirtualNetworkVlan Get-OCIVirtualNetworkVlansList Get-OCIVirtualNetworkVnic Get-OCIVirtualNetworkVtap Get-OCIVirtualNetworkVtapsList Invoke-OCIComputeInstanceAction Invoke-OCIComputeManagementLaunchInstanceConfiguration Invoke-OCIComputeManagementSoftresetInstancePool Invoke-OCIComputeManagementSoftstopInstancePool Invoke-OCIComputeManagementTerminateClusterNetwork Invoke-OCIComputeManagementTerminateInstancePool Invoke-OCIComputeTerminateInstance Invoke-OCIVirtualNetworkAdvertiseByoipRange Invoke-OCIVirtualNetworkBulkAddVirtualCircuitPublicPrefixes Invoke-OCIVirtualNetworkBulkDeleteVirtualCircuitPublicPrefixes Invoke-OCIVirtualNetworkUpgradeDrg Invoke-OCIVirtualNetworkWithdrawByoipRange Mount-OCIComputeBootVolume Mount-OCIComputeManagementInstancePoolInstance Mount-OCIComputeManagementLoadBalancer Mount-OCIComputeVnic Mount-OCIComputeVolume Mount-OCIVirtualNetworkServiceId Move-OCIBlockstorageBootVolumeBackupCompartment Move-OCIBlockstorageBootVolumeCompartment Move-OCIBlockstorageVolumeBackupCompartment Move-OCIBlockstorageVolumeCompartment Move-OCIBlockstorageVolumeGroupBackupCompartment Move-OCIBlockstorageVolumeGroupCompartment Move-OCIComputeCapacityReservationCompartment Move-OCIComputeCapacityTopologyCompartment Move-OCIComputeClusterCompartment Move-OCIComputeDedicatedVmHostCompartment Move-OCIComputeImageCapabilitySchemaCompartment Move-OCIComputeImageCompartment Move-OCIComputeInstanceCompartment Move-OCIComputeManagementClusterNetworkCompartment Move-OCIComputeManagementInstanceConfigurationCompartment Move-OCIComputeManagementInstancePoolCompartment Move-OCIVirtualNetworkByoipRangeCompartment Move-OCIVirtualNetworkCaptureFilterCompartment Move-OCIVirtualNetworkCpeCompartment Move-OCIVirtualNetworkCrossConnectCompartment Move-OCIVirtualNetworkCrossConnectGroupCompartment Move-OCIVirtualNetworkDhcpOptionsCompartment Move-OCIVirtualNetworkDrgCompartment Move-OCIVirtualNetworkInternetGatewayCompartment Move-OCIVirtualNetworkIPSecConnectionCompartment Move-OCIVirtualNetworkLocalPeeringGatewayCompartment Move-OCIVirtualNetworkNatGatewayCompartment Move-OCIVirtualNetworkNetworkSecurityGroupCompartment Move-OCIVirtualNetworkPublicIpCompartment Move-OCIVirtualNetworkPublicIpPoolCompartment Move-OCIVirtualNetworkRemotePeeringConnectionCompartment Move-OCIVirtualNetworkRouteTableCompartment Move-OCIVirtualNetworkSecurityListCompartment Move-OCIVirtualNetworkServiceGatewayCompartment Move-OCIVirtualNetworkSubnetCompartment Move-OCIVirtualNetworkVcnCompartment Move-OCIVirtualNetworkVirtualCircuitCompartment Move-OCIVirtualNetworkVlanCompartment Move-OCIVirtualNetworkVtapCompartment New-OCIBlockstorageBootVolume New-OCIBlockstorageBootVolumeBackup New-OCIBlockstorageVolume New-OCIBlockstorageVolumeBackup New-OCIBlockstorageVolumeBackupPolicy New-OCIBlockstorageVolumeBackupPolicyAssignment New-OCIBlockstorageVolumeGroup New-OCIBlockstorageVolumeGroupBackup New-OCIComputeAppCatalogSubscription New-OCIComputeCapacityReport New-OCIComputeCapacityReservation New-OCIComputeCapacityTopology New-OCIComputeCluster New-OCIComputeDedicatedVmHost New-OCIComputeImage New-OCIComputeImageCapabilitySchema New-OCIComputeInstance New-OCIComputeInstanceConsoleConnection New-OCIComputeManagementClusterNetwork New-OCIComputeManagementInstanceConfiguration New-OCIComputeManagementInstancePool New-OCIVirtualNetworkByoipRange New-OCIVirtualNetworkCaptureFilter New-OCIVirtualNetworkCpe New-OCIVirtualNetworkCrossConnect New-OCIVirtualNetworkCrossConnectGroup New-OCIVirtualNetworkDhcpOptions New-OCIVirtualNetworkDrg New-OCIVirtualNetworkDrgAttachment New-OCIVirtualNetworkDrgRouteDistribution New-OCIVirtualNetworkDrgRouteTable New-OCIVirtualNetworkInternetGateway New-OCIVirtualNetworkIPSecConnection New-OCIVirtualNetworkIpv6 New-OCIVirtualNetworkLocalPeeringGateway New-OCIVirtualNetworkNatGateway New-OCIVirtualNetworkNetworkSecurityGroup New-OCIVirtualNetworkPrivateIp New-OCIVirtualNetworkPublicIp New-OCIVirtualNetworkPublicIpPool New-OCIVirtualNetworkRemotePeeringConnection New-OCIVirtualNetworkRouteTable New-OCIVirtualNetworkSecurityList New-OCIVirtualNetworkServiceGateway New-OCIVirtualNetworkSubnet New-OCIVirtualNetworkVcn New-OCIVirtualNetworkVirtualCircuit New-OCIVirtualNetworkVlan New-OCIVirtualNetworkVtap Receive-OCIComputeShieldedIntegrityPolicy Remove-OCIBlockstorageBootVolume Remove-OCIBlockstorageBootVolumeBackup Remove-OCIBlockstorageBootVolumeKmsKey Remove-OCIBlockstorageVolume Remove-OCIBlockstorageVolumeBackup Remove-OCIBlockstorageVolumeBackupPolicy Remove-OCIBlockstorageVolumeBackupPolicyAssignment Remove-OCIBlockstorageVolumeGroup Remove-OCIBlockstorageVolumeGroupBackup Remove-OCIBlockstorageVolumeKmsKey Remove-OCIComputeAppCatalogSubscription Remove-OCIComputeCapacityReservation Remove-OCIComputeCapacityTopology Remove-OCIComputeCluster Remove-OCIComputeConsoleHistory Remove-OCIComputeDedicatedVmHost Remove-OCIComputeImage Remove-OCIComputeImageCapabilitySchema Remove-OCIComputeImageShapeCompatibilityEntry Remove-OCIComputeInstanceConsoleConnection Remove-OCIComputeManagementInstanceConfiguration Remove-OCIVirtualNetworkByoipRange Remove-OCIVirtualNetworkCaptureFilter Remove-OCIVirtualNetworkCpe Remove-OCIVirtualNetworkCrossConnect Remove-OCIVirtualNetworkCrossConnectGroup Remove-OCIVirtualNetworkDhcpOptions Remove-OCIVirtualNetworkDrg Remove-OCIVirtualNetworkDrgAttachment Remove-OCIVirtualNetworkDrgRouteDistribution Remove-OCIVirtualNetworkDrgRouteDistributionStatements Remove-OCIVirtualNetworkDrgRouteRules Remove-OCIVirtualNetworkDrgRouteTable Remove-OCIVirtualNetworkExportDrgRouteDistribution Remove-OCIVirtualNetworkImportDrgRouteDistribution Remove-OCIVirtualNetworkInternetGateway Remove-OCIVirtualNetworkIPSecConnection Remove-OCIVirtualNetworkIpv6 Remove-OCIVirtualNetworkIpv6SubnetCidr Remove-OCIVirtualNetworkIpv6VcnCidr Remove-OCIVirtualNetworkLocalPeeringGateway Remove-OCIVirtualNetworkNatGateway Remove-OCIVirtualNetworkNetworkSecurityGroup Remove-OCIVirtualNetworkNetworkSecurityGroupSecurityRules Remove-OCIVirtualNetworkPrivateIp Remove-OCIVirtualNetworkPublicIp Remove-OCIVirtualNetworkPublicIpPool Remove-OCIVirtualNetworkPublicIpPoolCapacity Remove-OCIVirtualNetworkRemotePeeringConnection Remove-OCIVirtualNetworkRouteTable Remove-OCIVirtualNetworkSecurityList Remove-OCIVirtualNetworkServiceGateway Remove-OCIVirtualNetworkSubnet Remove-OCIVirtualNetworkVcn Remove-OCIVirtualNetworkVcnCidr Remove-OCIVirtualNetworkVirtualCircuit Remove-OCIVirtualNetworkVlan Remove-OCIVirtualNetworkVtap Reset-OCIComputeManagementInstancePool Save-OCIComputeConsoleHistory Start-OCIComputeManagementInstancePool Stop-OCIComputeManagementInstancePool Update-OCIBlockstorageBootVolume Update-OCIBlockstorageBootVolumeBackup Update-OCIBlockstorageBootVolumeKmsKey Update-OCIBlockstorageVolume Update-OCIBlockstorageVolumeBackup Update-OCIBlockstorageVolumeBackupPolicy Update-OCIBlockstorageVolumeGroup Update-OCIBlockstorageVolumeGroupBackup Update-OCIBlockstorageVolumeKmsKey Update-OCIComputeCapacityReservation Update-OCIComputeCapacityTopology Update-OCIComputeCluster Update-OCIComputeConsoleHistory Update-OCIComputeDedicatedVmHost Update-OCIComputeImage Update-OCIComputeImageCapabilitySchema Update-OCIComputeInstance Update-OCIComputeInstanceConsoleConnection Update-OCIComputeInstanceMaintenanceEvent Update-OCIComputeManagementClusterNetwork Update-OCIComputeManagementInstanceConfiguration Update-OCIComputeManagementInstancePool Update-OCIComputeVolumeAttachment Update-OCIVirtualNetworkByoipRange Update-OCIVirtualNetworkCaptureFilter Update-OCIVirtualNetworkCpe Update-OCIVirtualNetworkCrossConnect Update-OCIVirtualNetworkCrossConnectGroup Update-OCIVirtualNetworkDhcpOptions Update-OCIVirtualNetworkDrg Update-OCIVirtualNetworkDrgAttachment Update-OCIVirtualNetworkDrgRouteDistribution Update-OCIVirtualNetworkDrgRouteDistributionStatements Update-OCIVirtualNetworkDrgRouteRules Update-OCIVirtualNetworkDrgRouteTable Update-OCIVirtualNetworkInternetGateway Update-OCIVirtualNetworkIPSecConnection Update-OCIVirtualNetworkIPSecConnectionTunnel Update-OCIVirtualNetworkIPSecConnectionTunnelSharedSecret Update-OCIVirtualNetworkIpv6 Update-OCIVirtualNetworkLocalPeeringGateway Update-OCIVirtualNetworkNatGateway Update-OCIVirtualNetworkNetworkSecurityGroup Update-OCIVirtualNetworkNetworkSecurityGroupSecurityRules Update-OCIVirtualNetworkPrivateIp Update-OCIVirtualNetworkPublicIp Update-OCIVirtualNetworkPublicIpPool Update-OCIVirtualNetworkRemotePeeringConnection Update-OCIVirtualNetworkRouteTable Update-OCIVirtualNetworkSecurityList Update-OCIVirtualNetworkServiceGateway Update-OCIVirtualNetworkSubnet Update-OCIVirtualNetworkTunnelCpeDeviceConfig Update-OCIVirtualNetworkVcn Update-OCIVirtualNetworkVirtualCircuit Update-OCIVirtualNetworkVlan Update-OCIVirtualNetworkVnic Update-OCIVirtualNetworkVtap</S>
          <S N="GUID">6da66bae-1e88-4a00-9740-811ccd4999c8</S>
          <S N="PowerShellVersion">6.0</S>
          <S N="CompanyName">Oracle Corporation</S>
        </MS>
      </Obj>
      <S N="InstalledLocation">C:\Users\MarcoFekry\Downloads\OCI.PSModules\OCI.PSModules.Core\95.1.0</S>
    </MS>
  </Obj>
</Objs>
