<Objs Version="1.1.0.1" xmlns="http://schemas.microsoft.com/powershell/2004/04">
  <Obj RefId="0">
    <TN RefId="0">
      <T>Microsoft.PowerShell.Commands.PSRepositoryItemInfo</T>
      <T>System.Management.Automation.PSCustomObject</T>
      <T>System.Object</T>
    </TN>
    <MS>
      <S N="Name">OCI.PSModules.Keymanagement</S>
      <S N="Version">95.1.0</S>
      <S N="Type">Module</S>
      <S N="Description">This modules provides Cmdlets for OCI Keymanagement Service</S>
      <S N="Author">Oracle Cloud Infrastructure</S>
      <S N="CompanyName">oci-psmodules-grp</S>
      <S N="Copyright">(c) Oracle Cloud Infrastructure. All rights reserved.</S>
      <DT N="PublishedDate">2024-11-12T18:49:31+02:00</DT>
      <Nil N="InstalledDate" />
      <Nil N="UpdatedDate" />
      <URI N="LicenseUri">https://github.com/oracle/oci-powershell-modules/blob/master/LICENSE.txt</URI>
      <URI N="ProjectUri">https://github.com/oracle/oci-powershell-modules/</URI>
      <URI N="IconUri">https://github.com/oracle/oci-powershell-modules/blob/master/icon.png</URI>
      <Obj N="Tags" RefId="1">
        <TN RefId="1">
          <T>System.Object[]</T>
          <T>System.Array</T>
          <T>System.Object</T>
        </TN>
        <LST>
          <S>PSEdition_Core</S>
          <S>Windows</S>
          <S>Linux</S>
          <S>macOS</S>
          <S>Oracle</S>
          <S>OCI</S>
          <S>Cloud</S>
          <S>OracleCloudInfrastructure</S>
          <S>Keymanagement</S>
          <S>PSModule</S>
        </LST>
      </Obj>
      <Obj N="Includes" RefId="2">
        <TN RefId="2">
          <T>System.Collections.Hashtable</T>
          <T>System.Object</T>
        </TN>
        <DCT>
          <En>
            <S N="Key">Cmdlet</S>
            <Obj N="Value" RefId="3">
              <TNRef RefId="1" />
              <LST>
                <S>Backup-OCIKeymanagementKey</S>
                <S>Backup-OCIKeymanagementVault</S>
                <S>Disable-OCIKeymanagementKey</S>
                <S>Enable-OCIKeymanagementKey</S>
                <S>Export-OCIKeymanagementKey</S>
                <S>Get-OCIKeymanagementEkmsPrivateEndpoint</S>
                <S>Get-OCIKeymanagementEkmsPrivateEndpointsList</S>
                <S>Get-OCIKeymanagementHsmCluster</S>
                <S>Get-OCIKeymanagementHsmClustersList</S>
                <S>Get-OCIKeymanagementHsmPartition</S>
                <S>Get-OCIKeymanagementHsmPartitionsList</S>
                <S>Get-OCIKeymanagementKey</S>
                <S>Get-OCIKeymanagementKeysList</S>
                <S>Get-OCIKeymanagementKeyVersion</S>
                <S>Get-OCIKeymanagementKeyVersionsList</S>
                <S>Get-OCIKeymanagementPreCoUserCredentials</S>
                <S>Get-OCIKeymanagementReplicationStatus</S>
                <S>Get-OCIKeymanagementVault</S>
                <S>Get-OCIKeymanagementVaultReplicasList</S>
                <S>Get-OCIKeymanagementVaultsList</S>
                <S>Get-OCIKeymanagementVaultUsage</S>
                <S>Get-OCIKeymanagementWrappingKey</S>
                <S>Import-OCIKeymanagementKey</S>
                <S>Import-OCIKeymanagementKeyVersion</S>
                <S>Invoke-OCIKeymanagementDecrypt</S>
                <S>Invoke-OCIKeymanagementDownloadCertificateSigningRequest</S>
                <S>Invoke-OCIKeymanagementEncrypt</S>
                <S>Invoke-OCIKeymanagementScheduleHsmClusterDeletion</S>
                <S>Invoke-OCIKeymanagementScheduleKeyDeletion</S>
                <S>Invoke-OCIKeymanagementScheduleKeyVersionDeletion</S>
                <S>Invoke-OCIKeymanagementScheduleVaultDeletion</S>
                <S>Invoke-OCIKeymanagementSign</S>
                <S>Invoke-OCIKeymanagementVerify</S>
                <S>Move-OCIKeymanagementHsmClusterCompartment</S>
                <S>Move-OCIKeymanagementKeyCompartment</S>
                <S>Move-OCIKeymanagementVaultCompartment</S>
                <S>New-OCIKeymanagementDataEncryptionKey</S>
                <S>New-OCIKeymanagementEkmsPrivateEndpoint</S>
                <S>New-OCIKeymanagementHsmCluster</S>
                <S>New-OCIKeymanagementKey</S>
                <S>New-OCIKeymanagementKeyVersion</S>
                <S>New-OCIKeymanagementVault</S>
                <S>New-OCIKeymanagementVaultReplica</S>
                <S>Remove-OCIKeymanagementEkmsPrivateEndpoint</S>
                <S>Remove-OCIKeymanagementVaultReplica</S>
                <S>Restore-OCIKeymanagementKeyFromFile</S>
                <S>Restore-OCIKeymanagementKeyFromObjectStore</S>
                <S>Restore-OCIKeymanagementVaultFromFile</S>
                <S>Restore-OCIKeymanagementVaultFromObjectStore</S>
                <S>Stop-OCIKeymanagementHsmClusterDeletion</S>
                <S>Stop-OCIKeymanagementKeyDeletion</S>
                <S>Stop-OCIKeymanagementKeyVersionDeletion</S>
                <S>Stop-OCIKeymanagementVaultDeletion</S>
                <S>Update-OCIKeymanagementEkmsPrivateEndpoint</S>
                <S>Update-OCIKeymanagementHsmCluster</S>
                <S>Update-OCIKeymanagementKey</S>
                <S>Update-OCIKeymanagementVault</S>
                <S>Write-OCIKeymanagementPartitionCertificates</S>
              </LST>
            </Obj>
          </En>
          <En>
            <S N="Key">Command</S>
            <Obj N="Value" RefId="4">
              <TNRef RefId="1" />
              <LST>
                <S>Backup-OCIKeymanagementKey</S>
                <S>Backup-OCIKeymanagementVault</S>
                <S>Disable-OCIKeymanagementKey</S>
                <S>Enable-OCIKeymanagementKey</S>
                <S>Export-OCIKeymanagementKey</S>
                <S>Get-OCIKeymanagementEkmsPrivateEndpoint</S>
                <S>Get-OCIKeymanagementEkmsPrivateEndpointsList</S>
                <S>Get-OCIKeymanagementHsmCluster</S>
                <S>Get-OCIKeymanagementHsmClustersList</S>
                <S>Get-OCIKeymanagementHsmPartition</S>
                <S>Get-OCIKeymanagementHsmPartitionsList</S>
                <S>Get-OCIKeymanagementKey</S>
                <S>Get-OCIKeymanagementKeysList</S>
                <S>Get-OCIKeymanagementKeyVersion</S>
                <S>Get-OCIKeymanagementKeyVersionsList</S>
                <S>Get-OCIKeymanagementPreCoUserCredentials</S>
                <S>Get-OCIKeymanagementReplicationStatus</S>
                <S>Get-OCIKeymanagementVault</S>
                <S>Get-OCIKeymanagementVaultReplicasList</S>
                <S>Get-OCIKeymanagementVaultsList</S>
                <S>Get-OCIKeymanagementVaultUsage</S>
                <S>Get-OCIKeymanagementWrappingKey</S>
                <S>Import-OCIKeymanagementKey</S>
                <S>Import-OCIKeymanagementKeyVersion</S>
                <S>Invoke-OCIKeymanagementDecrypt</S>
                <S>Invoke-OCIKeymanagementDownloadCertificateSigningRequest</S>
                <S>Invoke-OCIKeymanagementEncrypt</S>
                <S>Invoke-OCIKeymanagementScheduleHsmClusterDeletion</S>
                <S>Invoke-OCIKeymanagementScheduleKeyDeletion</S>
                <S>Invoke-OCIKeymanagementScheduleKeyVersionDeletion</S>
                <S>Invoke-OCIKeymanagementScheduleVaultDeletion</S>
                <S>Invoke-OCIKeymanagementSign</S>
                <S>Invoke-OCIKeymanagementVerify</S>
                <S>Move-OCIKeymanagementHsmClusterCompartment</S>
                <S>Move-OCIKeymanagementKeyCompartment</S>
                <S>Move-OCIKeymanagementVaultCompartment</S>
                <S>New-OCIKeymanagementDataEncryptionKey</S>
                <S>New-OCIKeymanagementEkmsPrivateEndpoint</S>
                <S>New-OCIKeymanagementHsmCluster</S>
                <S>New-OCIKeymanagementKey</S>
                <S>New-OCIKeymanagementKeyVersion</S>
                <S>New-OCIKeymanagementVault</S>
                <S>New-OCIKeymanagementVaultReplica</S>
                <S>Remove-OCIKeymanagementEkmsPrivateEndpoint</S>
                <S>Remove-OCIKeymanagementVaultReplica</S>
                <S>Restore-OCIKeymanagementKeyFromFile</S>
                <S>Restore-OCIKeymanagementKeyFromObjectStore</S>
                <S>Restore-OCIKeymanagementVaultFromFile</S>
                <S>Restore-OCIKeymanagementVaultFromObjectStore</S>
                <S>Stop-OCIKeymanagementHsmClusterDeletion</S>
                <S>Stop-OCIKeymanagementKeyDeletion</S>
                <S>Stop-OCIKeymanagementKeyVersionDeletion</S>
                <S>Stop-OCIKeymanagementVaultDeletion</S>
                <S>Update-OCIKeymanagementEkmsPrivateEndpoint</S>
                <S>Update-OCIKeymanagementHsmCluster</S>
                <S>Update-OCIKeymanagementKey</S>
                <S>Update-OCIKeymanagementVault</S>
                <S>Write-OCIKeymanagementPartitionCertificates</S>
              </LST>
            </Obj>
          </En>
          <En>
            <S N="Key">Workflow</S>
            <Obj N="Value" RefId="5">
              <TNRef RefId="1" />
              <LST />
            </Obj>
          </En>
          <En>
            <S N="Key">Function</S>
            <Ref N="Value" RefId="5" />
          </En>
          <En>
            <S N="Key">RoleCapability</S>
            <Ref N="Value" RefId="5" />
          </En>
          <En>
            <S N="Key">DscResource</S>
            <Ref N="Value" RefId="5" />
          </En>
        </DCT>
      </Obj>
      <Nil N="PowerShellGetFormatVersion" />
      <S N="ReleaseNotes">https://github.com/oracle/oci-powershell-modules/blob/master/CHANGELOG.md</S>
      <Obj N="Dependencies" RefId="6">
        <TNRef RefId="1" />
        <LST>
          <Obj RefId="7">
            <TN RefId="3">
              <T>System.Collections.Specialized.OrderedDictionary</T>
              <T>System.Object</T>
            </TN>
            <DCT>
              <En>
                <S N="Key">Name</S>
                <S N="Value">OCI.PSModules.Common</S>
              </En>
              <En>
                <S N="Key">RequiredVersion</S>
                <S N="Value">95.1.0</S>
              </En>
              <En>
                <S N="Key">CanonicalId</S>
                <S N="Value">nuget:OCI.PSModules.Common/[95.1.0]</S>
              </En>
            </DCT>
          </Obj>
        </LST>
      </Obj>
      <S N="RepositorySourceLocation">https://www.powershellgallery.com/api/v2</S>
      <S N="Repository">PSGallery</S>
      <S N="PackageManagementProvider">NuGet</S>
      <Obj N="AdditionalMetadata" RefId="8">
        <TN RefId="4">
          <T>System.Management.Automation.PSCustomObject</T>
          <T>System.Object</T>
        </TN>
        <MS>
          <S N="copyright">(c) Oracle Cloud Infrastructure. All rights reserved.</S>
          <S N="description">This modules provides Cmdlets for OCI Keymanagement Service</S>
          <S N="requireLicenseAcceptance">False</S>
          <S N="releaseNotes">https://github.com/oracle/oci-powershell-modules/blob/master/CHANGELOG.md</S>
          <S N="isLatestVersion">False</S>
          <S N="isAbsoluteLatestVersion">False</S>
          <S N="versionDownloadCount">337</S>
          <S N="downloadCount">13268</S>
          <S N="packageSize">197703</S>
          <S N="published">11/12/2024 6:49:31 PM +02:00</S>
          <S N="created">11/12/2024 6:49:31 PM +02:00</S>
          <S N="lastUpdated">9/5/2025 4:50:00 PM +03:00</S>
          <S N="tags">PSEdition_Core Windows Linux macOS Oracle OCI Cloud OracleCloudInfrastructure Keymanagement PSModule PSCmdlet_Backup-OCIKeymanagementKey PSCommand_Backup-OCIKeymanagementKey PSCmdlet_Backup-OCIKeymanagementVault PSCommand_Backup-OCIKeymanagementVault PSCmdlet_Disable-OCIKeymanagementKey PSCommand_Disable-OCIKeymanagementKey PSCmdlet_Enable-OCIKeymanagementKey PSCommand_Enable-OCIKeymanagementKey PSCmdlet_Export-OCIKeymanagementKey PSCommand_Export-OCIKeymanagementKey PSCmdlet_Get-OCIKeymanagementEkmsPrivateEndpoint PSCommand_Get-OCIKeymanagementEkmsPrivateEndpoint PSCmdlet_Get-OCIKeymanagementEkmsPrivateEndpointsList PSCommand_Get-OCIKeymanagementEkmsPrivateEndpointsList PSCmdlet_Get-OCIKeymanagementHsmCluster PSCommand_Get-OCIKeymanagementHsmCluster PSCmdlet_Get-OCIKeymanagementHsmClustersList PSCommand_Get-OCIKeymanagementHsmClustersList PSCmdlet_Get-OCIKeymanagementHsmPartition PSCommand_Get-OCIKeymanagementHsmPartition PSCmdlet_Get-OCIKeymanagementHsmPartitionsList PSCommand_Get-OCIKeymanagementHsmPartitionsList PSCmdlet_Get-OCIKeymanagementKey PSCommand_Get-OCIKeymanagementKey PSCmdlet_Get-OCIKeymanagementKeysList PSCommand_Get-OCIKeymanagementKeysList PSCmdlet_Get-OCIKeymanagementKeyVersion PSCommand_Get-OCIKeymanagementKeyVersion PSCmdlet_Get-OCIKeymanagementKeyVersionsList PSCommand_Get-OCIKeymanagementKeyVersionsList PSCmdlet_Get-OCIKeymanagementPreCoUserCredentials PSCommand_Get-OCIKeymanagementPreCoUserCredentials PSCmdlet_Get-OCIKeymanagementReplicationStatus PSCommand_Get-OCIKeymanagementReplicationStatus PSCmdlet_Get-OCIKeymanagementVault PSCommand_Get-OCIKeymanagementVault PSCmdlet_Get-OCIKeymanagementVaultReplicasList PSCommand_Get-OCIKeymanagementVaultReplicasList PSCmdlet_Get-OCIKeymanagementVaultsList PSCommand_Get-OCIKeymanagementVaultsList PSCmdlet_Get-OCIKeymanagementVaultUsage PSCommand_Get-OCIKeymanagementVaultUsage PSCmdlet_Get-OCIKeymanagementWrappingKey PSCommand_Get-OCIKeymanagementWrappingKey PSCmdlet_Import-OCIKeymanagementKey PSCommand_Import-OCIKeymanagementKey PSCmdlet_Import-OCIKeymanagementKeyVersion PSCommand_Import-OCIKeymanagementKeyVersion PSCmdlet_Invoke-OCIKeymanagementDecrypt PSCommand_Invoke-OCIKeymanagementDecrypt PSCmdlet_Invoke-OCIKeymanagementDownloadCertificateSigningRequest PSCommand_Invoke-OCIKeymanagementDownloadCertificateSigningRequest PSCmdlet_Invoke-OCIKeymanagementEncrypt PSCommand_Invoke-OCIKeymanagementEncrypt PSCmdlet_Invoke-OCIKeymanagementScheduleHsmClusterDeletion PSCommand_Invoke-OCIKeymanagementScheduleHsmClusterDeletion PSCmdlet_Invoke-OCIKeymanagementScheduleKeyDeletion PSCommand_Invoke-OCIKeymanagementScheduleKeyDeletion PSCmdlet_Invoke-OCIKeymanagementScheduleKeyVersionDeletion PSCommand_Invoke-OCIKeymanagementScheduleKeyVersionDeletion PSCmdlet_Invoke-OCIKeymanagementScheduleVaultDeletion PSCommand_Invoke-OCIKeymanagementScheduleVaultDeletion PSCmdlet_Invoke-OCIKeymanagementSign PSCommand_Invoke-OCIKeymanagementSign PSCmdlet_Invoke-OCIKeymanagementVerify PSCommand_Invoke-OCIKeymanagementVerify PSCmdlet_Move-OCIKeymanagementHsmClusterCompartment PSCommand_Move-OCIKeymanagementHsmClusterCompartment PSCmdlet_Move-OCIKeymanagementKeyCompartment PSCommand_Move-OCIKeymanagementKeyCompartment PSCmdlet_Move-OCIKeymanagementVaultCompartment PSCommand_Move-OCIKeymanagementVaultCompartment PSCmdlet_New-OCIKeymanagementDataEncryptionKey PSCommand_New-OCIKeymanagementDataEncryptionKey PSCmdlet_New-OCIKeymanagementEkmsPrivateEndpoint PSCommand_New-OCIKeymanagementEkmsPrivateEndpoint PSCmdlet_New-OCIKeymanagementHsmCluster PSCommand_New-OCIKeymanagementHsmCluster PSCmdlet_New-OCIKeymanagementKey PSCommand_New-OCIKeymanagementKey PSCmdlet_New-OCIKeymanagementKeyVersion PSCommand_New-OCIKeymanagementKeyVersion PSCmdlet_New-OCIKeymanagementVault PSCommand_New-OCIKeymanagementVault PSCmdlet_New-OCIKeymanagementVaultReplica PSCommand_New-OCIKeymanagementVaultReplica PSCmdlet_Remove-OCIKeymanagementEkmsPrivateEndpoint PSCommand_Remove-OCIKeymanagementEkmsPrivateEndpoint PSCmdlet_Remove-OCIKeymanagementVaultReplica PSCommand_Remove-OCIKeymanagementVaultReplica PSCmdlet_Restore-OCIKeymanagementKeyFromFile PSCommand_Restore-OCIKeymanagementKeyFromFile PSCmdlet_Restore-OCIKeymanagementKeyFromObjectStore PSCommand_Restore-OCIKeymanagementKeyFromObjectStore PSCmdlet_Restore-OCIKeymanagementVaultFromFile PSCommand_Restore-OCIKeymanagementVaultFromFile PSCmdlet_Restore-OCIKeymanagementVaultFromObjectStore PSCommand_Restore-OCIKeymanagementVaultFromObjectStore PSCmdlet_Stop-OCIKeymanagementHsmClusterDeletion PSCommand_Stop-OCIKeymanagementHsmClusterDeletion PSCmdlet_Stop-OCIKeymanagementKeyDeletion PSCommand_Stop-OCIKeymanagementKeyDeletion PSCmdlet_Stop-OCIKeymanagementKeyVersionDeletion PSCommand_Stop-OCIKeymanagementKeyVersionDeletion PSCmdlet_Stop-OCIKeymanagementVaultDeletion PSCommand_Stop-OCIKeymanagementVaultDeletion PSCmdlet_Update-OCIKeymanagementEkmsPrivateEndpoint PSCommand_Update-OCIKeymanagementEkmsPrivateEndpoint PSCmdlet_Update-OCIKeymanagementHsmCluster PSCommand_Update-OCIKeymanagementHsmCluster PSCmdlet_Update-OCIKeymanagementKey PSCommand_Update-OCIKeymanagementKey PSCmdlet_Update-OCIKeymanagementVault PSCommand_Update-OCIKeymanagementVault PSCmdlet_Write-OCIKeymanagementPartitionCertificates PSCommand_Write-OCIKeymanagementPartitionCertificates PSIncludes_Cmdlet</S>
          <S N="developmentDependency">False</S>
          <S N="updated">2025-09-05T16:50:00Z</S>
          <S N="NormalizedVersion">95.1.0</S>
          <S N="Authors">Oracle Cloud Infrastructure</S>
          <S N="IsPrerelease">false</S>
          <S N="ItemType">Module</S>
          <S N="FileList">OCI.PSModules.Keymanagement.nuspec|THIRD_PARTY_LICENSES.txt|OCI.PSModules.Keymanagement.dll-Help.xml|OCI.PSModules.Keymanagement.psd1|LICENSE.txt|assemblies\OCI.PSModules.Keymanagement.dll|assemblies\OCI.DotNetSDK.Keymanagement.dll</S>
          <S N="GUID">4a9c2614-4d97-430e-b149-edbf0d70bf0b</S>
          <S N="PowerShellVersion">6.0</S>
          <S N="CompanyName">Oracle Corporation</S>
        </MS>
      </Obj>
      <S N="InstalledLocation">C:\Program Files\PowerShell\Modules1\OCI.PSModules.Keymanagement\95.1.0</S>
    </MS>
  </Obj>
</Objs>
