<Objs Version="1.1.0.1" xmlns="http://schemas.microsoft.com/powershell/2004/04">
  <Obj RefId="0">
    <TN RefId="0">
      <T>Microsoft.PowerShell.Commands.PSRepositoryItemInfo</T>
      <T>System.Management.Automation.PSCustomObject</T>
      <T>System.Object</T>
    </TN>
    <MS>
      <S N="Name">OCI.PSModules.Mediaservices</S>
      <S N="Version">95.1.0</S>
      <S N="Type">Module</S>
      <S N="Description">This modules provides Cmdlets for OCI Mediaservices Service</S>
      <S N="Author">Oracle Cloud Infrastructure</S>
      <S N="CompanyName">oci-psmodules-grp</S>
      <S N="Copyright">(c) Oracle Cloud Infrastructure. All rights reserved.</S>
      <DT N="PublishedDate">2024-11-12T18:50:55+02:00</DT>
      <Nil N="InstalledDate" />
      <Nil N="UpdatedDate" />
      <URI N="LicenseUri">https://github.com/oracle/oci-powershell-modules/blob/master/LICENSE.txt</URI>
      <URI N="ProjectUri">https://github.com/oracle/oci-powershell-modules/</URI>
      <URI N="IconUri">https://github.com/oracle/oci-powershell-modules/blob/master/icon.png</URI>
      <Obj N="Tags" RefId="1">
        <TN RefId="1">
          <T>System.Object[]</T>
          <T>System.Array</T>
          <T>System.Object</T>
        </TN>
        <LST>
          <S>PSEdition_Core</S>
          <S>Windows</S>
          <S>Linux</S>
          <S>macOS</S>
          <S>Oracle</S>
          <S>OCI</S>
          <S>Cloud</S>
          <S>OracleCloudInfrastructure</S>
          <S>Mediaservices</S>
          <S>PSModule</S>
        </LST>
      </Obj>
      <Obj N="Includes" RefId="2">
        <TN RefId="2">
          <T>System.Collections.Hashtable</T>
          <T>System.Object</T>
        </TN>
        <DCT>
          <En>
            <S N="Key">Cmdlet</S>
            <Obj N="Value" RefId="3">
              <TNRef RefId="1" />
              <LST>
                <S>Add-OCIMediaservicesMediaAssetLock</S>
                <S>Add-OCIMediaservicesMediaWorkflowConfigurationLock</S>
                <S>Add-OCIMediaservicesMediaWorkflowJobLock</S>
                <S>Add-OCIMediaservicesMediaWorkflowLock</S>
                <S>Add-OCIMediaservicesStreamCdnConfigLock</S>
                <S>Add-OCIMediaservicesStreamDistributionChannelLock</S>
                <S>Add-OCIMediaservicesStreamPackagingConfigLock</S>
                <S>Get-OCIMediaservicesMediaAsset</S>
                <S>Get-OCIMediaservicesMediaAssetDistributionChannelAttachment</S>
                <S>Get-OCIMediaservicesMediaAssetDistributionChannelAttachmentsList</S>
                <S>Get-OCIMediaservicesMediaAssetsList</S>
                <S>Get-OCIMediaservicesMediaWorkflow</S>
                <S>Get-OCIMediaservicesMediaWorkflowConfiguration</S>
                <S>Get-OCIMediaservicesMediaWorkflowConfigurationsList</S>
                <S>Get-OCIMediaservicesMediaWorkflowJob</S>
                <S>Get-OCIMediaservicesMediaWorkflowJobsList</S>
                <S>Get-OCIMediaservicesMediaWorkflowsList</S>
                <S>Get-OCIMediaservicesMediaWorkflowTaskDeclarationsList</S>
                <S>Get-OCIMediaservicesStreamCdnConfig</S>
                <S>Get-OCIMediaservicesStreamCdnConfigsList</S>
                <S>Get-OCIMediaservicesStreamDistributionChannel</S>
                <S>Get-OCIMediaservicesStreamDistributionChannelsList</S>
                <S>Get-OCIMediaservicesStreamPackagingConfig</S>
                <S>Get-OCIMediaservicesStreamPackagingConfigsList</S>
                <S>Get-OCIMediaservicesSystemMediaWorkflowsList</S>
                <S>Invoke-OCIMediaservicesIngestStreamDistributionChannel</S>
                <S>Move-OCIMediaservicesMediaAssetCompartment</S>
                <S>Move-OCIMediaservicesMediaWorkflowCompartment</S>
                <S>Move-OCIMediaservicesMediaWorkflowConfigurationCompartment</S>
                <S>Move-OCIMediaservicesMediaWorkflowJobCompartment</S>
                <S>Move-OCIMediaservicesStreamDistributionChannelCompartment</S>
                <S>New-OCIMediaservicesMediaAsset</S>
                <S>New-OCIMediaservicesMediaWorkflow</S>
                <S>New-OCIMediaservicesMediaWorkflowConfiguration</S>
                <S>New-OCIMediaservicesMediaWorkflowJob</S>
                <S>New-OCIMediaservicesPlaylist</S>
                <S>New-OCIMediaservicesSessionToken</S>
                <S>New-OCIMediaservicesStreamCdnConfig</S>
                <S>New-OCIMediaservicesStreamDistributionChannel</S>
                <S>New-OCIMediaservicesStreamPackagingConfig</S>
                <S>Remove-OCIMediaservicesMediaAsset</S>
                <S>Remove-OCIMediaservicesMediaAssetDistributionChannelAttachment</S>
                <S>Remove-OCIMediaservicesMediaAssetLock</S>
                <S>Remove-OCIMediaservicesMediaWorkflow</S>
                <S>Remove-OCIMediaservicesMediaWorkflowConfiguration</S>
                <S>Remove-OCIMediaservicesMediaWorkflowConfigurationLock</S>
                <S>Remove-OCIMediaservicesMediaWorkflowJob</S>
                <S>Remove-OCIMediaservicesMediaWorkflowJobLock</S>
                <S>Remove-OCIMediaservicesMediaWorkflowLock</S>
                <S>Remove-OCIMediaservicesStreamCdnConfig</S>
                <S>Remove-OCIMediaservicesStreamCdnConfigLock</S>
                <S>Remove-OCIMediaservicesStreamDistributionChannel</S>
                <S>Remove-OCIMediaservicesStreamDistributionChannelLock</S>
                <S>Remove-OCIMediaservicesStreamPackagingConfig</S>
                <S>Remove-OCIMediaservicesStreamPackagingConfigLock</S>
                <S>Update-OCIMediaservicesMediaAsset</S>
                <S>Update-OCIMediaservicesMediaWorkflow</S>
                <S>Update-OCIMediaservicesMediaWorkflowConfiguration</S>
                <S>Update-OCIMediaservicesMediaWorkflowJob</S>
                <S>Update-OCIMediaservicesStreamCdnConfig</S>
                <S>Update-OCIMediaservicesStreamDistributionChannel</S>
                <S>Update-OCIMediaservicesStreamPackagingConfig</S>
              </LST>
            </Obj>
          </En>
          <En>
            <S N="Key">Command</S>
            <Obj N="Value" RefId="4">
              <TNRef RefId="1" />
              <LST>
                <S>Add-OCIMediaservicesMediaAssetLock</S>
                <S>Add-OCIMediaservicesMediaWorkflowConfigurationLock</S>
                <S>Add-OCIMediaservicesMediaWorkflowJobLock</S>
                <S>Add-OCIMediaservicesMediaWorkflowLock</S>
                <S>Add-OCIMediaservicesStreamCdnConfigLock</S>
                <S>Add-OCIMediaservicesStreamDistributionChannelLock</S>
                <S>Add-OCIMediaservicesStreamPackagingConfigLock</S>
                <S>Get-OCIMediaservicesMediaAsset</S>
                <S>Get-OCIMediaservicesMediaAssetDistributionChannelAttachment</S>
                <S>Get-OCIMediaservicesMediaAssetDistributionChannelAttachmentsList</S>
                <S>Get-OCIMediaservicesMediaAssetsList</S>
                <S>Get-OCIMediaservicesMediaWorkflow</S>
                <S>Get-OCIMediaservicesMediaWorkflowConfiguration</S>
                <S>Get-OCIMediaservicesMediaWorkflowConfigurationsList</S>
                <S>Get-OCIMediaservicesMediaWorkflowJob</S>
                <S>Get-OCIMediaservicesMediaWorkflowJobsList</S>
                <S>Get-OCIMediaservicesMediaWorkflowsList</S>
                <S>Get-OCIMediaservicesMediaWorkflowTaskDeclarationsList</S>
                <S>Get-OCIMediaservicesStreamCdnConfig</S>
                <S>Get-OCIMediaservicesStreamCdnConfigsList</S>
                <S>Get-OCIMediaservicesStreamDistributionChannel</S>
                <S>Get-OCIMediaservicesStreamDistributionChannelsList</S>
                <S>Get-OCIMediaservicesStreamPackagingConfig</S>
                <S>Get-OCIMediaservicesStreamPackagingConfigsList</S>
                <S>Get-OCIMediaservicesSystemMediaWorkflowsList</S>
                <S>Invoke-OCIMediaservicesIngestStreamDistributionChannel</S>
                <S>Move-OCIMediaservicesMediaAssetCompartment</S>
                <S>Move-OCIMediaservicesMediaWorkflowCompartment</S>
                <S>Move-OCIMediaservicesMediaWorkflowConfigurationCompartment</S>
                <S>Move-OCIMediaservicesMediaWorkflowJobCompartment</S>
                <S>Move-OCIMediaservicesStreamDistributionChannelCompartment</S>
                <S>New-OCIMediaservicesMediaAsset</S>
                <S>New-OCIMediaservicesMediaWorkflow</S>
                <S>New-OCIMediaservicesMediaWorkflowConfiguration</S>
                <S>New-OCIMediaservicesMediaWorkflowJob</S>
                <S>New-OCIMediaservicesPlaylist</S>
                <S>New-OCIMediaservicesSessionToken</S>
                <S>New-OCIMediaservicesStreamCdnConfig</S>
                <S>New-OCIMediaservicesStreamDistributionChannel</S>
                <S>New-OCIMediaservicesStreamPackagingConfig</S>
                <S>Remove-OCIMediaservicesMediaAsset</S>
                <S>Remove-OCIMediaservicesMediaAssetDistributionChannelAttachment</S>
                <S>Remove-OCIMediaservicesMediaAssetLock</S>
                <S>Remove-OCIMediaservicesMediaWorkflow</S>
                <S>Remove-OCIMediaservicesMediaWorkflowConfiguration</S>
                <S>Remove-OCIMediaservicesMediaWorkflowConfigurationLock</S>
                <S>Remove-OCIMediaservicesMediaWorkflowJob</S>
                <S>Remove-OCIMediaservicesMediaWorkflowJobLock</S>
                <S>Remove-OCIMediaservicesMediaWorkflowLock</S>
                <S>Remove-OCIMediaservicesStreamCdnConfig</S>
                <S>Remove-OCIMediaservicesStreamCdnConfigLock</S>
                <S>Remove-OCIMediaservicesStreamDistributionChannel</S>
                <S>Remove-OCIMediaservicesStreamDistributionChannelLock</S>
                <S>Remove-OCIMediaservicesStreamPackagingConfig</S>
                <S>Remove-OCIMediaservicesStreamPackagingConfigLock</S>
                <S>Update-OCIMediaservicesMediaAsset</S>
                <S>Update-OCIMediaservicesMediaWorkflow</S>
                <S>Update-OCIMediaservicesMediaWorkflowConfiguration</S>
                <S>Update-OCIMediaservicesMediaWorkflowJob</S>
                <S>Update-OCIMediaservicesStreamCdnConfig</S>
                <S>Update-OCIMediaservicesStreamDistributionChannel</S>
                <S>Update-OCIMediaservicesStreamPackagingConfig</S>
              </LST>
            </Obj>
          </En>
          <En>
            <S N="Key">Workflow</S>
            <Obj N="Value" RefId="5">
              <TNRef RefId="1" />
              <LST />
            </Obj>
          </En>
          <En>
            <S N="Key">Function</S>
            <Ref N="Value" RefId="5" />
          </En>
          <En>
            <S N="Key">RoleCapability</S>
            <Ref N="Value" RefId="5" />
          </En>
          <En>
            <S N="Key">DscResource</S>
            <Ref N="Value" RefId="5" />
          </En>
        </DCT>
      </Obj>
      <Nil N="PowerShellGetFormatVersion" />
      <S N="ReleaseNotes">https://github.com/oracle/oci-powershell-modules/blob/master/CHANGELOG.md</S>
      <Obj N="Dependencies" RefId="6">
        <TNRef RefId="1" />
        <LST>
          <Obj RefId="7">
            <TN RefId="3">
              <T>System.Collections.Specialized.OrderedDictionary</T>
              <T>System.Object</T>
            </TN>
            <DCT>
              <En>
                <S N="Key">Name</S>
                <S N="Value">OCI.PSModules.Common</S>
              </En>
              <En>
                <S N="Key">RequiredVersion</S>
                <S N="Value">95.1.0</S>
              </En>
              <En>
                <S N="Key">CanonicalId</S>
                <S N="Value">nuget:OCI.PSModules.Common/[95.1.0]</S>
              </En>
            </DCT>
          </Obj>
        </LST>
      </Obj>
      <S N="RepositorySourceLocation">https://www.powershellgallery.com/api/v2</S>
      <S N="Repository">PSGallery</S>
      <S N="PackageManagementProvider">NuGet</S>
      <Obj N="AdditionalMetadata" RefId="8">
        <TN RefId="4">
          <T>System.Management.Automation.PSCustomObject</T>
          <T>System.Object</T>
        </TN>
        <MS>
          <S N="copyright">(c) Oracle Cloud Infrastructure. All rights reserved.</S>
          <S N="description">This modules provides Cmdlets for OCI Mediaservices Service</S>
          <S N="requireLicenseAcceptance">False</S>
          <S N="releaseNotes">https://github.com/oracle/oci-powershell-modules/blob/master/CHANGELOG.md</S>
          <S N="isLatestVersion">False</S>
          <S N="isAbsoluteLatestVersion">False</S>
          <S N="versionDownloadCount">338</S>
          <S N="downloadCount">11366</S>
          <S N="packageSize">203925</S>
          <S N="published">11/12/2024 6:50:55 PM +02:00</S>
          <S N="created">11/12/2024 6:50:55 PM +02:00</S>
          <S N="lastUpdated">9/21/2025 7:00:00 PM +03:00</S>
          <S N="tags">PSEdition_Core Windows Linux macOS Oracle OCI Cloud OracleCloudInfrastructure Mediaservices PSModule PSCmdlet_Add-OCIMediaservicesMediaAssetLock PSCommand_Add-OCIMediaservicesMediaAssetLock PSCmdlet_Add-OCIMediaservicesMediaWorkflowConfigurationLock PSCommand_Add-OCIMediaservicesMediaWorkflowConfigurationLock PSCmdlet_Add-OCIMediaservicesMediaWorkflowJobLock PSCommand_Add-OCIMediaservicesMediaWorkflowJobLock PSCmdlet_Add-OCIMediaservicesMediaWorkflowLock PSCommand_Add-OCIMediaservicesMediaWorkflowLock PSCmdlet_Add-OCIMediaservicesStreamCdnConfigLock PSCommand_Add-OCIMediaservicesStreamCdnConfigLock PSCmdlet_Add-OCIMediaservicesStreamDistributionChannelLock PSCommand_Add-OCIMediaservicesStreamDistributionChannelLock PSCmdlet_Add-OCIMediaservicesStreamPackagingConfigLock PSCommand_Add-OCIMediaservicesStreamPackagingConfigLock PSCmdlet_Get-OCIMediaservicesMediaAsset PSCommand_Get-OCIMediaservicesMediaAsset PSCmdlet_Get-OCIMediaservicesMediaAssetDistributionChannelAttachment PSCommand_Get-OCIMediaservicesMediaAssetDistributionChannelAttachment PSCmdlet_Get-OCIMediaservicesMediaAssetDistributionChannelAttachmentsList PSCommand_Get-OCIMediaservicesMediaAssetDistributionChannelAttachmentsList PSCmdlet_Get-OCIMediaservicesMediaAssetsList PSCommand_Get-OCIMediaservicesMediaAssetsList PSCmdlet_Get-OCIMediaservicesMediaWorkflow PSCommand_Get-OCIMediaservicesMediaWorkflow PSCmdlet_Get-OCIMediaservicesMediaWorkflowConfiguration PSCommand_Get-OCIMediaservicesMediaWorkflowConfiguration PSCmdlet_Get-OCIMediaservicesMediaWorkflowConfigurationsList PSCommand_Get-OCIMediaservicesMediaWorkflowConfigurationsList PSCmdlet_Get-OCIMediaservicesMediaWorkflowJob PSCommand_Get-OCIMediaservicesMediaWorkflowJob PSCmdlet_Get-OCIMediaservicesMediaWorkflowJobsList PSCommand_Get-OCIMediaservicesMediaWorkflowJobsList PSCmdlet_Get-OCIMediaservicesMediaWorkflowsList PSCommand_Get-OCIMediaservicesMediaWorkflowsList PSCmdlet_Get-OCIMediaservicesMediaWorkflowTaskDeclarationsList PSCommand_Get-OCIMediaservicesMediaWorkflowTaskDeclarationsList PSCmdlet_Get-OCIMediaservicesStreamCdnConfig PSCommand_Get-OCIMediaservicesStreamCdnConfig PSCmdlet_Get-OCIMediaservicesStreamCdnConfigsList PSCommand_Get-OCIMediaservicesStreamCdnConfigsList PSCmdlet_Get-OCIMediaservicesStreamDistributionChannel PSCommand_Get-OCIMediaservicesStreamDistributionChannel PSCmdlet_Get-OCIMediaservicesStreamDistributionChannelsList PSCommand_Get-OCIMediaservicesStreamDistributionChannelsList PSCmdlet_Get-OCIMediaservicesStreamPackagingConfig PSCommand_Get-OCIMediaservicesStreamPackagingConfig PSCmdlet_Get-OCIMediaservicesStreamPackagingConfigsList PSCommand_Get-OCIMediaservicesStreamPackagingConfigsList PSCmdlet_Get-OCIMediaservicesSystemMediaWorkflowsList PSCommand_Get-OCIMediaservicesSystemMediaWorkflowsList PSCmdlet_Invoke-OCIMediaservicesIngestStreamDistributionChannel PSCommand_Invoke-OCIMediaservicesIngestStreamDistributionChannel PSCmdlet_Move-OCIMediaservicesMediaAssetCompartment PSCommand_Move-OCIMediaservicesMediaAssetCompartment PSCmdlet_Move-OCIMediaservicesMediaWorkflowCompartment PSCommand_Move-OCIMediaservicesMediaWorkflowCompartment PSCmdlet_Move-OCIMediaservicesMediaWorkflowConfigurationCompartment PSCommand_Move-OCIMediaservicesMediaWorkflowConfigurationCompartment PSCmdlet_Move-OCIMediaservicesMediaWorkflowJobCompartment PSCommand_Move-OCIMediaservicesMediaWorkflowJobCompartment PSCmdlet_Move-OCIMediaservicesStreamDistributionChannelCompartment PSCommand_Move-OCIMediaservicesStreamDistributionChannelCompartment PSCmdlet_New-OCIMediaservicesMediaAsset PSCommand_New-OCIMediaservicesMediaAsset PSCmdlet_New-OCIMediaservicesMediaWorkflow PSCommand_New-OCIMediaservicesMediaWorkflow PSCmdlet_New-OCIMediaservicesMediaWorkflowConfiguration PSCommand_New-OCIMediaservicesMediaWorkflowConfiguration PSCmdlet_New-OCIMediaservicesMediaWorkflowJob PSCommand_New-OCIMediaservicesMediaWorkflowJob PSCmdlet_New-OCIMediaservicesPlaylist PSCommand_New-OCIMediaservicesPlaylist PSCmdlet_New-OCIMediaservicesSessionToken PSCommand_New-OCIMediaservicesSessionToken PSCmdlet_New-OCIMediaservicesStreamCdnConfig PSCommand_New-OCIMediaservicesStreamCdnConfig PSCmdlet_New-OCIMediaservicesStreamDistributionChannel PSCommand_New-OCIMediaservicesStreamDistributionChannel PSCmdlet_New-OCIMediaservicesStreamPackagingConfig PSCommand_New-OCIMediaservicesStreamPackagingConfig PSCmdlet_Remove-OCIMediaservicesMediaAsset PSCommand_Remove-OCIMediaservicesMediaAsset PSCmdlet_Remove-OCIMediaservicesMediaAssetDistributionChannelAttachment PSCommand_Remove-OCIMediaservicesMediaAssetDistributionChannelAttachment PSCmdlet_Remove-OCIMediaservicesMediaAssetLock PSCommand_Remove-OCIMediaservicesMediaAssetLock PSCmdlet_Remove-OCIMediaservicesMediaWorkflow PSCommand_Remove-OCIMediaservicesMediaWorkflow PSCmdlet_Remove-OCIMediaservicesMediaWorkflowConfiguration PSCommand_Remove-OCIMediaservicesMediaWorkflowConfiguration PSCmdlet_Remove-OCIMediaservicesMediaWorkflowConfigurationLock PSCommand_Remove-OCIMediaservicesMediaWorkflowConfigurationLock PSCmdlet_Remove-OCIMediaservicesMediaWorkflowJob PSCommand_Remove-OCIMediaservicesMediaWorkflowJob PSCmdlet_Remove-OCIMediaservicesMediaWorkflowJobLock PSCommand_Remove-OCIMediaservicesMediaWorkflowJobLock PSCmdlet_Remove-OCIMediaservicesMediaWorkflowLock PSCommand_Remove-OCIMediaservicesMediaWorkflowLock PSCmdlet_Remove-OCIMediaservicesStreamCdnConfig PSCommand_Remove-OCIMediaservicesStreamCdnConfig PSCmdlet_Remove-OCIMediaservicesStreamCdnConfigLock PSCommand_Remove-OCIMediaservicesStreamCdnConfigLock PSCmdlet_Remove-OCIMediaservicesStreamDistributionChannel PSCommand_Remove-OCIMediaservicesStreamDistributionChannel PSCmdlet_Remove-OCIMediaservicesStreamDistributionChannelLock PSCommand_Remove-OCIMediaservicesStreamDistributionChannelLock PSCmdlet_Remove-OCIMediaservicesStreamPackagingConfig PSCommand_Remove-OCIMediaservicesStreamPackagingConfig PSCmdlet_Remove-OCIMediaservicesStreamPackagingConfigLock PSCommand_Remove-OCIMediaservicesStreamPackagingConfigLock PSCmdlet_Update-OCIMediaservicesMediaAsset PSCommand_Update-OCIMediaservicesMediaAsset PSCmdlet_Update-OCIMediaservicesMediaWorkflow PSCommand_Update-OCIMediaservicesMediaWorkflow PSCmdlet_Update-OCIMediaservicesMediaWorkflowConfiguration PSCommand_Update-OCIMediaservicesMediaWorkflowConfiguration PSCmdlet_Update-OCIMediaservicesMediaWorkflowJob PSCommand_Update-OCIMediaservicesMediaWorkflowJob PSCmdlet_Update-OCIMediaservicesStreamCdnConfig PSCommand_Update-OCIMediaservicesStreamCdnConfig PSCmdlet_Update-OCIMediaservicesStreamDistributionChannel PSCommand_Update-OCIMediaservicesStreamDistributionChannel PSCmdlet_Update-OCIMediaservicesStreamPackagingConfig PSCommand_Update-OCIMediaservicesStreamPackagingConfig PSIncludes_Cmdlet</S>
          <S N="developmentDependency">False</S>
          <S N="updated">2025-09-21T19:00:00Z</S>
          <S N="NormalizedVersion">95.1.0</S>
          <S N="Authors">Oracle Cloud Infrastructure</S>
          <S N="IsPrerelease">false</S>
          <S N="ItemType">Module</S>
          <S N="FileList">OCI.PSModules.Mediaservices.nuspec|THIRD_PARTY_LICENSES.txt|OCI.PSModules.Mediaservices.dll-Help.xml|OCI.PSModules.Mediaservices.psd1|LICENSE.txt|assemblies\OCI.PSModules.Mediaservices.dll|assemblies\OCI.DotNetSDK.Mediaservices.dll</S>
          <S N="GUID">c1b780bd-0bdf-4759-a6cb-6edb4ac392d6</S>
          <S N="PowerShellVersion">6.0</S>
          <S N="CompanyName">Oracle Corporation</S>
        </MS>
      </Obj>
      <S N="InstalledLocation">C:\Program Files\PowerShell\Modules1\OCI.PSModules.Mediaservices\95.1.0</S>
    </MS>
  </Obj>
</Objs>
