<Objs Version="1.1.0.1" xmlns="http://schemas.microsoft.com/powershell/2004/04">
  <Obj RefId="0">
    <TN RefId="0">
      <T>Microsoft.PowerShell.Commands.PSRepositoryItemInfo</T>
      <T>System.Management.Automation.PSCustomObject</T>
      <T>System.Object</T>
    </TN>
    <MS>
      <S N="Name">OCI.PSModules.Vault</S>
      <Version N="Version">120.0.0</Version>
      <S N="Type">Module</S>
      <S N="Description">This modules provides Cmdlets for OCI Vault Service</S>
      <S N="Author">Oracle Cloud Infrastructure</S>
      <S N="CompanyName">oci-psmodules-grp</S>
      <S N="Copyright">(c) Oracle Cloud Infrastructure. All rights reserved.</S>
      <DT N="PublishedDate">2025-11-18T18:54:19+02:00</DT>
      <Obj N="InstalledDate" RefId="1">
        <DT>2025-11-27T08:22:01.7051936+02:00</DT>
        <MS>
          <Obj N="DisplayHint" RefId="2">
            <TN RefId="1">
              <T>Microsoft.PowerShell.Commands.DisplayHintType</T>
              <T>System.Enum</T>
              <T>System.ValueType</T>
              <T>System.Object</T>
            </TN>
            <ToString>DateTime</ToString>
            <I32>2</I32>
          </Obj>
        </MS>
      </Obj>
      <Nil N="UpdatedDate" />
      <URI N="LicenseUri">https://github.com/oracle/oci-powershell-modules/blob/master/LICENSE.txt</URI>
      <URI N="ProjectUri">https://github.com/oracle/oci-powershell-modules/</URI>
      <URI N="IconUri">https://github.com/oracle/oci-powershell-modules/blob/master/icon.png</URI>
      <Obj N="Tags" RefId="3">
        <TN RefId="2">
          <T>System.Object[]</T>
          <T>System.Array</T>
          <T>System.Object</T>
        </TN>
        <LST>
          <S>PSEdition_Core</S>
          <S>Windows</S>
          <S>Linux</S>
          <S>macOS</S>
          <S>Oracle</S>
          <S>OCI</S>
          <S>Cloud</S>
          <S>OracleCloudInfrastructure</S>
          <S>Vault</S>
          <S>PSModule</S>
        </LST>
      </Obj>
      <Obj N="Includes" RefId="4">
        <TN RefId="3">
          <T>System.Collections.Hashtable</T>
          <T>System.Object</T>
        </TN>
        <DCT>
          <En>
            <S N="Key">Function</S>
            <Obj N="Value" RefId="5">
              <TNRef RefId="2" />
              <LST />
            </Obj>
          </En>
          <En>
            <S N="Key">RoleCapability</S>
            <Ref N="Value" RefId="5" />
          </En>
          <En>
            <S N="Key">Cmdlet</S>
            <Obj N="Value" RefId="6">
              <TNRef RefId="2" />
              <LST>
                <S>Get-OCIVaultSecret</S>
                <S>Get-OCIVaultSecretsList</S>
                <S>Get-OCIVaultSecretVersion</S>
                <S>Get-OCIVaultSecretVersionsList</S>
                <S>Invoke-OCIVaultRotateSecret</S>
                <S>Invoke-OCIVaultScheduleSecretDeletion</S>
                <S>Invoke-OCIVaultScheduleSecretVersionDeletion</S>
                <S>Move-OCIVaultSecretCompartment</S>
                <S>New-OCIVaultSecret</S>
                <S>Stop-OCIVaultSecretDeletion</S>
                <S>Stop-OCIVaultSecretRotation</S>
                <S>Stop-OCIVaultSecretVersionDeletion</S>
                <S>Update-OCIVaultSecret</S>
              </LST>
            </Obj>
          </En>
          <En>
            <S N="Key">DscResource</S>
            <Ref N="Value" RefId="5" />
          </En>
          <En>
            <S N="Key">Command</S>
            <Obj N="Value" RefId="7">
              <TNRef RefId="2" />
              <LST>
                <S>Get-OCIVaultSecret</S>
                <S>Get-OCIVaultSecretsList</S>
                <S>Get-OCIVaultSecretVersion</S>
                <S>Get-OCIVaultSecretVersionsList</S>
                <S>Invoke-OCIVaultRotateSecret</S>
                <S>Invoke-OCIVaultScheduleSecretDeletion</S>
                <S>Invoke-OCIVaultScheduleSecretVersionDeletion</S>
                <S>Move-OCIVaultSecretCompartment</S>
                <S>New-OCIVaultSecret</S>
                <S>Stop-OCIVaultSecretDeletion</S>
                <S>Stop-OCIVaultSecretRotation</S>
                <S>Stop-OCIVaultSecretVersionDeletion</S>
                <S>Update-OCIVaultSecret</S>
              </LST>
            </Obj>
          </En>
          <En>
            <S N="Key">Workflow</S>
            <Ref N="Value" RefId="5" />
          </En>
        </DCT>
      </Obj>
      <Nil N="PowerShellGetFormatVersion" />
      <S N="ReleaseNotes">https://github.com/oracle/oci-powershell-modules/blob/master/CHANGELOG.md</S>
      <Obj N="Dependencies" RefId="8">
        <TNRef RefId="2" />
        <LST>
          <Obj RefId="9">
            <TN RefId="4">
              <T>System.Collections.Specialized.OrderedDictionary</T>
              <T>System.Object</T>
            </TN>
            <DCT>
              <En>
                <S N="Key">Name</S>
                <S N="Value">OCI.PSModules.Common</S>
              </En>
              <En>
                <S N="Key">RequiredVersion</S>
                <S N="Value">120.0.0</S>
              </En>
              <En>
                <S N="Key">CanonicalId</S>
                <S N="Value">nuget:OCI.PSModules.Common/[120.0.0]</S>
              </En>
            </DCT>
          </Obj>
        </LST>
      </Obj>
      <S N="RepositorySourceLocation">https://www.powershellgallery.com/api/v2</S>
      <S N="Repository">PSGallery</S>
      <S N="PackageManagementProvider">NuGet</S>
      <Obj N="AdditionalMetadata" RefId="10">
        <TN RefId="5">
          <T>System.Management.Automation.PSCustomObject</T>
          <T>System.Object</T>
        </TN>
        <MS>
          <S N="copyright">(c) Oracle Cloud Infrastructure. All rights reserved.</S>
          <S N="description">This modules provides Cmdlets for OCI Vault Service</S>
          <S N="requireLicenseAcceptance">False</S>
          <S N="releaseNotes">https://github.com/oracle/oci-powershell-modules/blob/master/CHANGELOG.md</S>
          <S N="isLatestVersion">True</S>
          <S N="isAbsoluteLatestVersion">True</S>
          <S N="versionDownloadCount">88</S>
          <S N="downloadCount">13801</S>
          <S N="packageSize">99815</S>
          <S N="published">11/18/2025 6:54:19 PM +02:00</S>
          <S N="created">11/18/2025 6:54:19 PM +02:00</S>
          <S N="lastUpdated">11/26/2025 9:30:00 PM +02:00</S>
          <S N="tags">PSEdition_Core Windows Linux macOS Oracle OCI Cloud OracleCloudInfrastructure Vault PSModule PSCmdlet_Get-OCIVaultSecret PSCommand_Get-OCIVaultSecret PSCmdlet_Get-OCIVaultSecretsList PSCommand_Get-OCIVaultSecretsList PSCmdlet_Get-OCIVaultSecretVersion PSCommand_Get-OCIVaultSecretVersion PSCmdlet_Get-OCIVaultSecretVersionsList PSCommand_Get-OCIVaultSecretVersionsList PSCmdlet_Invoke-OCIVaultRotateSecret PSCommand_Invoke-OCIVaultRotateSecret PSCmdlet_Invoke-OCIVaultScheduleSecretDeletion PSCommand_Invoke-OCIVaultScheduleSecretDeletion PSCmdlet_Invoke-OCIVaultScheduleSecretVersionDeletion PSCommand_Invoke-OCIVaultScheduleSecretVersionDeletion PSCmdlet_Move-OCIVaultSecretCompartment PSCommand_Move-OCIVaultSecretCompartment PSCmdlet_New-OCIVaultSecret PSCommand_New-OCIVaultSecret PSCmdlet_Stop-OCIVaultSecretDeletion PSCommand_Stop-OCIVaultSecretDeletion PSCmdlet_Stop-OCIVaultSecretRotation PSCommand_Stop-OCIVaultSecretRotation PSCmdlet_Stop-OCIVaultSecretVersionDeletion PSCommand_Stop-OCIVaultSecretVersionDeletion PSCmdlet_Update-OCIVaultSecret PSCommand_Update-OCIVaultSecret PSIncludes_Cmdlet</S>
          <S N="developmentDependency">False</S>
          <S N="updated">2025-11-26T21:30:00Z</S>
          <S N="NormalizedVersion">120.0.0</S>
          <S N="Authors">Oracle Cloud Infrastructure</S>
          <S N="IsPrerelease">false</S>
          <S N="ItemType">Module</S>
          <S N="FileList">OCI.PSModules.Vault.nuspec|OCI.PSModules.Vault.psd1|LICENSE.txt|THIRD_PARTY_LICENSES.txt|OCI.PSModules.Vault.dll-Help.xml|assemblies\OCI.DotNetSDK.Vault.dll|assemblies\OCI.DotNetSDK.Workrequests.dll|assemblies\OCI.PSModules.Vault.dll</S>
          <S N="GUID">ba73e404-e836-4026-8200-8a6ebc3e6927</S>
          <S N="PowerShellVersion">6.0</S>
          <S N="CompanyName">Oracle Corporation</S>
        </MS>
      </Obj>
      <S N="InstalledLocation">C:\Program Files\PowerShell\Modules\OCI.PSModules.Vault\120.0.0</S>
    </MS>
  </Obj>
</Objs>
