<Objs Version="1.1.0.1" xmlns="http://schemas.microsoft.com/powershell/2004/04">
  <Obj RefId="0">
    <TN RefId="0">
      <T>Microsoft.PowerShell.Commands.PSRepositoryItemInfo</T>
      <T>System.Management.Automation.PSCustomObject</T>
      <T>System.Object</T>
    </TN>
    <MS>
      <S N="Name">OCI.PSModules.Recovery</S>
      <Version N="Version">120.0.0</Version>
      <S N="Type">Module</S>
      <S N="Description">This modules provides Cmdlets for OCI Recovery Service</S>
      <S N="Author">Oracle Cloud Infrastructure</S>
      <S N="CompanyName">oci-psmodules-grp</S>
      <S N="Copyright">(c) Oracle Cloud Infrastructure. All rights reserved.</S>
      <DT N="PublishedDate">2025-11-18T18:52:02+02:00</DT>
      <Obj N="InstalledDate" RefId="1">
        <DT>2025-11-27T08:20:01.9557348+02:00</DT>
        <MS>
          <Obj N="DisplayHint" RefId="2">
            <TN RefId="1">
              <T>Microsoft.PowerShell.Commands.DisplayHintType</T>
              <T>System.Enum</T>
              <T>System.ValueType</T>
              <T>System.Object</T>
            </TN>
            <ToString>DateTime</ToString>
            <I32>2</I32>
          </Obj>
        </MS>
      </Obj>
      <Nil N="UpdatedDate" />
      <URI N="LicenseUri">https://github.com/oracle/oci-powershell-modules/blob/master/LICENSE.txt</URI>
      <URI N="ProjectUri">https://github.com/oracle/oci-powershell-modules/</URI>
      <URI N="IconUri">https://github.com/oracle/oci-powershell-modules/blob/master/icon.png</URI>
      <Obj N="Tags" RefId="3">
        <TN RefId="2">
          <T>System.Object[]</T>
          <T>System.Array</T>
          <T>System.Object</T>
        </TN>
        <LST>
          <S>PSEdition_Core</S>
          <S>Windows</S>
          <S>Linux</S>
          <S>macOS</S>
          <S>Oracle</S>
          <S>OCI</S>
          <S>Cloud</S>
          <S>OracleCloudInfrastructure</S>
          <S>Recovery</S>
          <S>PSModule</S>
        </LST>
      </Obj>
      <Obj N="Includes" RefId="4">
        <TN RefId="3">
          <T>System.Collections.Hashtable</T>
          <T>System.Object</T>
        </TN>
        <DCT>
          <En>
            <S N="Key">Function</S>
            <Obj N="Value" RefId="5">
              <TNRef RefId="2" />
              <LST />
            </Obj>
          </En>
          <En>
            <S N="Key">RoleCapability</S>
            <Ref N="Value" RefId="5" />
          </En>
          <En>
            <S N="Key">Cmdlet</S>
            <Obj N="Value" RefId="6">
              <TNRef RefId="2" />
              <LST>
                <S>Get-OCIRecoveryProtectedDatabase</S>
                <S>Get-OCIRecoveryProtectedDatabasesList</S>
                <S>Get-OCIRecoveryProtectionPoliciesList</S>
                <S>Get-OCIRecoveryProtectionPolicy</S>
                <S>Get-OCIRecoveryServiceSubnet</S>
                <S>Get-OCIRecoveryServiceSubnetsList</S>
                <S>Get-OCIRecoveryWorkRequest</S>
                <S>Get-OCIRecoveryWorkRequestErrorsList</S>
                <S>Get-OCIRecoveryWorkRequestLogsList</S>
                <S>Get-OCIRecoveryWorkRequestsList</S>
                <S>Invoke-OCIRecoveryFetchProtectedDatabaseConfiguration</S>
                <S>Invoke-OCIRecoveryScheduleProtectedDatabaseDeletion</S>
                <S>Move-OCIRecoveryProtectedDatabaseCompartment</S>
                <S>Move-OCIRecoveryProtectedDatabaseSubscription</S>
                <S>Move-OCIRecoveryProtectionPolicyCompartment</S>
                <S>Move-OCIRecoveryServiceSubnetCompartment</S>
                <S>New-OCIRecoveryProtectedDatabase</S>
                <S>New-OCIRecoveryProtectionPolicy</S>
                <S>New-OCIRecoveryServiceSubnet</S>
                <S>Remove-OCIRecoveryProtectedDatabase</S>
                <S>Remove-OCIRecoveryProtectionPolicy</S>
                <S>Remove-OCIRecoveryServiceSubnet</S>
                <S>Stop-OCIRecoveryProtectedDatabaseDeletion</S>
                <S>Update-OCIRecoveryProtectedDatabase</S>
                <S>Update-OCIRecoveryProtectionPolicy</S>
                <S>Update-OCIRecoveryServiceSubnet</S>
              </LST>
            </Obj>
          </En>
          <En>
            <S N="Key">DscResource</S>
            <Ref N="Value" RefId="5" />
          </En>
          <En>
            <S N="Key">Command</S>
            <Obj N="Value" RefId="7">
              <TNRef RefId="2" />
              <LST>
                <S>Get-OCIRecoveryProtectedDatabase</S>
                <S>Get-OCIRecoveryProtectedDatabasesList</S>
                <S>Get-OCIRecoveryProtectionPoliciesList</S>
                <S>Get-OCIRecoveryProtectionPolicy</S>
                <S>Get-OCIRecoveryServiceSubnet</S>
                <S>Get-OCIRecoveryServiceSubnetsList</S>
                <S>Get-OCIRecoveryWorkRequest</S>
                <S>Get-OCIRecoveryWorkRequestErrorsList</S>
                <S>Get-OCIRecoveryWorkRequestLogsList</S>
                <S>Get-OCIRecoveryWorkRequestsList</S>
                <S>Invoke-OCIRecoveryFetchProtectedDatabaseConfiguration</S>
                <S>Invoke-OCIRecoveryScheduleProtectedDatabaseDeletion</S>
                <S>Move-OCIRecoveryProtectedDatabaseCompartment</S>
                <S>Move-OCIRecoveryProtectedDatabaseSubscription</S>
                <S>Move-OCIRecoveryProtectionPolicyCompartment</S>
                <S>Move-OCIRecoveryServiceSubnetCompartment</S>
                <S>New-OCIRecoveryProtectedDatabase</S>
                <S>New-OCIRecoveryProtectionPolicy</S>
                <S>New-OCIRecoveryServiceSubnet</S>
                <S>Remove-OCIRecoveryProtectedDatabase</S>
                <S>Remove-OCIRecoveryProtectionPolicy</S>
                <S>Remove-OCIRecoveryServiceSubnet</S>
                <S>Stop-OCIRecoveryProtectedDatabaseDeletion</S>
                <S>Update-OCIRecoveryProtectedDatabase</S>
                <S>Update-OCIRecoveryProtectionPolicy</S>
                <S>Update-OCIRecoveryServiceSubnet</S>
              </LST>
            </Obj>
          </En>
          <En>
            <S N="Key">Workflow</S>
            <Ref N="Value" RefId="5" />
          </En>
        </DCT>
      </Obj>
      <Nil N="PowerShellGetFormatVersion" />
      <S N="ReleaseNotes">https://github.com/oracle/oci-powershell-modules/blob/master/CHANGELOG.md</S>
      <Obj N="Dependencies" RefId="8">
        <TNRef RefId="2" />
        <LST>
          <Obj RefId="9">
            <TN RefId="4">
              <T>System.Collections.Specialized.OrderedDictionary</T>
              <T>System.Object</T>
            </TN>
            <DCT>
              <En>
                <S N="Key">Name</S>
                <S N="Value">OCI.PSModules.Common</S>
              </En>
              <En>
                <S N="Key">RequiredVersion</S>
                <S N="Value">120.0.0</S>
              </En>
              <En>
                <S N="Key">CanonicalId</S>
                <S N="Value">nuget:OCI.PSModules.Common/[120.0.0]</S>
              </En>
            </DCT>
          </Obj>
        </LST>
      </Obj>
      <S N="RepositorySourceLocation">https://www.powershellgallery.com/api/v2</S>
      <S N="Repository">PSGallery</S>
      <S N="PackageManagementProvider">NuGet</S>
      <Obj N="AdditionalMetadata" RefId="10">
        <TN RefId="5">
          <T>System.Management.Automation.PSCustomObject</T>
          <T>System.Object</T>
        </TN>
        <MS>
          <S N="copyright">(c) Oracle Cloud Infrastructure. All rights reserved.</S>
          <S N="description">This modules provides Cmdlets for OCI Recovery Service</S>
          <S N="requireLicenseAcceptance">False</S>
          <S N="releaseNotes">https://github.com/oracle/oci-powershell-modules/blob/master/CHANGELOG.md</S>
          <S N="isLatestVersion">True</S>
          <S N="isAbsoluteLatestVersion">True</S>
          <S N="versionDownloadCount">45</S>
          <S N="downloadCount">9336</S>
          <S N="packageSize">120447</S>
          <S N="published">11/18/2025 6:52:02 PM +02:00</S>
          <S N="created">11/18/2025 6:52:02 PM +02:00</S>
          <S N="lastUpdated">11/26/2025 9:30:00 PM +02:00</S>
          <S N="tags">PSEdition_Core Windows Linux macOS Oracle OCI Cloud OracleCloudInfrastructure Recovery PSModule PSCmdlet_Get-OCIRecoveryProtectedDatabase PSCommand_Get-OCIRecoveryProtectedDatabase PSCmdlet_Get-OCIRecoveryProtectedDatabasesList PSCommand_Get-OCIRecoveryProtectedDatabasesList PSCmdlet_Get-OCIRecoveryProtectionPoliciesList PSCommand_Get-OCIRecoveryProtectionPoliciesList PSCmdlet_Get-OCIRecoveryProtectionPolicy PSCommand_Get-OCIRecoveryProtectionPolicy PSCmdlet_Get-OCIRecoveryServiceSubnet PSCommand_Get-OCIRecoveryServiceSubnet PSCmdlet_Get-OCIRecoveryServiceSubnetsList PSCommand_Get-OCIRecoveryServiceSubnetsList PSCmdlet_Get-OCIRecoveryWorkRequest PSCommand_Get-OCIRecoveryWorkRequest PSCmdlet_Get-OCIRecoveryWorkRequestErrorsList PSCommand_Get-OCIRecoveryWorkRequestErrorsList PSCmdlet_Get-OCIRecoveryWorkRequestLogsList PSCommand_Get-OCIRecoveryWorkRequestLogsList PSCmdlet_Get-OCIRecoveryWorkRequestsList PSCommand_Get-OCIRecoveryWorkRequestsList PSCmdlet_Invoke-OCIRecoveryFetchProtectedDatabaseConfiguration PSCommand_Invoke-OCIRecoveryFetchProtectedDatabaseConfiguration PSCmdlet_Invoke-OCIRecoveryScheduleProtectedDatabaseDeletion PSCommand_Invoke-OCIRecoveryScheduleProtectedDatabaseDeletion PSCmdlet_Move-OCIRecoveryProtectedDatabaseCompartment PSCommand_Move-OCIRecoveryProtectedDatabaseCompartment PSCmdlet_Move-OCIRecoveryProtectedDatabaseSubscription PSCommand_Move-OCIRecoveryProtectedDatabaseSubscription PSCmdlet_Move-OCIRecoveryProtectionPolicyCompartment PSCommand_Move-OCIRecoveryProtectionPolicyCompartment PSCmdlet_Move-OCIRecoveryServiceSubnetCompartment PSCommand_Move-OCIRecoveryServiceSubnetCompartment PSCmdlet_New-OCIRecoveryProtectedDatabase PSCommand_New-OCIRecoveryProtectedDatabase PSCmdlet_New-OCIRecoveryProtectionPolicy PSCommand_New-OCIRecoveryProtectionPolicy PSCmdlet_New-OCIRecoveryServiceSubnet PSCommand_New-OCIRecoveryServiceSubnet PSCmdlet_Remove-OCIRecoveryProtectedDatabase PSCommand_Remove-OCIRecoveryProtectedDatabase PSCmdlet_Remove-OCIRecoveryProtectionPolicy PSCommand_Remove-OCIRecoveryProtectionPolicy PSCmdlet_Remove-OCIRecoveryServiceSubnet PSCommand_Remove-OCIRecoveryServiceSubnet PSCmdlet_Stop-OCIRecoveryProtectedDatabaseDeletion PSCommand_Stop-OCIRecoveryProtectedDatabaseDeletion PSCmdlet_Update-OCIRecoveryProtectedDatabase PSCommand_Update-OCIRecoveryProtectedDatabase PSCmdlet_Update-OCIRecoveryProtectionPolicy PSCommand_Update-OCIRecoveryProtectionPolicy PSCmdlet_Update-OCIRecoveryServiceSubnet PSCommand_Update-OCIRecoveryServiceSubnet PSIncludes_Cmdlet</S>
          <S N="developmentDependency">False</S>
          <S N="updated">2025-11-26T21:30:00Z</S>
          <S N="NormalizedVersion">120.0.0</S>
          <S N="Authors">Oracle Cloud Infrastructure</S>
          <S N="IsPrerelease">false</S>
          <S N="ItemType">Module</S>
          <S N="FileList">OCI.PSModules.Recovery.nuspec|LICENSE.txt|THIRD_PARTY_LICENSES.txt|OCI.PSModules.Recovery.psd1|OCI.PSModules.Recovery.dll-Help.xml|assemblies\OCI.DotNetSDK.Recovery.dll|assemblies\OCI.PSModules.Recovery.dll</S>
          <S N="GUID">953d757b-6410-4a6e-b5dc-2141a7da241e</S>
          <S N="PowerShellVersion">6.0</S>
          <S N="CompanyName">Oracle Corporation</S>
        </MS>
      </Obj>
      <S N="InstalledLocation">C:\Program Files\PowerShell\Modules\OCI.PSModules.Recovery\120.0.0</S>
    </MS>
  </Obj>
</Objs>
