<Objs Version="1.1.0.1" xmlns="http://schemas.microsoft.com/powershell/2004/04">
  <Obj RefId="0">
    <TN RefId="0">
      <T>Microsoft.PowerShell.Commands.PSRepositoryItemInfo</T>
      <T>System.Management.Automation.PSCustomObject</T>
      <T>System.Object</T>
    </TN>
    <MS>
      <S N="Name">OCI.PSModules.Monitoring</S>
      <S N="Version">95.1.0</S>
      <S N="Type">Module</S>
      <S N="Description">This modules provides Cmdlets for OCI Monitoring Service</S>
      <S N="Author">Oracle Cloud Infrastructure</S>
      <S N="CompanyName">oci-psmodules-grp</S>
      <S N="Copyright">(c) Oracle Cloud Infrastructure. All rights reserved.</S>
      <DT N="PublishedDate">2024-11-12T18:51:01+02:00</DT>
      <Nil N="InstalledDate" />
      <Nil N="UpdatedDate" />
      <URI N="LicenseUri">https://github.com/oracle/oci-powershell-modules/blob/master/LICENSE.txt</URI>
      <URI N="ProjectUri">https://github.com/oracle/oci-powershell-modules/</URI>
      <URI N="IconUri">https://github.com/oracle/oci-powershell-modules/blob/master/icon.png</URI>
      <Obj N="Tags" RefId="1">
        <TN RefId="1">
          <T>System.Object[]</T>
          <T>System.Array</T>
          <T>System.Object</T>
        </TN>
        <LST>
          <S>PSEdition_Core</S>
          <S>Windows</S>
          <S>Linux</S>
          <S>macOS</S>
          <S>Oracle</S>
          <S>OCI</S>
          <S>Cloud</S>
          <S>OracleCloudInfrastructure</S>
          <S>Monitoring</S>
          <S>PSModule</S>
        </LST>
      </Obj>
      <Obj N="Includes" RefId="2">
        <TN RefId="2">
          <T>System.Collections.Hashtable</T>
          <T>System.Object</T>
        </TN>
        <DCT>
          <En>
            <S N="Key">Function</S>
            <Obj N="Value" RefId="3">
              <TNRef RefId="1" />
              <LST />
            </Obj>
          </En>
          <En>
            <S N="Key">Workflow</S>
            <Ref N="Value" RefId="3" />
          </En>
          <En>
            <S N="Key">DscResource</S>
            <Ref N="Value" RefId="3" />
          </En>
          <En>
            <S N="Key">RoleCapability</S>
            <Ref N="Value" RefId="3" />
          </En>
          <En>
            <S N="Key">Command</S>
            <Obj N="Value" RefId="4">
              <TNRef RefId="1" />
              <LST>
                <S>Get-OCIMonitoringAlarm</S>
                <S>Get-OCIMonitoringAlarmHistory</S>
                <S>Get-OCIMonitoringAlarmsList</S>
                <S>Get-OCIMonitoringAlarmsStatusList</S>
                <S>Get-OCIMonitoringAlarmSuppression</S>
                <S>Get-OCIMonitoringAlarmSuppressionsList</S>
                <S>Get-OCIMonitoringMetricsList</S>
                <S>Invoke-OCIMonitoringRetrieveDimensionStates</S>
                <S>Invoke-OCIMonitoringSummarizeAlarmSuppressionHistory</S>
                <S>Invoke-OCIMonitoringSummarizeMetricsData</S>
                <S>Move-OCIMonitoringAlarmCompartment</S>
                <S>New-OCIMonitoringAlarm</S>
                <S>New-OCIMonitoringAlarmSuppression</S>
                <S>Remove-OCIMonitoringAlarm</S>
                <S>Remove-OCIMonitoringAlarmSuppression</S>
                <S>Submit-OCIMonitoringMetricData</S>
                <S>Update-OCIMonitoringAlarm</S>
              </LST>
            </Obj>
          </En>
          <En>
            <S N="Key">Cmdlet</S>
            <Obj N="Value" RefId="5">
              <TNRef RefId="1" />
              <LST>
                <S>Get-OCIMonitoringAlarm</S>
                <S>Get-OCIMonitoringAlarmHistory</S>
                <S>Get-OCIMonitoringAlarmsList</S>
                <S>Get-OCIMonitoringAlarmsStatusList</S>
                <S>Get-OCIMonitoringAlarmSuppression</S>
                <S>Get-OCIMonitoringAlarmSuppressionsList</S>
                <S>Get-OCIMonitoringMetricsList</S>
                <S>Invoke-OCIMonitoringRetrieveDimensionStates</S>
                <S>Invoke-OCIMonitoringSummarizeAlarmSuppressionHistory</S>
                <S>Invoke-OCIMonitoringSummarizeMetricsData</S>
                <S>Move-OCIMonitoringAlarmCompartment</S>
                <S>New-OCIMonitoringAlarm</S>
                <S>New-OCIMonitoringAlarmSuppression</S>
                <S>Remove-OCIMonitoringAlarm</S>
                <S>Remove-OCIMonitoringAlarmSuppression</S>
                <S>Submit-OCIMonitoringMetricData</S>
                <S>Update-OCIMonitoringAlarm</S>
              </LST>
            </Obj>
          </En>
        </DCT>
      </Obj>
      <Nil N="PowerShellGetFormatVersion" />
      <S N="ReleaseNotes">https://github.com/oracle/oci-powershell-modules/blob/master/CHANGELOG.md</S>
      <Obj N="Dependencies" RefId="6">
        <TNRef RefId="1" />
        <LST>
          <Obj RefId="7">
            <TN RefId="3">
              <T>System.Collections.Specialized.OrderedDictionary</T>
              <T>System.Object</T>
            </TN>
            <DCT>
              <En>
                <S N="Key">Name</S>
                <S N="Value">OCI.PSModules.Common</S>
              </En>
              <En>
                <S N="Key">RequiredVersion</S>
                <S N="Value">95.1.0</S>
              </En>
              <En>
                <S N="Key">CanonicalId</S>
                <S N="Value">nuget:OCI.PSModules.Common/[95.1.0]</S>
              </En>
            </DCT>
          </Obj>
        </LST>
      </Obj>
      <S N="RepositorySourceLocation">https://www.powershellgallery.com/api/v2</S>
      <S N="Repository">PSGallery</S>
      <S N="PackageManagementProvider">NuGet</S>
      <Obj N="AdditionalMetadata" RefId="8">
        <TN RefId="4">
          <T>System.Management.Automation.PSCustomObject</T>
          <T>System.Object</T>
        </TN>
        <MS>
          <S N="copyright">(c) Oracle Cloud Infrastructure. All rights reserved.</S>
          <S N="description">This modules provides Cmdlets for OCI Monitoring Service</S>
          <S N="requireLicenseAcceptance">False</S>
          <S N="releaseNotes">https://github.com/oracle/oci-powershell-modules/blob/master/CHANGELOG.md</S>
          <S N="isLatestVersion">True</S>
          <S N="isAbsoluteLatestVersion">True</S>
          <S N="versionDownloadCount">302</S>
          <S N="downloadCount">9294</S>
          <S N="packageSize">117833</S>
          <S N="published">11/12/2024 6:51:01 PM +02:00</S>
          <S N="created">11/12/2024 6:51:01 PM +02:00</S>
          <S N="lastUpdated">12/8/2024 9:30:00 PM +02:00</S>
          <S N="tags">PSEdition_Core Windows Linux macOS Oracle OCI Cloud OracleCloudInfrastructure Monitoring PSModule PSCmdlet_Get-OCIMonitoringAlarm PSCommand_Get-OCIMonitoringAlarm PSCmdlet_Get-OCIMonitoringAlarmHistory PSCommand_Get-OCIMonitoringAlarmHistory PSCmdlet_Get-OCIMonitoringAlarmsList PSCommand_Get-OCIMonitoringAlarmsList PSCmdlet_Get-OCIMonitoringAlarmsStatusList PSCommand_Get-OCIMonitoringAlarmsStatusList PSCmdlet_Get-OCIMonitoringAlarmSuppression PSCommand_Get-OCIMonitoringAlarmSuppression PSCmdlet_Get-OCIMonitoringAlarmSuppressionsList PSCommand_Get-OCIMonitoringAlarmSuppressionsList PSCmdlet_Get-OCIMonitoringMetricsList PSCommand_Get-OCIMonitoringMetricsList PSCmdlet_Invoke-OCIMonitoringRetrieveDimensionStates PSCommand_Invoke-OCIMonitoringRetrieveDimensionStates PSCmdlet_Invoke-OCIMonitoringSummarizeAlarmSuppressionHistory PSCommand_Invoke-OCIMonitoringSummarizeAlarmSuppressionHistory PSCmdlet_Invoke-OCIMonitoringSummarizeMetricsData PSCommand_Invoke-OCIMonitoringSummarizeMetricsData PSCmdlet_Move-OCIMonitoringAlarmCompartment PSCommand_Move-OCIMonitoringAlarmCompartment PSCmdlet_New-OCIMonitoringAlarm PSCommand_New-OCIMonitoringAlarm PSCmdlet_New-OCIMonitoringAlarmSuppression PSCommand_New-OCIMonitoringAlarmSuppression PSCmdlet_Remove-OCIMonitoringAlarm PSCommand_Remove-OCIMonitoringAlarm PSCmdlet_Remove-OCIMonitoringAlarmSuppression PSCommand_Remove-OCIMonitoringAlarmSuppression PSCmdlet_Submit-OCIMonitoringMetricData PSCommand_Submit-OCIMonitoringMetricData PSCmdlet_Update-OCIMonitoringAlarm PSCommand_Update-OCIMonitoringAlarm PSIncludes_Cmdlet</S>
          <S N="developmentDependency">False</S>
          <S N="updated">2024-12-08T21:30:00Z</S>
          <S N="NormalizedVersion">95.1.0</S>
          <S N="Authors">Oracle Cloud Infrastructure</S>
          <S N="IsPrerelease">false</S>
          <S N="ItemType">Module</S>
          <S N="FileList">OCI.PSModules.Monitoring.nuspec|THIRD_PARTY_LICENSES.txt|LICENSE.txt|OCI.PSModules.Monitoring.psd1|OCI.PSModules.Monitoring.dll-Help.xml|assemblies\OCI.DotNetSDK.Monitoring.dll|assemblies\OCI.PSModules.Monitoring.dll</S>
          <S N="GUID">bb8a391d-e2cd-45ce-b0df-4636cbbb16a4</S>
          <S N="PowerShellVersion">6.0</S>
          <S N="CompanyName">Oracle Corporation</S>
        </MS>
      </Obj>
      <S N="InstalledLocation">C:\Users\MarcoFekry\Downloads\OCI.PSModules\OCI.PSModules.Monitoring\95.1.0</S>
    </MS>
  </Obj>
</Objs>
