<Objs Version="1.1.0.1" xmlns="http://schemas.microsoft.com/powershell/2004/04">
  <Obj RefId="0">
    <TN RefId="0">
      <T>Microsoft.PowerShell.Commands.PSRepositoryItemInfo</T>
      <T>System.Management.Automation.PSCustomObject</T>
      <T>System.Object</T>
    </TN>
    <MS>
      <S N="Name">OCI.PSModules.Disasterrecovery</S>
      <Version N="Version">120.0.0</Version>
      <S N="Type">Module</S>
      <S N="Description">This modules provides Cmdlets for OCI Disasterrecovery Service</S>
      <S N="Author">Oracle Cloud Infrastructure</S>
      <S N="CompanyName">oci-psmodules-grp</S>
      <S N="Copyright">(c) Oracle Cloud Infrastructure. All rights reserved.</S>
      <DT N="PublishedDate">2025-11-18T18:41:33+02:00</DT>
      <Obj N="InstalledDate" RefId="1">
        <DT>2025-11-27T08:12:41.6617047+02:00</DT>
        <MS>
          <Obj N="DisplayHint" RefId="2">
            <TN RefId="1">
              <T>Microsoft.PowerShell.Commands.DisplayHintType</T>
              <T>System.Enum</T>
              <T>System.ValueType</T>
              <T>System.Object</T>
            </TN>
            <ToString>DateTime</ToString>
            <I32>2</I32>
          </Obj>
        </MS>
      </Obj>
      <Nil N="UpdatedDate" />
      <URI N="LicenseUri">https://github.com/oracle/oci-powershell-modules/blob/master/LICENSE.txt</URI>
      <URI N="ProjectUri">https://github.com/oracle/oci-powershell-modules/</URI>
      <URI N="IconUri">https://github.com/oracle/oci-powershell-modules/blob/master/icon.png</URI>
      <Obj N="Tags" RefId="3">
        <TN RefId="2">
          <T>System.Object[]</T>
          <T>System.Array</T>
          <T>System.Object</T>
        </TN>
        <LST>
          <S>PSEdition_Core</S>
          <S>Windows</S>
          <S>Linux</S>
          <S>macOS</S>
          <S>Oracle</S>
          <S>OCI</S>
          <S>Cloud</S>
          <S>OracleCloudInfrastructure</S>
          <S>Disasterrecovery</S>
          <S>PSModule</S>
        </LST>
      </Obj>
      <Obj N="Includes" RefId="4">
        <TN RefId="3">
          <T>System.Collections.Hashtable</T>
          <T>System.Object</T>
        </TN>
        <DCT>
          <En>
            <S N="Key">Function</S>
            <Obj N="Value" RefId="5">
              <TNRef RefId="2" />
              <LST />
            </Obj>
          </En>
          <En>
            <S N="Key">RoleCapability</S>
            <Ref N="Value" RefId="5" />
          </En>
          <En>
            <S N="Key">Cmdlet</S>
            <Obj N="Value" RefId="6">
              <TNRef RefId="2" />
              <LST>
                <S>Get-OCIDisasterrecoveryAutomaticDrConfiguration</S>
                <S>Get-OCIDisasterrecoveryAutomaticDrConfigurationsList</S>
                <S>Get-OCIDisasterrecoveryDrPlan</S>
                <S>Get-OCIDisasterrecoveryDrPlanExecution</S>
                <S>Get-OCIDisasterrecoveryDrPlanExecutionsList</S>
                <S>Get-OCIDisasterrecoveryDrPlansList</S>
                <S>Get-OCIDisasterrecoveryDrProtectionGroup</S>
                <S>Get-OCIDisasterrecoveryDrProtectionGroupsList</S>
                <S>Get-OCIDisasterrecoveryWorkRequest</S>
                <S>Get-OCIDisasterrecoveryWorkRequestErrorsList</S>
                <S>Get-OCIDisasterrecoveryWorkRequestLogsList</S>
                <S>Get-OCIDisasterrecoveryWorkRequestsList</S>
                <S>Invoke-OCIDisasterrecoveryAssociateDrProtectionGroup</S>
                <S>Invoke-OCIDisasterrecoveryDisassociateDrProtectionGroup</S>
                <S>Invoke-OCIDisasterrecoveryIgnoreDrPlanExecution</S>
                <S>Invoke-OCIDisasterrecoveryPauseDrPlanExecution</S>
                <S>Invoke-OCIDisasterrecoveryRefreshDrPlan</S>
                <S>Invoke-OCIDisasterrecoveryResumeDrPlanExecution</S>
                <S>Invoke-OCIDisasterrecoveryRetryDrPlanExecution</S>
                <S>Invoke-OCIDisasterrecoveryVerifyDrPlan</S>
                <S>Move-OCIDisasterrecoveryDrProtectionGroupCompartment</S>
                <S>New-OCIDisasterrecoveryAutomaticDrConfiguration</S>
                <S>New-OCIDisasterrecoveryDrPlan</S>
                <S>New-OCIDisasterrecoveryDrPlanExecution</S>
                <S>New-OCIDisasterrecoveryDrProtectionGroup</S>
                <S>Remove-OCIDisasterrecoveryAutomaticDrConfiguration</S>
                <S>Remove-OCIDisasterrecoveryDrPlan</S>
                <S>Remove-OCIDisasterrecoveryDrPlanExecution</S>
                <S>Remove-OCIDisasterrecoveryDrProtectionGroup</S>
                <S>Stop-OCIDisasterrecoveryDrPlanExecution</S>
                <S>Stop-OCIDisasterrecoveryWorkRequest</S>
                <S>Update-OCIDisasterrecoveryAutomaticDrConfiguration</S>
                <S>Update-OCIDisasterrecoveryDrPlan</S>
                <S>Update-OCIDisasterrecoveryDrPlanExecution</S>
                <S>Update-OCIDisasterrecoveryDrProtectionGroup</S>
                <S>Update-OCIDisasterrecoveryDrProtectionGroupRole</S>
              </LST>
            </Obj>
          </En>
          <En>
            <S N="Key">DscResource</S>
            <Ref N="Value" RefId="5" />
          </En>
          <En>
            <S N="Key">Command</S>
            <Obj N="Value" RefId="7">
              <TNRef RefId="2" />
              <LST>
                <S>Get-OCIDisasterrecoveryAutomaticDrConfiguration</S>
                <S>Get-OCIDisasterrecoveryAutomaticDrConfigurationsList</S>
                <S>Get-OCIDisasterrecoveryDrPlan</S>
                <S>Get-OCIDisasterrecoveryDrPlanExecution</S>
                <S>Get-OCIDisasterrecoveryDrPlanExecutionsList</S>
                <S>Get-OCIDisasterrecoveryDrPlansList</S>
                <S>Get-OCIDisasterrecoveryDrProtectionGroup</S>
                <S>Get-OCIDisasterrecoveryDrProtectionGroupsList</S>
                <S>Get-OCIDisasterrecoveryWorkRequest</S>
                <S>Get-OCIDisasterrecoveryWorkRequestErrorsList</S>
                <S>Get-OCIDisasterrecoveryWorkRequestLogsList</S>
                <S>Get-OCIDisasterrecoveryWorkRequestsList</S>
                <S>Invoke-OCIDisasterrecoveryAssociateDrProtectionGroup</S>
                <S>Invoke-OCIDisasterrecoveryDisassociateDrProtectionGroup</S>
                <S>Invoke-OCIDisasterrecoveryIgnoreDrPlanExecution</S>
                <S>Invoke-OCIDisasterrecoveryPauseDrPlanExecution</S>
                <S>Invoke-OCIDisasterrecoveryRefreshDrPlan</S>
                <S>Invoke-OCIDisasterrecoveryResumeDrPlanExecution</S>
                <S>Invoke-OCIDisasterrecoveryRetryDrPlanExecution</S>
                <S>Invoke-OCIDisasterrecoveryVerifyDrPlan</S>
                <S>Move-OCIDisasterrecoveryDrProtectionGroupCompartment</S>
                <S>New-OCIDisasterrecoveryAutomaticDrConfiguration</S>
                <S>New-OCIDisasterrecoveryDrPlan</S>
                <S>New-OCIDisasterrecoveryDrPlanExecution</S>
                <S>New-OCIDisasterrecoveryDrProtectionGroup</S>
                <S>Remove-OCIDisasterrecoveryAutomaticDrConfiguration</S>
                <S>Remove-OCIDisasterrecoveryDrPlan</S>
                <S>Remove-OCIDisasterrecoveryDrPlanExecution</S>
                <S>Remove-OCIDisasterrecoveryDrProtectionGroup</S>
                <S>Stop-OCIDisasterrecoveryDrPlanExecution</S>
                <S>Stop-OCIDisasterrecoveryWorkRequest</S>
                <S>Update-OCIDisasterrecoveryAutomaticDrConfiguration</S>
                <S>Update-OCIDisasterrecoveryDrPlan</S>
                <S>Update-OCIDisasterrecoveryDrPlanExecution</S>
                <S>Update-OCIDisasterrecoveryDrProtectionGroup</S>
                <S>Update-OCIDisasterrecoveryDrProtectionGroupRole</S>
              </LST>
            </Obj>
          </En>
          <En>
            <S N="Key">Workflow</S>
            <Ref N="Value" RefId="5" />
          </En>
        </DCT>
      </Obj>
      <Nil N="PowerShellGetFormatVersion" />
      <S N="ReleaseNotes">https://github.com/oracle/oci-powershell-modules/blob/master/CHANGELOG.md</S>
      <Obj N="Dependencies" RefId="8">
        <TNRef RefId="2" />
        <LST>
          <Obj RefId="9">
            <TN RefId="4">
              <T>System.Collections.Specialized.OrderedDictionary</T>
              <T>System.Object</T>
            </TN>
            <DCT>
              <En>
                <S N="Key">Name</S>
                <S N="Value">OCI.PSModules.Common</S>
              </En>
              <En>
                <S N="Key">RequiredVersion</S>
                <S N="Value">120.0.0</S>
              </En>
              <En>
                <S N="Key">CanonicalId</S>
                <S N="Value">nuget:OCI.PSModules.Common/[120.0.0]</S>
              </En>
            </DCT>
          </Obj>
        </LST>
      </Obj>
      <S N="RepositorySourceLocation">https://www.powershellgallery.com/api/v2</S>
      <S N="Repository">PSGallery</S>
      <S N="PackageManagementProvider">NuGet</S>
      <Obj N="AdditionalMetadata" RefId="10">
        <TN RefId="5">
          <T>System.Management.Automation.PSCustomObject</T>
          <T>System.Object</T>
        </TN>
        <MS>
          <S N="copyright">(c) Oracle Cloud Infrastructure. All rights reserved.</S>
          <S N="description">This modules provides Cmdlets for OCI Disasterrecovery Service</S>
          <S N="requireLicenseAcceptance">False</S>
          <S N="releaseNotes">https://github.com/oracle/oci-powershell-modules/blob/master/CHANGELOG.md</S>
          <S N="isLatestVersion">True</S>
          <S N="isAbsoluteLatestVersion">True</S>
          <S N="versionDownloadCount">48</S>
          <S N="downloadCount">10055</S>
          <S N="packageSize">176700</S>
          <S N="published">11/18/2025 6:41:33 PM +02:00</S>
          <S N="created">11/18/2025 6:41:33 PM +02:00</S>
          <S N="lastUpdated">11/26/2025 9:30:00 PM +02:00</S>
          <S N="tags">PSEdition_Core Windows Linux macOS Oracle OCI Cloud OracleCloudInfrastructure Disasterrecovery PSModule PSCmdlet_Get-OCIDisasterrecoveryAutomaticDrConfiguration PSCommand_Get-OCIDisasterrecoveryAutomaticDrConfiguration PSCmdlet_Get-OCIDisasterrecoveryAutomaticDrConfigurationsList PSCommand_Get-OCIDisasterrecoveryAutomaticDrConfigurationsList PSCmdlet_Get-OCIDisasterrecoveryDrPlan PSCommand_Get-OCIDisasterrecoveryDrPlan PSCmdlet_Get-OCIDisasterrecoveryDrPlanExecution PSCommand_Get-OCIDisasterrecoveryDrPlanExecution PSCmdlet_Get-OCIDisasterrecoveryDrPlanExecutionsList PSCommand_Get-OCIDisasterrecoveryDrPlanExecutionsList PSCmdlet_Get-OCIDisasterrecoveryDrPlansList PSCommand_Get-OCIDisasterrecoveryDrPlansList PSCmdlet_Get-OCIDisasterrecoveryDrProtectionGroup PSCommand_Get-OCIDisasterrecoveryDrProtectionGroup PSCmdlet_Get-OCIDisasterrecoveryDrProtectionGroupsList PSCommand_Get-OCIDisasterrecoveryDrProtectionGroupsList PSCmdlet_Get-OCIDisasterrecoveryWorkRequest PSCommand_Get-OCIDisasterrecoveryWorkRequest PSCmdlet_Get-OCIDisasterrecoveryWorkRequestErrorsList PSCommand_Get-OCIDisasterrecoveryWorkRequestErrorsList PSCmdlet_Get-OCIDisasterrecoveryWorkRequestLogsList PSCommand_Get-OCIDisasterrecoveryWorkRequestLogsList PSCmdlet_Get-OCIDisasterrecoveryWorkRequestsList PSCommand_Get-OCIDisasterrecoveryWorkRequestsList PSCmdlet_Invoke-OCIDisasterrecoveryAssociateDrProtectionGroup PSCommand_Invoke-OCIDisasterrecoveryAssociateDrProtectionGroup PSCmdlet_Invoke-OCIDisasterrecoveryDisassociateDrProtectionGroup PSCommand_Invoke-OCIDisasterrecoveryDisassociateDrProtectionGroup PSCmdlet_Invoke-OCIDisasterrecoveryIgnoreDrPlanExecution PSCommand_Invoke-OCIDisasterrecoveryIgnoreDrPlanExecution PSCmdlet_Invoke-OCIDisasterrecoveryPauseDrPlanExecution PSCommand_Invoke-OCIDisasterrecoveryPauseDrPlanExecution PSCmdlet_Invoke-OCIDisasterrecoveryRefreshDrPlan PSCommand_Invoke-OCIDisasterrecoveryRefreshDrPlan PSCmdlet_Invoke-OCIDisasterrecoveryResumeDrPlanExecution PSCommand_Invoke-OCIDisasterrecoveryResumeDrPlanExecution PSCmdlet_Invoke-OCIDisasterrecoveryRetryDrPlanExecution PSCommand_Invoke-OCIDisasterrecoveryRetryDrPlanExecution PSCmdlet_Invoke-OCIDisasterrecoveryVerifyDrPlan PSCommand_Invoke-OCIDisasterrecoveryVerifyDrPlan PSCmdlet_Move-OCIDisasterrecoveryDrProtectionGroupCompartment PSCommand_Move-OCIDisasterrecoveryDrProtectionGroupCompartment PSCmdlet_New-OCIDisasterrecoveryAutomaticDrConfiguration PSCommand_New-OCIDisasterrecoveryAutomaticDrConfiguration PSCmdlet_New-OCIDisasterrecoveryDrPlan PSCommand_New-OCIDisasterrecoveryDrPlan PSCmdlet_New-OCIDisasterrecoveryDrPlanExecution PSCommand_New-OCIDisasterrecoveryDrPlanExecution PSCmdlet_New-OCIDisasterrecoveryDrProtectionGroup PSCommand_New-OCIDisasterrecoveryDrProtectionGroup PSCmdlet_Remove-OCIDisasterrecoveryAutomaticDrConfiguration PSCommand_Remove-OCIDisasterrecoveryAutomaticDrConfiguration PSCmdlet_Remove-OCIDisasterrecoveryDrPlan PSCommand_Remove-OCIDisasterrecoveryDrPlan PSCmdlet_Remove-OCIDisasterrecoveryDrPlanExecution PSCommand_Remove-OCIDisasterrecoveryDrPlanExecution PSCmdlet_Remove-OCIDisasterrecoveryDrProtectionGroup PSCommand_Remove-OCIDisasterrecoveryDrProtectionGroup PSCmdlet_Stop-OCIDisasterrecoveryDrPlanExecution PSCommand_Stop-OCIDisasterrecoveryDrPlanExecution PSCmdlet_Stop-OCIDisasterrecoveryWorkRequest PSCommand_Stop-OCIDisasterrecoveryWorkRequest PSCmdlet_Update-OCIDisasterrecoveryAutomaticDrConfiguration PSCommand_Update-OCIDisasterrecoveryAutomaticDrConfiguration PSCmdlet_Update-OCIDisasterrecoveryDrPlan PSCommand_Update-OCIDisasterrecoveryDrPlan PSCmdlet_Update-OCIDisasterrecoveryDrPlanExecution PSCommand_Update-OCIDisasterrecoveryDrPlanExecution PSCmdlet_Update-OCIDisasterrecoveryDrProtectionGroup PSCommand_Update-OCIDisasterrecoveryDrProtectionGroup PSCmdlet_Update-OCIDisasterrecoveryDrProtectionGroupRole PSCommand_Update-OCIDisasterrecoveryDrProtectionGroupRole PSIncludes_Cmdlet</S>
          <S N="developmentDependency">False</S>
          <S N="updated">2025-11-26T21:30:00Z</S>
          <S N="NormalizedVersion">120.0.0</S>
          <S N="Authors">Oracle Cloud Infrastructure</S>
          <S N="IsPrerelease">false</S>
          <S N="ItemType">Module</S>
          <S N="FileList">OCI.PSModules.Disasterrecovery.nuspec|OCI.PSModules.Disasterrecovery.dll-Help.xml|LICENSE.txt|OCI.PSModules.Disasterrecovery.psd1|THIRD_PARTY_LICENSES.txt|assemblies\OCI.PSModules.Disasterrecovery.dll|assemblies\OCI.DotNetSDK.Disasterrecovery.dll</S>
          <S N="GUID">c43e3d16-09c4-4426-9ab9-cdda84fd5f2c</S>
          <S N="PowerShellVersion">6.0</S>
          <S N="CompanyName">Oracle Corporation</S>
        </MS>
      </Obj>
      <S N="InstalledLocation">C:\Program Files\PowerShell\Modules\OCI.PSModules.Disasterrecovery\120.0.0</S>
    </MS>
  </Obj>
</Objs>
