﻿<helpItems schema="maml"><command xmlns:maml="http://schemas.microsoft.com/maml/2004/10" xmlns:command="http://schemas.microsoft.com/maml/dev/command/2004/10" xmlns:dev="http://schemas.microsoft.com/maml/dev/2004/10"><details><name>Join-KVWSStorageSession</name><description><para>Calls the Amazon Kinesis Video WebRTC Storage JoinStorageSession API operation.</para></description><verb>Join</verb><noun>KVWSStorageSession</noun><copyright><para>&amp;copy; Copyright Amazon.com, Inc.or its affiliates.All Rights Reserved.</para></copyright></details><description><para>Before using this API, you must call the <c>GetSignalingChannelEndpoint</c> API to request the WEBRTC endpoint. You then specify the endpoint and region in your <c>JoinStorageSession</c> API request. 
Join the ongoing one way-video and/or multi-way audio WebRTC session as a video producing device for an input channel. If there’s no existing session for the channel, a new streaming session needs to be created, and the Amazon Resource Name (ARN) of the signaling channel must be provided.  
Currently for the <c>SINGLE_MASTER</c> type, a video producing device is able to ingest both audio and video media into a stream. Only video producing devices can join the session and record media. 
<important><para> Both audio and video tracks are currently required for WebRTC ingestion. </para><para> Current requirements: </para><ul><li><para> Video track: H.264 </para></li><li><para> Audio track: Opus </para></li></ul></important> 
The resulting ingested video in the Kinesis video stream will have the following parameters: H.264 video and AAC audio. 
Once a master participant has negotiated a connection through WebRTC, the ingested media session will be stored in the Kinesis video stream. Multiple viewers are then able to play back real-time media through our Playback APIs. 
You can also use existing Kinesis Video Streams features like <c>HLS</c> or <c>DASH</c> playback, image generation via <a href="https://docs.aws.amazon.com/kinesisvideostreams/latest/dg/gs-getImages.html">GetImages</a>, and more with ingested WebRTC media. 
S3 image delivery and notifications are not currently supported. 
Assume that only one video producing device client can be associated with a session for the channel. If more than one client joins the session of a specific channel as a video producing device, the most recent client request takes precedence.  
<b>Additional information</b> 
 - <b>Idempotent</b> - This API is not idempotent. 
 - <b>Retry behavior</b> - This is counted as a new API call. 
 - <b>Concurrent calls</b> - Concurrent calls are allowed. An offer is sent once per each call. </para></description><syntax><syntaxItem><name>Join-KVWSStorageSession</name><parameter required="True" variableLength="false" globbing="false" pipelineInput="True (ByValue, ByPropertyName)" position="1"><name>ChannelArn</name><description><para> The Amazon Resource Name (ARN) of the signaling channel.  </para></description><parameterValue required="true" variableLength="false">System.String</parameterValue></parameter><parameter required="False" variableLength="false" globbing="false" pipelineInput="True (ByPropertyName)" position="Named"><name>Select</name><description><para>Use the -Select parameter to control the cmdlet output. The cmdlet doesn&#39;t have a return value by default. Specifying -Select &#39;*&#39; will result in the cmdlet returning the whole service response (Amazon.KinesisVideoWebRTCStorage.Model.JoinStorageSessionResponse). Specifying -Select &#39;^ParameterName&#39; will result in the cmdlet returning the selected cmdlet parameter value. </para></description><parameterValue required="true" variableLength="false">System.String</parameterValue></parameter><parameter required="False" variableLength="false" globbing="false" pipelineInput="True (ByPropertyName)" position="Named"><name>PassThru</name><description><para>Changes the cmdlet behavior to return the value passed to the ChannelArn parameter. The -PassThru parameter is deprecated, use -Select &#39;^ChannelArn&#39; instead. This parameter will be removed in a future version. </para></description><parameterValue required="true" variableLength="false">System.Management.Automation.SwitchParameter</parameterValue></parameter><parameter required="False" variableLength="false" globbing="false" pipelineInput="True (ByPropertyName)" position="Named"><name>Force</name><description><para>This parameter overrides confirmation prompts to force  the cmdlet to continue its operation. This parameter should always be used with caution. </para></description><parameterValue required="true" variableLength="false">System.Management.Automation.SwitchParameter</parameterValue></parameter><parameter required="False" variableLength="false" globbing="false" pipelineInput="True (ByPropertyName)" position="Named"><name>ClientConfig</name><description><para>Amazon.PowerShell.Cmdlets.KVWS.AmazonKinesisVideoWebRTCStorageClientCmdlet.ClientConfig </para></description><parameterValue required="true" variableLength="false">Amazon.KinesisVideoWebRTCStorage.AmazonKinesisVideoWebRTCStorageConfig</parameterValue></parameter><parameter required="False" variableLength="false" globbing="false" pipelineInput="True (ByPropertyName)" position="Named"><name>EndpointUrl</name><description><para>The endpoint to make the call against. 
<b>Note:</b> This parameter is primarily for internal AWS use and is not required/should not be specified for  normal usage. The cmdlets normally determine which endpoint to call based on the region specified to the -Region parameter or set as default in the shell (via Set-DefaultAWSRegion). Only specify this parameter if you must direct the call to a specific custom endpoint. </para></description><parameterValue required="true" variableLength="false">System.String</parameterValue></parameter><parameter required="False" variableLength="false" globbing="false" pipelineInput="True (ByPropertyName)" position="Named"><name>Region</name><description><para>The system name of an AWS region or an AWSRegion instance. This governs the endpoint that will be used when calling service operations. Note that  the AWS resources referenced in a call are usually region-specific. </para></description><parameterValue required="true" variableLength="false">System.Object</parameterValue></parameter><parameter required="False" variableLength="false" globbing="false" pipelineInput="True (ByPropertyName)" position="Named"><name>AccessKey</name><description><para>The AWS access key for the user account. This can be a temporary access key if the corresponding session token is supplied to the -SessionToken parameter. </para></description><parameterValue required="true" variableLength="false">System.String</parameterValue></parameter><parameter required="False" variableLength="false" globbing="false" pipelineInput="True (ByPropertyName)" position="Named"><name>SecretKey</name><description><para>The AWS secret key for the user account. This can be a temporary secret key if the corresponding session token is supplied to the -SessionToken parameter. </para></description><parameterValue required="true" variableLength="false">System.String</parameterValue></parameter><parameter required="False" variableLength="false" globbing="false" pipelineInput="True (ByPropertyName)" position="Named"><name>SessionToken</name><description><para>The session token if the access and secret keys are temporary session-based credentials. </para></description><parameterValue required="true" variableLength="false">System.String</parameterValue></parameter><parameter required="False" variableLength="false" globbing="false" pipelineInput="True (ByPropertyName)" position="Named"><name>ProfileName</name><description><para>The user-defined name of an AWS credentials or SAML-based role profile containing credential information. The profile is expected to be found in the secure credential file shared with the AWS SDK for .NET and AWS Toolkit for Visual Studio. You can also specify the name of a profile stored in the .ini-format credential file used with  the AWS CLI and other AWS SDKs. </para></description><parameterValue required="true" variableLength="false">System.String</parameterValue></parameter><parameter required="False" variableLength="false" globbing="false" pipelineInput="True (ByPropertyName)" position="Named"><name>ProfileLocation</name><description><para>Used to specify the name and location of the ini-format credential file (shared with the AWS CLI and other AWS SDKs) 
If this optional parameter is omitted this cmdlet will search the encrypted credential file used by the AWS SDK for .NET and AWS Toolkit for Visual Studio first. If the profile is not found then the cmdlet will search in the ini-format credential file at the default location: (user&#39;s home directory)\.aws\credentials. 
If this parameter is specified then this cmdlet will only search the ini-format credential file at the location given. 
As the current folder can vary in a shell or during script execution it is advised that you use specify a fully qualified path instead of a relative path. </para></description><parameterValue required="true" variableLength="false">System.String</parameterValue></parameter><parameter required="False" variableLength="false" globbing="false" pipelineInput="True (ByValue, ByPropertyName)" position="Named"><name>Credential</name><description><para>An AWSCredentials object instance containing access and secret key information, and optionally a token for session-based credentials. </para></description><parameterValue required="true" variableLength="false">Amazon.Runtime.AWSCredentials</parameterValue></parameter><parameter required="False" variableLength="false" globbing="false" pipelineInput="True (ByValue, ByPropertyName)" position="Named"><name>NetworkCredential</name><description><para>Used with SAML-based authentication when ProfileName references a SAML role profile.  Contains the network credentials to be supplied during authentication with the  configured identity provider&#39;s endpoint. This parameter is not required if the user&#39;s default network identity can or should be used during authentication. </para></description><parameterValue required="true" variableLength="false">System.Management.Automation.PSCredential</parameterValue></parameter></syntaxItem></syntax><parameters><parameter required="False" variableLength="false" globbing="false" pipelineInput="True (ByPropertyName)" position="Named"><name>AccessKey</name><description><para>The AWS access key for the user account. This can be a temporary access key if the corresponding session token is supplied to the -SessionToken parameter. </para></description><parameterValue required="true" variableLength="false">System.String</parameterValue><type><name>System.String</name><uri /></type><defaultValue>None</defaultValue></parameter><parameter required="True" variableLength="false" globbing="false" pipelineInput="True (ByValue, ByPropertyName)" position="1"><name>ChannelArn</name><description><para> The Amazon Resource Name (ARN) of the signaling channel.  </para></description><parameterValue required="true" variableLength="false">System.String</parameterValue><type><name>System.String</name><uri /></type><defaultValue>None</defaultValue></parameter><parameter required="False" variableLength="false" globbing="false" pipelineInput="True (ByPropertyName)" position="Named"><name>ClientConfig</name><description><para>Amazon.PowerShell.Cmdlets.KVWS.AmazonKinesisVideoWebRTCStorageClientCmdlet.ClientConfig </para></description><parameterValue required="true" variableLength="false">Amazon.KinesisVideoWebRTCStorage.AmazonKinesisVideoWebRTCStorageConfig</parameterValue><type><name>Amazon.KinesisVideoWebRTCStorage.AmazonKinesisVideoWebRTCStorageConfig</name><uri /></type><defaultValue>None</defaultValue></parameter><parameter required="False" variableLength="false" globbing="false" pipelineInput="True (ByValue, ByPropertyName)" position="Named"><name>Credential</name><description><para>An AWSCredentials object instance containing access and secret key information, and optionally a token for session-based credentials. </para></description><parameterValue required="true" variableLength="false">Amazon.Runtime.AWSCredentials</parameterValue><type><name>Amazon.Runtime.AWSCredentials</name><uri /></type><defaultValue>None</defaultValue></parameter><parameter required="False" variableLength="false" globbing="false" pipelineInput="True (ByPropertyName)" position="Named"><name>EndpointUrl</name><description><para>The endpoint to make the call against. 
<b>Note:</b> This parameter is primarily for internal AWS use and is not required/should not be specified for  normal usage. The cmdlets normally determine which endpoint to call based on the region specified to the -Region parameter or set as default in the shell (via Set-DefaultAWSRegion). Only specify this parameter if you must direct the call to a specific custom endpoint. </para></description><parameterValue required="true" variableLength="false">System.String</parameterValue><type><name>System.String</name><uri /></type><defaultValue>None</defaultValue></parameter><parameter required="False" variableLength="false" globbing="false" pipelineInput="True (ByPropertyName)" position="Named"><name>Force</name><description><para>This parameter overrides confirmation prompts to force  the cmdlet to continue its operation. This parameter should always be used with caution. </para></description><parameterValue required="true" variableLength="false">System.Management.Automation.SwitchParameter</parameterValue><type><name>System.Management.Automation.SwitchParameter</name><uri /></type><defaultValue>None</defaultValue></parameter><parameter required="False" variableLength="false" globbing="false" pipelineInput="True (ByValue, ByPropertyName)" position="Named"><name>NetworkCredential</name><description><para>Used with SAML-based authentication when ProfileName references a SAML role profile.  Contains the network credentials to be supplied during authentication with the  configured identity provider&#39;s endpoint. This parameter is not required if the user&#39;s default network identity can or should be used during authentication. </para></description><parameterValue required="true" variableLength="false">System.Management.Automation.PSCredential</parameterValue><type><name>System.Management.Automation.PSCredential</name><uri /></type><defaultValue>None</defaultValue></parameter><parameter required="False" variableLength="false" globbing="false" pipelineInput="True (ByPropertyName)" position="Named"><name>PassThru</name><description><para>Changes the cmdlet behavior to return the value passed to the ChannelArn parameter. The -PassThru parameter is deprecated, use -Select &#39;^ChannelArn&#39; instead. This parameter will be removed in a future version. </para></description><parameterValue required="true" variableLength="false">System.Management.Automation.SwitchParameter</parameterValue><type><name>System.Management.Automation.SwitchParameter</name><uri /></type><defaultValue>None</defaultValue></parameter><parameter required="False" variableLength="false" globbing="false" pipelineInput="True (ByPropertyName)" position="Named"><name>ProfileLocation</name><description><para>Used to specify the name and location of the ini-format credential file (shared with the AWS CLI and other AWS SDKs) 
If this optional parameter is omitted this cmdlet will search the encrypted credential file used by the AWS SDK for .NET and AWS Toolkit for Visual Studio first. If the profile is not found then the cmdlet will search in the ini-format credential file at the default location: (user&#39;s home directory)\.aws\credentials. 
If this parameter is specified then this cmdlet will only search the ini-format credential file at the location given. 
As the current folder can vary in a shell or during script execution it is advised that you use specify a fully qualified path instead of a relative path. </para></description><parameterValue required="true" variableLength="false">System.String</parameterValue><type><name>System.String</name><uri /></type><defaultValue>None</defaultValue></parameter><parameter required="False" variableLength="false" globbing="false" pipelineInput="True (ByPropertyName)" position="Named"><name>ProfileName</name><description><para>The user-defined name of an AWS credentials or SAML-based role profile containing credential information. The profile is expected to be found in the secure credential file shared with the AWS SDK for .NET and AWS Toolkit for Visual Studio. You can also specify the name of a profile stored in the .ini-format credential file used with  the AWS CLI and other AWS SDKs. </para></description><parameterValue required="true" variableLength="false">System.String</parameterValue><type><name>System.String</name><uri /></type><defaultValue>None</defaultValue></parameter><parameter required="False" variableLength="false" globbing="false" pipelineInput="True (ByPropertyName)" position="Named"><name>Region</name><description><para>The system name of an AWS region or an AWSRegion instance. This governs the endpoint that will be used when calling service operations. Note that  the AWS resources referenced in a call are usually region-specific. </para></description><parameterValue required="true" variableLength="false">System.Object</parameterValue><type><name>System.Object</name><uri /></type><defaultValue>None</defaultValue></parameter><parameter required="False" variableLength="false" globbing="false" pipelineInput="True (ByPropertyName)" position="Named"><name>SecretKey</name><description><para>The AWS secret key for the user account. This can be a temporary secret key if the corresponding session token is supplied to the -SessionToken parameter. </para></description><parameterValue required="true" variableLength="false">System.String</parameterValue><type><name>System.String</name><uri /></type><defaultValue>None</defaultValue></parameter><parameter required="False" variableLength="false" globbing="false" pipelineInput="True (ByPropertyName)" position="Named"><name>Select</name><description><para>Use the -Select parameter to control the cmdlet output. The cmdlet doesn&#39;t have a return value by default. Specifying -Select &#39;*&#39; will result in the cmdlet returning the whole service response (Amazon.KinesisVideoWebRTCStorage.Model.JoinStorageSessionResponse). Specifying -Select &#39;^ParameterName&#39; will result in the cmdlet returning the selected cmdlet parameter value. </para></description><parameterValue required="true" variableLength="false">System.String</parameterValue><type><name>System.String</name><uri /></type><defaultValue>None</defaultValue></parameter><parameter required="False" variableLength="false" globbing="false" pipelineInput="True (ByPropertyName)" position="Named"><name>SessionToken</name><description><para>The session token if the access and secret keys are temporary session-based credentials. </para></description><parameterValue required="true" variableLength="false">System.String</parameterValue><type><name>System.String</name><uri /></type><defaultValue>None</defaultValue></parameter></parameters><returnValues><returnValue><type><name>None or Amazon.KinesisVideoWebRTCStorage.Model.JoinStorageSessionResponse</name><uri /><description /></type><description><para>This cmdlet does not generate any output.The service response (type Amazon.KinesisVideoWebRTCStorage.Model.JoinStorageSessionResponse) be returned by specifying '-Select *'.</para></description></returnValue></returnValues><relatedLinks><navigationLink><linkText>Online version:</linkText><uri>http://docs.aws.amazon.com/powershell/latest/reference/index.html?page=Join-KVWSStorageSession.html&amp;tocid=Join-KVWSStorageSession</uri></navigationLink><navigationLink><linkText>Common credential and region parameters: </linkText><uri>http://docs.aws.amazon.com/powershell/latest/reference/items/pstoolsref-commonparams.html</uri></navigationLink></relatedLinks></command><command xmlns:maml="http://schemas.microsoft.com/maml/2004/10" xmlns:command="http://schemas.microsoft.com/maml/dev/command/2004/10" xmlns:dev="http://schemas.microsoft.com/maml/dev/2004/10"><details><name>Join-KVWSStorageSessionAsViewer</name><description><para>Calls the Amazon Kinesis Video WebRTC Storage JoinStorageSessionAsViewer API operation.</para></description><verb>Join</verb><noun>KVWSStorageSessionAsViewer</noun><copyright><para>&amp;copy; Copyright Amazon.com, Inc.or its affiliates.All Rights Reserved.</para></copyright></details><description><para>Join the ongoing one way-video and/or multi-way audio WebRTC session as a viewer for an input channel. If there’s no existing session for the channel, create a new streaming session and provide the Amazon Resource Name (ARN) of the signaling channel (<c>channelArn</c>) and client id (<c>clientId</c>).  
Currently for <c>SINGLE_MASTER</c> type, a video producing device is able to ingest both audio and video media into a stream, while viewers can only ingest audio. Both a video producing device and viewers can join a session first and wait for other participants. While participants are having peer to peer conversations through WebRTC, the ingested media session will be stored into the Kinesis Video Stream. Multiple viewers are able to playback real-time media.  
Customers can also use existing Kinesis Video Streams features like <c>HLS</c> or <c>DASH</c> playback, Image generation, and more with ingested WebRTC media. If there’s an existing session with the same <c>clientId</c> that&amp;#39;s found in the join session request, the new request takes precedence. </para></description><syntax><syntaxItem><name>Join-KVWSStorageSessionAsViewer</name><parameter required="True" variableLength="false" globbing="false" pipelineInput="True (ByPropertyName)" position="Named"><name>ChannelArn</name><description><para> The Amazon Resource Name (ARN) of the signaling channel.  </para></description><parameterValue required="true" variableLength="false">System.String</parameterValue></parameter><parameter required="True" variableLength="false" globbing="false" pipelineInput="True (ByPropertyName)" position="Named"><name>ClientId</name><description><para> The unique identifier for the sender client.  </para></description><parameterValue required="true" variableLength="false">System.String</parameterValue></parameter><parameter required="False" variableLength="false" globbing="false" pipelineInput="True (ByPropertyName)" position="Named"><name>Select</name><description><para>Use the -Select parameter to control the cmdlet output. The cmdlet doesn&#39;t have a return value by default. Specifying -Select &#39;*&#39; will result in the cmdlet returning the whole service response (Amazon.KinesisVideoWebRTCStorage.Model.JoinStorageSessionAsViewerResponse). Specifying -Select &#39;^ParameterName&#39; will result in the cmdlet returning the selected cmdlet parameter value. </para></description><parameterValue required="true" variableLength="false">System.String</parameterValue></parameter><parameter required="False" variableLength="false" globbing="false" pipelineInput="True (ByPropertyName)" position="Named"><name>Force</name><description><para>This parameter overrides confirmation prompts to force  the cmdlet to continue its operation. This parameter should always be used with caution. </para></description><parameterValue required="true" variableLength="false">System.Management.Automation.SwitchParameter</parameterValue></parameter><parameter required="False" variableLength="false" globbing="false" pipelineInput="True (ByPropertyName)" position="Named"><name>ClientConfig</name><description><para>Amazon.PowerShell.Cmdlets.KVWS.AmazonKinesisVideoWebRTCStorageClientCmdlet.ClientConfig </para></description><parameterValue required="true" variableLength="false">Amazon.KinesisVideoWebRTCStorage.AmazonKinesisVideoWebRTCStorageConfig</parameterValue></parameter><parameter required="False" variableLength="false" globbing="false" pipelineInput="True (ByPropertyName)" position="Named"><name>EndpointUrl</name><description><para>The endpoint to make the call against. 
<b>Note:</b> This parameter is primarily for internal AWS use and is not required/should not be specified for  normal usage. The cmdlets normally determine which endpoint to call based on the region specified to the -Region parameter or set as default in the shell (via Set-DefaultAWSRegion). Only specify this parameter if you must direct the call to a specific custom endpoint. </para></description><parameterValue required="true" variableLength="false">System.String</parameterValue></parameter><parameter required="False" variableLength="false" globbing="false" pipelineInput="True (ByPropertyName)" position="Named"><name>Region</name><description><para>The system name of an AWS region or an AWSRegion instance. This governs the endpoint that will be used when calling service operations. Note that  the AWS resources referenced in a call are usually region-specific. </para></description><parameterValue required="true" variableLength="false">System.Object</parameterValue></parameter><parameter required="False" variableLength="false" globbing="false" pipelineInput="True (ByPropertyName)" position="Named"><name>AccessKey</name><description><para>The AWS access key for the user account. This can be a temporary access key if the corresponding session token is supplied to the -SessionToken parameter. </para></description><parameterValue required="true" variableLength="false">System.String</parameterValue></parameter><parameter required="False" variableLength="false" globbing="false" pipelineInput="True (ByPropertyName)" position="Named"><name>SecretKey</name><description><para>The AWS secret key for the user account. This can be a temporary secret key if the corresponding session token is supplied to the -SessionToken parameter. </para></description><parameterValue required="true" variableLength="false">System.String</parameterValue></parameter><parameter required="False" variableLength="false" globbing="false" pipelineInput="True (ByPropertyName)" position="Named"><name>SessionToken</name><description><para>The session token if the access and secret keys are temporary session-based credentials. </para></description><parameterValue required="true" variableLength="false">System.String</parameterValue></parameter><parameter required="False" variableLength="false" globbing="false" pipelineInput="True (ByPropertyName)" position="Named"><name>ProfileName</name><description><para>The user-defined name of an AWS credentials or SAML-based role profile containing credential information. The profile is expected to be found in the secure credential file shared with the AWS SDK for .NET and AWS Toolkit for Visual Studio. You can also specify the name of a profile stored in the .ini-format credential file used with  the AWS CLI and other AWS SDKs. </para></description><parameterValue required="true" variableLength="false">System.String</parameterValue></parameter><parameter required="False" variableLength="false" globbing="false" pipelineInput="True (ByPropertyName)" position="Named"><name>ProfileLocation</name><description><para>Used to specify the name and location of the ini-format credential file (shared with the AWS CLI and other AWS SDKs) 
If this optional parameter is omitted this cmdlet will search the encrypted credential file used by the AWS SDK for .NET and AWS Toolkit for Visual Studio first. If the profile is not found then the cmdlet will search in the ini-format credential file at the default location: (user&#39;s home directory)\.aws\credentials. 
If this parameter is specified then this cmdlet will only search the ini-format credential file at the location given. 
As the current folder can vary in a shell or during script execution it is advised that you use specify a fully qualified path instead of a relative path. </para></description><parameterValue required="true" variableLength="false">System.String</parameterValue></parameter><parameter required="False" variableLength="false" globbing="false" pipelineInput="True (ByValue, ByPropertyName)" position="Named"><name>Credential</name><description><para>An AWSCredentials object instance containing access and secret key information, and optionally a token for session-based credentials. </para></description><parameterValue required="true" variableLength="false">Amazon.Runtime.AWSCredentials</parameterValue></parameter><parameter required="False" variableLength="false" globbing="false" pipelineInput="True (ByValue, ByPropertyName)" position="Named"><name>NetworkCredential</name><description><para>Used with SAML-based authentication when ProfileName references a SAML role profile.  Contains the network credentials to be supplied during authentication with the  configured identity provider&#39;s endpoint. This parameter is not required if the user&#39;s default network identity can or should be used during authentication. </para></description><parameterValue required="true" variableLength="false">System.Management.Automation.PSCredential</parameterValue></parameter></syntaxItem></syntax><parameters><parameter required="False" variableLength="false" globbing="false" pipelineInput="True (ByPropertyName)" position="Named"><name>AccessKey</name><description><para>The AWS access key for the user account. This can be a temporary access key if the corresponding session token is supplied to the -SessionToken parameter. </para></description><parameterValue required="true" variableLength="false">System.String</parameterValue><type><name>System.String</name><uri /></type><defaultValue>None</defaultValue></parameter><parameter required="True" variableLength="false" globbing="false" pipelineInput="True (ByPropertyName)" position="Named"><name>ChannelArn</name><description><para> The Amazon Resource Name (ARN) of the signaling channel.  </para></description><parameterValue required="true" variableLength="false">System.String</parameterValue><type><name>System.String</name><uri /></type><defaultValue>None</defaultValue></parameter><parameter required="False" variableLength="false" globbing="false" pipelineInput="True (ByPropertyName)" position="Named"><name>ClientConfig</name><description><para>Amazon.PowerShell.Cmdlets.KVWS.AmazonKinesisVideoWebRTCStorageClientCmdlet.ClientConfig </para></description><parameterValue required="true" variableLength="false">Amazon.KinesisVideoWebRTCStorage.AmazonKinesisVideoWebRTCStorageConfig</parameterValue><type><name>Amazon.KinesisVideoWebRTCStorage.AmazonKinesisVideoWebRTCStorageConfig</name><uri /></type><defaultValue>None</defaultValue></parameter><parameter required="True" variableLength="false" globbing="false" pipelineInput="True (ByPropertyName)" position="Named"><name>ClientId</name><description><para> The unique identifier for the sender client.  </para></description><parameterValue required="true" variableLength="false">System.String</parameterValue><type><name>System.String</name><uri /></type><defaultValue>None</defaultValue></parameter><parameter required="False" variableLength="false" globbing="false" pipelineInput="True (ByValue, ByPropertyName)" position="Named"><name>Credential</name><description><para>An AWSCredentials object instance containing access and secret key information, and optionally a token for session-based credentials. </para></description><parameterValue required="true" variableLength="false">Amazon.Runtime.AWSCredentials</parameterValue><type><name>Amazon.Runtime.AWSCredentials</name><uri /></type><defaultValue>None</defaultValue></parameter><parameter required="False" variableLength="false" globbing="false" pipelineInput="True (ByPropertyName)" position="Named"><name>EndpointUrl</name><description><para>The endpoint to make the call against. 
<b>Note:</b> This parameter is primarily for internal AWS use and is not required/should not be specified for  normal usage. The cmdlets normally determine which endpoint to call based on the region specified to the -Region parameter or set as default in the shell (via Set-DefaultAWSRegion). Only specify this parameter if you must direct the call to a specific custom endpoint. </para></description><parameterValue required="true" variableLength="false">System.String</parameterValue><type><name>System.String</name><uri /></type><defaultValue>None</defaultValue></parameter><parameter required="False" variableLength="false" globbing="false" pipelineInput="True (ByPropertyName)" position="Named"><name>Force</name><description><para>This parameter overrides confirmation prompts to force  the cmdlet to continue its operation. This parameter should always be used with caution. </para></description><parameterValue required="true" variableLength="false">System.Management.Automation.SwitchParameter</parameterValue><type><name>System.Management.Automation.SwitchParameter</name><uri /></type><defaultValue>None</defaultValue></parameter><parameter required="False" variableLength="false" globbing="false" pipelineInput="True (ByValue, ByPropertyName)" position="Named"><name>NetworkCredential</name><description><para>Used with SAML-based authentication when ProfileName references a SAML role profile.  Contains the network credentials to be supplied during authentication with the  configured identity provider&#39;s endpoint. This parameter is not required if the user&#39;s default network identity can or should be used during authentication. </para></description><parameterValue required="true" variableLength="false">System.Management.Automation.PSCredential</parameterValue><type><name>System.Management.Automation.PSCredential</name><uri /></type><defaultValue>None</defaultValue></parameter><parameter required="False" variableLength="false" globbing="false" pipelineInput="True (ByPropertyName)" position="Named"><name>ProfileLocation</name><description><para>Used to specify the name and location of the ini-format credential file (shared with the AWS CLI and other AWS SDKs) 
If this optional parameter is omitted this cmdlet will search the encrypted credential file used by the AWS SDK for .NET and AWS Toolkit for Visual Studio first. If the profile is not found then the cmdlet will search in the ini-format credential file at the default location: (user&#39;s home directory)\.aws\credentials. 
If this parameter is specified then this cmdlet will only search the ini-format credential file at the location given. 
As the current folder can vary in a shell or during script execution it is advised that you use specify a fully qualified path instead of a relative path. </para></description><parameterValue required="true" variableLength="false">System.String</parameterValue><type><name>System.String</name><uri /></type><defaultValue>None</defaultValue></parameter><parameter required="False" variableLength="false" globbing="false" pipelineInput="True (ByPropertyName)" position="Named"><name>ProfileName</name><description><para>The user-defined name of an AWS credentials or SAML-based role profile containing credential information. The profile is expected to be found in the secure credential file shared with the AWS SDK for .NET and AWS Toolkit for Visual Studio. You can also specify the name of a profile stored in the .ini-format credential file used with  the AWS CLI and other AWS SDKs. </para></description><parameterValue required="true" variableLength="false">System.String</parameterValue><type><name>System.String</name><uri /></type><defaultValue>None</defaultValue></parameter><parameter required="False" variableLength="false" globbing="false" pipelineInput="True (ByPropertyName)" position="Named"><name>Region</name><description><para>The system name of an AWS region or an AWSRegion instance. This governs the endpoint that will be used when calling service operations. Note that  the AWS resources referenced in a call are usually region-specific. </para></description><parameterValue required="true" variableLength="false">System.Object</parameterValue><type><name>System.Object</name><uri /></type><defaultValue>None</defaultValue></parameter><parameter required="False" variableLength="false" globbing="false" pipelineInput="True (ByPropertyName)" position="Named"><name>SecretKey</name><description><para>The AWS secret key for the user account. This can be a temporary secret key if the corresponding session token is supplied to the -SessionToken parameter. </para></description><parameterValue required="true" variableLength="false">System.String</parameterValue><type><name>System.String</name><uri /></type><defaultValue>None</defaultValue></parameter><parameter required="False" variableLength="false" globbing="false" pipelineInput="True (ByPropertyName)" position="Named"><name>Select</name><description><para>Use the -Select parameter to control the cmdlet output. The cmdlet doesn&#39;t have a return value by default. Specifying -Select &#39;*&#39; will result in the cmdlet returning the whole service response (Amazon.KinesisVideoWebRTCStorage.Model.JoinStorageSessionAsViewerResponse). Specifying -Select &#39;^ParameterName&#39; will result in the cmdlet returning the selected cmdlet parameter value. </para></description><parameterValue required="true" variableLength="false">System.String</parameterValue><type><name>System.String</name><uri /></type><defaultValue>None</defaultValue></parameter><parameter required="False" variableLength="false" globbing="false" pipelineInput="True (ByPropertyName)" position="Named"><name>SessionToken</name><description><para>The session token if the access and secret keys are temporary session-based credentials. </para></description><parameterValue required="true" variableLength="false">System.String</parameterValue><type><name>System.String</name><uri /></type><defaultValue>None</defaultValue></parameter></parameters><returnValues><returnValue><type><name>None or Amazon.KinesisVideoWebRTCStorage.Model.JoinStorageSessionAsViewerResponse</name><uri /><description /></type><description><para>This cmdlet does not generate any output.The service response (type Amazon.KinesisVideoWebRTCStorage.Model.JoinStorageSessionAsViewerResponse) be returned by specifying '-Select *'.</para></description></returnValue></returnValues><relatedLinks><navigationLink><linkText>Online version:</linkText><uri>http://docs.aws.amazon.com/powershell/latest/reference/index.html?page=Join-KVWSStorageSessionAsViewer.html&amp;tocid=Join-KVWSStorageSessionAsViewer</uri></navigationLink><navigationLink><linkText>Common credential and region parameters: </linkText><uri>http://docs.aws.amazon.com/powershell/latest/reference/items/pstoolsref-commonparams.html</uri></navigationLink></relatedLinks></command></helpItems>