<Objs Version="1.1.0.1" xmlns="http://schemas.microsoft.com/powershell/2004/04">
  <Obj RefId="0">
    <TN RefId="0">
      <T>Microsoft.PowerShell.Commands.PSRepositoryItemInfo</T>
      <T>System.Management.Automation.PSCustomObject</T>
      <T>System.Object</T>
    </TN>
    <MS>
      <S N="Name">OCI.PSModules.Networkloadbalancer</S>
      <Version N="Version">120.0.0</Version>
      <S N="Type">Module</S>
      <S N="Description">This modules provides Cmdlets for OCI Networkloadbalancer Service</S>
      <S N="Author">Oracle Cloud Infrastructure</S>
      <S N="CompanyName">oci-psmodules-grp</S>
      <S N="Copyright">(c) Oracle Cloud Infrastructure. All rights reserved.</S>
      <DT N="PublishedDate">2025-11-18T18:48:51+02:00</DT>
      <Obj N="InstalledDate" RefId="1">
        <DT>2025-11-27T08:17:36.6261332+02:00</DT>
        <MS>
          <Obj N="DisplayHint" RefId="2">
            <TN RefId="1">
              <T>Microsoft.PowerShell.Commands.DisplayHintType</T>
              <T>System.Enum</T>
              <T>System.ValueType</T>
              <T>System.Object</T>
            </TN>
            <ToString>DateTime</ToString>
            <I32>2</I32>
          </Obj>
        </MS>
      </Obj>
      <Nil N="UpdatedDate" />
      <URI N="LicenseUri">https://github.com/oracle/oci-powershell-modules/blob/master/LICENSE.txt</URI>
      <URI N="ProjectUri">https://github.com/oracle/oci-powershell-modules/</URI>
      <URI N="IconUri">https://github.com/oracle/oci-powershell-modules/blob/master/icon.png</URI>
      <Obj N="Tags" RefId="3">
        <TN RefId="2">
          <T>System.Object[]</T>
          <T>System.Array</T>
          <T>System.Object</T>
        </TN>
        <LST>
          <S>PSEdition_Core</S>
          <S>Windows</S>
          <S>Linux</S>
          <S>macOS</S>
          <S>Oracle</S>
          <S>OCI</S>
          <S>Cloud</S>
          <S>OracleCloudInfrastructure</S>
          <S>Networkloadbalancer</S>
          <S>PSModule</S>
        </LST>
      </Obj>
      <Obj N="Includes" RefId="4">
        <TN RefId="3">
          <T>System.Collections.Hashtable</T>
          <T>System.Object</T>
        </TN>
        <DCT>
          <En>
            <S N="Key">Function</S>
            <Obj N="Value" RefId="5">
              <TNRef RefId="2" />
              <LST />
            </Obj>
          </En>
          <En>
            <S N="Key">RoleCapability</S>
            <Ref N="Value" RefId="5" />
          </En>
          <En>
            <S N="Key">Cmdlet</S>
            <Obj N="Value" RefId="6">
              <TNRef RefId="2" />
              <LST>
                <S>Get-OCINetworkloadbalancer</S>
                <S>Get-OCINetworkloadbalancerBackend</S>
                <S>Get-OCINetworkloadbalancerBackendHealth</S>
                <S>Get-OCINetworkloadbalancerBackendOperationalStatus</S>
                <S>Get-OCINetworkloadbalancerBackendSet</S>
                <S>Get-OCINetworkloadbalancerBackendSetHealth</S>
                <S>Get-OCINetworkloadbalancerBackendSetsList</S>
                <S>Get-OCINetworkloadbalancerBackendsList</S>
                <S>Get-OCINetworkloadbalancerHealth</S>
                <S>Get-OCINetworkloadbalancerHealthChecker</S>
                <S>Get-OCINetworkloadbalancerHealthsList</S>
                <S>Get-OCINetworkloadbalancerListener</S>
                <S>Get-OCINetworkloadbalancerListenersList</S>
                <S>Get-OCINetworkloadbalancersList</S>
                <S>Get-OCINetworkloadbalancersPoliciesList</S>
                <S>Get-OCINetworkloadbalancersProtocolsList</S>
                <S>Get-OCINetworkloadbalancerWorkRequest</S>
                <S>Get-OCINetworkloadbalancerWorkRequestErrorsList</S>
                <S>Get-OCINetworkloadbalancerWorkRequestLogsList</S>
                <S>Get-OCINetworkloadbalancerWorkRequestsList</S>
                <S>Move-OCINetworkloadbalancerCompartment</S>
                <S>New-OCINetworkloadbalancer</S>
                <S>New-OCINetworkloadbalancerBackend</S>
                <S>New-OCINetworkloadbalancerBackendSet</S>
                <S>New-OCINetworkloadbalancerListener</S>
                <S>Remove-OCINetworkloadbalancer</S>
                <S>Remove-OCINetworkloadbalancerBackend</S>
                <S>Remove-OCINetworkloadbalancerBackendSet</S>
                <S>Remove-OCINetworkloadbalancerListener</S>
                <S>Update-OCINetworkloadbalancer</S>
                <S>Update-OCINetworkloadbalancerBackend</S>
                <S>Update-OCINetworkloadbalancerBackendSet</S>
                <S>Update-OCINetworkloadbalancerHealthChecker</S>
                <S>Update-OCINetworkloadbalancerListener</S>
                <S>Update-OCINetworkloadbalancerNetworkSecurityGroups</S>
              </LST>
            </Obj>
          </En>
          <En>
            <S N="Key">DscResource</S>
            <Ref N="Value" RefId="5" />
          </En>
          <En>
            <S N="Key">Command</S>
            <Obj N="Value" RefId="7">
              <TNRef RefId="2" />
              <LST>
                <S>Get-OCINetworkloadbalancer</S>
                <S>Get-OCINetworkloadbalancerBackend</S>
                <S>Get-OCINetworkloadbalancerBackendHealth</S>
                <S>Get-OCINetworkloadbalancerBackendOperationalStatus</S>
                <S>Get-OCINetworkloadbalancerBackendSet</S>
                <S>Get-OCINetworkloadbalancerBackendSetHealth</S>
                <S>Get-OCINetworkloadbalancerBackendSetsList</S>
                <S>Get-OCINetworkloadbalancerBackendsList</S>
                <S>Get-OCINetworkloadbalancerHealth</S>
                <S>Get-OCINetworkloadbalancerHealthChecker</S>
                <S>Get-OCINetworkloadbalancerHealthsList</S>
                <S>Get-OCINetworkloadbalancerListener</S>
                <S>Get-OCINetworkloadbalancerListenersList</S>
                <S>Get-OCINetworkloadbalancersList</S>
                <S>Get-OCINetworkloadbalancersPoliciesList</S>
                <S>Get-OCINetworkloadbalancersProtocolsList</S>
                <S>Get-OCINetworkloadbalancerWorkRequest</S>
                <S>Get-OCINetworkloadbalancerWorkRequestErrorsList</S>
                <S>Get-OCINetworkloadbalancerWorkRequestLogsList</S>
                <S>Get-OCINetworkloadbalancerWorkRequestsList</S>
                <S>Move-OCINetworkloadbalancerCompartment</S>
                <S>New-OCINetworkloadbalancer</S>
                <S>New-OCINetworkloadbalancerBackend</S>
                <S>New-OCINetworkloadbalancerBackendSet</S>
                <S>New-OCINetworkloadbalancerListener</S>
                <S>Remove-OCINetworkloadbalancer</S>
                <S>Remove-OCINetworkloadbalancerBackend</S>
                <S>Remove-OCINetworkloadbalancerBackendSet</S>
                <S>Remove-OCINetworkloadbalancerListener</S>
                <S>Update-OCINetworkloadbalancer</S>
                <S>Update-OCINetworkloadbalancerBackend</S>
                <S>Update-OCINetworkloadbalancerBackendSet</S>
                <S>Update-OCINetworkloadbalancerHealthChecker</S>
                <S>Update-OCINetworkloadbalancerListener</S>
                <S>Update-OCINetworkloadbalancerNetworkSecurityGroups</S>
              </LST>
            </Obj>
          </En>
          <En>
            <S N="Key">Workflow</S>
            <Ref N="Value" RefId="5" />
          </En>
        </DCT>
      </Obj>
      <Nil N="PowerShellGetFormatVersion" />
      <S N="ReleaseNotes">https://github.com/oracle/oci-powershell-modules/blob/master/CHANGELOG.md</S>
      <Obj N="Dependencies" RefId="8">
        <TNRef RefId="2" />
        <LST>
          <Obj RefId="9">
            <TN RefId="4">
              <T>System.Collections.Specialized.OrderedDictionary</T>
              <T>System.Object</T>
            </TN>
            <DCT>
              <En>
                <S N="Key">Name</S>
                <S N="Value">OCI.PSModules.Common</S>
              </En>
              <En>
                <S N="Key">RequiredVersion</S>
                <S N="Value">120.0.0</S>
              </En>
              <En>
                <S N="Key">CanonicalId</S>
                <S N="Value">nuget:OCI.PSModules.Common/[120.0.0]</S>
              </En>
            </DCT>
          </Obj>
        </LST>
      </Obj>
      <S N="RepositorySourceLocation">https://www.powershellgallery.com/api/v2</S>
      <S N="Repository">PSGallery</S>
      <S N="PackageManagementProvider">NuGet</S>
      <Obj N="AdditionalMetadata" RefId="10">
        <TN RefId="5">
          <T>System.Management.Automation.PSCustomObject</T>
          <T>System.Object</T>
        </TN>
        <MS>
          <S N="copyright">(c) Oracle Cloud Infrastructure. All rights reserved.</S>
          <S N="description">This modules provides Cmdlets for OCI Networkloadbalancer Service</S>
          <S N="requireLicenseAcceptance">False</S>
          <S N="releaseNotes">https://github.com/oracle/oci-powershell-modules/blob/master/CHANGELOG.md</S>
          <S N="isLatestVersion">True</S>
          <S N="isAbsoluteLatestVersion">True</S>
          <S N="versionDownloadCount">45</S>
          <S N="downloadCount">12837</S>
          <S N="packageSize">139001</S>
          <S N="published">11/18/2025 6:48:51 PM +02:00</S>
          <S N="created">11/18/2025 6:48:51 PM +02:00</S>
          <S N="lastUpdated">11/26/2025 9:30:00 PM +02:00</S>
          <S N="tags">PSEdition_Core Windows Linux macOS Oracle OCI Cloud OracleCloudInfrastructure Networkloadbalancer PSModule PSCmdlet_Get-OCINetworkloadbalancer PSCommand_Get-OCINetworkloadbalancer PSCmdlet_Get-OCINetworkloadbalancerBackend PSCommand_Get-OCINetworkloadbalancerBackend PSCmdlet_Get-OCINetworkloadbalancerBackendHealth PSCommand_Get-OCINetworkloadbalancerBackendHealth PSCmdlet_Get-OCINetworkloadbalancerBackendOperationalStatus PSCommand_Get-OCINetworkloadbalancerBackendOperationalStatus PSCmdlet_Get-OCINetworkloadbalancerBackendSet PSCommand_Get-OCINetworkloadbalancerBackendSet PSCmdlet_Get-OCINetworkloadbalancerBackendSetHealth PSCommand_Get-OCINetworkloadbalancerBackendSetHealth PSCmdlet_Get-OCINetworkloadbalancerBackendSetsList PSCommand_Get-OCINetworkloadbalancerBackendSetsList PSCmdlet_Get-OCINetworkloadbalancerBackendsList PSCommand_Get-OCINetworkloadbalancerBackendsList PSCmdlet_Get-OCINetworkloadbalancerHealth PSCommand_Get-OCINetworkloadbalancerHealth PSCmdlet_Get-OCINetworkloadbalancerHealthChecker PSCommand_Get-OCINetworkloadbalancerHealthChecker PSCmdlet_Get-OCINetworkloadbalancerHealthsList PSCommand_Get-OCINetworkloadbalancerHealthsList PSCmdlet_Get-OCINetworkloadbalancerListener PSCommand_Get-OCINetworkloadbalancerListener PSCmdlet_Get-OCINetworkloadbalancerListenersList PSCommand_Get-OCINetworkloadbalancerListenersList PSCmdlet_Get-OCINetworkloadbalancersList PSCommand_Get-OCINetworkloadbalancersList PSCmdlet_Get-OCINetworkloadbalancersPoliciesList PSCommand_Get-OCINetworkloadbalancersPoliciesList PSCmdlet_Get-OCINetworkloadbalancersProtocolsList PSCommand_Get-OCINetworkloadbalancersProtocolsList PSCmdlet_Get-OCINetworkloadbalancerWorkRequest PSCommand_Get-OCINetworkloadbalancerWorkRequest PSCmdlet_Get-OCINetworkloadbalancerWorkRequestErrorsList PSCommand_Get-OCINetworkloadbalancerWorkRequestErrorsList PSCmdlet_Get-OCINetworkloadbalancerWorkRequestLogsList PSCommand_Get-OCINetworkloadbalancerWorkRequestLogsList PSCmdlet_Get-OCINetworkloadbalancerWorkRequestsList PSCommand_Get-OCINetworkloadbalancerWorkRequestsList PSCmdlet_Move-OCINetworkloadbalancerCompartment PSCommand_Move-OCINetworkloadbalancerCompartment PSCmdlet_New-OCINetworkloadbalancer PSCommand_New-OCINetworkloadbalancer PSCmdlet_New-OCINetworkloadbalancerBackend PSCommand_New-OCINetworkloadbalancerBackend PSCmdlet_New-OCINetworkloadbalancerBackendSet PSCommand_New-OCINetworkloadbalancerBackendSet PSCmdlet_New-OCINetworkloadbalancerListener PSCommand_New-OCINetworkloadbalancerListener PSCmdlet_Remove-OCINetworkloadbalancer PSCommand_Remove-OCINetworkloadbalancer PSCmdlet_Remove-OCINetworkloadbalancerBackend PSCommand_Remove-OCINetworkloadbalancerBackend PSCmdlet_Remove-OCINetworkloadbalancerBackendSet PSCommand_Remove-OCINetworkloadbalancerBackendSet PSCmdlet_Remove-OCINetworkloadbalancerListener PSCommand_Remove-OCINetworkloadbalancerListener PSCmdlet_Update-OCINetworkloadbalancer PSCommand_Update-OCINetworkloadbalancer PSCmdlet_Update-OCINetworkloadbalancerBackend PSCommand_Update-OCINetworkloadbalancerBackend PSCmdlet_Update-OCINetworkloadbalancerBackendSet PSCommand_Update-OCINetworkloadbalancerBackendSet PSCmdlet_Update-OCINetworkloadbalancerHealthChecker PSCommand_Update-OCINetworkloadbalancerHealthChecker PSCmdlet_Update-OCINetworkloadbalancerListener PSCommand_Update-OCINetworkloadbalancerListener PSCmdlet_Update-OCINetworkloadbalancerNetworkSecurityGroups PSCommand_Update-OCINetworkloadbalancerNetworkSecurityGroups PSIncludes_Cmdlet</S>
          <S N="developmentDependency">False</S>
          <S N="updated">2025-11-26T21:30:00Z</S>
          <S N="NormalizedVersion">120.0.0</S>
          <S N="Authors">Oracle Cloud Infrastructure</S>
          <S N="IsPrerelease">false</S>
          <S N="ItemType">Module</S>
          <S N="FileList">OCI.PSModules.Networkloadbalancer.nuspec|OCI.PSModules.Networkloadbalancer.dll-Help.xml|LICENSE.txt|THIRD_PARTY_LICENSES.txt|OCI.PSModules.Networkloadbalancer.psd1|assemblies\OCI.DotNetSDK.Networkloadbalancer.dll|assemblies\OCI.PSModules.Networkloadbalancer.dll</S>
          <S N="GUID">d32e7ff0-9f4a-49d5-9f53-d22b8b4f9294</S>
          <S N="PowerShellVersion">6.0</S>
          <S N="CompanyName">Oracle Corporation</S>
        </MS>
      </Obj>
      <S N="InstalledLocation">C:\Program Files\PowerShell\Modules\OCI.PSModules.Networkloadbalancer\120.0.0</S>
    </MS>
  </Obj>
</Objs>
