<Objs Version="1.1.0.1" xmlns="http://schemas.microsoft.com/powershell/2004/04">
  <Obj RefId="0">
    <TN RefId="0">
      <T>Microsoft.PowerShell.Commands.PSRepositoryItemInfo</T>
      <T>System.Management.Automation.PSCustomObject</T>
      <T>System.Object</T>
    </TN>
    <MS>
      <S N="Name">OCI.PSModules.Apmcontrolplane</S>
      <S N="Version">95.1.0</S>
      <S N="Type">Module</S>
      <S N="Description">This modules provides Cmdlets for OCI Apmcontrolplane Service</S>
      <S N="Author">Oracle Cloud Infrastructure</S>
      <S N="CompanyName">oci-psmodules-grp</S>
      <S N="Copyright">(c) Oracle Cloud Infrastructure. All rights reserved.</S>
      <DT N="PublishedDate">2024-11-12T18:42:42+02:00</DT>
      <Nil N="InstalledDate" />
      <Nil N="UpdatedDate" />
      <URI N="LicenseUri">https://github.com/oracle/oci-powershell-modules/blob/master/LICENSE.txt</URI>
      <URI N="ProjectUri">https://github.com/oracle/oci-powershell-modules/</URI>
      <URI N="IconUri">https://github.com/oracle/oci-powershell-modules/blob/master/icon.png</URI>
      <Obj N="Tags" RefId="1">
        <TN RefId="1">
          <T>System.Object[]</T>
          <T>System.Array</T>
          <T>System.Object</T>
        </TN>
        <LST>
          <S>PSEdition_Core</S>
          <S>Windows</S>
          <S>Linux</S>
          <S>macOS</S>
          <S>Oracle</S>
          <S>OCI</S>
          <S>Cloud</S>
          <S>OracleCloudInfrastructure</S>
          <S>Apmcontrolplane</S>
          <S>PSModule</S>
        </LST>
      </Obj>
      <Obj N="Includes" RefId="2">
        <TN RefId="2">
          <T>System.Collections.Hashtable</T>
          <T>System.Object</T>
        </TN>
        <DCT>
          <En>
            <S N="Key">Function</S>
            <Obj N="Value" RefId="3">
              <TNRef RefId="1" />
              <LST />
            </Obj>
          </En>
          <En>
            <S N="Key">Workflow</S>
            <Ref N="Value" RefId="3" />
          </En>
          <En>
            <S N="Key">DscResource</S>
            <Ref N="Value" RefId="3" />
          </En>
          <En>
            <S N="Key">RoleCapability</S>
            <Ref N="Value" RefId="3" />
          </En>
          <En>
            <S N="Key">Command</S>
            <Obj N="Value" RefId="4">
              <TNRef RefId="1" />
              <LST>
                <S>Get-OCIApmcontrolplaneApmDomain</S>
                <S>Get-OCIApmcontrolplaneApmDomainsList</S>
                <S>Get-OCIApmcontrolplaneApmDomainWorkRequestsList</S>
                <S>Get-OCIApmcontrolplaneDataKeysList</S>
                <S>Get-OCIApmcontrolplaneWorkRequest</S>
                <S>Get-OCIApmcontrolplaneWorkRequestErrorsList</S>
                <S>Get-OCIApmcontrolplaneWorkRequestLogsList</S>
                <S>Get-OCIApmcontrolplaneWorkRequestsList</S>
                <S>Move-OCIApmcontrolplaneApmDomainCompartment</S>
                <S>New-OCIApmcontrolplaneApmDomain</S>
                <S>New-OCIApmcontrolplaneDataKeys</S>
                <S>Remove-OCIApmcontrolplaneApmDomain</S>
                <S>Remove-OCIApmcontrolplaneDataKeys</S>
                <S>Update-OCIApmcontrolplaneApmDomain</S>
              </LST>
            </Obj>
          </En>
          <En>
            <S N="Key">Cmdlet</S>
            <Obj N="Value" RefId="5">
              <TNRef RefId="1" />
              <LST>
                <S>Get-OCIApmcontrolplaneApmDomain</S>
                <S>Get-OCIApmcontrolplaneApmDomainsList</S>
                <S>Get-OCIApmcontrolplaneApmDomainWorkRequestsList</S>
                <S>Get-OCIApmcontrolplaneDataKeysList</S>
                <S>Get-OCIApmcontrolplaneWorkRequest</S>
                <S>Get-OCIApmcontrolplaneWorkRequestErrorsList</S>
                <S>Get-OCIApmcontrolplaneWorkRequestLogsList</S>
                <S>Get-OCIApmcontrolplaneWorkRequestsList</S>
                <S>Move-OCIApmcontrolplaneApmDomainCompartment</S>
                <S>New-OCIApmcontrolplaneApmDomain</S>
                <S>New-OCIApmcontrolplaneDataKeys</S>
                <S>Remove-OCIApmcontrolplaneApmDomain</S>
                <S>Remove-OCIApmcontrolplaneDataKeys</S>
                <S>Update-OCIApmcontrolplaneApmDomain</S>
              </LST>
            </Obj>
          </En>
        </DCT>
      </Obj>
      <Nil N="PowerShellGetFormatVersion" />
      <S N="ReleaseNotes">https://github.com/oracle/oci-powershell-modules/blob/master/CHANGELOG.md</S>
      <Obj N="Dependencies" RefId="6">
        <TNRef RefId="1" />
        <LST>
          <Obj RefId="7">
            <TN RefId="3">
              <T>System.Collections.Specialized.OrderedDictionary</T>
              <T>System.Object</T>
            </TN>
            <DCT>
              <En>
                <S N="Key">Name</S>
                <S N="Value">OCI.PSModules.Common</S>
              </En>
              <En>
                <S N="Key">RequiredVersion</S>
                <S N="Value">95.1.0</S>
              </En>
              <En>
                <S N="Key">CanonicalId</S>
                <S N="Value">nuget:OCI.PSModules.Common/[95.1.0]</S>
              </En>
            </DCT>
          </Obj>
        </LST>
      </Obj>
      <S N="RepositorySourceLocation">https://www.powershellgallery.com/api/v2</S>
      <S N="Repository">PSGallery</S>
      <S N="PackageManagementProvider">NuGet</S>
      <Obj N="AdditionalMetadata" RefId="8">
        <TN RefId="4">
          <T>System.Management.Automation.PSCustomObject</T>
          <T>System.Object</T>
        </TN>
        <MS>
          <S N="copyright">(c) Oracle Cloud Infrastructure. All rights reserved.</S>
          <S N="description">This modules provides Cmdlets for OCI Apmcontrolplane Service</S>
          <S N="requireLicenseAcceptance">False</S>
          <S N="releaseNotes">https://github.com/oracle/oci-powershell-modules/blob/master/CHANGELOG.md</S>
          <S N="isLatestVersion">True</S>
          <S N="isAbsoluteLatestVersion">True</S>
          <S N="versionDownloadCount">313</S>
          <S N="downloadCount">10374</S>
          <S N="packageSize">90123</S>
          <S N="published">11/12/2024 6:42:42 PM +02:00</S>
          <S N="created">11/12/2024 6:42:42 PM +02:00</S>
          <S N="lastUpdated">12/8/2024 9:50:00 PM +02:00</S>
          <S N="tags">PSEdition_Core Windows Linux macOS Oracle OCI Cloud OracleCloudInfrastructure Apmcontrolplane PSModule PSCmdlet_Get-OCIApmcontrolplaneApmDomain PSCommand_Get-OCIApmcontrolplaneApmDomain PSCmdlet_Get-OCIApmcontrolplaneApmDomainsList PSCommand_Get-OCIApmcontrolplaneApmDomainsList PSCmdlet_Get-OCIApmcontrolplaneApmDomainWorkRequestsList PSCommand_Get-OCIApmcontrolplaneApmDomainWorkRequestsList PSCmdlet_Get-OCIApmcontrolplaneDataKeysList PSCommand_Get-OCIApmcontrolplaneDataKeysList PSCmdlet_Get-OCIApmcontrolplaneWorkRequest PSCommand_Get-OCIApmcontrolplaneWorkRequest PSCmdlet_Get-OCIApmcontrolplaneWorkRequestErrorsList PSCommand_Get-OCIApmcontrolplaneWorkRequestErrorsList PSCmdlet_Get-OCIApmcontrolplaneWorkRequestLogsList PSCommand_Get-OCIApmcontrolplaneWorkRequestLogsList PSCmdlet_Get-OCIApmcontrolplaneWorkRequestsList PSCommand_Get-OCIApmcontrolplaneWorkRequestsList PSCmdlet_Move-OCIApmcontrolplaneApmDomainCompartment PSCommand_Move-OCIApmcontrolplaneApmDomainCompartment PSCmdlet_New-OCIApmcontrolplaneApmDomain PSCommand_New-OCIApmcontrolplaneApmDomain PSCmdlet_New-OCIApmcontrolplaneDataKeys PSCommand_New-OCIApmcontrolplaneDataKeys PSCmdlet_Remove-OCIApmcontrolplaneApmDomain PSCommand_Remove-OCIApmcontrolplaneApmDomain PSCmdlet_Remove-OCIApmcontrolplaneDataKeys PSCommand_Remove-OCIApmcontrolplaneDataKeys PSCmdlet_Update-OCIApmcontrolplaneApmDomain PSCommand_Update-OCIApmcontrolplaneApmDomain PSIncludes_Cmdlet</S>
          <S N="developmentDependency">False</S>
          <S N="updated">2024-12-08T21:50:00Z</S>
          <S N="NormalizedVersion">95.1.0</S>
          <S N="Authors">Oracle Cloud Infrastructure</S>
          <S N="IsPrerelease">false</S>
          <S N="ItemType">Module</S>
          <S N="FileList">OCI.PSModules.Apmcontrolplane.nuspec|THIRD_PARTY_LICENSES.txt|OCI.PSModules.Apmcontrolplane.psd1|OCI.PSModules.Apmcontrolplane.dll-Help.xml|LICENSE.txt|assemblies\OCI.DotNetSDK.Apmcontrolplane.dll|assemblies\OCI.PSModules.Apmcontrolplane.dll</S>
          <S N="GUID">2656b809-7098-428e-b605-696525730fec</S>
          <S N="PowerShellVersion">6.0</S>
          <S N="CompanyName">Oracle Corporation</S>
        </MS>
      </Obj>
      <S N="InstalledLocation">C:\Users\MarcoFekry\Downloads\OCI.PSModules\OCI.PSModules.Apmcontrolplane\95.1.0</S>
    </MS>
  </Obj>
</Objs>
