<Objs Version="1.1.0.1" xmlns="http://schemas.microsoft.com/powershell/2004/04">
  <Obj RefId="0">
    <TN RefId="0">
      <T>Microsoft.PowerShell.Commands.PSRepositoryItemInfo</T>
      <T>System.Management.Automation.PSCustomObject</T>
      <T>System.Object</T>
    </TN>
    <MS>
      <S N="Name">OCI.PSModules.Loadbalancer</S>
      <Version N="Version">120.0.0</Version>
      <S N="Type">Module</S>
      <S N="Description">This modules provides Cmdlets for OCI Loadbalancer Service</S>
      <S N="Author">Oracle Cloud Infrastructure</S>
      <S N="CompanyName">oci-psmodules-grp</S>
      <S N="Copyright">(c) Oracle Cloud Infrastructure. All rights reserved.</S>
      <DT N="PublishedDate">2025-11-18T18:46:04+02:00</DT>
      <Obj N="InstalledDate" RefId="1">
        <DT>2025-11-27T08:15:38.2831878+02:00</DT>
        <MS>
          <Obj N="DisplayHint" RefId="2">
            <TN RefId="1">
              <T>Microsoft.PowerShell.Commands.DisplayHintType</T>
              <T>System.Enum</T>
              <T>System.ValueType</T>
              <T>System.Object</T>
            </TN>
            <ToString>DateTime</ToString>
            <I32>2</I32>
          </Obj>
        </MS>
      </Obj>
      <Nil N="UpdatedDate" />
      <URI N="LicenseUri">https://github.com/oracle/oci-powershell-modules/blob/master/LICENSE.txt</URI>
      <URI N="ProjectUri">https://github.com/oracle/oci-powershell-modules/</URI>
      <URI N="IconUri">https://github.com/oracle/oci-powershell-modules/blob/master/icon.png</URI>
      <Obj N="Tags" RefId="3">
        <TN RefId="2">
          <T>System.Object[]</T>
          <T>System.Array</T>
          <T>System.Object</T>
        </TN>
        <LST>
          <S>PSEdition_Core</S>
          <S>Windows</S>
          <S>Linux</S>
          <S>macOS</S>
          <S>Oracle</S>
          <S>OCI</S>
          <S>Cloud</S>
          <S>OracleCloudInfrastructure</S>
          <S>Loadbalancer</S>
          <S>PSModule</S>
        </LST>
      </Obj>
      <Obj N="Includes" RefId="4">
        <TN RefId="3">
          <T>System.Collections.Hashtable</T>
          <T>System.Object</T>
        </TN>
        <DCT>
          <En>
            <S N="Key">Function</S>
            <Obj N="Value" RefId="5">
              <TNRef RefId="2" />
              <LST />
            </Obj>
          </En>
          <En>
            <S N="Key">RoleCapability</S>
            <Ref N="Value" RefId="5" />
          </En>
          <En>
            <S N="Key">Cmdlet</S>
            <Obj N="Value" RefId="6">
              <TNRef RefId="2" />
              <LST>
                <S>Get-OCILoadbalancer</S>
                <S>Get-OCILoadbalancerBackend</S>
                <S>Get-OCILoadbalancerBackendHealth</S>
                <S>Get-OCILoadbalancerBackendSet</S>
                <S>Get-OCILoadbalancerBackendSetHealth</S>
                <S>Get-OCILoadbalancerBackendSetsList</S>
                <S>Get-OCILoadbalancerBackendsList</S>
                <S>Get-OCILoadbalancerCertificatesList</S>
                <S>Get-OCILoadbalancerHealth</S>
                <S>Get-OCILoadbalancerHealthChecker</S>
                <S>Get-OCILoadbalancerHealthsList</S>
                <S>Get-OCILoadbalancerHostname</S>
                <S>Get-OCILoadbalancerHostnamesList</S>
                <S>Get-OCILoadbalancerListenerRulesList</S>
                <S>Get-OCILoadbalancerPathRouteSet</S>
                <S>Get-OCILoadbalancerPathRouteSetsList</S>
                <S>Get-OCILoadbalancerPoliciesList</S>
                <S>Get-OCILoadbalancerProtocolsList</S>
                <S>Get-OCILoadbalancerRoutingPoliciesList</S>
                <S>Get-OCILoadbalancerRoutingPolicy</S>
                <S>Get-OCILoadbalancerRuleSet</S>
                <S>Get-OCILoadbalancerRuleSetsList</S>
                <S>Get-OCILoadbalancerShapesList</S>
                <S>Get-OCILoadbalancersList</S>
                <S>Get-OCILoadbalancerSSLCipherSuite</S>
                <S>Get-OCILoadbalancerSSLCipherSuitesList</S>
                <S>Get-OCILoadbalancerWorkRequest</S>
                <S>Get-OCILoadbalancerWorkRequestsList</S>
                <S>Move-OCILoadbalancerCompartment</S>
                <S>New-OCILoadbalancer</S>
                <S>New-OCILoadbalancerBackend</S>
                <S>New-OCILoadbalancerBackendSet</S>
                <S>New-OCILoadbalancerCertificate</S>
                <S>New-OCILoadbalancerHostname</S>
                <S>New-OCILoadbalancerListener</S>
                <S>New-OCILoadbalancerPathRouteSet</S>
                <S>New-OCILoadbalancerRoutingPolicy</S>
                <S>New-OCILoadbalancerRuleSet</S>
                <S>New-OCILoadbalancerSSLCipherSuite</S>
                <S>Remove-OCILoadbalancer</S>
                <S>Remove-OCILoadbalancerBackend</S>
                <S>Remove-OCILoadbalancerBackendSet</S>
                <S>Remove-OCILoadbalancerCertificate</S>
                <S>Remove-OCILoadbalancerHostname</S>
                <S>Remove-OCILoadbalancerListener</S>
                <S>Remove-OCILoadbalancerPathRouteSet</S>
                <S>Remove-OCILoadbalancerRoutingPolicy</S>
                <S>Remove-OCILoadbalancerRuleSet</S>
                <S>Remove-OCILoadbalancerSSLCipherSuite</S>
                <S>Update-OCILoadbalancer</S>
                <S>Update-OCILoadbalancerBackend</S>
                <S>Update-OCILoadbalancerBackendSet</S>
                <S>Update-OCILoadbalancerHealthChecker</S>
                <S>Update-OCILoadbalancerHostname</S>
                <S>Update-OCILoadbalancerListener</S>
                <S>Update-OCILoadbalancerNetworkSecurityGroups</S>
                <S>Update-OCILoadbalancerPathRouteSet</S>
                <S>Update-OCILoadbalancerRoutingPolicy</S>
                <S>Update-OCILoadbalancerRuleSet</S>
                <S>Update-OCILoadbalancerShape</S>
                <S>Update-OCILoadbalancerSSLCipherSuite</S>
              </LST>
            </Obj>
          </En>
          <En>
            <S N="Key">DscResource</S>
            <Ref N="Value" RefId="5" />
          </En>
          <En>
            <S N="Key">Command</S>
            <Obj N="Value" RefId="7">
              <TNRef RefId="2" />
              <LST>
                <S>Get-OCILoadbalancer</S>
                <S>Get-OCILoadbalancerBackend</S>
                <S>Get-OCILoadbalancerBackendHealth</S>
                <S>Get-OCILoadbalancerBackendSet</S>
                <S>Get-OCILoadbalancerBackendSetHealth</S>
                <S>Get-OCILoadbalancerBackendSetsList</S>
                <S>Get-OCILoadbalancerBackendsList</S>
                <S>Get-OCILoadbalancerCertificatesList</S>
                <S>Get-OCILoadbalancerHealth</S>
                <S>Get-OCILoadbalancerHealthChecker</S>
                <S>Get-OCILoadbalancerHealthsList</S>
                <S>Get-OCILoadbalancerHostname</S>
                <S>Get-OCILoadbalancerHostnamesList</S>
                <S>Get-OCILoadbalancerListenerRulesList</S>
                <S>Get-OCILoadbalancerPathRouteSet</S>
                <S>Get-OCILoadbalancerPathRouteSetsList</S>
                <S>Get-OCILoadbalancerPoliciesList</S>
                <S>Get-OCILoadbalancerProtocolsList</S>
                <S>Get-OCILoadbalancerRoutingPoliciesList</S>
                <S>Get-OCILoadbalancerRoutingPolicy</S>
                <S>Get-OCILoadbalancerRuleSet</S>
                <S>Get-OCILoadbalancerRuleSetsList</S>
                <S>Get-OCILoadbalancerShapesList</S>
                <S>Get-OCILoadbalancersList</S>
                <S>Get-OCILoadbalancerSSLCipherSuite</S>
                <S>Get-OCILoadbalancerSSLCipherSuitesList</S>
                <S>Get-OCILoadbalancerWorkRequest</S>
                <S>Get-OCILoadbalancerWorkRequestsList</S>
                <S>Move-OCILoadbalancerCompartment</S>
                <S>New-OCILoadbalancer</S>
                <S>New-OCILoadbalancerBackend</S>
                <S>New-OCILoadbalancerBackendSet</S>
                <S>New-OCILoadbalancerCertificate</S>
                <S>New-OCILoadbalancerHostname</S>
                <S>New-OCILoadbalancerListener</S>
                <S>New-OCILoadbalancerPathRouteSet</S>
                <S>New-OCILoadbalancerRoutingPolicy</S>
                <S>New-OCILoadbalancerRuleSet</S>
                <S>New-OCILoadbalancerSSLCipherSuite</S>
                <S>Remove-OCILoadbalancer</S>
                <S>Remove-OCILoadbalancerBackend</S>
                <S>Remove-OCILoadbalancerBackendSet</S>
                <S>Remove-OCILoadbalancerCertificate</S>
                <S>Remove-OCILoadbalancerHostname</S>
                <S>Remove-OCILoadbalancerListener</S>
                <S>Remove-OCILoadbalancerPathRouteSet</S>
                <S>Remove-OCILoadbalancerRoutingPolicy</S>
                <S>Remove-OCILoadbalancerRuleSet</S>
                <S>Remove-OCILoadbalancerSSLCipherSuite</S>
                <S>Update-OCILoadbalancer</S>
                <S>Update-OCILoadbalancerBackend</S>
                <S>Update-OCILoadbalancerBackendSet</S>
                <S>Update-OCILoadbalancerHealthChecker</S>
                <S>Update-OCILoadbalancerHostname</S>
                <S>Update-OCILoadbalancerListener</S>
                <S>Update-OCILoadbalancerNetworkSecurityGroups</S>
                <S>Update-OCILoadbalancerPathRouteSet</S>
                <S>Update-OCILoadbalancerRoutingPolicy</S>
                <S>Update-OCILoadbalancerRuleSet</S>
                <S>Update-OCILoadbalancerShape</S>
                <S>Update-OCILoadbalancerSSLCipherSuite</S>
              </LST>
            </Obj>
          </En>
          <En>
            <S N="Key">Workflow</S>
            <Ref N="Value" RefId="5" />
          </En>
        </DCT>
      </Obj>
      <Nil N="PowerShellGetFormatVersion" />
      <S N="ReleaseNotes">https://github.com/oracle/oci-powershell-modules/blob/master/CHANGELOG.md</S>
      <Obj N="Dependencies" RefId="8">
        <TNRef RefId="2" />
        <LST>
          <Obj RefId="9">
            <TN RefId="4">
              <T>System.Collections.Specialized.OrderedDictionary</T>
              <T>System.Object</T>
            </TN>
            <DCT>
              <En>
                <S N="Key">Name</S>
                <S N="Value">OCI.PSModules.Common</S>
              </En>
              <En>
                <S N="Key">RequiredVersion</S>
                <S N="Value">120.0.0</S>
              </En>
              <En>
                <S N="Key">CanonicalId</S>
                <S N="Value">nuget:OCI.PSModules.Common/[120.0.0]</S>
              </En>
            </DCT>
          </Obj>
        </LST>
      </Obj>
      <S N="RepositorySourceLocation">https://www.powershellgallery.com/api/v2</S>
      <S N="Repository">PSGallery</S>
      <S N="PackageManagementProvider">NuGet</S>
      <Obj N="AdditionalMetadata" RefId="10">
        <TN RefId="5">
          <T>System.Management.Automation.PSCustomObject</T>
          <T>System.Object</T>
        </TN>
        <MS>
          <S N="copyright">(c) Oracle Cloud Infrastructure. All rights reserved.</S>
          <S N="description">This modules provides Cmdlets for OCI Loadbalancer Service</S>
          <S N="requireLicenseAcceptance">False</S>
          <S N="releaseNotes">https://github.com/oracle/oci-powershell-modules/blob/master/CHANGELOG.md</S>
          <S N="isLatestVersion">True</S>
          <S N="isAbsoluteLatestVersion">True</S>
          <S N="versionDownloadCount">49</S>
          <S N="downloadCount">13404</S>
          <S N="packageSize">176982</S>
          <S N="published">11/18/2025 6:46:04 PM +02:00</S>
          <S N="created">11/18/2025 6:46:04 PM +02:00</S>
          <S N="lastUpdated">11/26/2025 9:30:00 PM +02:00</S>
          <S N="tags">PSEdition_Core Windows Linux macOS Oracle OCI Cloud OracleCloudInfrastructure Loadbalancer PSModule PSCmdlet_Get-OCILoadbalancer PSCommand_Get-OCILoadbalancer PSCmdlet_Get-OCILoadbalancerBackend PSCommand_Get-OCILoadbalancerBackend PSCmdlet_Get-OCILoadbalancerBackendHealth PSCommand_Get-OCILoadbalancerBackendHealth PSCmdlet_Get-OCILoadbalancerBackendSet PSCommand_Get-OCILoadbalancerBackendSet PSCmdlet_Get-OCILoadbalancerBackendSetHealth PSCommand_Get-OCILoadbalancerBackendSetHealth PSCmdlet_Get-OCILoadbalancerBackendSetsList PSCommand_Get-OCILoadbalancerBackendSetsList PSCmdlet_Get-OCILoadbalancerBackendsList PSCommand_Get-OCILoadbalancerBackendsList PSCmdlet_Get-OCILoadbalancerCertificatesList PSCommand_Get-OCILoadbalancerCertificatesList PSCmdlet_Get-OCILoadbalancerHealth PSCommand_Get-OCILoadbalancerHealth PSCmdlet_Get-OCILoadbalancerHealthChecker PSCommand_Get-OCILoadbalancerHealthChecker PSCmdlet_Get-OCILoadbalancerHealthsList PSCommand_Get-OCILoadbalancerHealthsList PSCmdlet_Get-OCILoadbalancerHostname PSCommand_Get-OCILoadbalancerHostname PSCmdlet_Get-OCILoadbalancerHostnamesList PSCommand_Get-OCILoadbalancerHostnamesList PSCmdlet_Get-OCILoadbalancerListenerRulesList PSCommand_Get-OCILoadbalancerListenerRulesList PSCmdlet_Get-OCILoadbalancerPathRouteSet PSCommand_Get-OCILoadbalancerPathRouteSet PSCmdlet_Get-OCILoadbalancerPathRouteSetsList PSCommand_Get-OCILoadbalancerPathRouteSetsList PSCmdlet_Get-OCILoadbalancerPoliciesList PSCommand_Get-OCILoadbalancerPoliciesList PSCmdlet_Get-OCILoadbalancerProtocolsList PSCommand_Get-OCILoadbalancerProtocolsList PSCmdlet_Get-OCILoadbalancerRoutingPoliciesList PSCommand_Get-OCILoadbalancerRoutingPoliciesList PSCmdlet_Get-OCILoadbalancerRoutingPolicy PSCommand_Get-OCILoadbalancerRoutingPolicy PSCmdlet_Get-OCILoadbalancerRuleSet PSCommand_Get-OCILoadbalancerRuleSet PSCmdlet_Get-OCILoadbalancerRuleSetsList PSCommand_Get-OCILoadbalancerRuleSetsList PSCmdlet_Get-OCILoadbalancerShapesList PSCommand_Get-OCILoadbalancerShapesList PSCmdlet_Get-OCILoadbalancersList PSCommand_Get-OCILoadbalancersList PSCmdlet_Get-OCILoadbalancerSSLCipherSuite PSCommand_Get-OCILoadbalancerSSLCipherSuite PSCmdlet_Get-OCILoadbalancerSSLCipherSuitesList PSCommand_Get-OCILoadbalancerSSLCipherSuitesList PSCmdlet_Get-OCILoadbalancerWorkRequest PSCommand_Get-OCILoadbalancerWorkRequest PSCmdlet_Get-OCILoadbalancerWorkRequestsList PSCommand_Get-OCILoadbalancerWorkRequestsList PSCmdlet_Move-OCILoadbalancerCompartment PSCommand_Move-OCILoadbalancerCompartment PSCmdlet_New-OCILoadbalancer PSCommand_New-OCILoadbalancer PSCmdlet_New-OCILoadbalancerBackend PSCommand_New-OCILoadbalancerBackend PSCmdlet_New-OCILoadbalancerBackendSet PSCommand_New-OCILoadbalancerBackendSet PSCmdlet_New-OCILoadbalancerCertificate PSCommand_New-OCILoadbalancerCertificate PSCmdlet_New-OCILoadbalancerHostname PSCommand_New-OCILoadbalancerHostname PSCmdlet_New-OCILoadbalancerListener PSCommand_New-OCILoadbalancerListener PSCmdlet_New-OCILoadbalancerPathRouteSet PSCommand_New-OCILoadbalancerPathRouteSet PSCmdlet_New-OCILoadbalancerRoutingPolicy PSCommand_New-OCILoadbalancerRoutingPolicy PSCmdlet_New-OCILoadbalancerRuleSet PSCommand_New-OCILoadbalancerRuleSet PSCmdlet_New-OCILoadbalancerSSLCipherSuite PSCommand_New-OCILoadbalancerSSLCipherSuite PSCmdlet_Remove-OCILoadbalancer PSCommand_Remove-OCILoadbalancer PSCmdlet_Remove-OCILoadbalancerBackend PSCommand_Remove-OCILoadbalancerBackend PSCmdlet_Remove-OCILoadbalancerBackendSet PSCommand_Remove-OCILoadbalancerBackendSet PSCmdlet_Remove-OCILoadbalancerCertificate PSCommand_Remove-OCILoadbalancerCertificate PSCmdlet_Remove-OCILoadbalancerHostname PSCommand_Remove-OCILoadbalancerHostname PSCmdlet_Remove-OCILoadbalancerListener PSCommand_Remove-OCILoadbalancerListener PSCmdlet_Remove-OCILoadbalancerPathRouteSet PSCommand_Remove-OCILoadbalancerPathRouteSet PSCmdlet_Remove-OCILoadbalancerRoutingPolicy PSCommand_Remove-OCILoadbalancerRoutingPolicy PSCmdlet_Remove-OCILoadbalancerRuleSet PSCommand_Remove-OCILoadbalancerRuleSet PSCmdlet_Remove-OCILoadbalancerSSLCipherSuite PSCommand_Remove-OCILoadbalancerSSLCipherSuite PSCmdlet_Update-OCILoadbalancer PSCommand_Update-OCILoadbalancer PSCmdlet_Update-OCILoadbalancerBackend PSCommand_Update-OCILoadbalancerBackend PSCmdlet_Update-OCILoadbalancerBackendSet PSCommand_Update-OCILoadbalancerBackendSet PSCmdlet_Update-OCILoadbalancerHealthChecker PSCommand_Update-OCILoadbalancerHealthChecker PSCmdlet_Update-OCILoadbalancerHostname PSCommand_Update-OCILoadbalancerHostname PSCmdlet_Update-OCILoadbalancerListener PSCommand_Update-OCILoadbalancerListener PSCmdlet_Update-OCILoadbalancerNetworkSecurityGroups PSCommand_Update-OCILoadbalancerNetworkSecurityGroups PSCmdlet_Update-OCILoadbalancerPathRouteSet PSCommand_Update-OCILoadbalancerPathRouteSet PSCmdlet_Update-OCILoadbalancerRoutingPolicy PSCommand_Update-OCILoadbalancerRoutingPolicy PSCmdlet_Update-OCILoadbalancerRuleSet PSCommand_Update-OCILoadbalancerRuleSet PSCmdlet_Update-OCILoadbalancerShape PSCommand_Update-OCILoadbalancerShape PSCmdlet_Update-OCILoadbalancerSSLCipherSuite PSCommand_Update-OCILoadbalancerSSLCipherSuite PSIncludes_Cmdlet</S>
          <S N="developmentDependency">False</S>
          <S N="updated">2025-11-26T21:30:00Z</S>
          <S N="NormalizedVersion">120.0.0</S>
          <S N="Authors">Oracle Cloud Infrastructure</S>
          <S N="IsPrerelease">false</S>
          <S N="ItemType">Module</S>
          <S N="FileList">OCI.PSModules.Loadbalancer.nuspec|OCI.PSModules.Loadbalancer.dll-Help.xml|OCI.PSModules.Loadbalancer.psd1|LICENSE.txt|THIRD_PARTY_LICENSES.txt|assemblies\OCI.DotNetSDK.Loadbalancer.dll|assemblies\OCI.PSModules.Loadbalancer.dll</S>
          <S N="GUID">f5ec8fef-b511-4f9f-910d-3600a849ca41</S>
          <S N="PowerShellVersion">6.0</S>
          <S N="CompanyName">Oracle Corporation</S>
        </MS>
      </Obj>
      <S N="InstalledLocation">C:\Program Files\PowerShell\Modules\OCI.PSModules.Loadbalancer\120.0.0</S>
    </MS>
  </Obj>
</Objs>
