<?xml version="1.0"?>
<doc>
    <assembly>
        <name>AWS.Tools.IoTEvents</name>
    </assembly>
    <members>
        <member name="T:Amazon.PowerShell.Cmdlets.IOTE.AddIOTEResourceTagCmdlet">
            <summary>
            Adds to or modifies the tags of the given resource. Tags are metadata that can be
            used to manage a resource.
            </summary>
        </member>
        <member name="P:Amazon.PowerShell.Cmdlets.IOTE.AddIOTEResourceTagCmdlet.ResourceArn">
            <summary>
            <para>
            <para>The ARN of the resource.</para>
            </para>
            </summary>
        </member>
        <member name="P:Amazon.PowerShell.Cmdlets.IOTE.AddIOTEResourceTagCmdlet.Tag">
            <summary>
            <para>
            <para>The new or modified tags for the resource.</para>
            </para>
            </summary>
        </member>
        <member name="P:Amazon.PowerShell.Cmdlets.IOTE.AddIOTEResourceTagCmdlet.Select">
            <summary>
            Use the -Select parameter to control the cmdlet output. The cmdlet doesn't have a return value by default.
            Specifying -Select '*' will result in the cmdlet returning the whole service response (Amazon.IoTEvents.Model.TagResourceResponse).
            Specifying -Select '^ParameterName' will result in the cmdlet returning the selected cmdlet parameter value.
            </summary>
        </member>
        <member name="P:Amazon.PowerShell.Cmdlets.IOTE.AddIOTEResourceTagCmdlet.PassThru">
            <summary>
            Changes the cmdlet behavior to return the value passed to the ResourceArn parameter.
            The -PassThru parameter is deprecated, use -Select '^ResourceArn' instead. This parameter will be removed in a future version.
            </summary>
        </member>
        <member name="P:Amazon.PowerShell.Cmdlets.IOTE.AddIOTEResourceTagCmdlet.Force">
            <summary>
            This parameter overrides confirmation prompts to force 
            the cmdlet to continue its operation. This parameter should always
            be used with caution.
            </summary>
        </member>
        <member name="T:Amazon.PowerShell.Cmdlets.IOTE.GetIOTEAlarmModelCmdlet">
            <summary>
            Retrieves information about an alarm model. If you don't specify a value for the <c>alarmModelVersion</c>
            parameter, the latest version is returned.
            </summary>
        </member>
        <member name="P:Amazon.PowerShell.Cmdlets.IOTE.GetIOTEAlarmModelCmdlet.AlarmModelName">
            <summary>
            <para>
            <para>The name of the alarm model.</para>
            </para>
            </summary>
        </member>
        <member name="P:Amazon.PowerShell.Cmdlets.IOTE.GetIOTEAlarmModelCmdlet.AlarmModelVersion">
            <summary>
            <para>
            <para>The version of the alarm model.</para>
            </para>
            </summary>
        </member>
        <member name="P:Amazon.PowerShell.Cmdlets.IOTE.GetIOTEAlarmModelCmdlet.Select">
            <summary>
            Use the -Select parameter to control the cmdlet output. The default value is '*'.
            Specifying -Select '*' will result in the cmdlet returning the whole service response (Amazon.IoTEvents.Model.DescribeAlarmModelResponse).
            Specifying the name of a property of type Amazon.IoTEvents.Model.DescribeAlarmModelResponse will result in that property being returned.
            Specifying -Select '^ParameterName' will result in the cmdlet returning the selected cmdlet parameter value.
            </summary>
        </member>
        <member name="P:Amazon.PowerShell.Cmdlets.IOTE.GetIOTEAlarmModelCmdlet.PassThru">
            <summary>
            Changes the cmdlet behavior to return the value passed to the AlarmModelName parameter.
            The -PassThru parameter is deprecated, use -Select '^AlarmModelName' instead. This parameter will be removed in a future version.
            </summary>
        </member>
        <member name="T:Amazon.PowerShell.Cmdlets.IOTE.GetIOTEAlarmModelListCmdlet">
            <summary>
            Lists the alarm models that you created. The operation returns only the metadata associated
            with each alarm model.<br/><br/>This cmdlet automatically pages all available results to the pipeline - parameters related to iteration are only needed if you want to manually control the paginated output. To disable autopagination, use -NoAutoIteration.
            </summary>
        </member>
        <member name="P:Amazon.PowerShell.Cmdlets.IOTE.GetIOTEAlarmModelListCmdlet.MaxResult">
            <summary>
            <para>
            <para>The maximum number of results to be returned per request.</para>
            </para>
            </summary>
        </member>
        <member name="P:Amazon.PowerShell.Cmdlets.IOTE.GetIOTEAlarmModelListCmdlet.NextToken">
            <summary>
            <para>
            <para>The token that you can use to return the next set of results.</para>
            </para>
            <para>
            <br/><b>Note:</b> This parameter is only used if you are manually controlling output pagination of the service API call.
            <br/>'NextToken' is only returned by the cmdlet when '-Select *' is specified. In order to manually control output pagination, set '-NextToken' to null for the first call then set the 'NextToken' using the same property output from the previous call for subsequent calls.
            </para>
            </summary>
        </member>
        <member name="P:Amazon.PowerShell.Cmdlets.IOTE.GetIOTEAlarmModelListCmdlet.Select">
            <summary>
            Use the -Select parameter to control the cmdlet output. The default value is 'AlarmModelSummaries'.
            Specifying -Select '*' will result in the cmdlet returning the whole service response (Amazon.IoTEvents.Model.ListAlarmModelsResponse).
            Specifying the name of a property of type Amazon.IoTEvents.Model.ListAlarmModelsResponse will result in that property being returned.
            Specifying -Select '^ParameterName' will result in the cmdlet returning the selected cmdlet parameter value.
            </summary>
        </member>
        <member name="P:Amazon.PowerShell.Cmdlets.IOTE.GetIOTEAlarmModelListCmdlet.NoAutoIteration">
            <summary>
            By default the cmdlet will auto-iterate and retrieve all results to the pipeline by performing multiple
            service calls. If set, the cmdlet will retrieve only the next 'page' of results using the value of NextToken
            as the start point.
            </summary>
        </member>
        <member name="T:Amazon.PowerShell.Cmdlets.IOTE.GetIOTEAlarmModelVersionListCmdlet">
            <summary>
            Lists all the versions of an alarm model. The operation returns only the metadata
            associated with each alarm model version.<br/><br/>This cmdlet automatically pages all available results to the pipeline - parameters related to iteration are only needed if you want to manually control the paginated output. To disable autopagination, use -NoAutoIteration.
            </summary>
        </member>
        <member name="P:Amazon.PowerShell.Cmdlets.IOTE.GetIOTEAlarmModelVersionListCmdlet.AlarmModelName">
            <summary>
            <para>
            <para>The name of the alarm model.</para>
            </para>
            </summary>
        </member>
        <member name="P:Amazon.PowerShell.Cmdlets.IOTE.GetIOTEAlarmModelVersionListCmdlet.MaxResult">
            <summary>
            <para>
            <para>The maximum number of results to be returned per request.</para>
            </para>
            </summary>
        </member>
        <member name="P:Amazon.PowerShell.Cmdlets.IOTE.GetIOTEAlarmModelVersionListCmdlet.NextToken">
            <summary>
            <para>
            <para>The token that you can use to return the next set of results.</para>
            </para>
            <para>
            <br/><b>Note:</b> This parameter is only used if you are manually controlling output pagination of the service API call.
            <br/>'NextToken' is only returned by the cmdlet when '-Select *' is specified. In order to manually control output pagination, set '-NextToken' to null for the first call then set the 'NextToken' using the same property output from the previous call for subsequent calls.
            </para>
            </summary>
        </member>
        <member name="P:Amazon.PowerShell.Cmdlets.IOTE.GetIOTEAlarmModelVersionListCmdlet.Select">
            <summary>
            Use the -Select parameter to control the cmdlet output. The default value is 'AlarmModelVersionSummaries'.
            Specifying -Select '*' will result in the cmdlet returning the whole service response (Amazon.IoTEvents.Model.ListAlarmModelVersionsResponse).
            Specifying the name of a property of type Amazon.IoTEvents.Model.ListAlarmModelVersionsResponse will result in that property being returned.
            Specifying -Select '^ParameterName' will result in the cmdlet returning the selected cmdlet parameter value.
            </summary>
        </member>
        <member name="P:Amazon.PowerShell.Cmdlets.IOTE.GetIOTEAlarmModelVersionListCmdlet.PassThru">
            <summary>
            Changes the cmdlet behavior to return the value passed to the AlarmModelName parameter.
            The -PassThru parameter is deprecated, use -Select '^AlarmModelName' instead. This parameter will be removed in a future version.
            </summary>
        </member>
        <member name="P:Amazon.PowerShell.Cmdlets.IOTE.GetIOTEAlarmModelVersionListCmdlet.NoAutoIteration">
            <summary>
            By default the cmdlet will auto-iterate and retrieve all results to the pipeline by performing multiple
            service calls. If set, the cmdlet will retrieve only the next 'page' of results using the value of NextToken
            as the start point.
            </summary>
        </member>
        <member name="T:Amazon.PowerShell.Cmdlets.IOTE.GetIOTEDetectorModelCmdlet">
            <summary>
            Describes a detector model. If the <c>version</c> parameter is not specified, information
            about the latest version is returned.
            </summary>
        </member>
        <member name="P:Amazon.PowerShell.Cmdlets.IOTE.GetIOTEDetectorModelCmdlet.DetectorModelName">
            <summary>
            <para>
            <para>The name of the detector model.</para>
            </para>
            </summary>
        </member>
        <member name="P:Amazon.PowerShell.Cmdlets.IOTE.GetIOTEDetectorModelCmdlet.DetectorModelVersion">
            <summary>
            <para>
            <para>The version of the detector model.</para>
            </para>
            </summary>
        </member>
        <member name="P:Amazon.PowerShell.Cmdlets.IOTE.GetIOTEDetectorModelCmdlet.Select">
            <summary>
            Use the -Select parameter to control the cmdlet output. The default value is 'DetectorModel'.
            Specifying -Select '*' will result in the cmdlet returning the whole service response (Amazon.IoTEvents.Model.DescribeDetectorModelResponse).
            Specifying the name of a property of type Amazon.IoTEvents.Model.DescribeDetectorModelResponse will result in that property being returned.
            Specifying -Select '^ParameterName' will result in the cmdlet returning the selected cmdlet parameter value.
            </summary>
        </member>
        <member name="P:Amazon.PowerShell.Cmdlets.IOTE.GetIOTEDetectorModelCmdlet.PassThru">
            <summary>
            Changes the cmdlet behavior to return the value passed to the DetectorModelName parameter.
            The -PassThru parameter is deprecated, use -Select '^DetectorModelName' instead. This parameter will be removed in a future version.
            </summary>
        </member>
        <member name="T:Amazon.PowerShell.Cmdlets.IOTE.GetIOTEDetectorModelAnalysisCmdlet">
            <summary>
            Retrieves runtime information about a detector model analysis.
            
             <note><para>
            After AWS IoT Events starts analyzing your detector model, you have up to 24 hours
            to retrieve the analysis results.
            </para></note>
            </summary>
        </member>
        <member name="P:Amazon.PowerShell.Cmdlets.IOTE.GetIOTEDetectorModelAnalysisCmdlet.AnalysisId">
            <summary>
            <para>
            <para>The ID of the analysis result that you want to retrieve.</para>
            </para>
            </summary>
        </member>
        <member name="P:Amazon.PowerShell.Cmdlets.IOTE.GetIOTEDetectorModelAnalysisCmdlet.Select">
            <summary>
            Use the -Select parameter to control the cmdlet output. The default value is 'Status'.
            Specifying -Select '*' will result in the cmdlet returning the whole service response (Amazon.IoTEvents.Model.DescribeDetectorModelAnalysisResponse).
            Specifying the name of a property of type Amazon.IoTEvents.Model.DescribeDetectorModelAnalysisResponse will result in that property being returned.
            Specifying -Select '^ParameterName' will result in the cmdlet returning the selected cmdlet parameter value.
            </summary>
        </member>
        <member name="P:Amazon.PowerShell.Cmdlets.IOTE.GetIOTEDetectorModelAnalysisCmdlet.PassThru">
            <summary>
            Changes the cmdlet behavior to return the value passed to the AnalysisId parameter.
            The -PassThru parameter is deprecated, use -Select '^AnalysisId' instead. This parameter will be removed in a future version.
            </summary>
        </member>
        <member name="T:Amazon.PowerShell.Cmdlets.IOTE.GetIOTEDetectorModelAnalysisResultCmdlet">
            <summary>
            Retrieves one or more analysis results of the detector model.
            
             <note><para>
            After AWS IoT Events starts analyzing your detector model, you have up to 24 hours
            to retrieve the analysis results.
            </para></note><br/><br/>This cmdlet automatically pages all available results to the pipeline - parameters related to iteration are only needed if you want to manually control the paginated output. To disable autopagination, use -NoAutoIteration.
            </summary>
        </member>
        <member name="P:Amazon.PowerShell.Cmdlets.IOTE.GetIOTEDetectorModelAnalysisResultCmdlet.AnalysisId">
            <summary>
            <para>
            <para>The ID of the analysis result that you want to retrieve.</para>
            </para>
            </summary>
        </member>
        <member name="P:Amazon.PowerShell.Cmdlets.IOTE.GetIOTEDetectorModelAnalysisResultCmdlet.MaxResult">
            <summary>
            <para>
            <para>The maximum number of results to be returned per request.</para>
            </para>
            </summary>
        </member>
        <member name="P:Amazon.PowerShell.Cmdlets.IOTE.GetIOTEDetectorModelAnalysisResultCmdlet.NextToken">
            <summary>
            <para>
            <para>The token that you can use to return the next set of results.</para>
            </para>
            <para>
            <br/><b>Note:</b> This parameter is only used if you are manually controlling output pagination of the service API call.
            <br/>'NextToken' is only returned by the cmdlet when '-Select *' is specified. In order to manually control output pagination, set '-NextToken' to null for the first call then set the 'NextToken' using the same property output from the previous call for subsequent calls.
            </para>
            </summary>
        </member>
        <member name="P:Amazon.PowerShell.Cmdlets.IOTE.GetIOTEDetectorModelAnalysisResultCmdlet.Select">
            <summary>
            Use the -Select parameter to control the cmdlet output. The default value is 'AnalysisResults'.
            Specifying -Select '*' will result in the cmdlet returning the whole service response (Amazon.IoTEvents.Model.GetDetectorModelAnalysisResultsResponse).
            Specifying the name of a property of type Amazon.IoTEvents.Model.GetDetectorModelAnalysisResultsResponse will result in that property being returned.
            Specifying -Select '^ParameterName' will result in the cmdlet returning the selected cmdlet parameter value.
            </summary>
        </member>
        <member name="P:Amazon.PowerShell.Cmdlets.IOTE.GetIOTEDetectorModelAnalysisResultCmdlet.PassThru">
            <summary>
            Changes the cmdlet behavior to return the value passed to the AnalysisId parameter.
            The -PassThru parameter is deprecated, use -Select '^AnalysisId' instead. This parameter will be removed in a future version.
            </summary>
        </member>
        <member name="P:Amazon.PowerShell.Cmdlets.IOTE.GetIOTEDetectorModelAnalysisResultCmdlet.NoAutoIteration">
            <summary>
            By default the cmdlet will auto-iterate and retrieve all results to the pipeline by performing multiple
            service calls. If set, the cmdlet will retrieve only the next 'page' of results using the value of NextToken
            as the start point.
            </summary>
        </member>
        <member name="T:Amazon.PowerShell.Cmdlets.IOTE.GetIOTEDetectorModelListCmdlet">
            <summary>
            Lists the detector models you have created. Only the metadata associated with each
            detector model is returned.<br/><br/>This cmdlet automatically pages all available results to the pipeline - parameters related to iteration are only needed if you want to manually control the paginated output. To disable autopagination, use -NoAutoIteration.
            </summary>
        </member>
        <member name="P:Amazon.PowerShell.Cmdlets.IOTE.GetIOTEDetectorModelListCmdlet.MaxResult">
            <summary>
            <para>
            <para>The maximum number of results to be returned per request.</para>
            </para>
            <para>
            <br/><b>Note:</b> In AWSPowerShell and AWSPowerShell.NetCore this parameter is used to limit the total number of items returned by the cmdlet.
            <br/>In AWS.Tools this parameter is simply passed to the service to specify how many items should be returned by each service call.
            <br/>Pipe the output of this cmdlet into Select-Object -First to terminate retrieving data pages early and control the number of items returned.
            </para>
            </summary>
        </member>
        <member name="P:Amazon.PowerShell.Cmdlets.IOTE.GetIOTEDetectorModelListCmdlet.NextToken">
            <summary>
            <para>
            <para>The token that you can use to return the next set of results.</para>
            </para>
            <para>
            <br/><b>Note:</b> This parameter is only used if you are manually controlling output pagination of the service API call.
            <br/>'NextToken' is only returned by the cmdlet when '-Select *' is specified. In order to manually control output pagination, set '-NextToken' to null for the first call then set the 'NextToken' using the same property output from the previous call for subsequent calls.
            </para>
            </summary>
        </member>
        <member name="P:Amazon.PowerShell.Cmdlets.IOTE.GetIOTEDetectorModelListCmdlet.Select">
            <summary>
            Use the -Select parameter to control the cmdlet output. The default value is 'DetectorModelSummaries'.
            Specifying -Select '*' will result in the cmdlet returning the whole service response (Amazon.IoTEvents.Model.ListDetectorModelsResponse).
            Specifying the name of a property of type Amazon.IoTEvents.Model.ListDetectorModelsResponse will result in that property being returned.
            Specifying -Select '^ParameterName' will result in the cmdlet returning the selected cmdlet parameter value.
            </summary>
        </member>
        <member name="P:Amazon.PowerShell.Cmdlets.IOTE.GetIOTEDetectorModelListCmdlet.NoAutoIteration">
            <summary>
            By default the cmdlet will auto-iterate and retrieve all results to the pipeline by performing multiple
            service calls. If set, the cmdlet will retrieve only the next 'page' of results using the value of NextToken
            as the start point.
            </summary>
        </member>
        <member name="T:Amazon.PowerShell.Cmdlets.IOTE.GetIOTEDetectorModelVersionListCmdlet">
            <summary>
            Lists all the versions of a detector model. Only the metadata associated with each
            detector model version is returned.<br/><br/>This cmdlet automatically pages all available results to the pipeline - parameters related to iteration are only needed if you want to manually control the paginated output. To disable autopagination, use -NoAutoIteration.
            </summary>
        </member>
        <member name="P:Amazon.PowerShell.Cmdlets.IOTE.GetIOTEDetectorModelVersionListCmdlet.DetectorModelName">
            <summary>
            <para>
            <para>The name of the detector model whose versions are returned.</para>
            </para>
            </summary>
        </member>
        <member name="P:Amazon.PowerShell.Cmdlets.IOTE.GetIOTEDetectorModelVersionListCmdlet.MaxResult">
            <summary>
            <para>
            <para>The maximum number of results to be returned per request.</para>
            </para>
            <para>
            <br/><b>Note:</b> In AWSPowerShell and AWSPowerShell.NetCore this parameter is used to limit the total number of items returned by the cmdlet.
            <br/>In AWS.Tools this parameter is simply passed to the service to specify how many items should be returned by each service call.
            <br/>Pipe the output of this cmdlet into Select-Object -First to terminate retrieving data pages early and control the number of items returned.
            </para>
            </summary>
        </member>
        <member name="P:Amazon.PowerShell.Cmdlets.IOTE.GetIOTEDetectorModelVersionListCmdlet.NextToken">
            <summary>
            <para>
            <para>The token that you can use to return the next set of results.</para>
            </para>
            <para>
            <br/><b>Note:</b> This parameter is only used if you are manually controlling output pagination of the service API call.
            <br/>'NextToken' is only returned by the cmdlet when '-Select *' is specified. In order to manually control output pagination, set '-NextToken' to null for the first call then set the 'NextToken' using the same property output from the previous call for subsequent calls.
            </para>
            </summary>
        </member>
        <member name="P:Amazon.PowerShell.Cmdlets.IOTE.GetIOTEDetectorModelVersionListCmdlet.Select">
            <summary>
            Use the -Select parameter to control the cmdlet output. The default value is 'DetectorModelVersionSummaries'.
            Specifying -Select '*' will result in the cmdlet returning the whole service response (Amazon.IoTEvents.Model.ListDetectorModelVersionsResponse).
            Specifying the name of a property of type Amazon.IoTEvents.Model.ListDetectorModelVersionsResponse will result in that property being returned.
            Specifying -Select '^ParameterName' will result in the cmdlet returning the selected cmdlet parameter value.
            </summary>
        </member>
        <member name="P:Amazon.PowerShell.Cmdlets.IOTE.GetIOTEDetectorModelVersionListCmdlet.PassThru">
            <summary>
            Changes the cmdlet behavior to return the value passed to the DetectorModelName parameter.
            The -PassThru parameter is deprecated, use -Select '^DetectorModelName' instead. This parameter will be removed in a future version.
            </summary>
        </member>
        <member name="P:Amazon.PowerShell.Cmdlets.IOTE.GetIOTEDetectorModelVersionListCmdlet.NoAutoIteration">
            <summary>
            By default the cmdlet will auto-iterate and retrieve all results to the pipeline by performing multiple
            service calls. If set, the cmdlet will retrieve only the next 'page' of results using the value of NextToken
            as the start point.
            </summary>
        </member>
        <member name="T:Amazon.PowerShell.Cmdlets.IOTE.GetIOTEInputCmdlet">
            <summary>
            Describes an input.
            </summary>
        </member>
        <member name="P:Amazon.PowerShell.Cmdlets.IOTE.GetIOTEInputCmdlet.InputName">
            <summary>
            <para>
            <para>The name of the input.</para>
            </para>
            </summary>
        </member>
        <member name="P:Amazon.PowerShell.Cmdlets.IOTE.GetIOTEInputCmdlet.Select">
            <summary>
            Use the -Select parameter to control the cmdlet output. The default value is 'Input'.
            Specifying -Select '*' will result in the cmdlet returning the whole service response (Amazon.IoTEvents.Model.DescribeInputResponse).
            Specifying the name of a property of type Amazon.IoTEvents.Model.DescribeInputResponse will result in that property being returned.
            Specifying -Select '^ParameterName' will result in the cmdlet returning the selected cmdlet parameter value.
            </summary>
        </member>
        <member name="P:Amazon.PowerShell.Cmdlets.IOTE.GetIOTEInputCmdlet.PassThru">
            <summary>
            Changes the cmdlet behavior to return the value passed to the InputName parameter.
            The -PassThru parameter is deprecated, use -Select '^InputName' instead. This parameter will be removed in a future version.
            </summary>
        </member>
        <member name="T:Amazon.PowerShell.Cmdlets.IOTE.GetIOTEInputListCmdlet">
            <summary>
            Lists the inputs you have created.<br/><br/>This cmdlet automatically pages all available results to the pipeline - parameters related to iteration are only needed if you want to manually control the paginated output. To disable autopagination, use -NoAutoIteration.
            </summary>
        </member>
        <member name="P:Amazon.PowerShell.Cmdlets.IOTE.GetIOTEInputListCmdlet.MaxResult">
            <summary>
            <para>
            <para>The maximum number of results to be returned per request.</para>
            </para>
            <para>
            <br/><b>Note:</b> In AWSPowerShell and AWSPowerShell.NetCore this parameter is used to limit the total number of items returned by the cmdlet.
            <br/>In AWS.Tools this parameter is simply passed to the service to specify how many items should be returned by each service call.
            <br/>Pipe the output of this cmdlet into Select-Object -First to terminate retrieving data pages early and control the number of items returned.
            </para>
            </summary>
        </member>
        <member name="P:Amazon.PowerShell.Cmdlets.IOTE.GetIOTEInputListCmdlet.NextToken">
            <summary>
            <para>
            <para>The token that you can use to return the next set of results.</para>
            </para>
            <para>
            <br/><b>Note:</b> This parameter is only used if you are manually controlling output pagination of the service API call.
            <br/>'NextToken' is only returned by the cmdlet when '-Select *' is specified. In order to manually control output pagination, set '-NextToken' to null for the first call then set the 'NextToken' using the same property output from the previous call for subsequent calls.
            </para>
            </summary>
        </member>
        <member name="P:Amazon.PowerShell.Cmdlets.IOTE.GetIOTEInputListCmdlet.Select">
            <summary>
            Use the -Select parameter to control the cmdlet output. The default value is 'InputSummaries'.
            Specifying -Select '*' will result in the cmdlet returning the whole service response (Amazon.IoTEvents.Model.ListInputsResponse).
            Specifying the name of a property of type Amazon.IoTEvents.Model.ListInputsResponse will result in that property being returned.
            Specifying -Select '^ParameterName' will result in the cmdlet returning the selected cmdlet parameter value.
            </summary>
        </member>
        <member name="P:Amazon.PowerShell.Cmdlets.IOTE.GetIOTEInputListCmdlet.NoAutoIteration">
            <summary>
            By default the cmdlet will auto-iterate and retrieve all results to the pipeline by performing multiple
            service calls. If set, the cmdlet will retrieve only the next 'page' of results using the value of NextToken
            as the start point.
            </summary>
        </member>
        <member name="T:Amazon.PowerShell.Cmdlets.IOTE.GetIOTEInputRoutingListCmdlet">
            <summary>
            Lists one or more input routings.<br/><br/>This cmdlet automatically pages all available results to the pipeline - parameters related to iteration are only needed if you want to manually control the paginated output. To disable autopagination, use -NoAutoIteration.
            </summary>
        </member>
        <member name="P:Amazon.PowerShell.Cmdlets.IOTE.GetIOTEInputRoutingListCmdlet.IotSiteWiseAssetModelPropertyIdentifier_AssetModelId">
            <summary>
            <para>
            <para> The ID of the AWS IoT SiteWise asset model. </para>
            </para>
            </summary>
        </member>
        <member name="P:Amazon.PowerShell.Cmdlets.IOTE.GetIOTEInputRoutingListCmdlet.IotEventsInputIdentifier_InputName">
            <summary>
            <para>
            <para> The name of the input routed to AWS IoT Events. </para>
            </para>
            </summary>
        </member>
        <member name="P:Amazon.PowerShell.Cmdlets.IOTE.GetIOTEInputRoutingListCmdlet.IotSiteWiseAssetModelPropertyIdentifier_PropertyId">
            <summary>
            <para>
            <para> The ID of the AWS IoT SiteWise asset property. </para>
            </para>
            </summary>
        </member>
        <member name="P:Amazon.PowerShell.Cmdlets.IOTE.GetIOTEInputRoutingListCmdlet.MaxResult">
            <summary>
            <para>
            <para> The maximum number of results to be returned per request. </para>
            </para>
            </summary>
        </member>
        <member name="P:Amazon.PowerShell.Cmdlets.IOTE.GetIOTEInputRoutingListCmdlet.NextToken">
            <summary>
            <para>
            <para> The token that you can use to return the next set of results. </para>
            </para>
            <para>
            <br/><b>Note:</b> This parameter is only used if you are manually controlling output pagination of the service API call.
            <br/>'NextToken' is only returned by the cmdlet when '-Select *' is specified. In order to manually control output pagination, set '-NextToken' to null for the first call then set the 'NextToken' using the same property output from the previous call for subsequent calls.
            </para>
            </summary>
        </member>
        <member name="P:Amazon.PowerShell.Cmdlets.IOTE.GetIOTEInputRoutingListCmdlet.Select">
            <summary>
            Use the -Select parameter to control the cmdlet output. The default value is 'RoutedResources'.
            Specifying -Select '*' will result in the cmdlet returning the whole service response (Amazon.IoTEvents.Model.ListInputRoutingsResponse).
            Specifying the name of a property of type Amazon.IoTEvents.Model.ListInputRoutingsResponse will result in that property being returned.
            Specifying -Select '^ParameterName' will result in the cmdlet returning the selected cmdlet parameter value.
            </summary>
        </member>
        <member name="P:Amazon.PowerShell.Cmdlets.IOTE.GetIOTEInputRoutingListCmdlet.NoAutoIteration">
            <summary>
            By default the cmdlet will auto-iterate and retrieve all results to the pipeline by performing multiple
            service calls. If set, the cmdlet will retrieve only the next 'page' of results using the value of NextToken
            as the start point.
            </summary>
        </member>
        <member name="T:Amazon.PowerShell.Cmdlets.IOTE.GetIOTELoggingOptionCmdlet">
            <summary>
            Retrieves the current settings of the AWS IoT Events logging options.
            </summary>
        </member>
        <member name="P:Amazon.PowerShell.Cmdlets.IOTE.GetIOTELoggingOptionCmdlet.Select">
            <summary>
            Use the -Select parameter to control the cmdlet output. The default value is 'LoggingOptions'.
            Specifying -Select '*' will result in the cmdlet returning the whole service response (Amazon.IoTEvents.Model.DescribeLoggingOptionsResponse).
            Specifying the name of a property of type Amazon.IoTEvents.Model.DescribeLoggingOptionsResponse will result in that property being returned.
            Specifying -Select '^ParameterName' will result in the cmdlet returning the selected cmdlet parameter value.
            </summary>
        </member>
        <member name="T:Amazon.PowerShell.Cmdlets.IOTE.GetIOTEResourceTagCmdlet">
            <summary>
            Lists the tags (metadata) you have assigned to the resource.
            </summary>
        </member>
        <member name="P:Amazon.PowerShell.Cmdlets.IOTE.GetIOTEResourceTagCmdlet.ResourceArn">
            <summary>
            <para>
            <para>The ARN of the resource.</para>
            </para>
            </summary>
        </member>
        <member name="P:Amazon.PowerShell.Cmdlets.IOTE.GetIOTEResourceTagCmdlet.Select">
            <summary>
            Use the -Select parameter to control the cmdlet output. The default value is 'Tags'.
            Specifying -Select '*' will result in the cmdlet returning the whole service response (Amazon.IoTEvents.Model.ListTagsForResourceResponse).
            Specifying the name of a property of type Amazon.IoTEvents.Model.ListTagsForResourceResponse will result in that property being returned.
            Specifying -Select '^ParameterName' will result in the cmdlet returning the selected cmdlet parameter value.
            </summary>
        </member>
        <member name="P:Amazon.PowerShell.Cmdlets.IOTE.GetIOTEResourceTagCmdlet.PassThru">
            <summary>
            Changes the cmdlet behavior to return the value passed to the ResourceArn parameter.
            The -PassThru parameter is deprecated, use -Select '^ResourceArn' instead. This parameter will be removed in a future version.
            </summary>
        </member>
        <member name="T:Amazon.PowerShell.Cmdlets.IOTE.NewIOTEAlarmModelCmdlet">
            <summary>
            Creates an alarm model to monitor an AWS IoT Events input attribute. You can use the
            alarm to get notified when the value is outside a specified range. For more information,
            see <a href="https://docs.aws.amazon.com/iotevents/latest/developerguide/create-alarms.html">Create
            an alarm model</a> in the <i>AWS IoT Events Developer Guide</i>.
            </summary>
        </member>
        <member name="P:Amazon.PowerShell.Cmdlets.IOTE.NewIOTEAlarmModelCmdlet.AlarmEventActions_AlarmAction">
            <summary>
            <para>
            <para>Specifies one or more supported actions to receive notifications when the alarm state
            changes.</para>
            </para>
            </summary>
        </member>
        <member name="P:Amazon.PowerShell.Cmdlets.IOTE.NewIOTEAlarmModelCmdlet.AlarmModelDescription">
            <summary>
            <para>
            <para>A description that tells you what the alarm model detects.</para>
            </para>
            </summary>
        </member>
        <member name="P:Amazon.PowerShell.Cmdlets.IOTE.NewIOTEAlarmModelCmdlet.AlarmModelName">
            <summary>
            <para>
            <para>A unique name that helps you identify the alarm model. You can't change this name
            after you create the alarm model.</para>
            </para>
            </summary>
        </member>
        <member name="P:Amazon.PowerShell.Cmdlets.IOTE.NewIOTEAlarmModelCmdlet.SimpleRule_ComparisonOperator">
            <summary>
            <para>
            <para>The comparison operator.</para>
            </para>
            </summary>
        </member>
        <member name="P:Amazon.PowerShell.Cmdlets.IOTE.NewIOTEAlarmModelCmdlet.InitializationConfiguration_DisabledOnInitialization">
            <summary>
            <para>
            <para>The value must be <c>TRUE</c> or <c>FALSE</c>. If <c>FALSE</c>, all alarm instances
            created based on the alarm model are activated. The default value is <c>TRUE</c>.</para>
            </para>
            </summary>
        </member>
        <member name="P:Amazon.PowerShell.Cmdlets.IOTE.NewIOTEAlarmModelCmdlet.AcknowledgeFlow_Enabled">
            <summary>
            <para>
            <para>The value must be <c>TRUE</c> or <c>FALSE</c>. If <c>TRUE</c>, you receive a notification
            when the alarm state changes. You must choose to acknowledge the notification before
            the alarm state can return to <c>NORMAL</c>. If <c>FALSE</c>, you won't receive notifications.
            The alarm automatically changes to the <c>NORMAL</c> state when the input property
            value returns to the specified range.</para>
            </para>
            </summary>
        </member>
        <member name="P:Amazon.PowerShell.Cmdlets.IOTE.NewIOTEAlarmModelCmdlet.SimpleRule_InputProperty">
            <summary>
            <para>
            <para>The value on the left side of the comparison operator. You can specify an AWS IoT
            Events input attribute as an input property.</para>
            </para>
            </summary>
        </member>
        <member name="P:Amazon.PowerShell.Cmdlets.IOTE.NewIOTEAlarmModelCmdlet.Key">
            <summary>
            <para>
            <para>An input attribute used as a key to create an alarm. AWS IoT Events routes <a href="https://docs.aws.amazon.com/iotevents/latest/apireference/API_Input.html">inputs</a>
            associated with this key to the alarm.</para>
            </para>
            </summary>
        </member>
        <member name="P:Amazon.PowerShell.Cmdlets.IOTE.NewIOTEAlarmModelCmdlet.AlarmNotification_NotificationAction">
            <summary>
            <para>
            <para>Contains the notification settings of an alarm model. The settings apply to all alarms
            that were created based on this alarm model.</para>
            </para>
            </summary>
        </member>
        <member name="P:Amazon.PowerShell.Cmdlets.IOTE.NewIOTEAlarmModelCmdlet.RoleArn">
            <summary>
            <para>
            <para>The ARN of the IAM role that allows the alarm to perform actions and access AWS resources.
            For more information, see <a href="https://docs.aws.amazon.com/general/latest/gr/aws-arns-and-namespaces.html">Amazon
            Resource Names (ARNs)</a> in the <i>AWS General Reference</i>.</para>
            </para>
            </summary>
        </member>
        <member name="P:Amazon.PowerShell.Cmdlets.IOTE.NewIOTEAlarmModelCmdlet.Severity">
            <summary>
            <para>
            <para>A non-negative integer that reflects the severity level of the alarm.</para>
            </para>
            </summary>
        </member>
        <member name="P:Amazon.PowerShell.Cmdlets.IOTE.NewIOTEAlarmModelCmdlet.Tag">
            <summary>
            <para>
            <para>A list of key-value pairs that contain metadata for the alarm model. The tags help
            you manage the alarm model. For more information, see <a href="https://docs.aws.amazon.com/iotevents/latest/developerguide/tagging-iotevents.html">Tagging
            your AWS IoT Events resources</a> in the <i>AWS IoT Events Developer Guide</i>.</para><para>You can create up to 50 tags for one alarm model.</para>
            </para>
            </summary>
        </member>
        <member name="P:Amazon.PowerShell.Cmdlets.IOTE.NewIOTEAlarmModelCmdlet.SimpleRule_Threshold">
            <summary>
            <para>
            <para>The value on the right side of the comparison operator. You can enter a number or
            specify an AWS IoT Events input attribute.</para>
            </para>
            </summary>
        </member>
        <member name="P:Amazon.PowerShell.Cmdlets.IOTE.NewIOTEAlarmModelCmdlet.Select">
            <summary>
            Use the -Select parameter to control the cmdlet output. The default value is '*'.
            Specifying -Select '*' will result in the cmdlet returning the whole service response (Amazon.IoTEvents.Model.CreateAlarmModelResponse).
            Specifying the name of a property of type Amazon.IoTEvents.Model.CreateAlarmModelResponse will result in that property being returned.
            Specifying -Select '^ParameterName' will result in the cmdlet returning the selected cmdlet parameter value.
            </summary>
        </member>
        <member name="P:Amazon.PowerShell.Cmdlets.IOTE.NewIOTEAlarmModelCmdlet.Force">
            <summary>
            This parameter overrides confirmation prompts to force 
            the cmdlet to continue its operation. This parameter should always
            be used with caution.
            </summary>
        </member>
        <member name="T:Amazon.PowerShell.Cmdlets.IOTE.NewIOTEDetectorModelCmdlet">
            <summary>
            Creates a detector model.
            </summary>
        </member>
        <member name="P:Amazon.PowerShell.Cmdlets.IOTE.NewIOTEDetectorModelCmdlet.DetectorModelDescription">
            <summary>
            <para>
            <para>A brief description of the detector model.</para>
            </para>
            </summary>
        </member>
        <member name="P:Amazon.PowerShell.Cmdlets.IOTE.NewIOTEDetectorModelCmdlet.DetectorModelName">
            <summary>
            <para>
            <para>The name of the detector model.</para>
            </para>
            </summary>
        </member>
        <member name="P:Amazon.PowerShell.Cmdlets.IOTE.NewIOTEDetectorModelCmdlet.EvaluationMethod">
            <summary>
            <para>
            <para>Information about the order in which events are evaluated and how actions are executed.
            </para>
            </para>
            </summary>
        </member>
        <member name="P:Amazon.PowerShell.Cmdlets.IOTE.NewIOTEDetectorModelCmdlet.DetectorModelDefinition_InitialStateName">
            <summary>
            <para>
            <para>The state that is entered at the creation of each detector (instance).</para>
            </para>
            </summary>
        </member>
        <member name="P:Amazon.PowerShell.Cmdlets.IOTE.NewIOTEDetectorModelCmdlet.Key">
            <summary>
            <para>
            <para>The input attribute key used to identify a device or system to create a detector (an
            instance of the detector model) and then to route each input received to the appropriate
            detector (instance). This parameter uses a JSON-path expression in the message payload
            of each input to specify the attribute-value pair that is used to identify the device
            associated with the input.</para>
            </para>
            </summary>
        </member>
        <member name="P:Amazon.PowerShell.Cmdlets.IOTE.NewIOTEDetectorModelCmdlet.RoleArn">
            <summary>
            <para>
            <para>The ARN of the role that grants permission to AWS IoT Events to perform its operations.</para>
            </para>
            </summary>
        </member>
        <member name="P:Amazon.PowerShell.Cmdlets.IOTE.NewIOTEDetectorModelCmdlet.DetectorModelDefinition_State">
            <summary>
            <para>
            <para>Information about the states of the detector.</para>
            </para>
            </summary>
        </member>
        <member name="P:Amazon.PowerShell.Cmdlets.IOTE.NewIOTEDetectorModelCmdlet.Tag">
            <summary>
            <para>
            <para>Metadata that can be used to manage the detector model.</para>
            </para>
            </summary>
        </member>
        <member name="P:Amazon.PowerShell.Cmdlets.IOTE.NewIOTEDetectorModelCmdlet.Select">
            <summary>
            Use the -Select parameter to control the cmdlet output. The default value is 'DetectorModelConfiguration'.
            Specifying -Select '*' will result in the cmdlet returning the whole service response (Amazon.IoTEvents.Model.CreateDetectorModelResponse).
            Specifying the name of a property of type Amazon.IoTEvents.Model.CreateDetectorModelResponse will result in that property being returned.
            Specifying -Select '^ParameterName' will result in the cmdlet returning the selected cmdlet parameter value.
            </summary>
        </member>
        <member name="P:Amazon.PowerShell.Cmdlets.IOTE.NewIOTEDetectorModelCmdlet.PassThru">
            <summary>
            Changes the cmdlet behavior to return the value passed to the DetectorModelName parameter.
            The -PassThru parameter is deprecated, use -Select '^DetectorModelName' instead. This parameter will be removed in a future version.
            </summary>
        </member>
        <member name="P:Amazon.PowerShell.Cmdlets.IOTE.NewIOTEDetectorModelCmdlet.Force">
            <summary>
            This parameter overrides confirmation prompts to force 
            the cmdlet to continue its operation. This parameter should always
            be used with caution.
            </summary>
        </member>
        <member name="T:Amazon.PowerShell.Cmdlets.IOTE.NewIOTEInputCmdlet">
            <summary>
            Creates an input.
            </summary>
        </member>
        <member name="P:Amazon.PowerShell.Cmdlets.IOTE.NewIOTEInputCmdlet.InputDefinition_Attribute">
            <summary>
            <para>
            <para>The attributes from the JSON payload that are made available by the input. Inputs
            are derived from messages sent to the AWS IoT Events system using <c>BatchPutMessage</c>.
            Each such message contains a JSON payload, and those attributes (and their paired
            values) specified here are available for use in the <c>condition</c> expressions used
            by detectors that monitor this input. </para>
            </para>
            </summary>
        </member>
        <member name="P:Amazon.PowerShell.Cmdlets.IOTE.NewIOTEInputCmdlet.InputDescription">
            <summary>
            <para>
            <para>A brief description of the input.</para>
            </para>
            </summary>
        </member>
        <member name="P:Amazon.PowerShell.Cmdlets.IOTE.NewIOTEInputCmdlet.InputName">
            <summary>
            <para>
            <para>The name you want to give to the input.</para>
            </para>
            </summary>
        </member>
        <member name="P:Amazon.PowerShell.Cmdlets.IOTE.NewIOTEInputCmdlet.Tag">
            <summary>
            <para>
            <para>Metadata that can be used to manage the input.</para>
            </para>
            </summary>
        </member>
        <member name="P:Amazon.PowerShell.Cmdlets.IOTE.NewIOTEInputCmdlet.Select">
            <summary>
            Use the -Select parameter to control the cmdlet output. The default value is 'InputConfiguration'.
            Specifying -Select '*' will result in the cmdlet returning the whole service response (Amazon.IoTEvents.Model.CreateInputResponse).
            Specifying the name of a property of type Amazon.IoTEvents.Model.CreateInputResponse will result in that property being returned.
            Specifying -Select '^ParameterName' will result in the cmdlet returning the selected cmdlet parameter value.
            </summary>
        </member>
        <member name="P:Amazon.PowerShell.Cmdlets.IOTE.NewIOTEInputCmdlet.PassThru">
            <summary>
            Changes the cmdlet behavior to return the value passed to the InputName parameter.
            The -PassThru parameter is deprecated, use -Select '^InputName' instead. This parameter will be removed in a future version.
            </summary>
        </member>
        <member name="P:Amazon.PowerShell.Cmdlets.IOTE.NewIOTEInputCmdlet.Force">
            <summary>
            This parameter overrides confirmation prompts to force 
            the cmdlet to continue its operation. This parameter should always
            be used with caution.
            </summary>
        </member>
        <member name="T:Amazon.PowerShell.Cmdlets.IOTE.RemoveIOTEAlarmModelCmdlet">
            <summary>
            Deletes an alarm model. Any alarm instances that were created based on this alarm
            model are also deleted. This action can't be undone.
            </summary>
        </member>
        <member name="P:Amazon.PowerShell.Cmdlets.IOTE.RemoveIOTEAlarmModelCmdlet.AlarmModelName">
            <summary>
            <para>
            <para>The name of the alarm model.</para>
            </para>
            </summary>
        </member>
        <member name="P:Amazon.PowerShell.Cmdlets.IOTE.RemoveIOTEAlarmModelCmdlet.Select">
            <summary>
            Use the -Select parameter to control the cmdlet output. The cmdlet doesn't have a return value by default.
            Specifying -Select '*' will result in the cmdlet returning the whole service response (Amazon.IoTEvents.Model.DeleteAlarmModelResponse).
            Specifying -Select '^ParameterName' will result in the cmdlet returning the selected cmdlet parameter value.
            </summary>
        </member>
        <member name="P:Amazon.PowerShell.Cmdlets.IOTE.RemoveIOTEAlarmModelCmdlet.PassThru">
            <summary>
            Changes the cmdlet behavior to return the value passed to the AlarmModelName parameter.
            The -PassThru parameter is deprecated, use -Select '^AlarmModelName' instead. This parameter will be removed in a future version.
            </summary>
        </member>
        <member name="P:Amazon.PowerShell.Cmdlets.IOTE.RemoveIOTEAlarmModelCmdlet.Force">
            <summary>
            This parameter overrides confirmation prompts to force 
            the cmdlet to continue its operation. This parameter should always
            be used with caution.
            </summary>
        </member>
        <member name="T:Amazon.PowerShell.Cmdlets.IOTE.RemoveIOTEDetectorModelCmdlet">
            <summary>
            Deletes a detector model. Any active instances of the detector model are also deleted.
            </summary>
        </member>
        <member name="P:Amazon.PowerShell.Cmdlets.IOTE.RemoveIOTEDetectorModelCmdlet.DetectorModelName">
            <summary>
            <para>
            <para>The name of the detector model to be deleted.</para>
            </para>
            </summary>
        </member>
        <member name="P:Amazon.PowerShell.Cmdlets.IOTE.RemoveIOTEDetectorModelCmdlet.Select">
            <summary>
            Use the -Select parameter to control the cmdlet output. The cmdlet doesn't have a return value by default.
            Specifying -Select '*' will result in the cmdlet returning the whole service response (Amazon.IoTEvents.Model.DeleteDetectorModelResponse).
            Specifying -Select '^ParameterName' will result in the cmdlet returning the selected cmdlet parameter value.
            </summary>
        </member>
        <member name="P:Amazon.PowerShell.Cmdlets.IOTE.RemoveIOTEDetectorModelCmdlet.PassThru">
            <summary>
            Changes the cmdlet behavior to return the value passed to the DetectorModelName parameter.
            The -PassThru parameter is deprecated, use -Select '^DetectorModelName' instead. This parameter will be removed in a future version.
            </summary>
        </member>
        <member name="P:Amazon.PowerShell.Cmdlets.IOTE.RemoveIOTEDetectorModelCmdlet.Force">
            <summary>
            This parameter overrides confirmation prompts to force 
            the cmdlet to continue its operation. This parameter should always
            be used with caution.
            </summary>
        </member>
        <member name="T:Amazon.PowerShell.Cmdlets.IOTE.RemoveIOTEInputCmdlet">
            <summary>
            Deletes an input.
            </summary>
        </member>
        <member name="P:Amazon.PowerShell.Cmdlets.IOTE.RemoveIOTEInputCmdlet.InputName">
            <summary>
            <para>
            <para>The name of the input to delete.</para>
            </para>
            </summary>
        </member>
        <member name="P:Amazon.PowerShell.Cmdlets.IOTE.RemoveIOTEInputCmdlet.Select">
            <summary>
            Use the -Select parameter to control the cmdlet output. The cmdlet doesn't have a return value by default.
            Specifying -Select '*' will result in the cmdlet returning the whole service response (Amazon.IoTEvents.Model.DeleteInputResponse).
            Specifying -Select '^ParameterName' will result in the cmdlet returning the selected cmdlet parameter value.
            </summary>
        </member>
        <member name="P:Amazon.PowerShell.Cmdlets.IOTE.RemoveIOTEInputCmdlet.PassThru">
            <summary>
            Changes the cmdlet behavior to return the value passed to the InputName parameter.
            The -PassThru parameter is deprecated, use -Select '^InputName' instead. This parameter will be removed in a future version.
            </summary>
        </member>
        <member name="P:Amazon.PowerShell.Cmdlets.IOTE.RemoveIOTEInputCmdlet.Force">
            <summary>
            This parameter overrides confirmation prompts to force 
            the cmdlet to continue its operation. This parameter should always
            be used with caution.
            </summary>
        </member>
        <member name="T:Amazon.PowerShell.Cmdlets.IOTE.RemoveIOTEResourceTagCmdlet">
            <summary>
            Removes the given tags (metadata) from the resource.
            </summary>
        </member>
        <member name="P:Amazon.PowerShell.Cmdlets.IOTE.RemoveIOTEResourceTagCmdlet.ResourceArn">
            <summary>
            <para>
            <para>The ARN of the resource.</para>
            </para>
            </summary>
        </member>
        <member name="P:Amazon.PowerShell.Cmdlets.IOTE.RemoveIOTEResourceTagCmdlet.TagKey">
            <summary>
            <para>
            <para>A list of the keys of the tags to be removed from the resource.</para>
            </para>
            </summary>
        </member>
        <member name="P:Amazon.PowerShell.Cmdlets.IOTE.RemoveIOTEResourceTagCmdlet.Select">
            <summary>
            Use the -Select parameter to control the cmdlet output. The cmdlet doesn't have a return value by default.
            Specifying -Select '*' will result in the cmdlet returning the whole service response (Amazon.IoTEvents.Model.UntagResourceResponse).
            Specifying -Select '^ParameterName' will result in the cmdlet returning the selected cmdlet parameter value.
            </summary>
        </member>
        <member name="P:Amazon.PowerShell.Cmdlets.IOTE.RemoveIOTEResourceTagCmdlet.PassThru">
            <summary>
            Changes the cmdlet behavior to return the value passed to the ResourceArn parameter.
            The -PassThru parameter is deprecated, use -Select '^ResourceArn' instead. This parameter will be removed in a future version.
            </summary>
        </member>
        <member name="P:Amazon.PowerShell.Cmdlets.IOTE.RemoveIOTEResourceTagCmdlet.Force">
            <summary>
            This parameter overrides confirmation prompts to force 
            the cmdlet to continue its operation. This parameter should always
            be used with caution.
            </summary>
        </member>
        <member name="T:Amazon.PowerShell.Cmdlets.IOTE.StartIOTEDetectorModelAnalysisCmdlet">
            <summary>
            Performs an analysis of your detector model. For more information, see <a href="https://docs.aws.amazon.com/iotevents/latest/developerguide/iotevents-analyze-api.html">Troubleshooting
            a detector model</a> in the <i>AWS IoT Events Developer Guide</i>.
            </summary>
        </member>
        <member name="P:Amazon.PowerShell.Cmdlets.IOTE.StartIOTEDetectorModelAnalysisCmdlet.DetectorModelDefinition_InitialStateName">
            <summary>
            <para>
            <para>The state that is entered at the creation of each detector (instance).</para>
            </para>
            </summary>
        </member>
        <member name="P:Amazon.PowerShell.Cmdlets.IOTE.StartIOTEDetectorModelAnalysisCmdlet.DetectorModelDefinition_State">
            <summary>
            <para>
            <para>Information about the states of the detector.</para>
            </para>
            </summary>
        </member>
        <member name="P:Amazon.PowerShell.Cmdlets.IOTE.StartIOTEDetectorModelAnalysisCmdlet.Select">
            <summary>
            Use the -Select parameter to control the cmdlet output. The default value is 'AnalysisId'.
            Specifying -Select '*' will result in the cmdlet returning the whole service response (Amazon.IoTEvents.Model.StartDetectorModelAnalysisResponse).
            Specifying the name of a property of type Amazon.IoTEvents.Model.StartDetectorModelAnalysisResponse will result in that property being returned.
            Specifying -Select '^ParameterName' will result in the cmdlet returning the selected cmdlet parameter value.
            </summary>
        </member>
        <member name="P:Amazon.PowerShell.Cmdlets.IOTE.StartIOTEDetectorModelAnalysisCmdlet.Force">
            <summary>
            This parameter overrides confirmation prompts to force 
            the cmdlet to continue its operation. This parameter should always
            be used with caution.
            </summary>
        </member>
        <member name="T:Amazon.PowerShell.Cmdlets.IOTE.UpdateIOTEAlarmModelCmdlet">
            <summary>
            Updates an alarm model. Any alarms that were created based on the previous version
            are deleted and then created again as new data arrives.
            </summary>
        </member>
        <member name="P:Amazon.PowerShell.Cmdlets.IOTE.UpdateIOTEAlarmModelCmdlet.AlarmEventActions_AlarmAction">
            <summary>
            <para>
            <para>Specifies one or more supported actions to receive notifications when the alarm state
            changes.</para>
            </para>
            </summary>
        </member>
        <member name="P:Amazon.PowerShell.Cmdlets.IOTE.UpdateIOTEAlarmModelCmdlet.AlarmModelDescription">
            <summary>
            <para>
            <para>The description of the alarm model.</para>
            </para>
            </summary>
        </member>
        <member name="P:Amazon.PowerShell.Cmdlets.IOTE.UpdateIOTEAlarmModelCmdlet.AlarmModelName">
            <summary>
            <para>
            <para>The name of the alarm model.</para>
            </para>
            </summary>
        </member>
        <member name="P:Amazon.PowerShell.Cmdlets.IOTE.UpdateIOTEAlarmModelCmdlet.SimpleRule_ComparisonOperator">
            <summary>
            <para>
            <para>The comparison operator.</para>
            </para>
            </summary>
        </member>
        <member name="P:Amazon.PowerShell.Cmdlets.IOTE.UpdateIOTEAlarmModelCmdlet.InitializationConfiguration_DisabledOnInitialization">
            <summary>
            <para>
            <para>The value must be <c>TRUE</c> or <c>FALSE</c>. If <c>FALSE</c>, all alarm instances
            created based on the alarm model are activated. The default value is <c>TRUE</c>.</para>
            </para>
            </summary>
        </member>
        <member name="P:Amazon.PowerShell.Cmdlets.IOTE.UpdateIOTEAlarmModelCmdlet.AcknowledgeFlow_Enabled">
            <summary>
            <para>
            <para>The value must be <c>TRUE</c> or <c>FALSE</c>. If <c>TRUE</c>, you receive a notification
            when the alarm state changes. You must choose to acknowledge the notification before
            the alarm state can return to <c>NORMAL</c>. If <c>FALSE</c>, you won't receive notifications.
            The alarm automatically changes to the <c>NORMAL</c> state when the input property
            value returns to the specified range.</para>
            </para>
            </summary>
        </member>
        <member name="P:Amazon.PowerShell.Cmdlets.IOTE.UpdateIOTEAlarmModelCmdlet.SimpleRule_InputProperty">
            <summary>
            <para>
            <para>The value on the left side of the comparison operator. You can specify an AWS IoT
            Events input attribute as an input property.</para>
            </para>
            </summary>
        </member>
        <member name="P:Amazon.PowerShell.Cmdlets.IOTE.UpdateIOTEAlarmModelCmdlet.AlarmNotification_NotificationAction">
            <summary>
            <para>
            <para>Contains the notification settings of an alarm model. The settings apply to all alarms
            that were created based on this alarm model.</para>
            </para>
            </summary>
        </member>
        <member name="P:Amazon.PowerShell.Cmdlets.IOTE.UpdateIOTEAlarmModelCmdlet.RoleArn">
            <summary>
            <para>
            <para>The ARN of the IAM role that allows the alarm to perform actions and access AWS resources.
            For more information, see <a href="https://docs.aws.amazon.com/general/latest/gr/aws-arns-and-namespaces.html">Amazon
            Resource Names (ARNs)</a> in the <i>AWS General Reference</i>.</para>
            </para>
            </summary>
        </member>
        <member name="P:Amazon.PowerShell.Cmdlets.IOTE.UpdateIOTEAlarmModelCmdlet.Severity">
            <summary>
            <para>
            <para>A non-negative integer that reflects the severity level of the alarm.</para>
            </para>
            </summary>
        </member>
        <member name="P:Amazon.PowerShell.Cmdlets.IOTE.UpdateIOTEAlarmModelCmdlet.SimpleRule_Threshold">
            <summary>
            <para>
            <para>The value on the right side of the comparison operator. You can enter a number or
            specify an AWS IoT Events input attribute.</para>
            </para>
            </summary>
        </member>
        <member name="P:Amazon.PowerShell.Cmdlets.IOTE.UpdateIOTEAlarmModelCmdlet.Select">
            <summary>
            Use the -Select parameter to control the cmdlet output. The default value is '*'.
            Specifying -Select '*' will result in the cmdlet returning the whole service response (Amazon.IoTEvents.Model.UpdateAlarmModelResponse).
            Specifying the name of a property of type Amazon.IoTEvents.Model.UpdateAlarmModelResponse will result in that property being returned.
            Specifying -Select '^ParameterName' will result in the cmdlet returning the selected cmdlet parameter value.
            </summary>
        </member>
        <member name="P:Amazon.PowerShell.Cmdlets.IOTE.UpdateIOTEAlarmModelCmdlet.PassThru">
            <summary>
            Changes the cmdlet behavior to return the value passed to the AlarmModelName parameter.
            The -PassThru parameter is deprecated, use -Select '^AlarmModelName' instead. This parameter will be removed in a future version.
            </summary>
        </member>
        <member name="P:Amazon.PowerShell.Cmdlets.IOTE.UpdateIOTEAlarmModelCmdlet.Force">
            <summary>
            This parameter overrides confirmation prompts to force 
            the cmdlet to continue its operation. This parameter should always
            be used with caution.
            </summary>
        </member>
        <member name="T:Amazon.PowerShell.Cmdlets.IOTE.UpdateIOTEDetectorModelCmdlet">
            <summary>
            Updates a detector model. Detectors (instances) spawned by the previous version are
            deleted and then re-created as new inputs arrive.
            </summary>
        </member>
        <member name="P:Amazon.PowerShell.Cmdlets.IOTE.UpdateIOTEDetectorModelCmdlet.DetectorModelDescription">
            <summary>
            <para>
            <para>A brief description of the detector model.</para>
            </para>
            </summary>
        </member>
        <member name="P:Amazon.PowerShell.Cmdlets.IOTE.UpdateIOTEDetectorModelCmdlet.DetectorModelName">
            <summary>
            <para>
            <para>The name of the detector model that is updated.</para>
            </para>
            </summary>
        </member>
        <member name="P:Amazon.PowerShell.Cmdlets.IOTE.UpdateIOTEDetectorModelCmdlet.EvaluationMethod">
            <summary>
            <para>
            <para>Information about the order in which events are evaluated and how actions are executed.
            </para>
            </para>
            </summary>
        </member>
        <member name="P:Amazon.PowerShell.Cmdlets.IOTE.UpdateIOTEDetectorModelCmdlet.DetectorModelDefinition_InitialStateName">
            <summary>
            <para>
            <para>The state that is entered at the creation of each detector (instance).</para>
            </para>
            </summary>
        </member>
        <member name="P:Amazon.PowerShell.Cmdlets.IOTE.UpdateIOTEDetectorModelCmdlet.RoleArn">
            <summary>
            <para>
            <para>The ARN of the role that grants permission to AWS IoT Events to perform its operations.</para>
            </para>
            </summary>
        </member>
        <member name="P:Amazon.PowerShell.Cmdlets.IOTE.UpdateIOTEDetectorModelCmdlet.DetectorModelDefinition_State">
            <summary>
            <para>
            <para>Information about the states of the detector.</para>
            </para>
            </summary>
        </member>
        <member name="P:Amazon.PowerShell.Cmdlets.IOTE.UpdateIOTEDetectorModelCmdlet.Select">
            <summary>
            Use the -Select parameter to control the cmdlet output. The default value is 'DetectorModelConfiguration'.
            Specifying -Select '*' will result in the cmdlet returning the whole service response (Amazon.IoTEvents.Model.UpdateDetectorModelResponse).
            Specifying the name of a property of type Amazon.IoTEvents.Model.UpdateDetectorModelResponse will result in that property being returned.
            Specifying -Select '^ParameterName' will result in the cmdlet returning the selected cmdlet parameter value.
            </summary>
        </member>
        <member name="P:Amazon.PowerShell.Cmdlets.IOTE.UpdateIOTEDetectorModelCmdlet.PassThru">
            <summary>
            Changes the cmdlet behavior to return the value passed to the DetectorModelName parameter.
            The -PassThru parameter is deprecated, use -Select '^DetectorModelName' instead. This parameter will be removed in a future version.
            </summary>
        </member>
        <member name="P:Amazon.PowerShell.Cmdlets.IOTE.UpdateIOTEDetectorModelCmdlet.Force">
            <summary>
            This parameter overrides confirmation prompts to force 
            the cmdlet to continue its operation. This parameter should always
            be used with caution.
            </summary>
        </member>
        <member name="T:Amazon.PowerShell.Cmdlets.IOTE.UpdateIOTEInputCmdlet">
            <summary>
            Updates an input.
            </summary>
        </member>
        <member name="P:Amazon.PowerShell.Cmdlets.IOTE.UpdateIOTEInputCmdlet.InputDefinition_Attribute">
            <summary>
            <para>
            <para>The attributes from the JSON payload that are made available by the input. Inputs
            are derived from messages sent to the AWS IoT Events system using <c>BatchPutMessage</c>.
            Each such message contains a JSON payload, and those attributes (and their paired
            values) specified here are available for use in the <c>condition</c> expressions used
            by detectors that monitor this input. </para>
            </para>
            </summary>
        </member>
        <member name="P:Amazon.PowerShell.Cmdlets.IOTE.UpdateIOTEInputCmdlet.InputDescription">
            <summary>
            <para>
            <para>A brief description of the input.</para>
            </para>
            </summary>
        </member>
        <member name="P:Amazon.PowerShell.Cmdlets.IOTE.UpdateIOTEInputCmdlet.InputName">
            <summary>
            <para>
            <para>The name of the input you want to update.</para>
            </para>
            </summary>
        </member>
        <member name="P:Amazon.PowerShell.Cmdlets.IOTE.UpdateIOTEInputCmdlet.Select">
            <summary>
            Use the -Select parameter to control the cmdlet output. The default value is 'InputConfiguration'.
            Specifying -Select '*' will result in the cmdlet returning the whole service response (Amazon.IoTEvents.Model.UpdateInputResponse).
            Specifying the name of a property of type Amazon.IoTEvents.Model.UpdateInputResponse will result in that property being returned.
            Specifying -Select '^ParameterName' will result in the cmdlet returning the selected cmdlet parameter value.
            </summary>
        </member>
        <member name="P:Amazon.PowerShell.Cmdlets.IOTE.UpdateIOTEInputCmdlet.PassThru">
            <summary>
            Changes the cmdlet behavior to return the value passed to the InputName parameter.
            The -PassThru parameter is deprecated, use -Select '^InputName' instead. This parameter will be removed in a future version.
            </summary>
        </member>
        <member name="P:Amazon.PowerShell.Cmdlets.IOTE.UpdateIOTEInputCmdlet.Force">
            <summary>
            This parameter overrides confirmation prompts to force 
            the cmdlet to continue its operation. This parameter should always
            be used with caution.
            </summary>
        </member>
        <member name="T:Amazon.PowerShell.Cmdlets.IOTE.WriteIOTELoggingOptionCmdlet">
            <summary>
            Sets or updates the AWS IoT Events logging options.
            
             
            <para>
            If you update the value of any <c>loggingOptions</c> field, it takes up to one minute
            for the change to take effect. If you change the policy attached to the role you specified
            in the <c>roleArn</c> field (for example, to correct an invalid policy), it takes
            up to five minutes for that change to take effect.
            </para>
            </summary>
        </member>
        <member name="P:Amazon.PowerShell.Cmdlets.IOTE.WriteIOTELoggingOptionCmdlet.LoggingOptions_DetectorDebugOption">
            <summary>
            <para>
            <para>Information that identifies those detector models and their detectors (instances)
            for which the logging level is given.</para>
            </para>
            </summary>
        </member>
        <member name="P:Amazon.PowerShell.Cmdlets.IOTE.WriteIOTELoggingOptionCmdlet.LoggingOptions_Enabled">
            <summary>
            <para>
            <para>If TRUE, logging is enabled for AWS IoT Events.</para>
            </para>
            </summary>
        </member>
        <member name="P:Amazon.PowerShell.Cmdlets.IOTE.WriteIOTELoggingOptionCmdlet.LoggingOptions_Level">
            <summary>
            <para>
            <para>The logging level.</para>
            </para>
            </summary>
        </member>
        <member name="P:Amazon.PowerShell.Cmdlets.IOTE.WriteIOTELoggingOptionCmdlet.LoggingOptions_RoleArn">
            <summary>
            <para>
            <para>The ARN of the role that grants permission to AWS IoT Events to perform logging.</para>
            </para>
            </summary>
        </member>
        <member name="P:Amazon.PowerShell.Cmdlets.IOTE.WriteIOTELoggingOptionCmdlet.Select">
            <summary>
            Use the -Select parameter to control the cmdlet output. The cmdlet doesn't have a return value by default.
            Specifying -Select '*' will result in the cmdlet returning the whole service response (Amazon.IoTEvents.Model.PutLoggingOptionsResponse).
            Specifying -Select '^ParameterName' will result in the cmdlet returning the selected cmdlet parameter value.
            </summary>
        </member>
        <member name="P:Amazon.PowerShell.Cmdlets.IOTE.WriteIOTELoggingOptionCmdlet.Force">
            <summary>
            This parameter overrides confirmation prompts to force 
            the cmdlet to continue its operation. This parameter should always
            be used with caution.
            </summary>
        </member>
    </members>
</doc>
