<Objs Version="1.1.0.1" xmlns="http://schemas.microsoft.com/powershell/2004/04">
  <Obj RefId="0">
    <TN RefId="0">
      <T>Microsoft.PowerShell.Commands.PSRepositoryItemInfo</T>
      <T>System.Management.Automation.PSCustomObject</T>
      <T>System.Object</T>
    </TN>
    <MS>
      <S N="Name">OCI.PSModules.Datacatalog</S>
      <S N="Version">95.1.0</S>
      <S N="Type">Module</S>
      <S N="Description">This modules provides Cmdlets for OCI Datacatalog Service</S>
      <S N="Author">Oracle Cloud Infrastructure</S>
      <S N="CompanyName">oci-psmodules-grp</S>
      <S N="Copyright">(c) Oracle Cloud Infrastructure. All rights reserved.</S>
      <DT N="PublishedDate">2024-11-12T18:45:43+02:00</DT>
      <Nil N="InstalledDate" />
      <Nil N="UpdatedDate" />
      <URI N="LicenseUri">https://github.com/oracle/oci-powershell-modules/blob/master/LICENSE.txt</URI>
      <URI N="ProjectUri">https://github.com/oracle/oci-powershell-modules/</URI>
      <URI N="IconUri">https://github.com/oracle/oci-powershell-modules/blob/master/icon.png</URI>
      <Obj N="Tags" RefId="1">
        <TN RefId="1">
          <T>System.Object[]</T>
          <T>System.Array</T>
          <T>System.Object</T>
        </TN>
        <LST>
          <S>PSEdition_Core</S>
          <S>Windows</S>
          <S>Linux</S>
          <S>macOS</S>
          <S>Oracle</S>
          <S>OCI</S>
          <S>Cloud</S>
          <S>OracleCloudInfrastructure</S>
          <S>Datacatalog</S>
          <S>PSModule</S>
        </LST>
      </Obj>
      <Obj N="Includes" RefId="2">
        <TN RefId="2">
          <T>System.Collections.Hashtable</T>
          <T>System.Object</T>
        </TN>
        <DCT>
          <En>
            <S N="Key">Function</S>
            <Obj N="Value" RefId="3">
              <TNRef RefId="1" />
              <LST />
            </Obj>
          </En>
          <En>
            <S N="Key">Workflow</S>
            <Ref N="Value" RefId="3" />
          </En>
          <En>
            <S N="Key">DscResource</S>
            <Ref N="Value" RefId="3" />
          </En>
          <En>
            <S N="Key">RoleCapability</S>
            <Ref N="Value" RefId="3" />
          </En>
          <En>
            <S N="Key">Command</S>
            <Obj N="Value" RefId="4">
              <TNRef RefId="1" />
              <LST>
                <S>Add-OCIDatacatalogCatalogLock</S>
                <S>Add-OCIDatacatalogCatalogPrivateEndpointLock</S>
                <S>Add-OCIDatacatalogDataSelectorPatterns</S>
                <S>Add-OCIDatacatalogMetastoreLock</S>
                <S>Confirm-OCIDatacatalogConnection</S>
                <S>Confirm-OCIDatacatalogPattern</S>
                <S>DisMount-OCIDatacatalogCatalogPrivateEndpoint</S>
                <S>Export-OCIDatacatalogGlossary</S>
                <S>Get-OCIDatacatalogAggregatedPhysicalEntitiesList</S>
                <S>Get-OCIDatacatalogAttribute</S>
                <S>Get-OCIDatacatalogAttributesList</S>
                <S>Get-OCIDatacatalogAttributeTag</S>
                <S>Get-OCIDatacatalogAttributeTagsList</S>
                <S>Get-OCIDatacatalogCatalog</S>
                <S>Get-OCIDatacatalogCatalogPrivateEndpoint</S>
                <S>Get-OCIDatacatalogCatalogPrivateEndpointsList</S>
                <S>Get-OCIDatacatalogCatalogsList</S>
                <S>Get-OCIDatacatalogConnection</S>
                <S>Get-OCIDatacatalogConnectionsList</S>
                <S>Get-OCIDatacatalogCustomPropertiesList</S>
                <S>Get-OCIDatacatalogCustomProperty</S>
                <S>Get-OCIDatacatalogDataAsset</S>
                <S>Get-OCIDatacatalogDataAssetsList</S>
                <S>Get-OCIDatacatalogDataAssetTag</S>
                <S>Get-OCIDatacatalogDataAssetTagsList</S>
                <S>Get-OCIDatacatalogDerivedLogicalEntitiesList</S>
                <S>Get-OCIDatacatalogEntitiesList</S>
                <S>Get-OCIDatacatalogEntity</S>
                <S>Get-OCIDatacatalogEntityTag</S>
                <S>Get-OCIDatacatalogEntityTagsList</S>
                <S>Get-OCIDatacatalogFolder</S>
                <S>Get-OCIDatacatalogFoldersList</S>
                <S>Get-OCIDatacatalogFolderTag</S>
                <S>Get-OCIDatacatalogFolderTagsList</S>
                <S>Get-OCIDatacatalogGlossariesList</S>
                <S>Get-OCIDatacatalogGlossary</S>
                <S>Get-OCIDatacatalogJob</S>
                <S>Get-OCIDatacatalogJobDefinition</S>
                <S>Get-OCIDatacatalogJobDefinitionsList</S>
                <S>Get-OCIDatacatalogJobExecution</S>
                <S>Get-OCIDatacatalogJobExecutionsList</S>
                <S>Get-OCIDatacatalogJobLog</S>
                <S>Get-OCIDatacatalogJobLogsList</S>
                <S>Get-OCIDatacatalogJobMetrics</S>
                <S>Get-OCIDatacatalogJobMetricsList</S>
                <S>Get-OCIDatacatalogJobsList</S>
                <S>Get-OCIDatacatalogMetastore</S>
                <S>Get-OCIDatacatalogMetastoresList</S>
                <S>Get-OCIDatacatalogNamespace</S>
                <S>Get-OCIDatacatalogNamespacesList</S>
                <S>Get-OCIDatacatalogPattern</S>
                <S>Get-OCIDatacatalogPatternsList</S>
                <S>Get-OCIDatacatalogRulesList</S>
                <S>Get-OCIDatacatalogTagsList</S>
                <S>Get-OCIDatacatalogTerm</S>
                <S>Get-OCIDatacatalogTermRelationship</S>
                <S>Get-OCIDatacatalogTermRelationshipsList</S>
                <S>Get-OCIDatacatalogTermsList</S>
                <S>Get-OCIDatacatalogType</S>
                <S>Get-OCIDatacatalogTypesList</S>
                <S>Get-OCIDatacatalogWorkRequest</S>
                <S>Get-OCIDatacatalogWorkRequestErrorsList</S>
                <S>Get-OCIDatacatalogWorkRequestLogsList</S>
                <S>Get-OCIDatacatalogWorkRequestsList</S>
                <S>Import-OCIDatacatalogConnection</S>
                <S>Import-OCIDatacatalogDataAsset</S>
                <S>Import-OCIDatacatalogGlossary</S>
                <S>Import-OCIDatacatalogLineage</S>
                <S>Invoke-OCIDatacatalogAssociateCustomProperty</S>
                <S>Invoke-OCIDatacatalogAsynchronousExportDataAsset</S>
                <S>Invoke-OCIDatacatalogAsynchronousExportGlossary</S>
                <S>Invoke-OCIDatacatalogDisassociateCustomProperty</S>
                <S>Invoke-OCIDatacatalogExpandTreeForGlossary</S>
                <S>Invoke-OCIDatacatalogFetchEntityLineage</S>
                <S>Invoke-OCIDatacatalogObjectStats</S>
                <S>Invoke-OCIDatacatalogParseConnection</S>
                <S>Invoke-OCIDatacatalogProcessRecommendation</S>
                <S>Invoke-OCIDatacatalogRecommendations</S>
                <S>Invoke-OCIDatacatalogSearchCriteria</S>
                <S>Invoke-OCIDatacatalogSuggestMatches</S>
                <S>Invoke-OCIDatacatalogSynchronousExportDataAsset</S>
                <S>Invoke-OCIDatacatalogTestConnection</S>
                <S>Invoke-OCIDatacatalogUsers</S>
                <S>Mount-OCIDatacatalogCatalogPrivateEndpoint</S>
                <S>Move-OCIDatacatalogCatalogCompartment</S>
                <S>Move-OCIDatacatalogCatalogPrivateEndpointCompartment</S>
                <S>Move-OCIDatacatalogMetastoreCompartment</S>
                <S>New-OCIDatacatalogAttribute</S>
                <S>New-OCIDatacatalogAttributeTag</S>
                <S>New-OCIDatacatalogCatalog</S>
                <S>New-OCIDatacatalogCatalogPrivateEndpoint</S>
                <S>New-OCIDatacatalogConnection</S>
                <S>New-OCIDatacatalogCustomProperty</S>
                <S>New-OCIDatacatalogDataAsset</S>
                <S>New-OCIDatacatalogDataAssetTag</S>
                <S>New-OCIDatacatalogEntity</S>
                <S>New-OCIDatacatalogEntityTag</S>
                <S>New-OCIDatacatalogFolder</S>
                <S>New-OCIDatacatalogFolderTag</S>
                <S>New-OCIDatacatalogGlossary</S>
                <S>New-OCIDatacatalogJob</S>
                <S>New-OCIDatacatalogJobDefinition</S>
                <S>New-OCIDatacatalogJobExecution</S>
                <S>New-OCIDatacatalogMetastore</S>
                <S>New-OCIDatacatalogNamespace</S>
                <S>New-OCIDatacatalogPattern</S>
                <S>New-OCIDatacatalogTerm</S>
                <S>New-OCIDatacatalogTermRelationship</S>
                <S>Remove-OCIDatacatalogAttribute</S>
                <S>Remove-OCIDatacatalogAttributeTag</S>
                <S>Remove-OCIDatacatalogCatalog</S>
                <S>Remove-OCIDatacatalogCatalogLock</S>
                <S>Remove-OCIDatacatalogCatalogPrivateEndpoint</S>
                <S>Remove-OCIDatacatalogCatalogPrivateEndpointLock</S>
                <S>Remove-OCIDatacatalogConnection</S>
                <S>Remove-OCIDatacatalogCustomProperty</S>
                <S>Remove-OCIDatacatalogDataAsset</S>
                <S>Remove-OCIDatacatalogDataAssetTag</S>
                <S>Remove-OCIDatacatalogDataSelectorPatterns</S>
                <S>Remove-OCIDatacatalogEntity</S>
                <S>Remove-OCIDatacatalogEntityTag</S>
                <S>Remove-OCIDatacatalogFolder</S>
                <S>Remove-OCIDatacatalogFolderTag</S>
                <S>Remove-OCIDatacatalogGlossary</S>
                <S>Remove-OCIDatacatalogJob</S>
                <S>Remove-OCIDatacatalogJobDefinition</S>
                <S>Remove-OCIDatacatalogMetastore</S>
                <S>Remove-OCIDatacatalogMetastoreLock</S>
                <S>Remove-OCIDatacatalogNamespace</S>
                <S>Remove-OCIDatacatalogPattern</S>
                <S>Remove-OCIDatacatalogTerm</S>
                <S>Remove-OCIDatacatalogTermRelationship</S>
                <S>Update-OCIDatacatalogAttribute</S>
                <S>Update-OCIDatacatalogCatalog</S>
                <S>Update-OCIDatacatalogCatalogPrivateEndpoint</S>
                <S>Update-OCIDatacatalogConnection</S>
                <S>Update-OCIDatacatalogCustomProperty</S>
                <S>Update-OCIDatacatalogDataAsset</S>
                <S>Update-OCIDatacatalogEntity</S>
                <S>Update-OCIDatacatalogFolder</S>
                <S>Update-OCIDatacatalogGlossary</S>
                <S>Update-OCIDatacatalogJob</S>
                <S>Update-OCIDatacatalogJobDefinition</S>
                <S>Update-OCIDatacatalogMetastore</S>
                <S>Update-OCIDatacatalogNamespace</S>
                <S>Update-OCIDatacatalogPattern</S>
                <S>Update-OCIDatacatalogTerm</S>
                <S>Update-OCIDatacatalogTermRelationship</S>
                <S>Write-OCIDatacatalogCredentials</S>
              </LST>
            </Obj>
          </En>
          <En>
            <S N="Key">Cmdlet</S>
            <Obj N="Value" RefId="5">
              <TNRef RefId="1" />
              <LST>
                <S>Add-OCIDatacatalogCatalogLock</S>
                <S>Add-OCIDatacatalogCatalogPrivateEndpointLock</S>
                <S>Add-OCIDatacatalogDataSelectorPatterns</S>
                <S>Add-OCIDatacatalogMetastoreLock</S>
                <S>Confirm-OCIDatacatalogConnection</S>
                <S>Confirm-OCIDatacatalogPattern</S>
                <S>DisMount-OCIDatacatalogCatalogPrivateEndpoint</S>
                <S>Export-OCIDatacatalogGlossary</S>
                <S>Get-OCIDatacatalogAggregatedPhysicalEntitiesList</S>
                <S>Get-OCIDatacatalogAttribute</S>
                <S>Get-OCIDatacatalogAttributesList</S>
                <S>Get-OCIDatacatalogAttributeTag</S>
                <S>Get-OCIDatacatalogAttributeTagsList</S>
                <S>Get-OCIDatacatalogCatalog</S>
                <S>Get-OCIDatacatalogCatalogPrivateEndpoint</S>
                <S>Get-OCIDatacatalogCatalogPrivateEndpointsList</S>
                <S>Get-OCIDatacatalogCatalogsList</S>
                <S>Get-OCIDatacatalogConnection</S>
                <S>Get-OCIDatacatalogConnectionsList</S>
                <S>Get-OCIDatacatalogCustomPropertiesList</S>
                <S>Get-OCIDatacatalogCustomProperty</S>
                <S>Get-OCIDatacatalogDataAsset</S>
                <S>Get-OCIDatacatalogDataAssetsList</S>
                <S>Get-OCIDatacatalogDataAssetTag</S>
                <S>Get-OCIDatacatalogDataAssetTagsList</S>
                <S>Get-OCIDatacatalogDerivedLogicalEntitiesList</S>
                <S>Get-OCIDatacatalogEntitiesList</S>
                <S>Get-OCIDatacatalogEntity</S>
                <S>Get-OCIDatacatalogEntityTag</S>
                <S>Get-OCIDatacatalogEntityTagsList</S>
                <S>Get-OCIDatacatalogFolder</S>
                <S>Get-OCIDatacatalogFoldersList</S>
                <S>Get-OCIDatacatalogFolderTag</S>
                <S>Get-OCIDatacatalogFolderTagsList</S>
                <S>Get-OCIDatacatalogGlossariesList</S>
                <S>Get-OCIDatacatalogGlossary</S>
                <S>Get-OCIDatacatalogJob</S>
                <S>Get-OCIDatacatalogJobDefinition</S>
                <S>Get-OCIDatacatalogJobDefinitionsList</S>
                <S>Get-OCIDatacatalogJobExecution</S>
                <S>Get-OCIDatacatalogJobExecutionsList</S>
                <S>Get-OCIDatacatalogJobLog</S>
                <S>Get-OCIDatacatalogJobLogsList</S>
                <S>Get-OCIDatacatalogJobMetrics</S>
                <S>Get-OCIDatacatalogJobMetricsList</S>
                <S>Get-OCIDatacatalogJobsList</S>
                <S>Get-OCIDatacatalogMetastore</S>
                <S>Get-OCIDatacatalogMetastoresList</S>
                <S>Get-OCIDatacatalogNamespace</S>
                <S>Get-OCIDatacatalogNamespacesList</S>
                <S>Get-OCIDatacatalogPattern</S>
                <S>Get-OCIDatacatalogPatternsList</S>
                <S>Get-OCIDatacatalogRulesList</S>
                <S>Get-OCIDatacatalogTagsList</S>
                <S>Get-OCIDatacatalogTerm</S>
                <S>Get-OCIDatacatalogTermRelationship</S>
                <S>Get-OCIDatacatalogTermRelationshipsList</S>
                <S>Get-OCIDatacatalogTermsList</S>
                <S>Get-OCIDatacatalogType</S>
                <S>Get-OCIDatacatalogTypesList</S>
                <S>Get-OCIDatacatalogWorkRequest</S>
                <S>Get-OCIDatacatalogWorkRequestErrorsList</S>
                <S>Get-OCIDatacatalogWorkRequestLogsList</S>
                <S>Get-OCIDatacatalogWorkRequestsList</S>
                <S>Import-OCIDatacatalogConnection</S>
                <S>Import-OCIDatacatalogDataAsset</S>
                <S>Import-OCIDatacatalogGlossary</S>
                <S>Import-OCIDatacatalogLineage</S>
                <S>Invoke-OCIDatacatalogAssociateCustomProperty</S>
                <S>Invoke-OCIDatacatalogAsynchronousExportDataAsset</S>
                <S>Invoke-OCIDatacatalogAsynchronousExportGlossary</S>
                <S>Invoke-OCIDatacatalogDisassociateCustomProperty</S>
                <S>Invoke-OCIDatacatalogExpandTreeForGlossary</S>
                <S>Invoke-OCIDatacatalogFetchEntityLineage</S>
                <S>Invoke-OCIDatacatalogObjectStats</S>
                <S>Invoke-OCIDatacatalogParseConnection</S>
                <S>Invoke-OCIDatacatalogProcessRecommendation</S>
                <S>Invoke-OCIDatacatalogRecommendations</S>
                <S>Invoke-OCIDatacatalogSearchCriteria</S>
                <S>Invoke-OCIDatacatalogSuggestMatches</S>
                <S>Invoke-OCIDatacatalogSynchronousExportDataAsset</S>
                <S>Invoke-OCIDatacatalogTestConnection</S>
                <S>Invoke-OCIDatacatalogUsers</S>
                <S>Mount-OCIDatacatalogCatalogPrivateEndpoint</S>
                <S>Move-OCIDatacatalogCatalogCompartment</S>
                <S>Move-OCIDatacatalogCatalogPrivateEndpointCompartment</S>
                <S>Move-OCIDatacatalogMetastoreCompartment</S>
                <S>New-OCIDatacatalogAttribute</S>
                <S>New-OCIDatacatalogAttributeTag</S>
                <S>New-OCIDatacatalogCatalog</S>
                <S>New-OCIDatacatalogCatalogPrivateEndpoint</S>
                <S>New-OCIDatacatalogConnection</S>
                <S>New-OCIDatacatalogCustomProperty</S>
                <S>New-OCIDatacatalogDataAsset</S>
                <S>New-OCIDatacatalogDataAssetTag</S>
                <S>New-OCIDatacatalogEntity</S>
                <S>New-OCIDatacatalogEntityTag</S>
                <S>New-OCIDatacatalogFolder</S>
                <S>New-OCIDatacatalogFolderTag</S>
                <S>New-OCIDatacatalogGlossary</S>
                <S>New-OCIDatacatalogJob</S>
                <S>New-OCIDatacatalogJobDefinition</S>
                <S>New-OCIDatacatalogJobExecution</S>
                <S>New-OCIDatacatalogMetastore</S>
                <S>New-OCIDatacatalogNamespace</S>
                <S>New-OCIDatacatalogPattern</S>
                <S>New-OCIDatacatalogTerm</S>
                <S>New-OCIDatacatalogTermRelationship</S>
                <S>Remove-OCIDatacatalogAttribute</S>
                <S>Remove-OCIDatacatalogAttributeTag</S>
                <S>Remove-OCIDatacatalogCatalog</S>
                <S>Remove-OCIDatacatalogCatalogLock</S>
                <S>Remove-OCIDatacatalogCatalogPrivateEndpoint</S>
                <S>Remove-OCIDatacatalogCatalogPrivateEndpointLock</S>
                <S>Remove-OCIDatacatalogConnection</S>
                <S>Remove-OCIDatacatalogCustomProperty</S>
                <S>Remove-OCIDatacatalogDataAsset</S>
                <S>Remove-OCIDatacatalogDataAssetTag</S>
                <S>Remove-OCIDatacatalogDataSelectorPatterns</S>
                <S>Remove-OCIDatacatalogEntity</S>
                <S>Remove-OCIDatacatalogEntityTag</S>
                <S>Remove-OCIDatacatalogFolder</S>
                <S>Remove-OCIDatacatalogFolderTag</S>
                <S>Remove-OCIDatacatalogGlossary</S>
                <S>Remove-OCIDatacatalogJob</S>
                <S>Remove-OCIDatacatalogJobDefinition</S>
                <S>Remove-OCIDatacatalogMetastore</S>
                <S>Remove-OCIDatacatalogMetastoreLock</S>
                <S>Remove-OCIDatacatalogNamespace</S>
                <S>Remove-OCIDatacatalogPattern</S>
                <S>Remove-OCIDatacatalogTerm</S>
                <S>Remove-OCIDatacatalogTermRelationship</S>
                <S>Update-OCIDatacatalogAttribute</S>
                <S>Update-OCIDatacatalogCatalog</S>
                <S>Update-OCIDatacatalogCatalogPrivateEndpoint</S>
                <S>Update-OCIDatacatalogConnection</S>
                <S>Update-OCIDatacatalogCustomProperty</S>
                <S>Update-OCIDatacatalogDataAsset</S>
                <S>Update-OCIDatacatalogEntity</S>
                <S>Update-OCIDatacatalogFolder</S>
                <S>Update-OCIDatacatalogGlossary</S>
                <S>Update-OCIDatacatalogJob</S>
                <S>Update-OCIDatacatalogJobDefinition</S>
                <S>Update-OCIDatacatalogMetastore</S>
                <S>Update-OCIDatacatalogNamespace</S>
                <S>Update-OCIDatacatalogPattern</S>
                <S>Update-OCIDatacatalogTerm</S>
                <S>Update-OCIDatacatalogTermRelationship</S>
                <S>Write-OCIDatacatalogCredentials</S>
              </LST>
            </Obj>
          </En>
        </DCT>
      </Obj>
      <Nil N="PowerShellGetFormatVersion" />
      <S N="ReleaseNotes">https://github.com/oracle/oci-powershell-modules/blob/master/CHANGELOG.md</S>
      <Obj N="Dependencies" RefId="6">
        <TNRef RefId="1" />
        <LST>
          <Obj RefId="7">
            <TN RefId="3">
              <T>System.Collections.Specialized.OrderedDictionary</T>
              <T>System.Object</T>
            </TN>
            <DCT>
              <En>
                <S N="Key">Name</S>
                <S N="Value">OCI.PSModules.Common</S>
              </En>
              <En>
                <S N="Key">RequiredVersion</S>
                <S N="Value">95.1.0</S>
              </En>
              <En>
                <S N="Key">CanonicalId</S>
                <S N="Value">nuget:OCI.PSModules.Common/[95.1.0]</S>
              </En>
            </DCT>
          </Obj>
        </LST>
      </Obj>
      <S N="RepositorySourceLocation">https://www.powershellgallery.com/api/v2</S>
      <S N="Repository">PSGallery</S>
      <S N="PackageManagementProvider">NuGet</S>
      <Obj N="AdditionalMetadata" RefId="8">
        <TN RefId="4">
          <T>System.Management.Automation.PSCustomObject</T>
          <T>System.Object</T>
        </TN>
        <MS>
          <S N="copyright">(c) Oracle Cloud Infrastructure. All rights reserved.</S>
          <S N="description">This modules provides Cmdlets for OCI Datacatalog Service</S>
          <S N="requireLicenseAcceptance">False</S>
          <S N="releaseNotes">https://github.com/oracle/oci-powershell-modules/blob/master/CHANGELOG.md</S>
          <S N="isLatestVersion">True</S>
          <S N="isAbsoluteLatestVersion">True</S>
          <S N="versionDownloadCount">304</S>
          <S N="downloadCount">9576</S>
          <S N="packageSize">507849</S>
          <S N="published">11/12/2024 6:45:43 PM +02:00</S>
          <S N="created">11/12/2024 6:45:43 PM +02:00</S>
          <S N="lastUpdated">12/8/2024 9:30:00 PM +02:00</S>
          <S N="tags">PSEdition_Core Windows Linux macOS Oracle OCI Cloud OracleCloudInfrastructure Datacatalog PSModule PSCmdlet_Add-OCIDatacatalogCatalogLock PSCommand_Add-OCIDatacatalogCatalogLock PSCmdlet_Add-OCIDatacatalogCatalogPrivateEndpointLock PSCommand_Add-OCIDatacatalogCatalogPrivateEndpointLock PSCmdlet_Add-OCIDatacatalogDataSelectorPatterns PSCommand_Add-OCIDatacatalogDataSelectorPatterns PSCmdlet_Add-OCIDatacatalogMetastoreLock PSCommand_Add-OCIDatacatalogMetastoreLock PSCmdlet_Confirm-OCIDatacatalogConnection PSCommand_Confirm-OCIDatacatalogConnection PSCmdlet_Confirm-OCIDatacatalogPattern PSCommand_Confirm-OCIDatacatalogPattern PSCmdlet_DisMount-OCIDatacatalogCatalogPrivateEndpoint PSCommand_DisMount-OCIDatacatalogCatalogPrivateEndpoint PSCmdlet_Export-OCIDatacatalogGlossary PSCommand_Export-OCIDatacatalogGlossary PSCmdlet_Get-OCIDatacatalogAggregatedPhysicalEntitiesList PSCommand_Get-OCIDatacatalogAggregatedPhysicalEntitiesList PSCmdlet_Get-OCIDatacatalogAttribute PSCommand_Get-OCIDatacatalogAttribute PSCmdlet_Get-OCIDatacatalogAttributesList PSCommand_Get-OCIDatacatalogAttributesList PSCmdlet_Get-OCIDatacatalogAttributeTag PSCommand_Get-OCIDatacatalogAttributeTag PSCmdlet_Get-OCIDatacatalogAttributeTagsList PSCommand_Get-OCIDatacatalogAttributeTagsList PSCmdlet_Get-OCIDatacatalogCatalog PSCommand_Get-OCIDatacatalogCatalog PSCmdlet_Get-OCIDatacatalogCatalogPrivateEndpoint PSCommand_Get-OCIDatacatalogCatalogPrivateEndpoint PSCmdlet_Get-OCIDatacatalogCatalogPrivateEndpointsList PSCommand_Get-OCIDatacatalogCatalogPrivateEndpointsList PSCmdlet_Get-OCIDatacatalogCatalogsList PSCommand_Get-OCIDatacatalogCatalogsList PSCmdlet_Get-OCIDatacatalogConnection PSCommand_Get-OCIDatacatalogConnection PSCmdlet_Get-OCIDatacatalogConnectionsList PSCommand_Get-OCIDatacatalogConnectionsList PSCmdlet_Get-OCIDatacatalogCustomPropertiesList PSCommand_Get-OCIDatacatalogCustomPropertiesList PSCmdlet_Get-OCIDatacatalogCustomProperty PSCommand_Get-OCIDatacatalogCustomProperty PSCmdlet_Get-OCIDatacatalogDataAsset PSCommand_Get-OCIDatacatalogDataAsset PSCmdlet_Get-OCIDatacatalogDataAssetsList PSCommand_Get-OCIDatacatalogDataAssetsList PSCmdlet_Get-OCIDatacatalogDataAssetTag PSCommand_Get-OCIDatacatalogDataAssetTag PSCmdlet_Get-OCIDatacatalogDataAssetTagsList PSCommand_Get-OCIDatacatalogDataAssetTagsList PSCmdlet_Get-OCIDatacatalogDerivedLogicalEntitiesList PSCommand_Get-OCIDatacatalogDerivedLogicalEntitiesList PSCmdlet_Get-OCIDatacatalogEntitiesList PSCommand_Get-OCIDatacatalogEntitiesList PSCmdlet_Get-OCIDatacatalogEntity PSCommand_Get-OCIDatacatalogEntity PSCmdlet_Get-OCIDatacatalogEntityTag PSCommand_Get-OCIDatacatalogEntityTag PSCmdlet_Get-OCIDatacatalogEntityTagsList PSCommand_Get-OCIDatacatalogEntityTagsList PSCmdlet_Get-OCIDatacatalogFolder PSCommand_Get-OCIDatacatalogFolder PSCmdlet_Get-OCIDatacatalogFoldersList PSCommand_Get-OCIDatacatalogFoldersList PSCmdlet_Get-OCIDatacatalogFolderTag PSCommand_Get-OCIDatacatalogFolderTag PSCmdlet_Get-OCIDatacatalogFolderTagsList PSCommand_Get-OCIDatacatalogFolderTagsList PSCmdlet_Get-OCIDatacatalogGlossariesList PSCommand_Get-OCIDatacatalogGlossariesList PSCmdlet_Get-OCIDatacatalogGlossary PSCommand_Get-OCIDatacatalogGlossary PSCmdlet_Get-OCIDatacatalogJob PSCommand_Get-OCIDatacatalogJob PSCmdlet_Get-OCIDatacatalogJobDefinition PSCommand_Get-OCIDatacatalogJobDefinition PSCmdlet_Get-OCIDatacatalogJobDefinitionsList PSCommand_Get-OCIDatacatalogJobDefinitionsList PSCmdlet_Get-OCIDatacatalogJobExecution PSCommand_Get-OCIDatacatalogJobExecution PSCmdlet_Get-OCIDatacatalogJobExecutionsList PSCommand_Get-OCIDatacatalogJobExecutionsList PSCmdlet_Get-OCIDatacatalogJobLog PSCommand_Get-OCIDatacatalogJobLog PSCmdlet_Get-OCIDatacatalogJobLogsList PSCommand_Get-OCIDatacatalogJobLogsList PSCmdlet_Get-OCIDatacatalogJobMetrics PSCommand_Get-OCIDatacatalogJobMetrics PSCmdlet_Get-OCIDatacatalogJobMetricsList PSCommand_Get-OCIDatacatalogJobMetricsList PSCmdlet_Get-OCIDatacatalogJobsList PSCommand_Get-OCIDatacatalogJobsList PSCmdlet_Get-OCIDatacatalogMetastore PSCommand_Get-OCIDatacatalogMetastore PSCmdlet_Get-OCIDatacatalogMetastoresList PSCommand_Get-OCIDatacatalogMetastoresList PSCmdlet_Get-OCIDatacatalogNamespace PSCommand_Get-OCIDatacatalogNamespace PSCmdlet_Get-OCIDatacatalogNamespacesList PSCommand_Get-OCIDatacatalogNamespacesList PSCmdlet_Get-OCIDatacatalogPattern PSCommand_Get-OCIDatacatalogPattern PSCmdlet_Get-OCIDatacatalogPatternsList PSCommand_Get-OCIDatacatalogPatternsList PSCmdlet_Get-OCIDatacatalogRulesList PSCommand_Get-OCIDatacatalogRulesList PSCmdlet_Get-OCIDatacatalogTagsList PSCommand_Get-OCIDatacatalogTagsList PSCmdlet_Get-OCIDatacatalogTerm PSCommand_Get-OCIDatacatalogTerm PSCmdlet_Get-OCIDatacatalogTermRelationship PSCommand_Get-OCIDatacatalogTermRelationship PSCmdlet_Get-OCIDatacatalogTermRelationshipsList PSCommand_Get-OCIDatacatalogTermRelationshipsList PSCmdlet_Get-OCIDatacatalogTermsList PSCommand_Get-OCIDatacatalogTermsList PSCmdlet_Get-OCIDatacatalogType PSCommand_Get-OCIDatacatalogType PSCmdlet_Get-OCIDatacatalogTypesList PSCommand_Get-OCIDatacatalogTypesList PSCmdlet_Get-OCIDatacatalogWorkRequest PSCommand_Get-OCIDatacatalogWorkRequest PSCmdlet_Get-OCIDatacatalogWorkRequestErrorsList PSCommand_Get-OCIDatacatalogWorkRequestErrorsList PSCmdlet_Get-OCIDatacatalogWorkRequestLogsList PSCommand_Get-OCIDatacatalogWorkRequestLogsList PSCmdlet_Get-OCIDatacatalogWorkRequestsList PSCommand_Get-OCIDatacatalogWorkRequestsList PSCmdlet_Import-OCIDatacatalogConnection PSCommand_Import-OCIDatacatalogConnection PSCmdlet_Import-OCIDatacatalogDataAsset PSCommand_Import-OCIDatacatalogDataAsset PSCmdlet_Import-OCIDatacatalogGlossary PSCommand_Import-OCIDatacatalogGlossary PSCmdlet_Import-OCIDatacatalogLineage PSCommand_Import-OCIDatacatalogLineage PSCmdlet_Invoke-OCIDatacatalogAssociateCustomProperty PSCommand_Invoke-OCIDatacatalogAssociateCustomProperty PSCmdlet_Invoke-OCIDatacatalogAsynchronousExportDataAsset PSCommand_Invoke-OCIDatacatalogAsynchronousExportDataAsset PSCmdlet_Invoke-OCIDatacatalogAsynchronousExportGlossary PSCommand_Invoke-OCIDatacatalogAsynchronousExportGlossary PSCmdlet_Invoke-OCIDatacatalogDisassociateCustomProperty PSCommand_Invoke-OCIDatacatalogDisassociateCustomProperty PSCmdlet_Invoke-OCIDatacatalogExpandTreeForGlossary PSCommand_Invoke-OCIDatacatalogExpandTreeForGlossary PSCmdlet_Invoke-OCIDatacatalogFetchEntityLineage PSCommand_Invoke-OCIDatacatalogFetchEntityLineage PSCmdlet_Invoke-OCIDatacatalogObjectStats PSCommand_Invoke-OCIDatacatalogObjectStats PSCmdlet_Invoke-OCIDatacatalogParseConnection PSCommand_Invoke-OCIDatacatalogParseConnection PSCmdlet_Invoke-OCIDatacatalogProcessRecommendation PSCommand_Invoke-OCIDatacatalogProcessRecommendation PSCmdlet_Invoke-OCIDatacatalogRecommendations PSCommand_Invoke-OCIDatacatalogRecommendations PSCmdlet_Invoke-OCIDatacatalogSearchCriteria PSCommand_Invoke-OCIDatacatalogSearchCriteria PSCmdlet_Invoke-OCIDatacatalogSuggestMatches PSCommand_Invoke-OCIDatacatalogSuggestMatches PSCmdlet_Invoke-OCIDatacatalogSynchronousExportDataAsset PSCommand_Invoke-OCIDatacatalogSynchronousExportDataAsset PSCmdlet_Invoke-OCIDatacatalogTestConnection PSCommand_Invoke-OCIDatacatalogTestConnection PSCmdlet_Invoke-OCIDatacatalogUsers PSCommand_Invoke-OCIDatacatalogUsers PSCmdlet_Mount-OCIDatacatalogCatalogPrivateEndpoint PSCommand_Mount-OCIDatacatalogCatalogPrivateEndpoint PSCmdlet_Move-OCIDatacatalogCatalogCompartment PSCommand_Move-OCIDatacatalogCatalogCompartment PSCmdlet_Move-OCIDatacatalogCatalogPrivateEndpointCompartment PSCommand_Move-OCIDatacatalogCatalogPrivateEndpointCompartment PSCmdlet_Move-OCIDatacatalogMetastoreCompartment PSCommand_Move-OCIDatacatalogMetastoreCompartment PSCmdlet_New-OCIDatacatalogAttribute PSCommand_New-OCIDatacatalogAttribute PSCmdlet_New-OCIDatacatalogAttributeTag PSCommand_New-OCIDatacatalogAttributeTag PSCmdlet_New-OCIDatacatalogCatalog PSCommand_New-OCIDatacatalogCatalog PSCmdlet_New-OCIDatacatalogCatalogPrivateEndpoint PSCommand_New-OCIDatacatalogCatalogPrivateEndpoint PSCmdlet_New-OCIDatacatalogConnection PSCommand_New-OCIDatacatalogConnection PSCmdlet_New-OCIDatacatalogCustomProperty PSCommand_New-OCIDatacatalogCustomProperty PSCmdlet_New-OCIDatacatalogDataAsset PSCommand_New-OCIDatacatalogDataAsset PSCmdlet_New-OCIDatacatalogDataAssetTag PSCommand_New-OCIDatacatalogDataAssetTag PSCmdlet_New-OCIDatacatalogEntity PSCommand_New-OCIDatacatalogEntity PSCmdlet_New-OCIDatacatalogEntityTag PSCommand_New-OCIDatacatalogEntityTag PSCmdlet_New-OCIDatacatalogFolder PSCommand_New-OCIDatacatalogFolder PSCmdlet_New-OCIDatacatalogFolderTag PSCommand_New-OCIDatacatalogFolderTag PSCmdlet_New-OCIDatacatalogGlossary PSCommand_New-OCIDatacatalogGlossary PSCmdlet_New-OCIDatacatalogJob PSCommand_New-OCIDatacatalogJob PSCmdlet_New-OCIDatacatalogJobDefinition PSCommand_New-OCIDatacatalogJobDefinition PSCmdlet_New-OCIDatacatalogJobExecution PSCommand_New-OCIDatacatalogJobExecution PSCmdlet_New-OCIDatacatalogMetastore PSCommand_New-OCIDatacatalogMetastore PSCmdlet_New-OCIDatacatalogNamespace PSCommand_New-OCIDatacatalogNamespace PSCmdlet_New-OCIDatacatalogPattern PSCommand_New-OCIDatacatalogPattern PSCmdlet_New-OCIDatacatalogTerm PSCommand_New-OCIDatacatalogTerm PSCmdlet_New-OCIDatacatalogTermRelationship PSCommand_New-OCIDatacatalogTermRelationship PSCmdlet_Remove-OCIDatacatalogAttribute PSCommand_Remove-OCIDatacatalogAttribute PSCmdlet_Remove-OCIDatacatalogAttributeTag PSCommand_Remove-OCIDatacatalogAttributeTag PSCmdlet_Remove-OCIDatacatalogCatalog PSCommand_Remove-OCIDatacatalogCatalog PSCmdlet_Remove-OCIDatacatalogCatalogLock PSCommand_Remove-OCIDatacatalogCatalogLock PSCmdlet_Remove-OCIDatacatalogCatalogPrivateEndpoint PSCommand_Remove-OCIDatacatalogCatalogPrivateEndpoint PSCmdlet_Remove-OCIDatacatalogCatalogPrivateEndpointLock PSCommand_Remove-OCIDatacatalogCatalogPrivateEndpointLock PSCmdlet_Remove-OCIDatacatalogConnection PSCommand_Remove-OCIDatacatalogConnection PSCmdlet_Remove-OCIDatacatalogCustomProperty PSCommand_Remove-OCIDatacatalogCustomProperty PSCmdlet_Remove-OCIDatacatalogDataAsset PSCommand_Remove-OCIDatacatalogDataAsset PSCmdlet_Remove-OCIDatacatalogDataAssetTag PSCommand_Remove-OCIDatacatalogDataAssetTag PSCmdlet_Remove-OCIDatacatalogDataSelectorPatterns PSCommand_Remove-OCIDatacatalogDataSelectorPatterns PSCmdlet_Remove-OCIDatacatalogEntity PSCommand_Remove-OCIDatacatalogEntity PSCmdlet_Remove-OCIDatacatalogEntityTag PSCommand_Remove-OCIDatacatalogEntityTag PSCmdlet_Remove-OCIDatacatalogFolder PSCommand_Remove-OCIDatacatalogFolder PSCmdlet_Remove-OCIDatacatalogFolderTag PSCommand_Remove-OCIDatacatalogFolderTag PSCmdlet_Remove-OCIDatacatalogGlossary PSCommand_Remove-OCIDatacatalogGlossary PSCmdlet_Remove-OCIDatacatalogJob PSCommand_Remove-OCIDatacatalogJob PSCmdlet_Remove-OCIDatacatalogJobDefinition PSCommand_Remove-OCIDatacatalogJobDefinition PSCmdlet_Remove-OCIDatacatalogMetastore PSCommand_Remove-OCIDatacatalogMetastore PSCmdlet_Remove-OCIDatacatalogMetastoreLock PSCommand_Remove-OCIDatacatalogMetastoreLock PSCmdlet_Remove-OCIDatacatalogNamespace PSCommand_Remove-OCIDatacatalogNamespace PSCmdlet_Remove-OCIDatacatalogPattern PSCommand_Remove-OCIDatacatalogPattern PSCmdlet_Remove-OCIDatacatalogTerm PSCommand_Remove-OCIDatacatalogTerm PSCmdlet_Remove-OCIDatacatalogTermRelationship PSCommand_Remove-OCIDatacatalogTermRelationship PSCmdlet_Update-OCIDatacatalogAttribute PSCommand_Update-OCIDatacatalogAttribute PSCmdlet_Update-OCIDatacatalogCatalog PSCommand_Update-OCIDatacatalogCatalog PSCmdlet_Update-OCIDatacatalogCatalogPrivateEndpoint PSCommand_Update-OCIDatacatalogCatalogPrivateEndpoint PSCmdlet_Update-OCIDatacatalogConnection PSCommand_Update-OCIDatacatalogConnection PSCmdlet_Update-OCIDatacatalogCustomProperty PSCommand_Update-OCIDatacatalogCustomProperty PSCmdlet_Update-OCIDatacatalogDataAsset PSCommand_Update-OCIDatacatalogDataAsset PSCmdlet_Update-OCIDatacatalogEntity PSCommand_Update-OCIDatacatalogEntity PSCmdlet_Update-OCIDatacatalogFolder PSCommand_Update-OCIDatacatalogFolder PSCmdlet_Update-OCIDatacatalogGlossary PSCommand_Update-OCIDatacatalogGlossary PSCmdlet_Update-OCIDatacatalogJob PSCommand_Update-OCIDatacatalogJob PSCmdlet_Update-OCIDatacatalogJobDefinition PSCommand_Update-OCIDatacatalogJobDefinition PSCmdlet_Update-OCIDatacatalogMetastore PSCommand_Update-OCIDatacatalogMetastore PSCmdlet_Update-OCIDatacatalogNamespace PSCommand_Update-OCIDatacatalogNamespace PSCmdlet_Update-OCIDatacatalogPattern PSCommand_Update-OCIDatacatalogPattern PSCmdlet_Update-OCIDatacatalogTerm PSCommand_Update-OCIDatacatalogTerm PSCmdlet_Update-OCIDatacatalogTermRelationship PSCommand_Update-OCIDatacatalogTermRelationship PSCmdlet_Write-OCIDatacatalogCredentials PSCommand_Write-OCIDatacatalogCredentials PSIncludes_Cmdlet</S>
          <S N="developmentDependency">False</S>
          <S N="updated">2024-12-08T21:30:00Z</S>
          <S N="NormalizedVersion">95.1.0</S>
          <S N="Authors">Oracle Cloud Infrastructure</S>
          <S N="IsPrerelease">false</S>
          <S N="ItemType">Module</S>
          <S N="FileList">OCI.PSModules.Datacatalog.nuspec|THIRD_PARTY_LICENSES.txt|OCI.PSModules.Datacatalog.psd1|LICENSE.txt|OCI.PSModules.Datacatalog.dll-Help.xml|assemblies\OCI.DotNetSDK.Datacatalog.dll|assemblies\OCI.PSModules.Datacatalog.dll</S>
          <S N="GUID">f0444859-1d26-4a2d-8bcd-5551939e4f94</S>
          <S N="PowerShellVersion">6.0</S>
          <S N="CompanyName">Oracle Corporation</S>
        </MS>
      </Obj>
      <S N="InstalledLocation">C:\Users\MarcoFekry\Downloads\OCI.PSModules\OCI.PSModules.Datacatalog\95.1.0</S>
    </MS>
  </Obj>
</Objs>
