<Objs Version="1.1.0.1" xmlns="http://schemas.microsoft.com/powershell/2004/04">
  <Obj RefId="0">
    <TN RefId="0">
      <T>Microsoft.PowerShell.Commands.PSRepositoryItemInfo</T>
      <T>System.Management.Automation.PSCustomObject</T>
      <T>System.Object</T>
    </TN>
    <MS>
      <S N="Name">OCI.PSModules.Dts</S>
      <S N="Version">95.1.0</S>
      <S N="Type">Module</S>
      <S N="Description">This modules provides Cmdlets for OCI Dts Service</S>
      <S N="Author">Oracle Cloud Infrastructure</S>
      <S N="CompanyName">oci-psmodules-grp</S>
      <S N="Copyright">(c) Oracle Cloud Infrastructure. All rights reserved.</S>
      <DT N="PublishedDate">2024-11-12T18:47:03+02:00</DT>
      <Nil N="InstalledDate" />
      <Nil N="UpdatedDate" />
      <URI N="LicenseUri">https://github.com/oracle/oci-powershell-modules/blob/master/LICENSE.txt</URI>
      <URI N="ProjectUri">https://github.com/oracle/oci-powershell-modules/</URI>
      <URI N="IconUri">https://github.com/oracle/oci-powershell-modules/blob/master/icon.png</URI>
      <Obj N="Tags" RefId="1">
        <TN RefId="1">
          <T>System.Object[]</T>
          <T>System.Array</T>
          <T>System.Object</T>
        </TN>
        <LST>
          <S>PSEdition_Core</S>
          <S>Windows</S>
          <S>Linux</S>
          <S>macOS</S>
          <S>Oracle</S>
          <S>OCI</S>
          <S>Cloud</S>
          <S>OracleCloudInfrastructure</S>
          <S>Dts</S>
          <S>PSModule</S>
        </LST>
      </Obj>
      <Obj N="Includes" RefId="2">
        <TN RefId="2">
          <T>System.Collections.Hashtable</T>
          <T>System.Object</T>
        </TN>
        <DCT>
          <En>
            <S N="Key">Cmdlet</S>
            <Obj N="Value" RefId="3">
              <TNRef RefId="1" />
              <LST>
                <S>DisMount-OCIDtsDevicesFromTransferPackage</S>
                <S>Get-OCIDtsApplianceExportJob</S>
                <S>Get-OCIDtsApplianceExportJobsList</S>
                <S>Get-OCIDtsShippingVendorsList</S>
                <S>Get-OCIDtsTransferAppliance</S>
                <S>Get-OCIDtsTransferApplianceCertificateAuthorityCertificate</S>
                <S>Get-OCIDtsTransferApplianceEncryptionPassphrase</S>
                <S>Get-OCIDtsTransferApplianceEntitlement</S>
                <S>Get-OCIDtsTransferApplianceEntitlementList</S>
                <S>Get-OCIDtsTransferAppliancesList</S>
                <S>Get-OCIDtsTransferDevice</S>
                <S>Get-OCIDtsTransferDevicesList</S>
                <S>Get-OCIDtsTransferJob</S>
                <S>Get-OCIDtsTransferJobsList</S>
                <S>Get-OCIDtsTransferPackage</S>
                <S>Get-OCIDtsTransferPackagesList</S>
                <S>Mount-OCIDtsDevicesToTransferPackage</S>
                <S>Move-OCIDtsApplianceExportJobCompartment</S>
                <S>Move-OCIDtsTransferJobCompartment</S>
                <S>New-OCIDtsApplianceExportJob</S>
                <S>New-OCIDtsTransferAppliance</S>
                <S>New-OCIDtsTransferApplianceAdminCredentials</S>
                <S>New-OCIDtsTransferApplianceEntitlement</S>
                <S>New-OCIDtsTransferDevice</S>
                <S>New-OCIDtsTransferJob</S>
                <S>New-OCIDtsTransferPackage</S>
                <S>Remove-OCIDtsApplianceExportJob</S>
                <S>Remove-OCIDtsTransferAppliance</S>
                <S>Remove-OCIDtsTransferDevice</S>
                <S>Remove-OCIDtsTransferJob</S>
                <S>Remove-OCIDtsTransferPackage</S>
                <S>Update-OCIDtsApplianceExportJob</S>
                <S>Update-OCIDtsTransferAppliance</S>
                <S>Update-OCIDtsTransferDevice</S>
                <S>Update-OCIDtsTransferJob</S>
                <S>Update-OCIDtsTransferPackage</S>
              </LST>
            </Obj>
          </En>
          <En>
            <S N="Key">Command</S>
            <Obj N="Value" RefId="4">
              <TNRef RefId="1" />
              <LST>
                <S>DisMount-OCIDtsDevicesFromTransferPackage</S>
                <S>Get-OCIDtsApplianceExportJob</S>
                <S>Get-OCIDtsApplianceExportJobsList</S>
                <S>Get-OCIDtsShippingVendorsList</S>
                <S>Get-OCIDtsTransferAppliance</S>
                <S>Get-OCIDtsTransferApplianceCertificateAuthorityCertificate</S>
                <S>Get-OCIDtsTransferApplianceEncryptionPassphrase</S>
                <S>Get-OCIDtsTransferApplianceEntitlement</S>
                <S>Get-OCIDtsTransferApplianceEntitlementList</S>
                <S>Get-OCIDtsTransferAppliancesList</S>
                <S>Get-OCIDtsTransferDevice</S>
                <S>Get-OCIDtsTransferDevicesList</S>
                <S>Get-OCIDtsTransferJob</S>
                <S>Get-OCIDtsTransferJobsList</S>
                <S>Get-OCIDtsTransferPackage</S>
                <S>Get-OCIDtsTransferPackagesList</S>
                <S>Mount-OCIDtsDevicesToTransferPackage</S>
                <S>Move-OCIDtsApplianceExportJobCompartment</S>
                <S>Move-OCIDtsTransferJobCompartment</S>
                <S>New-OCIDtsApplianceExportJob</S>
                <S>New-OCIDtsTransferAppliance</S>
                <S>New-OCIDtsTransferApplianceAdminCredentials</S>
                <S>New-OCIDtsTransferApplianceEntitlement</S>
                <S>New-OCIDtsTransferDevice</S>
                <S>New-OCIDtsTransferJob</S>
                <S>New-OCIDtsTransferPackage</S>
                <S>Remove-OCIDtsApplianceExportJob</S>
                <S>Remove-OCIDtsTransferAppliance</S>
                <S>Remove-OCIDtsTransferDevice</S>
                <S>Remove-OCIDtsTransferJob</S>
                <S>Remove-OCIDtsTransferPackage</S>
                <S>Update-OCIDtsApplianceExportJob</S>
                <S>Update-OCIDtsTransferAppliance</S>
                <S>Update-OCIDtsTransferDevice</S>
                <S>Update-OCIDtsTransferJob</S>
                <S>Update-OCIDtsTransferPackage</S>
              </LST>
            </Obj>
          </En>
          <En>
            <S N="Key">Workflow</S>
            <Obj N="Value" RefId="5">
              <TNRef RefId="1" />
              <LST />
            </Obj>
          </En>
          <En>
            <S N="Key">Function</S>
            <Ref N="Value" RefId="5" />
          </En>
          <En>
            <S N="Key">RoleCapability</S>
            <Ref N="Value" RefId="5" />
          </En>
          <En>
            <S N="Key">DscResource</S>
            <Ref N="Value" RefId="5" />
          </En>
        </DCT>
      </Obj>
      <Nil N="PowerShellGetFormatVersion" />
      <S N="ReleaseNotes">https://github.com/oracle/oci-powershell-modules/blob/master/CHANGELOG.md</S>
      <Obj N="Dependencies" RefId="6">
        <TNRef RefId="1" />
        <LST>
          <Obj RefId="7">
            <TN RefId="3">
              <T>System.Collections.Specialized.OrderedDictionary</T>
              <T>System.Object</T>
            </TN>
            <DCT>
              <En>
                <S N="Key">Name</S>
                <S N="Value">OCI.PSModules.Common</S>
              </En>
              <En>
                <S N="Key">RequiredVersion</S>
                <S N="Value">95.1.0</S>
              </En>
              <En>
                <S N="Key">CanonicalId</S>
                <S N="Value">nuget:OCI.PSModules.Common/[95.1.0]</S>
              </En>
            </DCT>
          </Obj>
        </LST>
      </Obj>
      <S N="RepositorySourceLocation">https://www.powershellgallery.com/api/v2</S>
      <S N="Repository">PSGallery</S>
      <S N="PackageManagementProvider">NuGet</S>
      <Obj N="AdditionalMetadata" RefId="8">
        <TN RefId="4">
          <T>System.Management.Automation.PSCustomObject</T>
          <T>System.Object</T>
        </TN>
        <MS>
          <S N="copyright">(c) Oracle Cloud Infrastructure. All rights reserved.</S>
          <S N="description">This modules provides Cmdlets for OCI Dts Service</S>
          <S N="requireLicenseAcceptance">False</S>
          <S N="releaseNotes">https://github.com/oracle/oci-powershell-modules/blob/master/CHANGELOG.md</S>
          <S N="isLatestVersion">False</S>
          <S N="isAbsoluteLatestVersion">False</S>
          <S N="versionDownloadCount">336</S>
          <S N="downloadCount">12814</S>
          <S N="packageSize">133975</S>
          <S N="published">11/12/2024 6:47:03 PM +02:00</S>
          <S N="created">11/12/2024 6:47:03 PM +02:00</S>
          <S N="lastUpdated">9/5/2025 4:50:00 PM +03:00</S>
          <S N="tags">PSEdition_Core Windows Linux macOS Oracle OCI Cloud OracleCloudInfrastructure Dts PSModule PSCmdlet_DisMount-OCIDtsDevicesFromTransferPackage PSCommand_DisMount-OCIDtsDevicesFromTransferPackage PSCmdlet_Get-OCIDtsApplianceExportJob PSCommand_Get-OCIDtsApplianceExportJob PSCmdlet_Get-OCIDtsApplianceExportJobsList PSCommand_Get-OCIDtsApplianceExportJobsList PSCmdlet_Get-OCIDtsShippingVendorsList PSCommand_Get-OCIDtsShippingVendorsList PSCmdlet_Get-OCIDtsTransferAppliance PSCommand_Get-OCIDtsTransferAppliance PSCmdlet_Get-OCIDtsTransferApplianceCertificateAuthorityCertificate PSCommand_Get-OCIDtsTransferApplianceCertificateAuthorityCertificate PSCmdlet_Get-OCIDtsTransferApplianceEncryptionPassphrase PSCommand_Get-OCIDtsTransferApplianceEncryptionPassphrase PSCmdlet_Get-OCIDtsTransferApplianceEntitlement PSCommand_Get-OCIDtsTransferApplianceEntitlement PSCmdlet_Get-OCIDtsTransferApplianceEntitlementList PSCommand_Get-OCIDtsTransferApplianceEntitlementList PSCmdlet_Get-OCIDtsTransferAppliancesList PSCommand_Get-OCIDtsTransferAppliancesList PSCmdlet_Get-OCIDtsTransferDevice PSCommand_Get-OCIDtsTransferDevice PSCmdlet_Get-OCIDtsTransferDevicesList PSCommand_Get-OCIDtsTransferDevicesList PSCmdlet_Get-OCIDtsTransferJob PSCommand_Get-OCIDtsTransferJob PSCmdlet_Get-OCIDtsTransferJobsList PSCommand_Get-OCIDtsTransferJobsList PSCmdlet_Get-OCIDtsTransferPackage PSCommand_Get-OCIDtsTransferPackage PSCmdlet_Get-OCIDtsTransferPackagesList PSCommand_Get-OCIDtsTransferPackagesList PSCmdlet_Mount-OCIDtsDevicesToTransferPackage PSCommand_Mount-OCIDtsDevicesToTransferPackage PSCmdlet_Move-OCIDtsApplianceExportJobCompartment PSCommand_Move-OCIDtsApplianceExportJobCompartment PSCmdlet_Move-OCIDtsTransferJobCompartment PSCommand_Move-OCIDtsTransferJobCompartment PSCmdlet_New-OCIDtsApplianceExportJob PSCommand_New-OCIDtsApplianceExportJob PSCmdlet_New-OCIDtsTransferAppliance PSCommand_New-OCIDtsTransferAppliance PSCmdlet_New-OCIDtsTransferApplianceAdminCredentials PSCommand_New-OCIDtsTransferApplianceAdminCredentials PSCmdlet_New-OCIDtsTransferApplianceEntitlement PSCommand_New-OCIDtsTransferApplianceEntitlement PSCmdlet_New-OCIDtsTransferDevice PSCommand_New-OCIDtsTransferDevice PSCmdlet_New-OCIDtsTransferJob PSCommand_New-OCIDtsTransferJob PSCmdlet_New-OCIDtsTransferPackage PSCommand_New-OCIDtsTransferPackage PSCmdlet_Remove-OCIDtsApplianceExportJob PSCommand_Remove-OCIDtsApplianceExportJob PSCmdlet_Remove-OCIDtsTransferAppliance PSCommand_Remove-OCIDtsTransferAppliance PSCmdlet_Remove-OCIDtsTransferDevice PSCommand_Remove-OCIDtsTransferDevice PSCmdlet_Remove-OCIDtsTransferJob PSCommand_Remove-OCIDtsTransferJob PSCmdlet_Remove-OCIDtsTransferPackage PSCommand_Remove-OCIDtsTransferPackage PSCmdlet_Update-OCIDtsApplianceExportJob PSCommand_Update-OCIDtsApplianceExportJob PSCmdlet_Update-OCIDtsTransferAppliance PSCommand_Update-OCIDtsTransferAppliance PSCmdlet_Update-OCIDtsTransferDevice PSCommand_Update-OCIDtsTransferDevice PSCmdlet_Update-OCIDtsTransferJob PSCommand_Update-OCIDtsTransferJob PSCmdlet_Update-OCIDtsTransferPackage PSCommand_Update-OCIDtsTransferPackage PSIncludes_Cmdlet</S>
          <S N="developmentDependency">False</S>
          <S N="updated">2025-09-05T16:50:00Z</S>
          <S N="NormalizedVersion">95.1.0</S>
          <S N="Authors">Oracle Cloud Infrastructure</S>
          <S N="IsPrerelease">false</S>
          <S N="ItemType">Module</S>
          <S N="FileList">OCI.PSModules.Dts.nuspec|THIRD_PARTY_LICENSES.txt|OCI.PSModules.Dts.dll-Help.xml|LICENSE.txt|OCI.PSModules.Dts.psd1|assemblies\OCI.PSModules.Dts.dll|assemblies\OCI.DotNetSDK.Dts.dll</S>
          <S N="GUID">08adf9d8-a13f-4a0f-896f-df35c155c839</S>
          <S N="PowerShellVersion">6.0</S>
          <S N="CompanyName">Oracle Corporation</S>
        </MS>
      </Obj>
      <S N="InstalledLocation">C:\Program Files\PowerShell\Modules1\OCI.PSModules.Dts\95.1.0</S>
    </MS>
  </Obj>
</Objs>
