<Objs Version="1.1.0.1" xmlns="http://schemas.microsoft.com/powershell/2004/04">
  <Obj RefId="0">
    <TN RefId="0">
      <T>Microsoft.PowerShell.Commands.PSRepositoryItemInfo</T>
      <T>System.Management.Automation.PSCustomObject</T>
      <T>System.Object</T>
    </TN>
    <MS>
      <S N="Name">OCI.PSModules.Database</S>
      <S N="Version">95.1.0</S>
      <S N="Type">Module</S>
      <S N="Description">This modules provides Cmdlets for OCI Database Service</S>
      <S N="Author">Oracle Cloud Infrastructure</S>
      <S N="CompanyName">oci-psmodules-grp</S>
      <S N="Copyright">(c) Oracle Cloud Infrastructure. All rights reserved.</S>
      <DT N="PublishedDate">2024-11-12T18:45:18+02:00</DT>
      <Nil N="InstalledDate" />
      <Nil N="UpdatedDate" />
      <URI N="LicenseUri">https://github.com/oracle/oci-powershell-modules/blob/master/LICENSE.txt</URI>
      <URI N="ProjectUri">https://github.com/oracle/oci-powershell-modules/</URI>
      <URI N="IconUri">https://github.com/oracle/oci-powershell-modules/blob/master/icon.png</URI>
      <Obj N="Tags" RefId="1">
        <TN RefId="1">
          <T>System.Object[]</T>
          <T>System.Array</T>
          <T>System.Object</T>
        </TN>
        <LST>
          <S>PSEdition_Core</S>
          <S>Windows</S>
          <S>Linux</S>
          <S>macOS</S>
          <S>Oracle</S>
          <S>OCI</S>
          <S>Cloud</S>
          <S>OracleCloudInfrastructure</S>
          <S>Database</S>
          <S>PSModule</S>
        </LST>
      </Obj>
      <Obj N="Includes" RefId="2">
        <TN RefId="2">
          <T>System.Collections.Hashtable</T>
          <T>System.Object</T>
        </TN>
        <DCT>
          <En>
            <S N="Key">Function</S>
            <Obj N="Value" RefId="3">
              <TNRef RefId="1" />
              <LST />
            </Obj>
          </En>
          <En>
            <S N="Key">Workflow</S>
            <Ref N="Value" RefId="3" />
          </En>
          <En>
            <S N="Key">DscResource</S>
            <Ref N="Value" RefId="3" />
          </En>
          <En>
            <S N="Key">RoleCapability</S>
            <Ref N="Value" RefId="3" />
          </En>
          <En>
            <S N="Key">Command</S>
            <Obj N="Value" RefId="4">
              <TNRef RefId="1" />
              <LST>
                <S>Add-OCIDatabaseStorageCapacityCloudExadataInfrastructure</S>
                <S>Add-OCIDatabaseStorageCapacityExadataInfrastructure</S>
                <S>Add-OCIDatabaseVirtualMachineToCloudVmCluster</S>
                <S>Add-OCIDatabaseVirtualMachineToVmCluster</S>
                <S>Complete-OCIDatabaseExternalBackupJob</S>
                <S>Confirm-OCIDatabaseVmClusterNetwork</S>
                <S>Disable-OCIDatabaseAutonomousDatabaseManagement</S>
                <S>Disable-OCIDatabaseAutonomousDatabaseOperationsInsights</S>
                <S>Disable-OCIDatabaseExternalContainerDatabaseDatabaseManagement</S>
                <S>Disable-OCIDatabaseExternalContainerDatabaseStackMonitoring</S>
                <S>Disable-OCIDatabaseExternalNonContainerDatabaseDatabaseManagement</S>
                <S>Disable-OCIDatabaseExternalNonContainerDatabaseOperationsInsights</S>
                <S>Disable-OCIDatabaseExternalNonContainerDatabaseStackMonitoring</S>
                <S>Disable-OCIDatabaseExternalPluggableDatabaseDatabaseManagement</S>
                <S>Disable-OCIDatabaseExternalPluggableDatabaseOperationsInsights</S>
                <S>Disable-OCIDatabaseExternalPluggableDatabaseStackMonitoring</S>
                <S>Disable-OCIDatabaseManagement</S>
                <S>Disable-OCIDatabasePluggableDatabaseManagement</S>
                <S>Edit-OCIDatabaseManagement</S>
                <S>Edit-OCIDatabasePluggableDatabaseManagement</S>
                <S>Enable-OCIDatabaseAutonomousDatabaseManagement</S>
                <S>Enable-OCIDatabaseAutonomousDatabaseOperationsInsights</S>
                <S>Enable-OCIDatabaseExadataInfrastructure</S>
                <S>Enable-OCIDatabaseExternalContainerDatabaseDatabaseManagement</S>
                <S>Enable-OCIDatabaseExternalContainerDatabaseStackMonitoring</S>
                <S>Enable-OCIDatabaseExternalNonContainerDatabaseDatabaseManagement</S>
                <S>Enable-OCIDatabaseExternalNonContainerDatabaseOperationsInsights</S>
                <S>Enable-OCIDatabaseExternalNonContainerDatabaseStackMonitoring</S>
                <S>Enable-OCIDatabaseExternalPluggableDatabaseDatabaseManagement</S>
                <S>Enable-OCIDatabaseExternalPluggableDatabaseOperationsInsights</S>
                <S>Enable-OCIDatabaseExternalPluggableDatabaseStackMonitoring</S>
                <S>Enable-OCIDatabaseManagement</S>
                <S>Enable-OCIDatabasePluggableDatabaseManagement</S>
                <S>Get-OCIDatabase</S>
                <S>Get-OCIDatabaseApplicationVip</S>
                <S>Get-OCIDatabaseApplicationVipsList</S>
                <S>Get-OCIDatabaseAutonomousContainerDatabase</S>
                <S>Get-OCIDatabaseAutonomousContainerDatabaseDataguardAssociation</S>
                <S>Get-OCIDatabaseAutonomousContainerDatabaseDataguardAssociationsList</S>
                <S>Get-OCIDatabaseAutonomousContainerDatabaseResourceUsage</S>
                <S>Get-OCIDatabaseAutonomousContainerDatabasesList</S>
                <S>Get-OCIDatabaseAutonomousContainerDatabaseVersionsList</S>
                <S>Get-OCIDatabaseAutonomousDatabase</S>
                <S>Get-OCIDatabaseAutonomousDatabaseBackup</S>
                <S>Get-OCIDatabaseAutonomousDatabaseBackupsList</S>
                <S>Get-OCIDatabaseAutonomousDatabaseCharacterSetsList</S>
                <S>Get-OCIDatabaseAutonomousDatabaseClonesList</S>
                <S>Get-OCIDatabaseAutonomousDatabaseDataguardAssociation</S>
                <S>Get-OCIDatabaseAutonomousDatabaseDataguardAssociationsList</S>
                <S>Get-OCIDatabaseAutonomousDatabasePeersList</S>
                <S>Get-OCIDatabaseAutonomousDatabaseRefreshableClonesList</S>
                <S>Get-OCIDatabaseAutonomousDatabaseRegionalWallet</S>
                <S>Get-OCIDatabaseAutonomousDatabasesList</S>
                <S>Get-OCIDatabaseAutonomousDatabaseSoftwareImage</S>
                <S>Get-OCIDatabaseAutonomousDatabaseSoftwareImagesList</S>
                <S>Get-OCIDatabaseAutonomousDatabaseWallet</S>
                <S>Get-OCIDatabaseAutonomousDbPreviewVersionsList</S>
                <S>Get-OCIDatabaseAutonomousDbVersionsList</S>
                <S>Get-OCIDatabaseAutonomousExadataInfrastructure</S>
                <S>Get-OCIDatabaseAutonomousExadataInfrastructureShapesList</S>
                <S>Get-OCIDatabaseAutonomousExadataInfrastructuresList</S>
                <S>Get-OCIDatabaseAutonomousPatch</S>
                <S>Get-OCIDatabaseAutonomousVirtualMachine</S>
                <S>Get-OCIDatabaseAutonomousVirtualMachinesList</S>
                <S>Get-OCIDatabaseAutonomousVmCluster</S>
                <S>Get-OCIDatabaseAutonomousVmClusterAcdResourceUsageList</S>
                <S>Get-OCIDatabaseAutonomousVmClusterResourceUsage</S>
                <S>Get-OCIDatabaseAutonomousVmClustersList</S>
                <S>Get-OCIDatabaseBackup</S>
                <S>Get-OCIDatabaseBackupDestination</S>
                <S>Get-OCIDatabaseBackupDestinationList</S>
                <S>Get-OCIDatabaseBackupsList</S>
                <S>Get-OCIDatabaseCloudAutonomousVmCluster</S>
                <S>Get-OCIDatabaseCloudAutonomousVmClusterAcdResourceUsageList</S>
                <S>Get-OCIDatabaseCloudAutonomousVmClusterResourceUsage</S>
                <S>Get-OCIDatabaseCloudAutonomousVmClustersList</S>
                <S>Get-OCIDatabaseCloudExadataInfrastructure</S>
                <S>Get-OCIDatabaseCloudExadataInfrastructuresList</S>
                <S>Get-OCIDatabaseCloudExadataInfrastructureUnallocatedResources</S>
                <S>Get-OCIDatabaseCloudVmCluster</S>
                <S>Get-OCIDatabaseCloudVmClusterIormConfig</S>
                <S>Get-OCIDatabaseCloudVmClustersList</S>
                <S>Get-OCIDatabaseCloudVmClusterUpdate</S>
                <S>Get-OCIDatabaseCloudVmClusterUpdateHistoryEntriesList</S>
                <S>Get-OCIDatabaseCloudVmClusterUpdateHistoryEntry</S>
                <S>Get-OCIDatabaseCloudVmClusterUpdatesList</S>
                <S>Get-OCIDatabaseConsoleConnection</S>
                <S>Get-OCIDatabaseConsoleConnectionsList</S>
                <S>Get-OCIDatabaseConsoleHistoriesList</S>
                <S>Get-OCIDatabaseConsoleHistory</S>
                <S>Get-OCIDatabaseConsoleHistoryContent</S>
                <S>Get-OCIDatabaseContainerDatabasePatchesList</S>
                <S>Get-OCIDatabaseDataGuardAssociation</S>
                <S>Get-OCIDatabaseDataGuardAssociationsList</S>
                <S>Get-OCIDatabaseDbHome</S>
                <S>Get-OCIDatabaseDbHomePatch</S>
                <S>Get-OCIDatabaseDbHomePatchesList</S>
                <S>Get-OCIDatabaseDbHomePatchHistoryEntriesList</S>
                <S>Get-OCIDatabaseDbHomePatchHistoryEntry</S>
                <S>Get-OCIDatabaseDbHomesList</S>
                <S>Get-OCIDatabaseDbNode</S>
                <S>Get-OCIDatabaseDbNodesList</S>
                <S>Get-OCIDatabaseDbServer</S>
                <S>Get-OCIDatabaseDbServersList</S>
                <S>Get-OCIDatabaseDbSystem</S>
                <S>Get-OCIDatabaseDbSystemComputePerformancesList</S>
                <S>Get-OCIDatabaseDbSystemPatch</S>
                <S>Get-OCIDatabaseDbSystemPatchesList</S>
                <S>Get-OCIDatabaseDbSystemPatchHistoryEntriesList</S>
                <S>Get-OCIDatabaseDbSystemPatchHistoryEntry</S>
                <S>Get-OCIDatabaseDbSystemShapesList</S>
                <S>Get-OCIDatabaseDbSystemsList</S>
                <S>Get-OCIDatabaseDbSystemStoragePerformancesList</S>
                <S>Get-OCIDatabaseDbSystemUpgradeHistoryEntriesList</S>
                <S>Get-OCIDatabaseDbSystemUpgradeHistoryEntry</S>
                <S>Get-OCIDatabaseDbVersionsList</S>
                <S>Get-OCIDatabaseExadataInfrastructure</S>
                <S>Get-OCIDatabaseExadataInfrastructureOcpus</S>
                <S>Get-OCIDatabaseExadataInfrastructuresList</S>
                <S>Get-OCIDatabaseExadataInfrastructureUnAllocatedResources</S>
                <S>Get-OCIDatabaseExadataIormConfig</S>
                <S>Get-OCIDatabaseExadbVmCluster</S>
                <S>Get-OCIDatabaseExadbVmClustersList</S>
                <S>Get-OCIDatabaseExadbVmClusterUpdate</S>
                <S>Get-OCIDatabaseExadbVmClusterUpdateHistoryEntriesList</S>
                <S>Get-OCIDatabaseExadbVmClusterUpdateHistoryEntry</S>
                <S>Get-OCIDatabaseExadbVmClusterUpdatesList</S>
                <S>Get-OCIDatabaseExascaleDbStorageVault</S>
                <S>Get-OCIDatabaseExascaleDbStorageVaultsList</S>
                <S>Get-OCIDatabaseExecutionAction</S>
                <S>Get-OCIDatabaseExecutionActionsList</S>
                <S>Get-OCIDatabaseExecutionWindow</S>
                <S>Get-OCIDatabaseExecutionWindowsList</S>
                <S>Get-OCIDatabaseExternalBackupJob</S>
                <S>Get-OCIDatabaseExternalContainerDatabase</S>
                <S>Get-OCIDatabaseExternalContainerDatabasesList</S>
                <S>Get-OCIDatabaseExternalDatabaseConnector</S>
                <S>Get-OCIDatabaseExternalDatabaseConnectorsList</S>
                <S>Get-OCIDatabaseExternalNonContainerDatabase</S>
                <S>Get-OCIDatabaseExternalNonContainerDatabasesList</S>
                <S>Get-OCIDatabaseExternalPluggableDatabase</S>
                <S>Get-OCIDatabaseExternalPluggableDatabasesList</S>
                <S>Get-OCIDatabaseFlexComponentsList</S>
                <S>Get-OCIDatabaseGiVersionMinorVersionsList</S>
                <S>Get-OCIDatabaseGiVersionsList</S>
                <S>Get-OCIDatabaseInfrastructureTargetVersions</S>
                <S>Get-OCIDatabaseKeyStore</S>
                <S>Get-OCIDatabaseKeyStoresList</S>
                <S>Get-OCIDatabaseMaintenanceRun</S>
                <S>Get-OCIDatabaseMaintenanceRunHistory</S>
                <S>Get-OCIDatabaseMaintenanceRunHistoryList</S>
                <S>Get-OCIDatabaseMaintenanceRunsList</S>
                <S>Get-OCIDatabaseOneoffPatch</S>
                <S>Get-OCIDatabaseOneoffPatchesList</S>
                <S>Get-OCIDatabaseParamsForActionTypeList</S>
                <S>Get-OCIDatabasePdbConversionHistoryEntriesList</S>
                <S>Get-OCIDatabasePdbConversionHistoryEntry</S>
                <S>Get-OCIDatabasePluggableDatabase</S>
                <S>Get-OCIDatabasePluggableDatabasesList</S>
                <S>Get-OCIDatabaseRecommendedScheduledActionsList</S>
                <S>Get-OCIDatabaseScheduledAction</S>
                <S>Get-OCIDatabaseScheduledActionsList</S>
                <S>Get-OCIDatabaseSchedulingPlan</S>
                <S>Get-OCIDatabaseSchedulingPlansList</S>
                <S>Get-OCIDatabaseSchedulingPoliciesList</S>
                <S>Get-OCIDatabaseSchedulingPolicy</S>
                <S>Get-OCIDatabaseSchedulingWindow</S>
                <S>Get-OCIDatabaseSchedulingWindowsList</S>
                <S>Get-OCIDatabasesList</S>
                <S>Get-OCIDatabaseSoftwareImage</S>
                <S>Get-OCIDatabaseSoftwareImagesList</S>
                <S>Get-OCIDatabaseSystemVersionsList</S>
                <S>Get-OCIDatabaseUpgradeHistoryEntriesList</S>
                <S>Get-OCIDatabaseUpgradeHistoryEntry</S>
                <S>Get-OCIDatabaseVmCluster</S>
                <S>Get-OCIDatabaseVmClusterNetwork</S>
                <S>Get-OCIDatabaseVmClusterNetworksList</S>
                <S>Get-OCIDatabaseVmClusterPatch</S>
                <S>Get-OCIDatabaseVmClusterPatchesList</S>
                <S>Get-OCIDatabaseVmClusterPatchHistoryEntriesList</S>
                <S>Get-OCIDatabaseVmClusterPatchHistoryEntry</S>
                <S>Get-OCIDatabaseVmClustersList</S>
                <S>Get-OCIDatabaseVmClusterUpdate</S>
                <S>Get-OCIDatabaseVmClusterUpdateHistoryEntriesList</S>
                <S>Get-OCIDatabaseVmClusterUpdateHistoryEntry</S>
                <S>Get-OCIDatabaseVmClusterUpdatesList</S>
                <S>Invoke-OCIDatabaseAutonomousDatabaseManualRefresh</S>
                <S>Invoke-OCIDatabaseCascadingDeleteSchedulingPlan</S>
                <S>Invoke-OCIDatabaseCheckExternalDatabaseConnectorConnectionStatus</S>
                <S>Invoke-OCIDatabaseConfigureAutonomousDatabaseVaultKey</S>
                <S>Invoke-OCIDatabaseConfigureSaasAdminUser</S>
                <S>Invoke-OCIDatabaseConfirmKeyStoreDetailsAreCorrect</S>
                <S>Invoke-OCIDatabaseConvertToPdb</S>
                <S>Invoke-OCIDatabaseConvertToRegularPluggableDatabase</S>
                <S>Invoke-OCIDatabaseDbNodeAction</S>
                <S>Invoke-OCIDatabaseDownloadExadataInfrastructureConfigFile</S>
                <S>Invoke-OCIDatabaseDownloadOneoffPatch</S>
                <S>Invoke-OCIDatabaseDownloadValidationReport</S>
                <S>Invoke-OCIDatabaseDownloadVmClusterNetworkConfigFile</S>
                <S>Invoke-OCIDatabaseFailoverAutonomousContainerDatabaseDataguardAssociation</S>
                <S>Invoke-OCIDatabaseFailOverAutonomousDatabase</S>
                <S>Invoke-OCIDatabaseFailoverDataGuardAssociation</S>
                <S>Invoke-OCIDatabaseLaunchAutonomousExadataInfrastructure</S>
                <S>Invoke-OCIDatabaseLocalClonePluggableDatabase</S>
                <S>Invoke-OCIDatabaseMigrateExadataDbSystemResourceModel</S>
                <S>Invoke-OCIDatabaseMigrateVaultKey</S>
                <S>Invoke-OCIDatabaseRefreshPluggableDatabase</S>
                <S>Invoke-OCIDatabaseReinstateAutonomousContainerDatabaseDataguardAssociation</S>
                <S>Invoke-OCIDatabaseReinstateDataGuardAssociation</S>
                <S>Invoke-OCIDatabaseRemoteClonePluggableDatabase</S>
                <S>Invoke-OCIDatabaseReorderExecutionActions</S>
                <S>Invoke-OCIDatabaseReorderScheduledActions</S>
                <S>Invoke-OCIDatabaseResizeVmClusterNetwork</S>
                <S>Invoke-OCIDatabaseResourcePoolShapes</S>
                <S>Invoke-OCIDatabaseRotateAutonomousContainerDatabaseEncryptionKey</S>
                <S>Invoke-OCIDatabaseRotateAutonomousDatabaseEncryptionKey</S>
                <S>Invoke-OCIDatabaseRotateAutonomousVmClusterOrdsCerts</S>
                <S>Invoke-OCIDatabaseRotateAutonomousVmClusterSslCerts</S>
                <S>Invoke-OCIDatabaseRotateCloudAutonomousVmClusterOrdsCerts</S>
                <S>Invoke-OCIDatabaseRotateCloudAutonomousVmClusterSslCerts</S>
                <S>Invoke-OCIDatabaseRotateOrdsCerts</S>
                <S>Invoke-OCIDatabaseRotatePluggableDatabaseEncryptionKey</S>
                <S>Invoke-OCIDatabaseRotateSslCerts</S>
                <S>Invoke-OCIDatabaseRotateVaultKey</S>
                <S>Invoke-OCIDatabaseSaasAdminUserStatus</S>
                <S>Invoke-OCIDatabaseScanExternalContainerDatabasePluggableDatabases</S>
                <S>Invoke-OCIDatabaseSetDbKeyVersion</S>
                <S>Invoke-OCIDatabaseSetPdbKeyVersion</S>
                <S>Invoke-OCIDatabaseShrinkAutonomousDatabase</S>
                <S>Invoke-OCIDatabaseSwitchoverAutonomousContainerDatabaseDataguardAssociation</S>
                <S>Invoke-OCIDatabaseSwitchoverAutonomousDatabase</S>
                <S>Invoke-OCIDatabaseSwitchoverDataGuardAssociation</S>
                <S>Invoke-OCIDatabaseTerminateAutonomousContainerDatabase</S>
                <S>Invoke-OCIDatabaseTerminateAutonomousExadataInfrastructure</S>
                <S>Invoke-OCIDatabaseTerminateDbSystem</S>
                <S>Invoke-OCIDatabaseUpgradeDatabase</S>
                <S>Invoke-OCIDatabaseUpgradeDbSystem</S>
                <S>Move-OCIDatabaseAutonomousContainerDatabaseCompartment</S>
                <S>Move-OCIDatabaseAutonomousDatabaseCompartment</S>
                <S>Move-OCIDatabaseAutonomousDatabaseSoftwareImageCompartment</S>
                <S>Move-OCIDatabaseAutonomousDatabaseSubscription</S>
                <S>Move-OCIDatabaseAutonomousExadataInfrastructureCompartment</S>
                <S>Move-OCIDatabaseAutonomousVmClusterCompartment</S>
                <S>Move-OCIDatabaseBackupDestinationCompartment</S>
                <S>Move-OCIDatabaseCloudAutonomousVmClusterCompartment</S>
                <S>Move-OCIDatabaseCloudExadataInfrastructureCompartment</S>
                <S>Move-OCIDatabaseCloudExadataInfrastructureSubscription</S>
                <S>Move-OCIDatabaseCloudVmClusterCompartment</S>
                <S>Move-OCIDatabaseCloudVmClusterSubscription</S>
                <S>Move-OCIDatabaseDataguardRole</S>
                <S>Move-OCIDatabaseDbSystemCompartment</S>
                <S>Move-OCIDatabaseDisasterRecoveryConfiguration</S>
                <S>Move-OCIDatabaseExadataInfrastructureCompartment</S>
                <S>Move-OCIDatabaseExadbVmClusterCompartment</S>
                <S>Move-OCIDatabaseExascaleDbStorageVaultCompartment</S>
                <S>Move-OCIDatabaseExecutionActionMember</S>
                <S>Move-OCIDatabaseExternalContainerDatabaseCompartment</S>
                <S>Move-OCIDatabaseExternalNonContainerDatabaseCompartment</S>
                <S>Move-OCIDatabaseExternalPluggableDatabaseCompartment</S>
                <S>Move-OCIDatabaseKeyStoreCompartment</S>
                <S>Move-OCIDatabaseKeyStoreType</S>
                <S>Move-OCIDatabaseOneoffPatchCompartment</S>
                <S>Move-OCIDatabaseSchedulingPlanCompartment</S>
                <S>Move-OCIDatabaseSchedulingPolicyCompartment</S>
                <S>Move-OCIDatabaseSoftwareImageCompartment</S>
                <S>Move-OCIDatabaseVmClusterCompartment</S>
                <S>New-OCIDatabase</S>
                <S>New-OCIDatabaseApplicationVip</S>
                <S>New-OCIDatabaseAutonomousContainerDatabase</S>
                <S>New-OCIDatabaseAutonomousContainerDatabaseDataguardAssociation</S>
                <S>New-OCIDatabaseAutonomousDatabase</S>
                <S>New-OCIDatabaseAutonomousDatabaseBackup</S>
                <S>New-OCIDatabaseAutonomousDatabaseSoftwareImage</S>
                <S>New-OCIDatabaseAutonomousDatabaseWallet</S>
                <S>New-OCIDatabaseAutonomousVmCluster</S>
                <S>New-OCIDatabaseBackup</S>
                <S>New-OCIDatabaseBackupDestination</S>
                <S>New-OCIDatabaseCloudAutonomousVmCluster</S>
                <S>New-OCIDatabaseCloudExadataInfrastructure</S>
                <S>New-OCIDatabaseCloudVmCluster</S>
                <S>New-OCIDatabaseConsoleConnection</S>
                <S>New-OCIDatabaseConsoleHistory</S>
                <S>New-OCIDatabaseDataGuardAssociation</S>
                <S>New-OCIDatabaseDbHome</S>
                <S>New-OCIDatabaseDbSystem</S>
                <S>New-OCIDatabaseExadataInfrastructure</S>
                <S>New-OCIDatabaseExadbVmCluster</S>
                <S>New-OCIDatabaseExascaleDbStorageVault</S>
                <S>New-OCIDatabaseExecutionAction</S>
                <S>New-OCIDatabaseExecutionWindow</S>
                <S>New-OCIDatabaseExternalBackupJob</S>
                <S>New-OCIDatabaseExternalContainerDatabase</S>
                <S>New-OCIDatabaseExternalDatabaseConnector</S>
                <S>New-OCIDatabaseExternalNonContainerDatabase</S>
                <S>New-OCIDatabaseExternalPluggableDatabase</S>
                <S>New-OCIDatabaseKeyStore</S>
                <S>New-OCIDatabaseMaintenanceRun</S>
                <S>New-OCIDatabaseOneoffPatch</S>
                <S>New-OCIDatabasePluggableDatabase</S>
                <S>New-OCIDatabaseRecommendedVmClusterNetwork</S>
                <S>New-OCIDatabaseScheduledAction</S>
                <S>New-OCIDatabaseSchedulingPlan</S>
                <S>New-OCIDatabaseSchedulingPolicy</S>
                <S>New-OCIDatabaseSchedulingWindow</S>
                <S>New-OCIDatabaseSoftwareImage</S>
                <S>New-OCIDatabaseVmCluster</S>
                <S>New-OCIDatabaseVmClusterNetwork</S>
                <S>Register-OCIDatabaseAutonomousDatabaseDataSafe</S>
                <S>Remove-OCIDatabase</S>
                <S>Remove-OCIDatabaseApplicationVip</S>
                <S>Remove-OCIDatabaseAutonomousDatabase</S>
                <S>Remove-OCIDatabaseAutonomousDatabaseBackup</S>
                <S>Remove-OCIDatabaseAutonomousDatabaseSoftwareImage</S>
                <S>Remove-OCIDatabaseAutonomousVmCluster</S>
                <S>Remove-OCIDatabaseBackup</S>
                <S>Remove-OCIDatabaseBackupDestination</S>
                <S>Remove-OCIDatabaseCloudAutonomousVmCluster</S>
                <S>Remove-OCIDatabaseCloudExadataInfrastructure</S>
                <S>Remove-OCIDatabaseCloudVmCluster</S>
                <S>Remove-OCIDatabaseConsoleConnection</S>
                <S>Remove-OCIDatabaseConsoleHistory</S>
                <S>Remove-OCIDatabaseDbHome</S>
                <S>Remove-OCIDatabaseExadataInfrastructure</S>
                <S>Remove-OCIDatabaseExadbVmCluster</S>
                <S>Remove-OCIDatabaseExascaleDbStorageVault</S>
                <S>Remove-OCIDatabaseExecutionAction</S>
                <S>Remove-OCIDatabaseExecutionWindow</S>
                <S>Remove-OCIDatabaseExternalContainerDatabase</S>
                <S>Remove-OCIDatabaseExternalDatabaseConnector</S>
                <S>Remove-OCIDatabaseExternalNonContainerDatabase</S>
                <S>Remove-OCIDatabaseExternalPluggableDatabase</S>
                <S>Remove-OCIDatabaseKeyStore</S>
                <S>Remove-OCIDatabaseOneoffPatch</S>
                <S>Remove-OCIDatabasePluggableDatabase</S>
                <S>Remove-OCIDatabaseScheduledAction</S>
                <S>Remove-OCIDatabaseSchedulingPlan</S>
                <S>Remove-OCIDatabaseSchedulingPolicy</S>
                <S>Remove-OCIDatabaseSchedulingWindow</S>
                <S>Remove-OCIDatabaseSoftwareImage</S>
                <S>Remove-OCIDatabaseVirtualMachineFromCloudVmCluster</S>
                <S>Remove-OCIDatabaseVirtualMachineFromExadbVmCluster</S>
                <S>Remove-OCIDatabaseVirtualMachineFromVmCluster</S>
                <S>Remove-OCIDatabaseVmCluster</S>
                <S>Remove-OCIDatabaseVmClusterNetwork</S>
                <S>Restart-OCIDatabaseAutonomousContainerDatabase</S>
                <S>Restart-OCIDatabaseAutonomousDatabase</S>
                <S>Restore-OCIDatabase</S>
                <S>Restore-OCIDatabaseAutonomousDatabase</S>
                <S>Start-OCIDatabaseAutonomousDatabase</S>
                <S>Start-OCIDatabasePluggableDatabase</S>
                <S>Stop-OCIDatabaseAutonomousDatabase</S>
                <S>Stop-OCIDatabaseBackup</S>
                <S>Stop-OCIDatabaseExecutionWindow</S>
                <S>Stop-OCIDatabasePluggableDatabase</S>
                <S>Unregister-OCIDatabaseAutonomousDatabaseDataSafe</S>
                <S>Update-OCIDatabase</S>
                <S>Update-OCIDatabaseAutonomousContainerDatabase</S>
                <S>Update-OCIDatabaseAutonomousContainerDatabaseDataguardAssociation</S>
                <S>Update-OCIDatabaseAutonomousDatabase</S>
                <S>Update-OCIDatabaseAutonomousDatabaseBackup</S>
                <S>Update-OCIDatabaseAutonomousDatabaseRegionalWallet</S>
                <S>Update-OCIDatabaseAutonomousDatabaseSoftwareImage</S>
                <S>Update-OCIDatabaseAutonomousDatabaseWallet</S>
                <S>Update-OCIDatabaseAutonomousExadataInfrastructure</S>
                <S>Update-OCIDatabaseAutonomousVmCluster</S>
                <S>Update-OCIDatabaseBackupDestination</S>
                <S>Update-OCIDatabaseCloudAutonomousVmCluster</S>
                <S>Update-OCIDatabaseCloudExadataInfrastructure</S>
                <S>Update-OCIDatabaseCloudVmCluster</S>
                <S>Update-OCIDatabaseCloudVmClusterIormConfig</S>
                <S>Update-OCIDatabaseConsoleConnection</S>
                <S>Update-OCIDatabaseConsoleHistory</S>
                <S>Update-OCIDatabaseDataGuardAssociation</S>
                <S>Update-OCIDatabaseDbHome</S>
                <S>Update-OCIDatabaseDbNode</S>
                <S>Update-OCIDatabaseDbSystem</S>
                <S>Update-OCIDatabaseExadataInfrastructure</S>
                <S>Update-OCIDatabaseExadataIormConfig</S>
                <S>Update-OCIDatabaseExadbVmCluster</S>
                <S>Update-OCIDatabaseExascaleDbStorageVault</S>
                <S>Update-OCIDatabaseExecutionAction</S>
                <S>Update-OCIDatabaseExecutionWindow</S>
                <S>Update-OCIDatabaseExternalContainerDatabase</S>
                <S>Update-OCIDatabaseExternalDatabaseConnector</S>
                <S>Update-OCIDatabaseExternalNonContainerDatabase</S>
                <S>Update-OCIDatabaseExternalPluggableDatabase</S>
                <S>Update-OCIDatabaseKeyStore</S>
                <S>Update-OCIDatabaseMaintenanceRun</S>
                <S>Update-OCIDatabaseOneoffPatch</S>
                <S>Update-OCIDatabasePluggableDatabase</S>
                <S>Update-OCIDatabaseScheduledAction</S>
                <S>Update-OCIDatabaseSchedulingPolicy</S>
                <S>Update-OCIDatabaseSchedulingWindow</S>
                <S>Update-OCIDatabaseSoftwareImage</S>
                <S>Update-OCIDatabaseVmCluster</S>
                <S>Update-OCIDatabaseVmClusterNetwork</S>
              </LST>
            </Obj>
          </En>
          <En>
            <S N="Key">Cmdlet</S>
            <Obj N="Value" RefId="5">
              <TNRef RefId="1" />
              <LST>
                <S>Add-OCIDatabaseStorageCapacityCloudExadataInfrastructure</S>
                <S>Add-OCIDatabaseStorageCapacityExadataInfrastructure</S>
                <S>Add-OCIDatabaseVirtualMachineToCloudVmCluster</S>
                <S>Add-OCIDatabaseVirtualMachineToVmCluster</S>
                <S>Complete-OCIDatabaseExternalBackupJob</S>
                <S>Confirm-OCIDatabaseVmClusterNetwork</S>
                <S>Disable-OCIDatabaseAutonomousDatabaseManagement</S>
                <S>Disable-OCIDatabaseAutonomousDatabaseOperationsInsights</S>
                <S>Disable-OCIDatabaseExternalContainerDatabaseDatabaseManagement</S>
                <S>Disable-OCIDatabaseExternalContainerDatabaseStackMonitoring</S>
                <S>Disable-OCIDatabaseExternalNonContainerDatabaseDatabaseManagement</S>
                <S>Disable-OCIDatabaseExternalNonContainerDatabaseOperationsInsights</S>
                <S>Disable-OCIDatabaseExternalNonContainerDatabaseStackMonitoring</S>
                <S>Disable-OCIDatabaseExternalPluggableDatabaseDatabaseManagement</S>
                <S>Disable-OCIDatabaseExternalPluggableDatabaseOperationsInsights</S>
                <S>Disable-OCIDatabaseExternalPluggableDatabaseStackMonitoring</S>
                <S>Disable-OCIDatabaseManagement</S>
                <S>Disable-OCIDatabasePluggableDatabaseManagement</S>
                <S>Edit-OCIDatabaseManagement</S>
                <S>Edit-OCIDatabasePluggableDatabaseManagement</S>
                <S>Enable-OCIDatabaseAutonomousDatabaseManagement</S>
                <S>Enable-OCIDatabaseAutonomousDatabaseOperationsInsights</S>
                <S>Enable-OCIDatabaseExadataInfrastructure</S>
                <S>Enable-OCIDatabaseExternalContainerDatabaseDatabaseManagement</S>
                <S>Enable-OCIDatabaseExternalContainerDatabaseStackMonitoring</S>
                <S>Enable-OCIDatabaseExternalNonContainerDatabaseDatabaseManagement</S>
                <S>Enable-OCIDatabaseExternalNonContainerDatabaseOperationsInsights</S>
                <S>Enable-OCIDatabaseExternalNonContainerDatabaseStackMonitoring</S>
                <S>Enable-OCIDatabaseExternalPluggableDatabaseDatabaseManagement</S>
                <S>Enable-OCIDatabaseExternalPluggableDatabaseOperationsInsights</S>
                <S>Enable-OCIDatabaseExternalPluggableDatabaseStackMonitoring</S>
                <S>Enable-OCIDatabaseManagement</S>
                <S>Enable-OCIDatabasePluggableDatabaseManagement</S>
                <S>Get-OCIDatabase</S>
                <S>Get-OCIDatabaseApplicationVip</S>
                <S>Get-OCIDatabaseApplicationVipsList</S>
                <S>Get-OCIDatabaseAutonomousContainerDatabase</S>
                <S>Get-OCIDatabaseAutonomousContainerDatabaseDataguardAssociation</S>
                <S>Get-OCIDatabaseAutonomousContainerDatabaseDataguardAssociationsList</S>
                <S>Get-OCIDatabaseAutonomousContainerDatabaseResourceUsage</S>
                <S>Get-OCIDatabaseAutonomousContainerDatabasesList</S>
                <S>Get-OCIDatabaseAutonomousContainerDatabaseVersionsList</S>
                <S>Get-OCIDatabaseAutonomousDatabase</S>
                <S>Get-OCIDatabaseAutonomousDatabaseBackup</S>
                <S>Get-OCIDatabaseAutonomousDatabaseBackupsList</S>
                <S>Get-OCIDatabaseAutonomousDatabaseCharacterSetsList</S>
                <S>Get-OCIDatabaseAutonomousDatabaseClonesList</S>
                <S>Get-OCIDatabaseAutonomousDatabaseDataguardAssociation</S>
                <S>Get-OCIDatabaseAutonomousDatabaseDataguardAssociationsList</S>
                <S>Get-OCIDatabaseAutonomousDatabasePeersList</S>
                <S>Get-OCIDatabaseAutonomousDatabaseRefreshableClonesList</S>
                <S>Get-OCIDatabaseAutonomousDatabaseRegionalWallet</S>
                <S>Get-OCIDatabaseAutonomousDatabasesList</S>
                <S>Get-OCIDatabaseAutonomousDatabaseSoftwareImage</S>
                <S>Get-OCIDatabaseAutonomousDatabaseSoftwareImagesList</S>
                <S>Get-OCIDatabaseAutonomousDatabaseWallet</S>
                <S>Get-OCIDatabaseAutonomousDbPreviewVersionsList</S>
                <S>Get-OCIDatabaseAutonomousDbVersionsList</S>
                <S>Get-OCIDatabaseAutonomousExadataInfrastructure</S>
                <S>Get-OCIDatabaseAutonomousExadataInfrastructureShapesList</S>
                <S>Get-OCIDatabaseAutonomousExadataInfrastructuresList</S>
                <S>Get-OCIDatabaseAutonomousPatch</S>
                <S>Get-OCIDatabaseAutonomousVirtualMachine</S>
                <S>Get-OCIDatabaseAutonomousVirtualMachinesList</S>
                <S>Get-OCIDatabaseAutonomousVmCluster</S>
                <S>Get-OCIDatabaseAutonomousVmClusterAcdResourceUsageList</S>
                <S>Get-OCIDatabaseAutonomousVmClusterResourceUsage</S>
                <S>Get-OCIDatabaseAutonomousVmClustersList</S>
                <S>Get-OCIDatabaseBackup</S>
                <S>Get-OCIDatabaseBackupDestination</S>
                <S>Get-OCIDatabaseBackupDestinationList</S>
                <S>Get-OCIDatabaseBackupsList</S>
                <S>Get-OCIDatabaseCloudAutonomousVmCluster</S>
                <S>Get-OCIDatabaseCloudAutonomousVmClusterAcdResourceUsageList</S>
                <S>Get-OCIDatabaseCloudAutonomousVmClusterResourceUsage</S>
                <S>Get-OCIDatabaseCloudAutonomousVmClustersList</S>
                <S>Get-OCIDatabaseCloudExadataInfrastructure</S>
                <S>Get-OCIDatabaseCloudExadataInfrastructuresList</S>
                <S>Get-OCIDatabaseCloudExadataInfrastructureUnallocatedResources</S>
                <S>Get-OCIDatabaseCloudVmCluster</S>
                <S>Get-OCIDatabaseCloudVmClusterIormConfig</S>
                <S>Get-OCIDatabaseCloudVmClustersList</S>
                <S>Get-OCIDatabaseCloudVmClusterUpdate</S>
                <S>Get-OCIDatabaseCloudVmClusterUpdateHistoryEntriesList</S>
                <S>Get-OCIDatabaseCloudVmClusterUpdateHistoryEntry</S>
                <S>Get-OCIDatabaseCloudVmClusterUpdatesList</S>
                <S>Get-OCIDatabaseConsoleConnection</S>
                <S>Get-OCIDatabaseConsoleConnectionsList</S>
                <S>Get-OCIDatabaseConsoleHistoriesList</S>
                <S>Get-OCIDatabaseConsoleHistory</S>
                <S>Get-OCIDatabaseConsoleHistoryContent</S>
                <S>Get-OCIDatabaseContainerDatabasePatchesList</S>
                <S>Get-OCIDatabaseDataGuardAssociation</S>
                <S>Get-OCIDatabaseDataGuardAssociationsList</S>
                <S>Get-OCIDatabaseDbHome</S>
                <S>Get-OCIDatabaseDbHomePatch</S>
                <S>Get-OCIDatabaseDbHomePatchesList</S>
                <S>Get-OCIDatabaseDbHomePatchHistoryEntriesList</S>
                <S>Get-OCIDatabaseDbHomePatchHistoryEntry</S>
                <S>Get-OCIDatabaseDbHomesList</S>
                <S>Get-OCIDatabaseDbNode</S>
                <S>Get-OCIDatabaseDbNodesList</S>
                <S>Get-OCIDatabaseDbServer</S>
                <S>Get-OCIDatabaseDbServersList</S>
                <S>Get-OCIDatabaseDbSystem</S>
                <S>Get-OCIDatabaseDbSystemComputePerformancesList</S>
                <S>Get-OCIDatabaseDbSystemPatch</S>
                <S>Get-OCIDatabaseDbSystemPatchesList</S>
                <S>Get-OCIDatabaseDbSystemPatchHistoryEntriesList</S>
                <S>Get-OCIDatabaseDbSystemPatchHistoryEntry</S>
                <S>Get-OCIDatabaseDbSystemShapesList</S>
                <S>Get-OCIDatabaseDbSystemsList</S>
                <S>Get-OCIDatabaseDbSystemStoragePerformancesList</S>
                <S>Get-OCIDatabaseDbSystemUpgradeHistoryEntriesList</S>
                <S>Get-OCIDatabaseDbSystemUpgradeHistoryEntry</S>
                <S>Get-OCIDatabaseDbVersionsList</S>
                <S>Get-OCIDatabaseExadataInfrastructure</S>
                <S>Get-OCIDatabaseExadataInfrastructureOcpus</S>
                <S>Get-OCIDatabaseExadataInfrastructuresList</S>
                <S>Get-OCIDatabaseExadataInfrastructureUnAllocatedResources</S>
                <S>Get-OCIDatabaseExadataIormConfig</S>
                <S>Get-OCIDatabaseExadbVmCluster</S>
                <S>Get-OCIDatabaseExadbVmClustersList</S>
                <S>Get-OCIDatabaseExadbVmClusterUpdate</S>
                <S>Get-OCIDatabaseExadbVmClusterUpdateHistoryEntriesList</S>
                <S>Get-OCIDatabaseExadbVmClusterUpdateHistoryEntry</S>
                <S>Get-OCIDatabaseExadbVmClusterUpdatesList</S>
                <S>Get-OCIDatabaseExascaleDbStorageVault</S>
                <S>Get-OCIDatabaseExascaleDbStorageVaultsList</S>
                <S>Get-OCIDatabaseExecutionAction</S>
                <S>Get-OCIDatabaseExecutionActionsList</S>
                <S>Get-OCIDatabaseExecutionWindow</S>
                <S>Get-OCIDatabaseExecutionWindowsList</S>
                <S>Get-OCIDatabaseExternalBackupJob</S>
                <S>Get-OCIDatabaseExternalContainerDatabase</S>
                <S>Get-OCIDatabaseExternalContainerDatabasesList</S>
                <S>Get-OCIDatabaseExternalDatabaseConnector</S>
                <S>Get-OCIDatabaseExternalDatabaseConnectorsList</S>
                <S>Get-OCIDatabaseExternalNonContainerDatabase</S>
                <S>Get-OCIDatabaseExternalNonContainerDatabasesList</S>
                <S>Get-OCIDatabaseExternalPluggableDatabase</S>
                <S>Get-OCIDatabaseExternalPluggableDatabasesList</S>
                <S>Get-OCIDatabaseFlexComponentsList</S>
                <S>Get-OCIDatabaseGiVersionMinorVersionsList</S>
                <S>Get-OCIDatabaseGiVersionsList</S>
                <S>Get-OCIDatabaseInfrastructureTargetVersions</S>
                <S>Get-OCIDatabaseKeyStore</S>
                <S>Get-OCIDatabaseKeyStoresList</S>
                <S>Get-OCIDatabaseMaintenanceRun</S>
                <S>Get-OCIDatabaseMaintenanceRunHistory</S>
                <S>Get-OCIDatabaseMaintenanceRunHistoryList</S>
                <S>Get-OCIDatabaseMaintenanceRunsList</S>
                <S>Get-OCIDatabaseOneoffPatch</S>
                <S>Get-OCIDatabaseOneoffPatchesList</S>
                <S>Get-OCIDatabaseParamsForActionTypeList</S>
                <S>Get-OCIDatabasePdbConversionHistoryEntriesList</S>
                <S>Get-OCIDatabasePdbConversionHistoryEntry</S>
                <S>Get-OCIDatabasePluggableDatabase</S>
                <S>Get-OCIDatabasePluggableDatabasesList</S>
                <S>Get-OCIDatabaseRecommendedScheduledActionsList</S>
                <S>Get-OCIDatabaseScheduledAction</S>
                <S>Get-OCIDatabaseScheduledActionsList</S>
                <S>Get-OCIDatabaseSchedulingPlan</S>
                <S>Get-OCIDatabaseSchedulingPlansList</S>
                <S>Get-OCIDatabaseSchedulingPoliciesList</S>
                <S>Get-OCIDatabaseSchedulingPolicy</S>
                <S>Get-OCIDatabaseSchedulingWindow</S>
                <S>Get-OCIDatabaseSchedulingWindowsList</S>
                <S>Get-OCIDatabasesList</S>
                <S>Get-OCIDatabaseSoftwareImage</S>
                <S>Get-OCIDatabaseSoftwareImagesList</S>
                <S>Get-OCIDatabaseSystemVersionsList</S>
                <S>Get-OCIDatabaseUpgradeHistoryEntriesList</S>
                <S>Get-OCIDatabaseUpgradeHistoryEntry</S>
                <S>Get-OCIDatabaseVmCluster</S>
                <S>Get-OCIDatabaseVmClusterNetwork</S>
                <S>Get-OCIDatabaseVmClusterNetworksList</S>
                <S>Get-OCIDatabaseVmClusterPatch</S>
                <S>Get-OCIDatabaseVmClusterPatchesList</S>
                <S>Get-OCIDatabaseVmClusterPatchHistoryEntriesList</S>
                <S>Get-OCIDatabaseVmClusterPatchHistoryEntry</S>
                <S>Get-OCIDatabaseVmClustersList</S>
                <S>Get-OCIDatabaseVmClusterUpdate</S>
                <S>Get-OCIDatabaseVmClusterUpdateHistoryEntriesList</S>
                <S>Get-OCIDatabaseVmClusterUpdateHistoryEntry</S>
                <S>Get-OCIDatabaseVmClusterUpdatesList</S>
                <S>Invoke-OCIDatabaseAutonomousDatabaseManualRefresh</S>
                <S>Invoke-OCIDatabaseCascadingDeleteSchedulingPlan</S>
                <S>Invoke-OCIDatabaseCheckExternalDatabaseConnectorConnectionStatus</S>
                <S>Invoke-OCIDatabaseConfigureAutonomousDatabaseVaultKey</S>
                <S>Invoke-OCIDatabaseConfigureSaasAdminUser</S>
                <S>Invoke-OCIDatabaseConfirmKeyStoreDetailsAreCorrect</S>
                <S>Invoke-OCIDatabaseConvertToPdb</S>
                <S>Invoke-OCIDatabaseConvertToRegularPluggableDatabase</S>
                <S>Invoke-OCIDatabaseDbNodeAction</S>
                <S>Invoke-OCIDatabaseDownloadExadataInfrastructureConfigFile</S>
                <S>Invoke-OCIDatabaseDownloadOneoffPatch</S>
                <S>Invoke-OCIDatabaseDownloadValidationReport</S>
                <S>Invoke-OCIDatabaseDownloadVmClusterNetworkConfigFile</S>
                <S>Invoke-OCIDatabaseFailoverAutonomousContainerDatabaseDataguardAssociation</S>
                <S>Invoke-OCIDatabaseFailOverAutonomousDatabase</S>
                <S>Invoke-OCIDatabaseFailoverDataGuardAssociation</S>
                <S>Invoke-OCIDatabaseLaunchAutonomousExadataInfrastructure</S>
                <S>Invoke-OCIDatabaseLocalClonePluggableDatabase</S>
                <S>Invoke-OCIDatabaseMigrateExadataDbSystemResourceModel</S>
                <S>Invoke-OCIDatabaseMigrateVaultKey</S>
                <S>Invoke-OCIDatabaseRefreshPluggableDatabase</S>
                <S>Invoke-OCIDatabaseReinstateAutonomousContainerDatabaseDataguardAssociation</S>
                <S>Invoke-OCIDatabaseReinstateDataGuardAssociation</S>
                <S>Invoke-OCIDatabaseRemoteClonePluggableDatabase</S>
                <S>Invoke-OCIDatabaseReorderExecutionActions</S>
                <S>Invoke-OCIDatabaseReorderScheduledActions</S>
                <S>Invoke-OCIDatabaseResizeVmClusterNetwork</S>
                <S>Invoke-OCIDatabaseResourcePoolShapes</S>
                <S>Invoke-OCIDatabaseRotateAutonomousContainerDatabaseEncryptionKey</S>
                <S>Invoke-OCIDatabaseRotateAutonomousDatabaseEncryptionKey</S>
                <S>Invoke-OCIDatabaseRotateAutonomousVmClusterOrdsCerts</S>
                <S>Invoke-OCIDatabaseRotateAutonomousVmClusterSslCerts</S>
                <S>Invoke-OCIDatabaseRotateCloudAutonomousVmClusterOrdsCerts</S>
                <S>Invoke-OCIDatabaseRotateCloudAutonomousVmClusterSslCerts</S>
                <S>Invoke-OCIDatabaseRotateOrdsCerts</S>
                <S>Invoke-OCIDatabaseRotatePluggableDatabaseEncryptionKey</S>
                <S>Invoke-OCIDatabaseRotateSslCerts</S>
                <S>Invoke-OCIDatabaseRotateVaultKey</S>
                <S>Invoke-OCIDatabaseSaasAdminUserStatus</S>
                <S>Invoke-OCIDatabaseScanExternalContainerDatabasePluggableDatabases</S>
                <S>Invoke-OCIDatabaseSetDbKeyVersion</S>
                <S>Invoke-OCIDatabaseSetPdbKeyVersion</S>
                <S>Invoke-OCIDatabaseShrinkAutonomousDatabase</S>
                <S>Invoke-OCIDatabaseSwitchoverAutonomousContainerDatabaseDataguardAssociation</S>
                <S>Invoke-OCIDatabaseSwitchoverAutonomousDatabase</S>
                <S>Invoke-OCIDatabaseSwitchoverDataGuardAssociation</S>
                <S>Invoke-OCIDatabaseTerminateAutonomousContainerDatabase</S>
                <S>Invoke-OCIDatabaseTerminateAutonomousExadataInfrastructure</S>
                <S>Invoke-OCIDatabaseTerminateDbSystem</S>
                <S>Invoke-OCIDatabaseUpgradeDatabase</S>
                <S>Invoke-OCIDatabaseUpgradeDbSystem</S>
                <S>Move-OCIDatabaseAutonomousContainerDatabaseCompartment</S>
                <S>Move-OCIDatabaseAutonomousDatabaseCompartment</S>
                <S>Move-OCIDatabaseAutonomousDatabaseSoftwareImageCompartment</S>
                <S>Move-OCIDatabaseAutonomousDatabaseSubscription</S>
                <S>Move-OCIDatabaseAutonomousExadataInfrastructureCompartment</S>
                <S>Move-OCIDatabaseAutonomousVmClusterCompartment</S>
                <S>Move-OCIDatabaseBackupDestinationCompartment</S>
                <S>Move-OCIDatabaseCloudAutonomousVmClusterCompartment</S>
                <S>Move-OCIDatabaseCloudExadataInfrastructureCompartment</S>
                <S>Move-OCIDatabaseCloudExadataInfrastructureSubscription</S>
                <S>Move-OCIDatabaseCloudVmClusterCompartment</S>
                <S>Move-OCIDatabaseCloudVmClusterSubscription</S>
                <S>Move-OCIDatabaseDataguardRole</S>
                <S>Move-OCIDatabaseDbSystemCompartment</S>
                <S>Move-OCIDatabaseDisasterRecoveryConfiguration</S>
                <S>Move-OCIDatabaseExadataInfrastructureCompartment</S>
                <S>Move-OCIDatabaseExadbVmClusterCompartment</S>
                <S>Move-OCIDatabaseExascaleDbStorageVaultCompartment</S>
                <S>Move-OCIDatabaseExecutionActionMember</S>
                <S>Move-OCIDatabaseExternalContainerDatabaseCompartment</S>
                <S>Move-OCIDatabaseExternalNonContainerDatabaseCompartment</S>
                <S>Move-OCIDatabaseExternalPluggableDatabaseCompartment</S>
                <S>Move-OCIDatabaseKeyStoreCompartment</S>
                <S>Move-OCIDatabaseKeyStoreType</S>
                <S>Move-OCIDatabaseOneoffPatchCompartment</S>
                <S>Move-OCIDatabaseSchedulingPlanCompartment</S>
                <S>Move-OCIDatabaseSchedulingPolicyCompartment</S>
                <S>Move-OCIDatabaseSoftwareImageCompartment</S>
                <S>Move-OCIDatabaseVmClusterCompartment</S>
                <S>New-OCIDatabase</S>
                <S>New-OCIDatabaseApplicationVip</S>
                <S>New-OCIDatabaseAutonomousContainerDatabase</S>
                <S>New-OCIDatabaseAutonomousContainerDatabaseDataguardAssociation</S>
                <S>New-OCIDatabaseAutonomousDatabase</S>
                <S>New-OCIDatabaseAutonomousDatabaseBackup</S>
                <S>New-OCIDatabaseAutonomousDatabaseSoftwareImage</S>
                <S>New-OCIDatabaseAutonomousDatabaseWallet</S>
                <S>New-OCIDatabaseAutonomousVmCluster</S>
                <S>New-OCIDatabaseBackup</S>
                <S>New-OCIDatabaseBackupDestination</S>
                <S>New-OCIDatabaseCloudAutonomousVmCluster</S>
                <S>New-OCIDatabaseCloudExadataInfrastructure</S>
                <S>New-OCIDatabaseCloudVmCluster</S>
                <S>New-OCIDatabaseConsoleConnection</S>
                <S>New-OCIDatabaseConsoleHistory</S>
                <S>New-OCIDatabaseDataGuardAssociation</S>
                <S>New-OCIDatabaseDbHome</S>
                <S>New-OCIDatabaseDbSystem</S>
                <S>New-OCIDatabaseExadataInfrastructure</S>
                <S>New-OCIDatabaseExadbVmCluster</S>
                <S>New-OCIDatabaseExascaleDbStorageVault</S>
                <S>New-OCIDatabaseExecutionAction</S>
                <S>New-OCIDatabaseExecutionWindow</S>
                <S>New-OCIDatabaseExternalBackupJob</S>
                <S>New-OCIDatabaseExternalContainerDatabase</S>
                <S>New-OCIDatabaseExternalDatabaseConnector</S>
                <S>New-OCIDatabaseExternalNonContainerDatabase</S>
                <S>New-OCIDatabaseExternalPluggableDatabase</S>
                <S>New-OCIDatabaseKeyStore</S>
                <S>New-OCIDatabaseMaintenanceRun</S>
                <S>New-OCIDatabaseOneoffPatch</S>
                <S>New-OCIDatabasePluggableDatabase</S>
                <S>New-OCIDatabaseRecommendedVmClusterNetwork</S>
                <S>New-OCIDatabaseScheduledAction</S>
                <S>New-OCIDatabaseSchedulingPlan</S>
                <S>New-OCIDatabaseSchedulingPolicy</S>
                <S>New-OCIDatabaseSchedulingWindow</S>
                <S>New-OCIDatabaseSoftwareImage</S>
                <S>New-OCIDatabaseVmCluster</S>
                <S>New-OCIDatabaseVmClusterNetwork</S>
                <S>Register-OCIDatabaseAutonomousDatabaseDataSafe</S>
                <S>Remove-OCIDatabase</S>
                <S>Remove-OCIDatabaseApplicationVip</S>
                <S>Remove-OCIDatabaseAutonomousDatabase</S>
                <S>Remove-OCIDatabaseAutonomousDatabaseBackup</S>
                <S>Remove-OCIDatabaseAutonomousDatabaseSoftwareImage</S>
                <S>Remove-OCIDatabaseAutonomousVmCluster</S>
                <S>Remove-OCIDatabaseBackup</S>
                <S>Remove-OCIDatabaseBackupDestination</S>
                <S>Remove-OCIDatabaseCloudAutonomousVmCluster</S>
                <S>Remove-OCIDatabaseCloudExadataInfrastructure</S>
                <S>Remove-OCIDatabaseCloudVmCluster</S>
                <S>Remove-OCIDatabaseConsoleConnection</S>
                <S>Remove-OCIDatabaseConsoleHistory</S>
                <S>Remove-OCIDatabaseDbHome</S>
                <S>Remove-OCIDatabaseExadataInfrastructure</S>
                <S>Remove-OCIDatabaseExadbVmCluster</S>
                <S>Remove-OCIDatabaseExascaleDbStorageVault</S>
                <S>Remove-OCIDatabaseExecutionAction</S>
                <S>Remove-OCIDatabaseExecutionWindow</S>
                <S>Remove-OCIDatabaseExternalContainerDatabase</S>
                <S>Remove-OCIDatabaseExternalDatabaseConnector</S>
                <S>Remove-OCIDatabaseExternalNonContainerDatabase</S>
                <S>Remove-OCIDatabaseExternalPluggableDatabase</S>
                <S>Remove-OCIDatabaseKeyStore</S>
                <S>Remove-OCIDatabaseOneoffPatch</S>
                <S>Remove-OCIDatabasePluggableDatabase</S>
                <S>Remove-OCIDatabaseScheduledAction</S>
                <S>Remove-OCIDatabaseSchedulingPlan</S>
                <S>Remove-OCIDatabaseSchedulingPolicy</S>
                <S>Remove-OCIDatabaseSchedulingWindow</S>
                <S>Remove-OCIDatabaseSoftwareImage</S>
                <S>Remove-OCIDatabaseVirtualMachineFromCloudVmCluster</S>
                <S>Remove-OCIDatabaseVirtualMachineFromExadbVmCluster</S>
                <S>Remove-OCIDatabaseVirtualMachineFromVmCluster</S>
                <S>Remove-OCIDatabaseVmCluster</S>
                <S>Remove-OCIDatabaseVmClusterNetwork</S>
                <S>Restart-OCIDatabaseAutonomousContainerDatabase</S>
                <S>Restart-OCIDatabaseAutonomousDatabase</S>
                <S>Restore-OCIDatabase</S>
                <S>Restore-OCIDatabaseAutonomousDatabase</S>
                <S>Start-OCIDatabaseAutonomousDatabase</S>
                <S>Start-OCIDatabasePluggableDatabase</S>
                <S>Stop-OCIDatabaseAutonomousDatabase</S>
                <S>Stop-OCIDatabaseBackup</S>
                <S>Stop-OCIDatabaseExecutionWindow</S>
                <S>Stop-OCIDatabasePluggableDatabase</S>
                <S>Unregister-OCIDatabaseAutonomousDatabaseDataSafe</S>
                <S>Update-OCIDatabase</S>
                <S>Update-OCIDatabaseAutonomousContainerDatabase</S>
                <S>Update-OCIDatabaseAutonomousContainerDatabaseDataguardAssociation</S>
                <S>Update-OCIDatabaseAutonomousDatabase</S>
                <S>Update-OCIDatabaseAutonomousDatabaseBackup</S>
                <S>Update-OCIDatabaseAutonomousDatabaseRegionalWallet</S>
                <S>Update-OCIDatabaseAutonomousDatabaseSoftwareImage</S>
                <S>Update-OCIDatabaseAutonomousDatabaseWallet</S>
                <S>Update-OCIDatabaseAutonomousExadataInfrastructure</S>
                <S>Update-OCIDatabaseAutonomousVmCluster</S>
                <S>Update-OCIDatabaseBackupDestination</S>
                <S>Update-OCIDatabaseCloudAutonomousVmCluster</S>
                <S>Update-OCIDatabaseCloudExadataInfrastructure</S>
                <S>Update-OCIDatabaseCloudVmCluster</S>
                <S>Update-OCIDatabaseCloudVmClusterIormConfig</S>
                <S>Update-OCIDatabaseConsoleConnection</S>
                <S>Update-OCIDatabaseConsoleHistory</S>
                <S>Update-OCIDatabaseDataGuardAssociation</S>
                <S>Update-OCIDatabaseDbHome</S>
                <S>Update-OCIDatabaseDbNode</S>
                <S>Update-OCIDatabaseDbSystem</S>
                <S>Update-OCIDatabaseExadataInfrastructure</S>
                <S>Update-OCIDatabaseExadataIormConfig</S>
                <S>Update-OCIDatabaseExadbVmCluster</S>
                <S>Update-OCIDatabaseExascaleDbStorageVault</S>
                <S>Update-OCIDatabaseExecutionAction</S>
                <S>Update-OCIDatabaseExecutionWindow</S>
                <S>Update-OCIDatabaseExternalContainerDatabase</S>
                <S>Update-OCIDatabaseExternalDatabaseConnector</S>
                <S>Update-OCIDatabaseExternalNonContainerDatabase</S>
                <S>Update-OCIDatabaseExternalPluggableDatabase</S>
                <S>Update-OCIDatabaseKeyStore</S>
                <S>Update-OCIDatabaseMaintenanceRun</S>
                <S>Update-OCIDatabaseOneoffPatch</S>
                <S>Update-OCIDatabasePluggableDatabase</S>
                <S>Update-OCIDatabaseScheduledAction</S>
                <S>Update-OCIDatabaseSchedulingPolicy</S>
                <S>Update-OCIDatabaseSchedulingWindow</S>
                <S>Update-OCIDatabaseSoftwareImage</S>
                <S>Update-OCIDatabaseVmCluster</S>
                <S>Update-OCIDatabaseVmClusterNetwork</S>
              </LST>
            </Obj>
          </En>
        </DCT>
      </Obj>
      <Nil N="PowerShellGetFormatVersion" />
      <S N="ReleaseNotes">https://github.com/oracle/oci-powershell-modules/blob/master/CHANGELOG.md</S>
      <Obj N="Dependencies" RefId="6">
        <TNRef RefId="1" />
        <LST>
          <Obj RefId="7">
            <TN RefId="3">
              <T>System.Collections.Specialized.OrderedDictionary</T>
              <T>System.Object</T>
            </TN>
            <DCT>
              <En>
                <S N="Key">Name</S>
                <S N="Value">OCI.PSModules.Common</S>
              </En>
              <En>
                <S N="Key">RequiredVersion</S>
                <S N="Value">95.1.0</S>
              </En>
              <En>
                <S N="Key">CanonicalId</S>
                <S N="Value">nuget:OCI.PSModules.Common/[95.1.0]</S>
              </En>
            </DCT>
          </Obj>
        </LST>
      </Obj>
      <S N="RepositorySourceLocation">https://www.powershellgallery.com/api/v2</S>
      <S N="Repository">PSGallery</S>
      <S N="PackageManagementProvider">NuGet</S>
      <Obj N="AdditionalMetadata" RefId="8">
        <TN RefId="4">
          <T>System.Management.Automation.PSCustomObject</T>
          <T>System.Object</T>
        </TN>
        <MS>
          <S N="copyright">(c) Oracle Cloud Infrastructure. All rights reserved.</S>
          <S N="description">This modules provides Cmdlets for OCI Database Service</S>
          <S N="requireLicenseAcceptance">False</S>
          <S N="releaseNotes">https://github.com/oracle/oci-powershell-modules/blob/master/CHANGELOG.md</S>
          <S N="isLatestVersion">True</S>
          <S N="isAbsoluteLatestVersion">True</S>
          <S N="versionDownloadCount">1638</S>
          <S N="downloadCount">21547</S>
          <S N="packageSize">1266895</S>
          <S N="published">11/12/2024 6:45:18 PM +02:00</S>
          <S N="created">11/12/2024 6:45:18 PM +02:00</S>
          <S N="lastUpdated">12/8/2024 9:30:00 PM +02:00</S>
          <S N="tags">PSEdition_Core Windows Linux macOS Oracle OCI Cloud OracleCloudInfrastructure Database PSModule PSCmdlet_Add-OCIDatabaseStorageCapacityCloudExadataInfrastructure PSCommand_Add-OCIDatabaseStorageCapacityCloudExadataInfrastructure PSCmdlet_Add-OCIDatabaseStorageCapacityExadataInfrastructure PSCommand_Add-OCIDatabaseStorageCapacityExadataInfrastructure PSCmdlet_Add-OCIDatabaseVirtualMachineToCloudVmCluster PSCommand_Add-OCIDatabaseVirtualMachineToCloudVmCluster PSCmdlet_Add-OCIDatabaseVirtualMachineToVmCluster PSCommand_Add-OCIDatabaseVirtualMachineToVmCluster PSCmdlet_Complete-OCIDatabaseExternalBackupJob PSCommand_Complete-OCIDatabaseExternalBackupJob PSCmdlet_Confirm-OCIDatabaseVmClusterNetwork PSCommand_Confirm-OCIDatabaseVmClusterNetwork PSCmdlet_Disable-OCIDatabaseAutonomousDatabaseManagement PSCommand_Disable-OCIDatabaseAutonomousDatabaseManagement PSCmdlet_Disable-OCIDatabaseAutonomousDatabaseOperationsInsights PSCommand_Disable-OCIDatabaseAutonomousDatabaseOperationsInsights PSCmdlet_Disable-OCIDatabaseExternalContainerDatabaseDatabaseManagement PSCommand_Disable-OCIDatabaseExternalContainerDatabaseDatabaseManagement PSCmdlet_Disable-OCIDatabaseExternalContainerDatabaseStackMonitoring PSCommand_Disable-OCIDatabaseExternalContainerDatabaseStackMonitoring PSCmdlet_Disable-OCIDatabaseExternalNonContainerDatabaseDatabaseManagement PSCommand_Disable-OCIDatabaseExternalNonContainerDatabaseDatabaseManagement PSCmdlet_Disable-OCIDatabaseExternalNonContainerDatabaseOperationsInsights PSCommand_Disable-OCIDatabaseExternalNonContainerDatabaseOperationsInsights PSCmdlet_Disable-OCIDatabaseExternalNonContainerDatabaseStackMonitoring PSCommand_Disable-OCIDatabaseExternalNonContainerDatabaseStackMonitoring PSCmdlet_Disable-OCIDatabaseExternalPluggableDatabaseDatabaseManagement PSCommand_Disable-OCIDatabaseExternalPluggableDatabaseDatabaseManagement PSCmdlet_Disable-OCIDatabaseExternalPluggableDatabaseOperationsInsights PSCommand_Disable-OCIDatabaseExternalPluggableDatabaseOperationsInsights PSCmdlet_Disable-OCIDatabaseExternalPluggableDatabaseStackMonitoring PSCommand_Disable-OCIDatabaseExternalPluggableDatabaseStackMonitoring PSCmdlet_Disable-OCIDatabaseManagement PSCommand_Disable-OCIDatabaseManagement PSCmdlet_Disable-OCIDatabasePluggableDatabaseManagement PSCommand_Disable-OCIDatabasePluggableDatabaseManagement PSCmdlet_Edit-OCIDatabaseManagement PSCommand_Edit-OCIDatabaseManagement PSCmdlet_Edit-OCIDatabasePluggableDatabaseManagement PSCommand_Edit-OCIDatabasePluggableDatabaseManagement PSCmdlet_Enable-OCIDatabaseAutonomousDatabaseManagement PSCommand_Enable-OCIDatabaseAutonomousDatabaseManagement PSCmdlet_Enable-OCIDatabaseAutonomousDatabaseOperationsInsights PSCommand_Enable-OCIDatabaseAutonomousDatabaseOperationsInsights PSCmdlet_Enable-OCIDatabaseExadataInfrastructure PSCommand_Enable-OCIDatabaseExadataInfrastructure PSCmdlet_Enable-OCIDatabaseExternalContainerDatabaseDatabaseManagement PSCommand_Enable-OCIDatabaseExternalContainerDatabaseDatabaseManagement PSCmdlet_Enable-OCIDatabaseExternalContainerDatabaseStackMonitoring PSCommand_Enable-OCIDatabaseExternalContainerDatabaseStackMonitoring PSCmdlet_Enable-OCIDatabaseExternalNonContainerDatabaseDatabaseManagement PSCommand_Enable-OCIDatabaseExternalNonContainerDatabaseDatabaseManagement PSCmdlet_Enable-OCIDatabaseExternalNonContainerDatabaseOperationsInsights PSCommand_Enable-OCIDatabaseExternalNonContainerDatabaseOperationsInsights PSCmdlet_Enable-OCIDatabaseExternalNonContainerDatabaseStackMonitoring PSCommand_Enable-OCIDatabaseExternalNonContainerDatabaseStackMonitoring PSCmdlet_Enable-OCIDatabaseExternalPluggableDatabaseDatabaseManagement PSCommand_Enable-OCIDatabaseExternalPluggableDatabaseDatabaseManagement PSCmdlet_Enable-OCIDatabaseExternalPluggableDatabaseOperationsInsights PSCommand_Enable-OCIDatabaseExternalPluggableDatabaseOperationsInsights PSCmdlet_Enable-OCIDatabaseExternalPluggableDatabaseStackMonitoring PSCommand_Enable-OCIDatabaseExternalPluggableDatabaseStackMonitoring PSCmdlet_Enable-OCIDatabaseManagement PSCommand_Enable-OCIDatabaseManagement PSCmdlet_Enable-OCIDatabasePluggableDatabaseManagement PSCommand_Enable-OCIDatabasePluggableDatabaseManagement PSCmdlet_Get-OCIDatabase PSCommand_Get-OCIDatabase PSCmdlet_Get-OCIDatabaseApplicationVip PSCommand_Get-OCIDatabaseApplicationVip PSCmdlet_Get-OCIDatabaseApplicationVipsList PSCommand_Get-OCIDatabaseApplicationVipsList PSCmdlet_Get-OCIDatabaseAutonomousContainerDatabase PSCommand_Get-OCIDatabaseAutonomousContainerDatabase PSCmdlet_Get-OCIDatabaseAutonomousContainerDatabaseDataguardAssociation PSCommand_Get-OCIDatabaseAutonomousContainerDatabaseDataguardAssociation PSCmdlet_Get-OCIDatabaseAutonomousContainerDatabaseDataguardAssociationsList PSCommand_Get-OCIDatabaseAutonomousContainerDatabaseDataguardAssociationsList PSCmdlet_Get-OCIDatabaseAutonomousContainerDatabaseResourceUsage PSCommand_Get-OCIDatabaseAutonomousContainerDatabaseResourceUsage PSCmdlet_Get-OCIDatabaseAutonomousContainerDatabasesList PSCommand_Get-OCIDatabaseAutonomousContainerDatabasesList PSCmdlet_Get-OCIDatabaseAutonomousContainerDatabaseVersionsList PSCommand_Get-OCIDatabaseAutonomousContainerDatabaseVersionsList PSCmdlet_Get-OCIDatabaseAutonomousDatabase PSCommand_Get-OCIDatabaseAutonomousDatabase PSCmdlet_Get-OCIDatabaseAutonomousDatabaseBackup PSCommand_Get-OCIDatabaseAutonomousDatabaseBackup PSCmdlet_Get-OCIDatabaseAutonomousDatabaseBackupsList PSCommand_Get-OCIDatabaseAutonomousDatabaseBackupsList PSCmdlet_Get-OCIDatabaseAutonomousDatabaseCharacterSetsList PSCommand_Get-OCIDatabaseAutonomousDatabaseCharacterSetsList PSCmdlet_Get-OCIDatabaseAutonomousDatabaseClonesList PSCommand_Get-OCIDatabaseAutonomousDatabaseClonesList PSCmdlet_Get-OCIDatabaseAutonomousDatabaseDataguardAssociation PSCommand_Get-OCIDatabaseAutonomousDatabaseDataguardAssociation PSCmdlet_Get-OCIDatabaseAutonomousDatabaseDataguardAssociationsList PSCommand_Get-OCIDatabaseAutonomousDatabaseDataguardAssociationsList PSCmdlet_Get-OCIDatabaseAutonomousDatabasePeersList PSCommand_Get-OCIDatabaseAutonomousDatabasePeersList PSCmdlet_Get-OCIDatabaseAutonomousDatabaseRefreshableClonesList PSCommand_Get-OCIDatabaseAutonomousDatabaseRefreshableClonesList PSCmdlet_Get-OCIDatabaseAutonomousDatabaseRegionalWallet PSCommand_Get-OCIDatabaseAutonomousDatabaseRegionalWallet PSCmdlet_Get-OCIDatabaseAutonomousDatabasesList PSCommand_Get-OCIDatabaseAutonomousDatabasesList PSCmdlet_Get-OCIDatabaseAutonomousDatabaseSoftwareImage PSCommand_Get-OCIDatabaseAutonomousDatabaseSoftwareImage PSCmdlet_Get-OCIDatabaseAutonomousDatabaseSoftwareImagesList PSCommand_Get-OCIDatabaseAutonomousDatabaseSoftwareImagesList PSCmdlet_Get-OCIDatabaseAutonomousDatabaseWallet PSCommand_Get-OCIDatabaseAutonomousDatabaseWallet PSCmdlet_Get-OCIDatabaseAutonomousDbPreviewVersionsList PSCommand_Get-OCIDatabaseAutonomousDbPreviewVersionsList PSCmdlet_Get-OCIDatabaseAutonomousDbVersionsList PSCommand_Get-OCIDatabaseAutonomousDbVersionsList PSCmdlet_Get-OCIDatabaseAutonomousExadataInfrastructure PSCommand_Get-OCIDatabaseAutonomousExadataInfrastructure PSCmdlet_Get-OCIDatabaseAutonomousExadataInfrastructureShapesList PSCommand_Get-OCIDatabaseAutonomousExadataInfrastructureShapesList PSCmdlet_Get-OCIDatabaseAutonomousExadataInfrastructuresList PSCommand_Get-OCIDatabaseAutonomousExadataInfrastructuresList PSCmdlet_Get-OCIDatabaseAutonomousPatch PSCommand_Get-OCIDatabaseAutonomousPatch PSCmdlet_Get-OCIDatabaseAutonomousVirtualMachine PSCommand_Get-OCIDatabaseAutonomousVirtualMachine PSCmdlet_Get-OCIDatabaseAutonomousVirtualMachinesList PSCommand_Get-OCIDatabaseAutonomousVirtualMachinesList PSCmdlet_Get-OCIDatabaseAutonomousVmCluster PSCommand_Get-OCIDatabaseAutonomousVmCluster PSCmdlet_Get-OCIDatabaseAutonomousVmClusterAcdResourceUsageList PSCommand_Get-OCIDatabaseAutonomousVmClusterAcdResourceUsageList PSCmdlet_Get-OCIDatabaseAutonomousVmClusterResourceUsage PSCommand_Get-OCIDatabaseAutonomousVmClusterResourceUsage PSCmdlet_Get-OCIDatabaseAutonomousVmClustersList PSCommand_Get-OCIDatabaseAutonomousVmClustersList PSCmdlet_Get-OCIDatabaseBackup PSCommand_Get-OCIDatabaseBackup PSCmdlet_Get-OCIDatabaseBackupDestination PSCommand_Get-OCIDatabaseBackupDestination PSCmdlet_Get-OCIDatabaseBackupDestinationList PSCommand_Get-OCIDatabaseBackupDestinationList PSCmdlet_Get-OCIDatabaseBackupsList PSCommand_Get-OCIDatabaseBackupsList PSCmdlet_Get-OCIDatabaseCloudAutonomousVmCluster PSCommand_Get-OCIDatabaseCloudAutonomousVmCluster PSCmdlet_Get-OCIDatabaseCloudAutonomousVmClusterAcdResourceUsageList PSCommand_Get-OCIDatabaseCloudAutonomousVmClusterAcdResourceUsageList PSCmdlet_Get-OCIDatabaseCloudAutonomousVmClusterResourceUsage PSCommand_Get-OCIDatabaseCloudAutonomousVmClusterResourceUsage PSCmdlet_Get-OCIDatabaseCloudAutonomousVmClustersList PSCommand_Get-OCIDatabaseCloudAutonomousVmClustersList PSCmdlet_Get-OCIDatabaseCloudExadataInfrastructure PSCommand_Get-OCIDatabaseCloudExadataInfrastructure PSCmdlet_Get-OCIDatabaseCloudExadataInfrastructuresList PSCommand_Get-OCIDatabaseCloudExadataInfrastructuresList PSCmdlet_Get-OCIDatabaseCloudExadataInfrastructureUnallocatedResources PSCommand_Get-OCIDatabaseCloudExadataInfrastructureUnallocatedResources PSCmdlet_Get-OCIDatabaseCloudVmCluster PSCommand_Get-OCIDatabaseCloudVmCluster PSCmdlet_Get-OCIDatabaseCloudVmClusterIormConfig PSCommand_Get-OCIDatabaseCloudVmClusterIormConfig PSCmdlet_Get-OCIDatabaseCloudVmClustersList PSCommand_Get-OCIDatabaseCloudVmClustersList PSCmdlet_Get-OCIDatabaseCloudVmClusterUpdate PSCommand_Get-OCIDatabaseCloudVmClusterUpdate PSCmdlet_Get-OCIDatabaseCloudVmClusterUpdateHistoryEntriesList PSCommand_Get-OCIDatabaseCloudVmClusterUpdateHistoryEntriesList PSCmdlet_Get-OCIDatabaseCloudVmClusterUpdateHistoryEntry PSCommand_Get-OCIDatabaseCloudVmClusterUpdateHistoryEntry PSCmdlet_Get-OCIDatabaseCloudVmClusterUpdatesList PSCommand_Get-OCIDatabaseCloudVmClusterUpdatesList PSCmdlet_Get-OCIDatabaseConsoleConnection PSCommand_Get-OCIDatabaseConsoleConnection PSCmdlet_Get-OCIDatabaseConsoleConnectionsList PSCommand_Get-OCIDatabaseConsoleConnectionsList PSCmdlet_Get-OCIDatabaseConsoleHistoriesList PSCommand_Get-OCIDatabaseConsoleHistoriesList PSCmdlet_Get-OCIDatabaseConsoleHistory PSCommand_Get-OCIDatabaseConsoleHistory PSCmdlet_Get-OCIDatabaseConsoleHistoryContent PSCommand_Get-OCIDatabaseConsoleHistoryContent PSCmdlet_Get-OCIDatabaseContainerDatabasePatchesList PSCommand_Get-OCIDatabaseContainerDatabasePatchesList PSCmdlet_Get-OCIDatabaseDataGuardAssociation PSCommand_Get-OCIDatabaseDataGuardAssociation PSCmdlet_Get-OCIDatabaseDataGuardAssociationsList PSCommand_Get-OCIDatabaseDataGuardAssociationsList PSCmdlet_Get-OCIDatabaseDbHome PSCommand_Get-OCIDatabaseDbHome PSCmdlet_Get-OCIDatabaseDbHomePatch PSCommand_Get-OCIDatabaseDbHomePatch PSCmdlet_Get-OCIDatabaseDbHomePatchesList PSCommand_Get-OCIDatabaseDbHomePatchesList PSCmdlet_Get-OCIDatabaseDbHomePatchHistoryEntriesList PSCommand_Get-OCIDatabaseDbHomePatchHistoryEntriesList PSCmdlet_Get-OCIDatabaseDbHomePatchHistoryEntry PSCommand_Get-OCIDatabaseDbHomePatchHistoryEntry PSCmdlet_Get-OCIDatabaseDbHomesList PSCommand_Get-OCIDatabaseDbHomesList PSCmdlet_Get-OCIDatabaseDbNode PSCommand_Get-OCIDatabaseDbNode PSCmdlet_Get-OCIDatabaseDbNodesList PSCommand_Get-OCIDatabaseDbNodesList PSCmdlet_Get-OCIDatabaseDbServer PSCommand_Get-OCIDatabaseDbServer PSCmdlet_Get-OCIDatabaseDbServersList PSCommand_Get-OCIDatabaseDbServersList PSCmdlet_Get-OCIDatabaseDbSystem PSCommand_Get-OCIDatabaseDbSystem PSCmdlet_Get-OCIDatabaseDbSystemComputePerformancesList PSCommand_Get-OCIDatabaseDbSystemComputePerformancesList PSCmdlet_Get-OCIDatabaseDbSystemPatch PSCommand_Get-OCIDatabaseDbSystemPatch PSCmdlet_Get-OCIDatabaseDbSystemPatchesList PSCommand_Get-OCIDatabaseDbSystemPatchesList PSCmdlet_Get-OCIDatabaseDbSystemPatchHistoryEntriesList PSCommand_Get-OCIDatabaseDbSystemPatchHistoryEntriesList PSCmdlet_Get-OCIDatabaseDbSystemPatchHistoryEntry PSCommand_Get-OCIDatabaseDbSystemPatchHistoryEntry PSCmdlet_Get-OCIDatabaseDbSystemShapesList PSCommand_Get-OCIDatabaseDbSystemShapesList PSCmdlet_Get-OCIDatabaseDbSystemsList PSCommand_Get-OCIDatabaseDbSystemsList PSCmdlet_Get-OCIDatabaseDbSystemStoragePerformancesList PSCommand_Get-OCIDatabaseDbSystemStoragePerformancesList PSCmdlet_Get-OCIDatabaseDbSystemUpgradeHistoryEntriesList PSCommand_Get-OCIDatabaseDbSystemUpgradeHistoryEntriesList PSCmdlet_Get-OCIDatabaseDbSystemUpgradeHistoryEntry PSCommand_Get-OCIDatabaseDbSystemUpgradeHistoryEntry PSCmdlet_Get-OCIDatabaseDbVersionsList PSCommand_Get-OCIDatabaseDbVersionsList PSCmdlet_Get-OCIDatabaseExadataInfrastructure PSCommand_Get-OCIDatabaseExadataInfrastructure PSCmdlet_Get-OCIDatabaseExadataInfrastructureOcpus PSCommand_Get-OCIDatabaseExadataInfrastructureOcpus PSCmdlet_Get-OCIDatabaseExadataInfrastructuresList PSCommand_Get-OCIDatabaseExadataInfrastructuresList PSCmdlet_Get-OCIDatabaseExadataInfrastructureUnAllocatedResources PSCommand_Get-OCIDatabaseExadataInfrastructureUnAllocatedResources PSCmdlet_Get-OCIDatabaseExadataIormConfig PSCommand_Get-OCIDatabaseExadataIormConfig PSCmdlet_Get-OCIDatabaseExadbVmCluster PSCommand_Get-OCIDatabaseExadbVmCluster PSCmdlet_Get-OCIDatabaseExadbVmClustersList PSCommand_Get-OCIDatabaseExadbVmClustersList PSCmdlet_Get-OCIDatabaseExadbVmClusterUpdate PSCommand_Get-OCIDatabaseExadbVmClusterUpdate PSCmdlet_Get-OCIDatabaseExadbVmClusterUpdateHistoryEntriesList PSCommand_Get-OCIDatabaseExadbVmClusterUpdateHistoryEntriesList PSCmdlet_Get-OCIDatabaseExadbVmClusterUpdateHistoryEntry PSCommand_Get-OCIDatabaseExadbVmClusterUpdateHistoryEntry PSCmdlet_Get-OCIDatabaseExadbVmClusterUpdatesList PSCommand_Get-OCIDatabaseExadbVmClusterUpdatesList PSCmdlet_Get-OCIDatabaseExascaleDbStorageVault PSCommand_Get-OCIDatabaseExascaleDbStorageVault PSCmdlet_Get-OCIDatabaseExascaleDbStorageVaultsList PSCommand_Get-OCIDatabaseExascaleDbStorageVaultsList PSCmdlet_Get-OCIDatabaseExecutionAction PSCommand_Get-OCIDatabaseExecutionAction PSCmdlet_Get-OCIDatabaseExecutionActionsList PSCommand_Get-OCIDatabaseExecutionActionsList PSCmdlet_Get-OCIDatabaseExecutionWindow PSCommand_Get-OCIDatabaseExecutionWindow PSCmdlet_Get-OCIDatabaseExecutionWindowsList PSCommand_Get-OCIDatabaseExecutionWindowsList PSCmdlet_Get-OCIDatabaseExternalBackupJob PSCommand_Get-OCIDatabaseExternalBackupJob PSCmdlet_Get-OCIDatabaseExternalContainerDatabase PSCommand_Get-OCIDatabaseExternalContainerDatabase PSCmdlet_Get-OCIDatabaseExternalContainerDatabasesList PSCommand_Get-OCIDatabaseExternalContainerDatabasesList PSCmdlet_Get-OCIDatabaseExternalDatabaseConnector PSCommand_Get-OCIDatabaseExternalDatabaseConnector PSCmdlet_Get-OCIDatabaseExternalDatabaseConnectorsList PSCommand_Get-OCIDatabaseExternalDatabaseConnectorsList PSCmdlet_Get-OCIDatabaseExternalNonContainerDatabase PSCommand_Get-OCIDatabaseExternalNonContainerDatabase PSCmdlet_Get-OCIDatabaseExternalNonContainerDatabasesList PSCommand_Get-OCIDatabaseExternalNonContainerDatabasesList PSCmdlet_Get-OCIDatabaseExternalPluggableDatabase PSCommand_Get-OCIDatabaseExternalPluggableDatabase PSCmdlet_Get-OCIDatabaseExternalPluggableDatabasesList PSCommand_Get-OCIDatabaseExternalPluggableDatabasesList PSCmdlet_Get-OCIDatabaseFlexComponentsList PSCommand_Get-OCIDatabaseFlexComponentsList PSCmdlet_Get-OCIDatabaseGiVersionMinorVersionsList PSCommand_Get-OCIDatabaseGiVersionMinorVersionsList PSCmdlet_Get-OCIDatabaseGiVersionsList PSCommand_Get-OCIDatabaseGiVersionsList PSCmdlet_Get-OCIDatabaseInfrastructureTargetVersions PSCommand_Get-OCIDatabaseInfrastructureTargetVersions PSCmdlet_Get-OCIDatabaseKeyStore PSCommand_Get-OCIDatabaseKeyStore PSCmdlet_Get-OCIDatabaseKeyStoresList PSCommand_Get-OCIDatabaseKeyStoresList PSCmdlet_Get-OCIDatabaseMaintenanceRun PSCommand_Get-OCIDatabaseMaintenanceRun PSCmdlet_Get-OCIDatabaseMaintenanceRunHistory PSCommand_Get-OCIDatabaseMaintenanceRunHistory PSCmdlet_Get-OCIDatabaseMaintenanceRunHistoryList PSCommand_Get-OCIDatabaseMaintenanceRunHistoryList PSCmdlet_Get-OCIDatabaseMaintenanceRunsList PSCommand_Get-OCIDatabaseMaintenanceRunsList PSCmdlet_Get-OCIDatabaseOneoffPatch PSCommand_Get-OCIDatabaseOneoffPatch PSCmdlet_Get-OCIDatabaseOneoffPatchesList PSCommand_Get-OCIDatabaseOneoffPatchesList PSCmdlet_Get-OCIDatabaseParamsForActionTypeList PSCommand_Get-OCIDatabaseParamsForActionTypeList PSCmdlet_Get-OCIDatabasePdbConversionHistoryEntriesList PSCommand_Get-OCIDatabasePdbConversionHistoryEntriesList PSCmdlet_Get-OCIDatabasePdbConversionHistoryEntry PSCommand_Get-OCIDatabasePdbConversionHistoryEntry PSCmdlet_Get-OCIDatabasePluggableDatabase PSCommand_Get-OCIDatabasePluggableDatabase PSCmdlet_Get-OCIDatabasePluggableDatabasesList PSCommand_Get-OCIDatabasePluggableDatabasesList PSCmdlet_Get-OCIDatabaseRecommendedScheduledActionsList PSCommand_Get-OCIDatabaseRecommendedScheduledActionsList PSCmdlet_Get-OCIDatabaseScheduledAction PSCommand_Get-OCIDatabaseScheduledAction PSCmdlet_Get-OCIDatabaseScheduledActionsList PSCommand_Get-OCIDatabaseScheduledActionsList PSCmdlet_Get-OCIDatabaseSchedulingPlan PSCommand_Get-OCIDatabaseSchedulingPlan PSCmdlet_Get-OCIDatabaseSchedulingPlansList PSCommand_Get-OCIDatabaseSchedulingPlansList PSCmdlet_Get-OCIDatabaseSchedulingPoliciesList PSCommand_Get-OCIDatabaseSchedulingPoliciesList PSCmdlet_Get-OCIDatabaseSchedulingPolicy PSCommand_Get-OCIDatabaseSchedulingPolicy PSCmdlet_Get-OCIDatabaseSchedulingWindow PSCommand_Get-OCIDatabaseSchedulingWindow PSCmdlet_Get-OCIDatabaseSchedulingWindowsList PSCommand_Get-OCIDatabaseSchedulingWindowsList PSCmdlet_Get-OCIDatabasesList PSCommand_Get-OCIDatabasesList PSCmdlet_Get-OCIDatabaseSoftwareImage PSCommand_Get-OCIDatabaseSoftwareImage PSCmdlet_Get-OCIDatabaseSoftwareImagesList PSCommand_Get-OCIDatabaseSoftwareImagesList PSCmdlet_Get-OCIDatabaseSystemVersionsList PSCommand_Get-OCIDatabaseSystemVersionsList PSCmdlet_Get-OCIDatabaseUpgradeHistoryEntriesList PSCommand_Get-OCIDatabaseUpgradeHistoryEntriesList PSCmdlet_Get-OCIDatabaseUpgradeHistoryEntry PSCommand_Get-OCIDatabaseUpgradeHistoryEntry PSCmdlet_Get-OCIDatabaseVmCluster PSCommand_Get-OCIDatabaseVmCluster PSCmdlet_Get-OCIDatabaseVmClusterNetwork PSCommand_Get-OCIDatabaseVmClusterNetwork PSCmdlet_Get-OCIDatabaseVmClusterNetworksList PSCommand_Get-OCIDatabaseVmClusterNetworksList PSCmdlet_Get-OCIDatabaseVmClusterPatch PSCommand_Get-OCIDatabaseVmClusterPatch PSCmdlet_Get-OCIDatabaseVmClusterPatchesList PSCommand_Get-OCIDatabaseVmClusterPatchesList PSCmdlet_Get-OCIDatabaseVmClusterPatchHistoryEntriesList PSCommand_Get-OCIDatabaseVmClusterPatchHistoryEntriesList PSCmdlet_Get-OCIDatabaseVmClusterPatchHistoryEntry PSCommand_Get-OCIDatabaseVmClusterPatchHistoryEntry PSCmdlet_Get-OCIDatabaseVmClustersList PSCommand_Get-OCIDatabaseVmClustersList PSCmdlet_Get-OCIDatabaseVmClusterUpdate PSCommand_Get-OCIDatabaseVmClusterUpdate PSCmdlet_Get-OCIDatabaseVmClusterUpdateHistoryEntriesList PSCommand_Get-OCIDatabaseVmClusterUpdateHistoryEntriesList PSCmdlet_Get-OCIDatabaseVmClusterUpdateHistoryEntry PSCommand_Get-OCIDatabaseVmClusterUpdateHistoryEntry PSCmdlet_Get-OCIDatabaseVmClusterUpdatesList PSCommand_Get-OCIDatabaseVmClusterUpdatesList PSCmdlet_Invoke-OCIDatabaseAutonomousDatabaseManualRefresh PSCommand_Invoke-OCIDatabaseAutonomousDatabaseManualRefresh PSCmdlet_Invoke-OCIDatabaseCascadingDeleteSchedulingPlan PSCommand_Invoke-OCIDatabaseCascadingDeleteSchedulingPlan PSCmdlet_Invoke-OCIDatabaseCheckExternalDatabaseConnectorConnectionStatus PSCommand_Invoke-OCIDatabaseCheckExternalDatabaseConnectorConnectionStatus PSCmdlet_Invoke-OCIDatabaseConfigureAutonomousDatabaseVaultKey PSCommand_Invoke-OCIDatabaseConfigureAutonomousDatabaseVaultKey PSCmdlet_Invoke-OCIDatabaseConfigureSaasAdminUser PSCommand_Invoke-OCIDatabaseConfigureSaasAdminUser PSCmdlet_Invoke-OCIDatabaseConfirmKeyStoreDetailsAreCorrect PSCommand_Invoke-OCIDatabaseConfirmKeyStoreDetailsAreCorrect PSCmdlet_Invoke-OCIDatabaseConvertToPdb PSCommand_Invoke-OCIDatabaseConvertToPdb PSCmdlet_Invoke-OCIDatabaseConvertToRegularPluggableDatabase PSCommand_Invoke-OCIDatabaseConvertToRegularPluggableDatabase PSCmdlet_Invoke-OCIDatabaseDbNodeAction PSCommand_Invoke-OCIDatabaseDbNodeAction PSCmdlet_Invoke-OCIDatabaseDownloadExadataInfrastructureConfigFile PSCommand_Invoke-OCIDatabaseDownloadExadataInfrastructureConfigFile PSCmdlet_Invoke-OCIDatabaseDownloadOneoffPatch PSCommand_Invoke-OCIDatabaseDownloadOneoffPatch PSCmdlet_Invoke-OCIDatabaseDownloadValidationReport PSCommand_Invoke-OCIDatabaseDownloadValidationReport PSCmdlet_Invoke-OCIDatabaseDownloadVmClusterNetworkConfigFile PSCommand_Invoke-OCIDatabaseDownloadVmClusterNetworkConfigFile PSCmdlet_Invoke-OCIDatabaseFailoverAutonomousContainerDatabaseDataguardAssociation PSCommand_Invoke-OCIDatabaseFailoverAutonomousContainerDatabaseDataguardAssociation PSCmdlet_Invoke-OCIDatabaseFailOverAutonomousDatabase PSCommand_Invoke-OCIDatabaseFailOverAutonomousDatabase PSCmdlet_Invoke-OCIDatabaseFailoverDataGuardAssociation PSCommand_Invoke-OCIDatabaseFailoverDataGuardAssociation PSCmdlet_Invoke-OCIDatabaseLaunchAutonomousExadataInfrastructure PSCommand_Invoke-OCIDatabaseLaunchAutonomousExadataInfrastructure PSCmdlet_Invoke-OCIDatabaseLocalClonePluggableDatabase PSCommand_Invoke-OCIDatabaseLocalClonePluggableDatabase PSCmdlet_Invoke-OCIDatabaseMigrateExadataDbSystemResourceModel PSCommand_Invoke-OCIDatabaseMigrateExadataDbSystemResourceModel PSCmdlet_Invoke-OCIDatabaseMigrateVaultKey PSCommand_Invoke-OCIDatabaseMigrateVaultKey PSCmdlet_Invoke-OCIDatabaseRefreshPluggableDatabase PSCommand_Invoke-OCIDatabaseRefreshPluggableDatabase PSCmdlet_Invoke-OCIDatabaseReinstateAutonomousContainerDatabaseDataguardAssociation PSCommand_Invoke-OCIDatabaseReinstateAutonomousContainerDatabaseDataguardAssociation PSCmdlet_Invoke-OCIDatabaseReinstateDataGuardAssociation PSCommand_Invoke-OCIDatabaseReinstateDataGuardAssociation PSCmdlet_Invoke-OCIDatabaseRemoteClonePluggableDatabase PSCommand_Invoke-OCIDatabaseRemoteClonePluggableDatabase PSCmdlet_Invoke-OCIDatabaseReorderExecutionActions PSCommand_Invoke-OCIDatabaseReorderExecutionActions PSCmdlet_Invoke-OCIDatabaseReorderScheduledActions PSCommand_Invoke-OCIDatabaseReorderScheduledActions PSCmdlet_Invoke-OCIDatabaseResizeVmClusterNetwork PSCommand_Invoke-OCIDatabaseResizeVmClusterNetwork PSCmdlet_Invoke-OCIDatabaseResourcePoolShapes PSCommand_Invoke-OCIDatabaseResourcePoolShapes PSCmdlet_Invoke-OCIDatabaseRotateAutonomousContainerDatabaseEncryptionKey PSCommand_Invoke-OCIDatabaseRotateAutonomousContainerDatabaseEncryptionKey PSCmdlet_Invoke-OCIDatabaseRotateAutonomousDatabaseEncryptionKey PSCommand_Invoke-OCIDatabaseRotateAutonomousDatabaseEncryptionKey PSCmdlet_Invoke-OCIDatabaseRotateAutonomousVmClusterOrdsCerts PSCommand_Invoke-OCIDatabaseRotateAutonomousVmClusterOrdsCerts PSCmdlet_Invoke-OCIDatabaseRotateAutonomousVmClusterSslCerts PSCommand_Invoke-OCIDatabaseRotateAutonomousVmClusterSslCerts PSCmdlet_Invoke-OCIDatabaseRotateCloudAutonomousVmClusterOrdsCerts PSCommand_Invoke-OCIDatabaseRotateCloudAutonomousVmClusterOrdsCerts PSCmdlet_Invoke-OCIDatabaseRotateCloudAutonomousVmClusterSslCerts PSCommand_Invoke-OCIDatabaseRotateCloudAutonomousVmClusterSslCerts PSCmdlet_Invoke-OCIDatabaseRotateOrdsCerts PSCommand_Invoke-OCIDatabaseRotateOrdsCerts PSCmdlet_Invoke-OCIDatabaseRotatePluggableDatabaseEncryptionKey PSCommand_Invoke-OCIDatabaseRotatePluggableDatabaseEncryptionKey PSCmdlet_Invoke-OCIDatabaseRotateSslCerts PSCommand_Invoke-OCIDatabaseRotateSslCerts PSCmdlet_Invoke-OCIDatabaseRotateVaultKey PSCommand_Invoke-OCIDatabaseRotateVaultKey PSCmdlet_Invoke-OCIDatabaseSaasAdminUserStatus PSCommand_Invoke-OCIDatabaseSaasAdminUserStatus PSCmdlet_Invoke-OCIDatabaseScanExternalContainerDatabasePluggableDatabases PSCommand_Invoke-OCIDatabaseScanExternalContainerDatabasePluggableDatabases PSCmdlet_Invoke-OCIDatabaseSetDbKeyVersion PSCommand_Invoke-OCIDatabaseSetDbKeyVersion PSCmdlet_Invoke-OCIDatabaseSetPdbKeyVersion PSCommand_Invoke-OCIDatabaseSetPdbKeyVersion PSCmdlet_Invoke-OCIDatabaseShrinkAutonomousDatabase PSCommand_Invoke-OCIDatabaseShrinkAutonomousDatabase PSCmdlet_Invoke-OCIDatabaseSwitchoverAutonomousContainerDatabaseDataguardAssociation PSCommand_Invoke-OCIDatabaseSwitchoverAutonomousContainerDatabaseDataguardAssociation PSCmdlet_Invoke-OCIDatabaseSwitchoverAutonomousDatabase PSCommand_Invoke-OCIDatabaseSwitchoverAutonomousDatabase PSCmdlet_Invoke-OCIDatabaseSwitchoverDataGuardAssociation PSCommand_Invoke-OCIDatabaseSwitchoverDataGuardAssociation PSCmdlet_Invoke-OCIDatabaseTerminateAutonomousContainerDatabase PSCommand_Invoke-OCIDatabaseTerminateAutonomousContainerDatabase PSCmdlet_Invoke-OCIDatabaseTerminateAutonomousExadataInfrastructure PSCommand_Invoke-OCIDatabaseTerminateAutonomousExadataInfrastructure PSCmdlet_Invoke-OCIDatabaseTerminateDbSystem PSCommand_Invoke-OCIDatabaseTerminateDbSystem PSCmdlet_Invoke-OCIDatabaseUpgradeDatabase PSCommand_Invoke-OCIDatabaseUpgradeDatabase PSCmdlet_Invoke-OCIDatabaseUpgradeDbSystem PSCommand_Invoke-OCIDatabaseUpgradeDbSystem PSCmdlet_Move-OCIDatabaseAutonomousContainerDatabaseCompartment PSCommand_Move-OCIDatabaseAutonomousContainerDatabaseCompartment PSCmdlet_Move-OCIDatabaseAutonomousDatabaseCompartment PSCommand_Move-OCIDatabaseAutonomousDatabaseCompartment PSCmdlet_Move-OCIDatabaseAutonomousDatabaseSoftwareImageCompartment PSCommand_Move-OCIDatabaseAutonomousDatabaseSoftwareImageCompartment PSCmdlet_Move-OCIDatabaseAutonomousDatabaseSubscription PSCommand_Move-OCIDatabaseAutonomousDatabaseSubscription PSCmdlet_Move-OCIDatabaseAutonomousExadataInfrastructureCompartment PSCommand_Move-OCIDatabaseAutonomousExadataInfrastructureCompartment PSCmdlet_Move-OCIDatabaseAutonomousVmClusterCompartment PSCommand_Move-OCIDatabaseAutonomousVmClusterCompartment PSCmdlet_Move-OCIDatabaseBackupDestinationCompartment PSCommand_Move-OCIDatabaseBackupDestinationCompartment PSCmdlet_Move-OCIDatabaseCloudAutonomousVmClusterCompartment PSCommand_Move-OCIDatabaseCloudAutonomousVmClusterCompartment PSCmdlet_Move-OCIDatabaseCloudExadataInfrastructureCompartment PSCommand_Move-OCIDatabaseCloudExadataInfrastructureCompartment PSCmdlet_Move-OCIDatabaseCloudExadataInfrastructureSubscription PSCommand_Move-OCIDatabaseCloudExadataInfrastructureSubscription PSCmdlet_Move-OCIDatabaseCloudVmClusterCompartment PSCommand_Move-OCIDatabaseCloudVmClusterCompartment PSCmdlet_Move-OCIDatabaseCloudVmClusterSubscription PSCommand_Move-OCIDatabaseCloudVmClusterSubscription PSCmdlet_Move-OCIDatabaseDataguardRole PSCommand_Move-OCIDatabaseDataguardRole PSCmdlet_Move-OCIDatabaseDbSystemCompartment PSCommand_Move-OCIDatabaseDbSystemCompartment PSCmdlet_Move-OCIDatabaseDisasterRecoveryConfiguration PSCommand_Move-OCIDatabaseDisasterRecoveryConfiguration PSCmdlet_Move-OCIDatabaseExadataInfrastructureCompartment PSCommand_Move-OCIDatabaseExadataInfrastructureCompartment PSCmdlet_Move-OCIDatabaseExadbVmClusterCompartment PSCommand_Move-OCIDatabaseExadbVmClusterCompartment PSCmdlet_Move-OCIDatabaseExascaleDbStorageVaultCompartment PSCommand_Move-OCIDatabaseExascaleDbStorageVaultCompartment PSCmdlet_Move-OCIDatabaseExecutionActionMember PSCommand_Move-OCIDatabaseExecutionActionMember PSCmdlet_Move-OCIDatabaseExternalContainerDatabaseCompartment PSCommand_Move-OCIDatabaseExternalContainerDatabaseCompartment PSCmdlet_Move-OCIDatabaseExternalNonContainerDatabaseCompartment PSCommand_Move-OCIDatabaseExternalNonContainerDatabaseCompartment PSCmdlet_Move-OCIDatabaseExternalPluggableDatabaseCompartment PSCommand_Move-OCIDatabaseExternalPluggableDatabaseCompartment PSCmdlet_Move-OCIDatabaseKeyStoreCompartment PSCommand_Move-OCIDatabaseKeyStoreCompartment PSCmdlet_Move-OCIDatabaseKeyStoreType PSCommand_Move-OCIDatabaseKeyStoreType PSCmdlet_Move-OCIDatabaseOneoffPatchCompartment PSCommand_Move-OCIDatabaseOneoffPatchCompartment PSCmdlet_Move-OCIDatabaseSchedulingPlanCompartment PSCommand_Move-OCIDatabaseSchedulingPlanCompartment PSCmdlet_Move-OCIDatabaseSchedulingPolicyCompartment PSCommand_Move-OCIDatabaseSchedulingPolicyCompartment PSCmdlet_Move-OCIDatabaseSoftwareImageCompartment PSCommand_Move-OCIDatabaseSoftwareImageCompartment PSCmdlet_Move-OCIDatabaseVmClusterCompartment PSCommand_Move-OCIDatabaseVmClusterCompartment PSCmdlet_New-OCIDatabase PSCommand_New-OCIDatabase PSCmdlet_New-OCIDatabaseApplicationVip PSCommand_New-OCIDatabaseApplicationVip PSCmdlet_New-OCIDatabaseAutonomousContainerDatabase PSCommand_New-OCIDatabaseAutonomousContainerDatabase PSCmdlet_New-OCIDatabaseAutonomousContainerDatabaseDataguardAssociation PSCommand_New-OCIDatabaseAutonomousContainerDatabaseDataguardAssociation PSCmdlet_New-OCIDatabaseAutonomousDatabase PSCommand_New-OCIDatabaseAutonomousDatabase PSCmdlet_New-OCIDatabaseAutonomousDatabaseBackup PSCommand_New-OCIDatabaseAutonomousDatabaseBackup PSCmdlet_New-OCIDatabaseAutonomousDatabaseSoftwareImage PSCommand_New-OCIDatabaseAutonomousDatabaseSoftwareImage PSCmdlet_New-OCIDatabaseAutonomousDatabaseWallet PSCommand_New-OCIDatabaseAutonomousDatabaseWallet PSCmdlet_New-OCIDatabaseAutonomousVmCluster PSCommand_New-OCIDatabaseAutonomousVmCluster PSCmdlet_New-OCIDatabaseBackup PSCommand_New-OCIDatabaseBackup PSCmdlet_New-OCIDatabaseBackupDestination PSCommand_New-OCIDatabaseBackupDestination PSCmdlet_New-OCIDatabaseCloudAutonomousVmCluster PSCommand_New-OCIDatabaseCloudAutonomousVmCluster PSCmdlet_New-OCIDatabaseCloudExadataInfrastructure PSCommand_New-OCIDatabaseCloudExadataInfrastructure PSCmdlet_New-OCIDatabaseCloudVmCluster PSCommand_New-OCIDatabaseCloudVmCluster PSCmdlet_New-OCIDatabaseConsoleConnection PSCommand_New-OCIDatabaseConsoleConnection PSCmdlet_New-OCIDatabaseConsoleHistory PSCommand_New-OCIDatabaseConsoleHistory PSCmdlet_New-OCIDatabaseDataGuardAssociation PSCommand_New-OCIDatabaseDataGuardAssociation PSCmdlet_New-OCIDatabaseDbHome PSCommand_New-OCIDatabaseDbHome PSCmdlet_New-OCIDatabaseDbSystem PSCommand_New-OCIDatabaseDbSystem PSCmdlet_New-OCIDatabaseExadataInfrastructure PSCommand_New-OCIDatabaseExadataInfrastructure PSCmdlet_New-OCIDatabaseExadbVmCluster PSCommand_New-OCIDatabaseExadbVmCluster PSCmdlet_New-OCIDatabaseExascaleDbStorageVault PSCommand_New-OCIDatabaseExascaleDbStorageVault PSCmdlet_New-OCIDatabaseExecutionAction PSCommand_New-OCIDatabaseExecutionAction PSCmdlet_New-OCIDatabaseExecutionWindow PSCommand_New-OCIDatabaseExecutionWindow PSCmdlet_New-OCIDatabaseExternalBackupJob PSCommand_New-OCIDatabaseExternalBackupJob PSCmdlet_New-OCIDatabaseExternalContainerDatabase PSCommand_New-OCIDatabaseExternalContainerDatabase PSCmdlet_New-OCIDatabaseExternalDatabaseConnector PSCommand_New-OCIDatabaseExternalDatabaseConnector PSCmdlet_New-OCIDatabaseExternalNonContainerDatabase PSCommand_New-OCIDatabaseExternalNonContainerDatabase PSCmdlet_New-OCIDatabaseExternalPluggableDatabase PSCommand_New-OCIDatabaseExternalPluggableDatabase PSCmdlet_New-OCIDatabaseKeyStore PSCommand_New-OCIDatabaseKeyStore PSCmdlet_New-OCIDatabaseMaintenanceRun PSCommand_New-OCIDatabaseMaintenanceRun PSCmdlet_New-OCIDatabaseOneoffPatch PSCommand_New-OCIDatabaseOneoffPatch PSCmdlet_New-OCIDatabasePluggableDatabase PSCommand_New-OCIDatabasePluggableDatabase PSCmdlet_New-OCIDatabaseRecommendedVmClusterNetwork PSCommand_New-OCIDatabaseRecommendedVmClusterNetwork PSCmdlet_New-OCIDatabaseScheduledAction PSCommand_New-OCIDatabaseScheduledAction PSCmdlet_New-OCIDatabaseSchedulingPlan PSCommand_New-OCIDatabaseSchedulingPlan PSCmdlet_New-OCIDatabaseSchedulingPolicy PSCommand_New-OCIDatabaseSchedulingPolicy PSCmdlet_New-OCIDatabaseSchedulingWindow PSCommand_New-OCIDatabaseSchedulingWindow PSCmdlet_New-OCIDatabaseSoftwareImage PSCommand_New-OCIDatabaseSoftwareImage PSCmdlet_New-OCIDatabaseVmCluster PSCommand_New-OCIDatabaseVmCluster PSCmdlet_New-OCIDatabaseVmClusterNetwork PSCommand_New-OCIDatabaseVmClusterNetwork PSCmdlet_Register-OCIDatabaseAutonomousDatabaseDataSafe PSCommand_Register-OCIDatabaseAutonomousDatabaseDataSafe PSCmdlet_Remove-OCIDatabase PSCommand_Remove-OCIDatabase PSCmdlet_Remove-OCIDatabaseApplicationVip PSCommand_Remove-OCIDatabaseApplicationVip PSCmdlet_Remove-OCIDatabaseAutonomousDatabase PSCommand_Remove-OCIDatabaseAutonomousDatabase PSCmdlet_Remove-OCIDatabaseAutonomousDatabaseBackup PSCommand_Remove-OCIDatabaseAutonomousDatabaseBackup PSCmdlet_Remove-OCIDatabaseAutonomousDatabaseSoftwareImage PSCommand_Remove-OCIDatabaseAutonomousDatabaseSoftwareImage PSCmdlet_Remove-OCIDatabaseAutonomousVmCluster PSCommand_Remove-OCIDatabaseAutonomousVmCluster PSCmdlet_Remove-OCIDatabaseBackup PSCommand_Remove-OCIDatabaseBackup PSCmdlet_Remove-OCIDatabaseBackupDestination PSCommand_Remove-OCIDatabaseBackupDestination PSCmdlet_Remove-OCIDatabaseCloudAutonomousVmCluster PSCommand_Remove-OCIDatabaseCloudAutonomousVmCluster PSCmdlet_Remove-OCIDatabaseCloudExadataInfrastructure PSCommand_Remove-OCIDatabaseCloudExadataInfrastructure PSCmdlet_Remove-OCIDatabaseCloudVmCluster PSCommand_Remove-OCIDatabaseCloudVmCluster PSCmdlet_Remove-OCIDatabaseConsoleConnection PSCommand_Remove-OCIDatabaseConsoleConnection PSCmdlet_Remove-OCIDatabaseConsoleHistory PSCommand_Remove-OCIDatabaseConsoleHistory PSCmdlet_Remove-OCIDatabaseDbHome PSCommand_Remove-OCIDatabaseDbHome PSCmdlet_Remove-OCIDatabaseExadataInfrastructure PSCommand_Remove-OCIDatabaseExadataInfrastructure PSCmdlet_Remove-OCIDatabaseExadbVmCluster PSCommand_Remove-OCIDatabaseExadbVmCluster PSCmdlet_Remove-OCIDatabaseExascaleDbStorageVault PSCommand_Remove-OCIDatabaseExascaleDbStorageVault PSCmdlet_Remove-OCIDatabaseExecutionAction PSCommand_Remove-OCIDatabaseExecutionAction PSCmdlet_Remove-OCIDatabaseExecutionWindow PSCommand_Remove-OCIDatabaseExecutionWindow PSCmdlet_Remove-OCIDatabaseExternalContainerDatabase PSCommand_Remove-OCIDatabaseExternalContainerDatabase PSCmdlet_Remove-OCIDatabaseExternalDatabaseConnector PSCommand_Remove-OCIDatabaseExternalDatabaseConnector PSCmdlet_Remove-OCIDatabaseExternalNonContainerDatabase PSCommand_Remove-OCIDatabaseExternalNonContainerDatabase PSCmdlet_Remove-OCIDatabaseExternalPluggableDatabase PSCommand_Remove-OCIDatabaseExternalPluggableDatabase PSCmdlet_Remove-OCIDatabaseKeyStore PSCommand_Remove-OCIDatabaseKeyStore PSCmdlet_Remove-OCIDatabaseOneoffPatch PSCommand_Remove-OCIDatabaseOneoffPatch PSCmdlet_Remove-OCIDatabasePluggableDatabase PSCommand_Remove-OCIDatabasePluggableDatabase PSCmdlet_Remove-OCIDatabaseScheduledAction PSCommand_Remove-OCIDatabaseScheduledAction PSCmdlet_Remove-OCIDatabaseSchedulingPlan PSCommand_Remove-OCIDatabaseSchedulingPlan PSCmdlet_Remove-OCIDatabaseSchedulingPolicy PSCommand_Remove-OCIDatabaseSchedulingPolicy PSCmdlet_Remove-OCIDatabaseSchedulingWindow PSCommand_Remove-OCIDatabaseSchedulingWindow PSCmdlet_Remove-OCIDatabaseSoftwareImage PSCommand_Remove-OCIDatabaseSoftwareImage PSCmdlet_Remove-OCIDatabaseVirtualMachineFromCloudVmCluster PSCommand_Remove-OCIDatabaseVirtualMachineFromCloudVmCluster PSCmdlet_Remove-OCIDatabaseVirtualMachineFromExadbVmCluster PSCommand_Remove-OCIDatabaseVirtualMachineFromExadbVmCluster PSCmdlet_Remove-OCIDatabaseVirtualMachineFromVmCluster PSCommand_Remove-OCIDatabaseVirtualMachineFromVmCluster PSCmdlet_Remove-OCIDatabaseVmCluster PSCommand_Remove-OCIDatabaseVmCluster PSCmdlet_Remove-OCIDatabaseVmClusterNetwork PSCommand_Remove-OCIDatabaseVmClusterNetwork PSCmdlet_Restart-OCIDatabaseAutonomousContainerDatabase PSCommand_Restart-OCIDatabaseAutonomousContainerDatabase PSCmdlet_Restart-OCIDatabaseAutonomousDatabase PSCommand_Restart-OCIDatabaseAutonomousDatabase PSCmdlet_Restore-OCIDatabase PSCommand_Restore-OCIDatabase PSCmdlet_Restore-OCIDatabaseAutonomousDatabase PSCommand_Restore-OCIDatabaseAutonomousDatabase PSCmdlet_Start-OCIDatabaseAutonomousDatabase PSCommand_Start-OCIDatabaseAutonomousDatabase PSCmdlet_Start-OCIDatabasePluggableDatabase PSCommand_Start-OCIDatabasePluggableDatabase PSCmdlet_Stop-OCIDatabaseAutonomousDatabase PSCommand_Stop-OCIDatabaseAutonomousDatabase PSCmdlet_Stop-OCIDatabaseBackup PSCommand_Stop-OCIDatabaseBackup PSCmdlet_Stop-OCIDatabaseExecutionWindow PSCommand_Stop-OCIDatabaseExecutionWindow PSCmdlet_Stop-OCIDatabasePluggableDatabase PSCommand_Stop-OCIDatabasePluggableDatabase PSCmdlet_Unregister-OCIDatabaseAutonomousDatabaseDataSafe PSCommand_Unregister-OCIDatabaseAutonomousDatabaseDataSafe PSCmdlet_Update-OCIDatabase PSCommand_Update-OCIDatabase PSCmdlet_Update-OCIDatabaseAutonomousContainerDatabase PSCommand_Update-OCIDatabaseAutonomousContainerDatabase PSCmdlet_Update-OCIDatabaseAutonomousContainerDatabaseDataguardAssociation PSCommand_Update-OCIDatabaseAutonomousContainerDatabaseDataguardAssociation PSCmdlet_Update-OCIDatabaseAutonomousDatabase PSCommand_Update-OCIDatabaseAutonomousDatabase PSCmdlet_Update-OCIDatabaseAutonomousDatabaseBackup PSCommand_Update-OCIDatabaseAutonomousDatabaseBackup PSCmdlet_Update-OCIDatabaseAutonomousDatabaseRegionalWallet PSCommand_Update-OCIDatabaseAutonomousDatabaseRegionalWallet PSCmdlet_Update-OCIDatabaseAutonomousDatabaseSoftwareImage PSCommand_Update-OCIDatabaseAutonomousDatabaseSoftwareImage PSCmdlet_Update-OCIDatabaseAutonomousDatabaseWallet PSCommand_Update-OCIDatabaseAutonomousDatabaseWallet PSCmdlet_Update-OCIDatabaseAutonomousExadataInfrastructure PSCommand_Update-OCIDatabaseAutonomousExadataInfrastructure PSCmdlet_Update-OCIDatabaseAutonomousVmCluster PSCommand_Update-OCIDatabaseAutonomousVmCluster PSCmdlet_Update-OCIDatabaseBackupDestination PSCommand_Update-OCIDatabaseBackupDestination PSCmdlet_Update-OCIDatabaseCloudAutonomousVmCluster PSCommand_Update-OCIDatabaseCloudAutonomousVmCluster PSCmdlet_Update-OCIDatabaseCloudExadataInfrastructure PSCommand_Update-OCIDatabaseCloudExadataInfrastructure PSCmdlet_Update-OCIDatabaseCloudVmCluster PSCommand_Update-OCIDatabaseCloudVmCluster PSCmdlet_Update-OCIDatabaseCloudVmClusterIormConfig PSCommand_Update-OCIDatabaseCloudVmClusterIormConfig PSCmdlet_Update-OCIDatabaseConsoleConnection PSCommand_Update-OCIDatabaseConsoleConnection PSCmdlet_Update-OCIDatabaseConsoleHistory PSCommand_Update-OCIDatabaseConsoleHistory PSCmdlet_Update-OCIDatabaseDataGuardAssociation PSCommand_Update-OCIDatabaseDataGuardAssociation PSCmdlet_Update-OCIDatabaseDbHome PSCommand_Update-OCIDatabaseDbHome PSCmdlet_Update-OCIDatabaseDbNode PSCommand_Update-OCIDatabaseDbNode PSCmdlet_Update-OCIDatabaseDbSystem PSCommand_Update-OCIDatabaseDbSystem PSCmdlet_Update-OCIDatabaseExadataInfrastructure PSCommand_Update-OCIDatabaseExadataInfrastructure PSCmdlet_Update-OCIDatabaseExadataIormConfig PSCommand_Update-OCIDatabaseExadataIormConfig PSCmdlet_Update-OCIDatabaseExadbVmCluster PSCommand_Update-OCIDatabaseExadbVmCluster PSCmdlet_Update-OCIDatabaseExascaleDbStorageVault PSCommand_Update-OCIDatabaseExascaleDbStorageVault PSCmdlet_Update-OCIDatabaseExecutionAction PSCommand_Update-OCIDatabaseExecutionAction PSCmdlet_Update-OCIDatabaseExecutionWindow PSCommand_Update-OCIDatabaseExecutionWindow PSCmdlet_Update-OCIDatabaseExternalContainerDatabase PSCommand_Update-OCIDatabaseExternalContainerDatabase PSCmdlet_Update-OCIDatabaseExternalDatabaseConnector PSCommand_Update-OCIDatabaseExternalDatabaseConnector PSCmdlet_Update-OCIDatabaseExternalNonContainerDatabase PSCommand_Update-OCIDatabaseExternalNonContainerDatabase PSCmdlet_Update-OCIDatabaseExternalPluggableDatabase PSCommand_Update-OCIDatabaseExternalPluggableDatabase PSCmdlet_Update-OCIDatabaseKeyStore PSCommand_Update-OCIDatabaseKeyStore PSCmdlet_Update-OCIDatabaseMaintenanceRun PSCommand_Update-OCIDatabaseMaintenanceRun PSCmdlet_Update-OCIDatabaseOneoffPatch PSCommand_Update-OCIDatabaseOneoffPatch PSCmdlet_Update-OCIDatabasePluggableDatabase PSCommand_Update-OCIDatabasePluggableDatabase PSCmdlet_Update-OCIDatabaseScheduledAction PSCommand_Update-OCIDatabaseScheduledAction PSCmdlet_Update-OCIDatabaseSchedulingPolicy PSCommand_Update-OCIDatabaseSchedulingPolicy PSCmdlet_Update-OCIDatabaseSchedulingWindow PSCommand_Update-OCIDatabaseSchedulingWindow PSCmdlet_Update-OCIDatabaseSoftwareImage PSCommand_Update-OCIDatabaseSoftwareImage PSCmdlet_Update-OCIDatabaseVmCluster PSCommand_Update-OCIDatabaseVmCluster PSCmdlet_Update-OCIDatabaseVmClusterNetwork PSCommand_Update-OCIDatabaseVmClusterNetwork PSIncludes_Cmdlet</S>
          <S N="developmentDependency">False</S>
          <S N="updated">2024-12-08T21:30:00Z</S>
          <S N="NormalizedVersion">95.1.0</S>
          <S N="Authors">Oracle Cloud Infrastructure</S>
          <S N="IsPrerelease">false</S>
          <S N="ItemType">Module</S>
          <S N="FileList">OCI.PSModules.Database.nuspec|THIRD_PARTY_LICENSES.txt|OCI.PSModules.Database.dll-Help.xml|LICENSE.txt|OCI.PSModules.Database.psd1|assemblies\OCI.DotNetSDK.Database.dll|assemblies\OCI.DotNetSDK.Workrequests.dll|assemblies\OCI.PSModules.Database.dll</S>
          <S N="GUID">e1b520e7-13c2-41a0-be48-3eacc401dff5</S>
          <S N="PowerShellVersion">6.0</S>
          <S N="CompanyName">Oracle Corporation</S>
        </MS>
      </Obj>
      <S N="InstalledLocation">C:\Users\MarcoFekry\Downloads\OCI.PSModules\OCI.PSModules.Database\95.1.0</S>
    </MS>
  </Obj>
</Objs>
