<?xml version="1.0"?>
<doc>
    <assembly>
        <name>AWS.Tools.ChimeSDKIdentity</name>
    </assembly>
    <members>
        <member name="T:Amazon.PowerShell.Cmdlets.CHMID.AddCHMIDResourceTagCmdlet">
            <summary>
            Applies the specified tags to the specified Amazon Chime SDK identity resource.
            </summary>
        </member>
        <member name="P:Amazon.PowerShell.Cmdlets.CHMID.AddCHMIDResourceTagCmdlet.ResourceARN">
            <summary>
            <para>
            <para>The resource ARN.</para>
            </para>
            </summary>
        </member>
        <member name="P:Amazon.PowerShell.Cmdlets.CHMID.AddCHMIDResourceTagCmdlet.Tag">
            <summary>
            <para>
            <para>The tag key-value pairs.</para>
            </para>
            </summary>
        </member>
        <member name="P:Amazon.PowerShell.Cmdlets.CHMID.AddCHMIDResourceTagCmdlet.Select">
            <summary>
            Use the -Select parameter to control the cmdlet output. The cmdlet doesn't have a return value by default.
            Specifying -Select '*' will result in the cmdlet returning the whole service response (Amazon.ChimeSDKIdentity.Model.TagResourceResponse).
            Specifying -Select '^ParameterName' will result in the cmdlet returning the selected cmdlet parameter value.
            </summary>
        </member>
        <member name="P:Amazon.PowerShell.Cmdlets.CHMID.AddCHMIDResourceTagCmdlet.PassThru">
            <summary>
            Changes the cmdlet behavior to return the value passed to the ResourceARN parameter.
            The -PassThru parameter is deprecated, use -Select '^ResourceARN' instead. This parameter will be removed in a future version.
            </summary>
        </member>
        <member name="P:Amazon.PowerShell.Cmdlets.CHMID.AddCHMIDResourceTagCmdlet.Force">
            <summary>
            This parameter overrides confirmation prompts to force 
            the cmdlet to continue its operation. This parameter should always
            be used with caution.
            </summary>
        </member>
        <member name="T:Amazon.PowerShell.Cmdlets.CHMID.GetCHMIDAppInstanceCmdlet">
            <summary>
            Returns the full details of an <c>AppInstance</c>.
            </summary>
        </member>
        <member name="P:Amazon.PowerShell.Cmdlets.CHMID.GetCHMIDAppInstanceCmdlet.AppInstanceArn">
            <summary>
            <para>
            <para>The ARN of the <c>AppInstance</c>.</para>
            </para>
            </summary>
        </member>
        <member name="P:Amazon.PowerShell.Cmdlets.CHMID.GetCHMIDAppInstanceCmdlet.Select">
            <summary>
            Use the -Select parameter to control the cmdlet output. The default value is 'AppInstance'.
            Specifying -Select '*' will result in the cmdlet returning the whole service response (Amazon.ChimeSDKIdentity.Model.DescribeAppInstanceResponse).
            Specifying the name of a property of type Amazon.ChimeSDKIdentity.Model.DescribeAppInstanceResponse will result in that property being returned.
            Specifying -Select '^ParameterName' will result in the cmdlet returning the selected cmdlet parameter value.
            </summary>
        </member>
        <member name="P:Amazon.PowerShell.Cmdlets.CHMID.GetCHMIDAppInstanceCmdlet.PassThru">
            <summary>
            Changes the cmdlet behavior to return the value passed to the AppInstanceArn parameter.
            The -PassThru parameter is deprecated, use -Select '^AppInstanceArn' instead. This parameter will be removed in a future version.
            </summary>
        </member>
        <member name="T:Amazon.PowerShell.Cmdlets.CHMID.GetCHMIDAppInstanceAdminCmdlet">
            <summary>
            Returns the full details of an <c>AppInstanceAdmin</c>.
            </summary>
        </member>
        <member name="P:Amazon.PowerShell.Cmdlets.CHMID.GetCHMIDAppInstanceAdminCmdlet.AppInstanceAdminArn">
            <summary>
            <para>
            <para>The ARN of the <c>AppInstanceAdmin</c>.</para>
            </para>
            </summary>
        </member>
        <member name="P:Amazon.PowerShell.Cmdlets.CHMID.GetCHMIDAppInstanceAdminCmdlet.AppInstanceArn">
            <summary>
            <para>
            <para>The ARN of the <c>AppInstance</c>.</para>
            </para>
            </summary>
        </member>
        <member name="P:Amazon.PowerShell.Cmdlets.CHMID.GetCHMIDAppInstanceAdminCmdlet.Select">
            <summary>
            Use the -Select parameter to control the cmdlet output. The default value is 'AppInstanceAdmin'.
            Specifying -Select '*' will result in the cmdlet returning the whole service response (Amazon.ChimeSDKIdentity.Model.DescribeAppInstanceAdminResponse).
            Specifying the name of a property of type Amazon.ChimeSDKIdentity.Model.DescribeAppInstanceAdminResponse will result in that property being returned.
            Specifying -Select '^ParameterName' will result in the cmdlet returning the selected cmdlet parameter value.
            </summary>
        </member>
        <member name="P:Amazon.PowerShell.Cmdlets.CHMID.GetCHMIDAppInstanceAdminCmdlet.PassThru">
            <summary>
            Changes the cmdlet behavior to return the value passed to the AppInstanceArn parameter.
            The -PassThru parameter is deprecated, use -Select '^AppInstanceArn' instead. This parameter will be removed in a future version.
            </summary>
        </member>
        <member name="T:Amazon.PowerShell.Cmdlets.CHMID.GetCHMIDAppInstanceAdminListCmdlet">
            <summary>
            Returns a list of the administrators in the <c>AppInstance</c>.
            </summary>
        </member>
        <member name="P:Amazon.PowerShell.Cmdlets.CHMID.GetCHMIDAppInstanceAdminListCmdlet.AppInstanceArn">
            <summary>
            <para>
            <para>The ARN of the <c>AppInstance</c>.</para>
            </para>
            </summary>
        </member>
        <member name="P:Amazon.PowerShell.Cmdlets.CHMID.GetCHMIDAppInstanceAdminListCmdlet.MaxResult">
            <summary>
            <para>
            <para>The maximum number of administrators that you want to return.</para>
            </para>
            </summary>
        </member>
        <member name="P:Amazon.PowerShell.Cmdlets.CHMID.GetCHMIDAppInstanceAdminListCmdlet.NextToken">
            <summary>
            <para>
            <para>The token returned from previous API requests until the number of administrators is
            reached.</para>
            </para>
            </summary>
        </member>
        <member name="P:Amazon.PowerShell.Cmdlets.CHMID.GetCHMIDAppInstanceAdminListCmdlet.Select">
            <summary>
            Use the -Select parameter to control the cmdlet output. The default value is '*'.
            Specifying -Select '*' will result in the cmdlet returning the whole service response (Amazon.ChimeSDKIdentity.Model.ListAppInstanceAdminsResponse).
            Specifying the name of a property of type Amazon.ChimeSDKIdentity.Model.ListAppInstanceAdminsResponse will result in that property being returned.
            Specifying -Select '^ParameterName' will result in the cmdlet returning the selected cmdlet parameter value.
            </summary>
        </member>
        <member name="P:Amazon.PowerShell.Cmdlets.CHMID.GetCHMIDAppInstanceAdminListCmdlet.PassThru">
            <summary>
            Changes the cmdlet behavior to return the value passed to the AppInstanceArn parameter.
            The -PassThru parameter is deprecated, use -Select '^AppInstanceArn' instead. This parameter will be removed in a future version.
            </summary>
        </member>
        <member name="T:Amazon.PowerShell.Cmdlets.CHMID.GetCHMIDAppInstanceBotCmdlet">
            <summary>
            The <c>AppInstanceBot's</c> information.
            </summary>
        </member>
        <member name="P:Amazon.PowerShell.Cmdlets.CHMID.GetCHMIDAppInstanceBotCmdlet.AppInstanceBotArn">
            <summary>
            <para>
            <para>The ARN of the <c>AppInstanceBot</c>.</para>
            </para>
            </summary>
        </member>
        <member name="P:Amazon.PowerShell.Cmdlets.CHMID.GetCHMIDAppInstanceBotCmdlet.Select">
            <summary>
            Use the -Select parameter to control the cmdlet output. The default value is 'AppInstanceBot'.
            Specifying -Select '*' will result in the cmdlet returning the whole service response (Amazon.ChimeSDKIdentity.Model.DescribeAppInstanceBotResponse).
            Specifying the name of a property of type Amazon.ChimeSDKIdentity.Model.DescribeAppInstanceBotResponse will result in that property being returned.
            Specifying -Select '^ParameterName' will result in the cmdlet returning the selected cmdlet parameter value.
            </summary>
        </member>
        <member name="P:Amazon.PowerShell.Cmdlets.CHMID.GetCHMIDAppInstanceBotCmdlet.PassThru">
            <summary>
            Changes the cmdlet behavior to return the value passed to the AppInstanceBotArn parameter.
            The -PassThru parameter is deprecated, use -Select '^AppInstanceBotArn' instead. This parameter will be removed in a future version.
            </summary>
        </member>
        <member name="T:Amazon.PowerShell.Cmdlets.CHMID.GetCHMIDAppInstanceBotListCmdlet">
            <summary>
            Lists all <c>AppInstanceBots</c> created under a single <c>AppInstance</c>.
            </summary>
        </member>
        <member name="P:Amazon.PowerShell.Cmdlets.CHMID.GetCHMIDAppInstanceBotListCmdlet.AppInstanceArn">
            <summary>
            <para>
            <para>The ARN of the <c>AppInstance</c>.</para>
            </para>
            </summary>
        </member>
        <member name="P:Amazon.PowerShell.Cmdlets.CHMID.GetCHMIDAppInstanceBotListCmdlet.MaxResult">
            <summary>
            <para>
            <para>The maximum number of requests to return.</para>
            </para>
            </summary>
        </member>
        <member name="P:Amazon.PowerShell.Cmdlets.CHMID.GetCHMIDAppInstanceBotListCmdlet.NextToken">
            <summary>
            <para>
            <para>The token passed by previous API calls until all requested bots are returned.</para>
            </para>
            </summary>
        </member>
        <member name="P:Amazon.PowerShell.Cmdlets.CHMID.GetCHMIDAppInstanceBotListCmdlet.Select">
            <summary>
            Use the -Select parameter to control the cmdlet output. The default value is '*'.
            Specifying -Select '*' will result in the cmdlet returning the whole service response (Amazon.ChimeSDKIdentity.Model.ListAppInstanceBotsResponse).
            Specifying the name of a property of type Amazon.ChimeSDKIdentity.Model.ListAppInstanceBotsResponse will result in that property being returned.
            Specifying -Select '^ParameterName' will result in the cmdlet returning the selected cmdlet parameter value.
            </summary>
        </member>
        <member name="P:Amazon.PowerShell.Cmdlets.CHMID.GetCHMIDAppInstanceBotListCmdlet.PassThru">
            <summary>
            Changes the cmdlet behavior to return the value passed to the AppInstanceArn parameter.
            The -PassThru parameter is deprecated, use -Select '^AppInstanceArn' instead. This parameter will be removed in a future version.
            </summary>
        </member>
        <member name="T:Amazon.PowerShell.Cmdlets.CHMID.GetCHMIDAppInstanceListCmdlet">
            <summary>
            Lists all Amazon Chime <c>AppInstance</c>s created under a single AWS account.
            </summary>
        </member>
        <member name="P:Amazon.PowerShell.Cmdlets.CHMID.GetCHMIDAppInstanceListCmdlet.MaxResult">
            <summary>
            <para>
            <para>The maximum number of <c>AppInstance</c>s that you want to return.</para>
            </para>
            </summary>
        </member>
        <member name="P:Amazon.PowerShell.Cmdlets.CHMID.GetCHMIDAppInstanceListCmdlet.NextToken">
            <summary>
            <para>
            <para>The token passed by previous API requests until you reach the maximum number of <c>AppInstances</c>.</para>
            </para>
            </summary>
        </member>
        <member name="P:Amazon.PowerShell.Cmdlets.CHMID.GetCHMIDAppInstanceListCmdlet.Select">
            <summary>
            Use the -Select parameter to control the cmdlet output. The default value is 'AppInstances'.
            Specifying -Select '*' will result in the cmdlet returning the whole service response (Amazon.ChimeSDKIdentity.Model.ListAppInstancesResponse).
            Specifying the name of a property of type Amazon.ChimeSDKIdentity.Model.ListAppInstancesResponse will result in that property being returned.
            Specifying -Select '^ParameterName' will result in the cmdlet returning the selected cmdlet parameter value.
            </summary>
        </member>
        <member name="T:Amazon.PowerShell.Cmdlets.CHMID.GetCHMIDAppInstanceRetentionSettingCmdlet">
            <summary>
            Gets the retention settings for an <c>AppInstance</c>.
            </summary>
        </member>
        <member name="P:Amazon.PowerShell.Cmdlets.CHMID.GetCHMIDAppInstanceRetentionSettingCmdlet.AppInstanceArn">
            <summary>
            <para>
            <para>The ARN of the <c>AppInstance</c>.</para>
            </para>
            </summary>
        </member>
        <member name="P:Amazon.PowerShell.Cmdlets.CHMID.GetCHMIDAppInstanceRetentionSettingCmdlet.Select">
            <summary>
            Use the -Select parameter to control the cmdlet output. The default value is '*'.
            Specifying -Select '*' will result in the cmdlet returning the whole service response (Amazon.ChimeSDKIdentity.Model.GetAppInstanceRetentionSettingsResponse).
            Specifying the name of a property of type Amazon.ChimeSDKIdentity.Model.GetAppInstanceRetentionSettingsResponse will result in that property being returned.
            Specifying -Select '^ParameterName' will result in the cmdlet returning the selected cmdlet parameter value.
            </summary>
        </member>
        <member name="P:Amazon.PowerShell.Cmdlets.CHMID.GetCHMIDAppInstanceRetentionSettingCmdlet.PassThru">
            <summary>
            Changes the cmdlet behavior to return the value passed to the AppInstanceArn parameter.
            The -PassThru parameter is deprecated, use -Select '^AppInstanceArn' instead. This parameter will be removed in a future version.
            </summary>
        </member>
        <member name="T:Amazon.PowerShell.Cmdlets.CHMID.GetCHMIDAppInstanceUserCmdlet">
            <summary>
            Returns the full details of an <c>AppInstanceUser</c>.
            </summary>
        </member>
        <member name="P:Amazon.PowerShell.Cmdlets.CHMID.GetCHMIDAppInstanceUserCmdlet.AppInstanceUserArn">
            <summary>
            <para>
            <para>The ARN of the <c>AppInstanceUser</c>.</para>
            </para>
            </summary>
        </member>
        <member name="P:Amazon.PowerShell.Cmdlets.CHMID.GetCHMIDAppInstanceUserCmdlet.Select">
            <summary>
            Use the -Select parameter to control the cmdlet output. The default value is 'AppInstanceUser'.
            Specifying -Select '*' will result in the cmdlet returning the whole service response (Amazon.ChimeSDKIdentity.Model.DescribeAppInstanceUserResponse).
            Specifying the name of a property of type Amazon.ChimeSDKIdentity.Model.DescribeAppInstanceUserResponse will result in that property being returned.
            Specifying -Select '^ParameterName' will result in the cmdlet returning the selected cmdlet parameter value.
            </summary>
        </member>
        <member name="P:Amazon.PowerShell.Cmdlets.CHMID.GetCHMIDAppInstanceUserCmdlet.PassThru">
            <summary>
            Changes the cmdlet behavior to return the value passed to the AppInstanceUserArn parameter.
            The -PassThru parameter is deprecated, use -Select '^AppInstanceUserArn' instead. This parameter will be removed in a future version.
            </summary>
        </member>
        <member name="T:Amazon.PowerShell.Cmdlets.CHMID.GetCHMIDAppInstanceUserEndpointCmdlet">
            <summary>
            Returns the full details of an <c>AppInstanceUserEndpoint</c>.
            </summary>
        </member>
        <member name="P:Amazon.PowerShell.Cmdlets.CHMID.GetCHMIDAppInstanceUserEndpointCmdlet.AppInstanceUserArn">
            <summary>
            <para>
            <para>The ARN of the <c>AppInstanceUser</c>.</para>
            </para>
            </summary>
        </member>
        <member name="P:Amazon.PowerShell.Cmdlets.CHMID.GetCHMIDAppInstanceUserEndpointCmdlet.EndpointId">
            <summary>
            <para>
            <para>The unique identifier of the <c>AppInstanceUserEndpoint</c>.</para>
            </para>
            </summary>
        </member>
        <member name="P:Amazon.PowerShell.Cmdlets.CHMID.GetCHMIDAppInstanceUserEndpointCmdlet.Select">
            <summary>
            Use the -Select parameter to control the cmdlet output. The default value is 'AppInstanceUserEndpoint'.
            Specifying -Select '*' will result in the cmdlet returning the whole service response (Amazon.ChimeSDKIdentity.Model.DescribeAppInstanceUserEndpointResponse).
            Specifying the name of a property of type Amazon.ChimeSDKIdentity.Model.DescribeAppInstanceUserEndpointResponse will result in that property being returned.
            Specifying -Select '^ParameterName' will result in the cmdlet returning the selected cmdlet parameter value.
            </summary>
        </member>
        <member name="P:Amazon.PowerShell.Cmdlets.CHMID.GetCHMIDAppInstanceUserEndpointCmdlet.PassThru">
            <summary>
            Changes the cmdlet behavior to return the value passed to the EndpointId parameter.
            The -PassThru parameter is deprecated, use -Select '^EndpointId' instead. This parameter will be removed in a future version.
            </summary>
        </member>
        <member name="T:Amazon.PowerShell.Cmdlets.CHMID.GetCHMIDAppInstanceUserEndpointListCmdlet">
            <summary>
            Lists all the <c>AppInstanceUserEndpoints</c> created under a single <c>AppInstanceUser</c>.
            </summary>
        </member>
        <member name="P:Amazon.PowerShell.Cmdlets.CHMID.GetCHMIDAppInstanceUserEndpointListCmdlet.AppInstanceUserArn">
            <summary>
            <para>
            <para>The ARN of the <c>AppInstanceUser</c>.</para>
            </para>
            </summary>
        </member>
        <member name="P:Amazon.PowerShell.Cmdlets.CHMID.GetCHMIDAppInstanceUserEndpointListCmdlet.MaxResult">
            <summary>
            <para>
            <para>The maximum number of endpoints that you want to return.</para>
            </para>
            </summary>
        </member>
        <member name="P:Amazon.PowerShell.Cmdlets.CHMID.GetCHMIDAppInstanceUserEndpointListCmdlet.NextToken">
            <summary>
            <para>
            <para>The token passed by previous API calls until all requested endpoints are returned.</para>
            </para>
            </summary>
        </member>
        <member name="P:Amazon.PowerShell.Cmdlets.CHMID.GetCHMIDAppInstanceUserEndpointListCmdlet.Select">
            <summary>
            Use the -Select parameter to control the cmdlet output. The default value is 'AppInstanceUserEndpoints'.
            Specifying -Select '*' will result in the cmdlet returning the whole service response (Amazon.ChimeSDKIdentity.Model.ListAppInstanceUserEndpointsResponse).
            Specifying the name of a property of type Amazon.ChimeSDKIdentity.Model.ListAppInstanceUserEndpointsResponse will result in that property being returned.
            Specifying -Select '^ParameterName' will result in the cmdlet returning the selected cmdlet parameter value.
            </summary>
        </member>
        <member name="P:Amazon.PowerShell.Cmdlets.CHMID.GetCHMIDAppInstanceUserEndpointListCmdlet.PassThru">
            <summary>
            Changes the cmdlet behavior to return the value passed to the AppInstanceUserArn parameter.
            The -PassThru parameter is deprecated, use -Select '^AppInstanceUserArn' instead. This parameter will be removed in a future version.
            </summary>
        </member>
        <member name="T:Amazon.PowerShell.Cmdlets.CHMID.GetCHMIDAppInstanceUserListCmdlet">
            <summary>
            List all <c>AppInstanceUsers</c> created under a single <c>AppInstance</c>.
            </summary>
        </member>
        <member name="P:Amazon.PowerShell.Cmdlets.CHMID.GetCHMIDAppInstanceUserListCmdlet.AppInstanceArn">
            <summary>
            <para>
            <para>The ARN of the <c>AppInstance</c>.</para>
            </para>
            </summary>
        </member>
        <member name="P:Amazon.PowerShell.Cmdlets.CHMID.GetCHMIDAppInstanceUserListCmdlet.MaxResult">
            <summary>
            <para>
            <para>The maximum number of requests that you want returned.</para>
            </para>
            </summary>
        </member>
        <member name="P:Amazon.PowerShell.Cmdlets.CHMID.GetCHMIDAppInstanceUserListCmdlet.NextToken">
            <summary>
            <para>
            <para>The token passed by previous API calls until all requested users are returned.</para>
            </para>
            </summary>
        </member>
        <member name="P:Amazon.PowerShell.Cmdlets.CHMID.GetCHMIDAppInstanceUserListCmdlet.Select">
            <summary>
            Use the -Select parameter to control the cmdlet output. The default value is '*'.
            Specifying -Select '*' will result in the cmdlet returning the whole service response (Amazon.ChimeSDKIdentity.Model.ListAppInstanceUsersResponse).
            Specifying the name of a property of type Amazon.ChimeSDKIdentity.Model.ListAppInstanceUsersResponse will result in that property being returned.
            Specifying -Select '^ParameterName' will result in the cmdlet returning the selected cmdlet parameter value.
            </summary>
        </member>
        <member name="P:Amazon.PowerShell.Cmdlets.CHMID.GetCHMIDAppInstanceUserListCmdlet.PassThru">
            <summary>
            Changes the cmdlet behavior to return the value passed to the AppInstanceArn parameter.
            The -PassThru parameter is deprecated, use -Select '^AppInstanceArn' instead. This parameter will be removed in a future version.
            </summary>
        </member>
        <member name="T:Amazon.PowerShell.Cmdlets.CHMID.GetCHMIDResourceTagCmdlet">
            <summary>
            Lists the tags applied to an Amazon Chime SDK identity resource.
            </summary>
        </member>
        <member name="P:Amazon.PowerShell.Cmdlets.CHMID.GetCHMIDResourceTagCmdlet.ResourceARN">
            <summary>
            <para>
            <para>The ARN of the resource.</para>
            </para>
            </summary>
        </member>
        <member name="P:Amazon.PowerShell.Cmdlets.CHMID.GetCHMIDResourceTagCmdlet.Select">
            <summary>
            Use the -Select parameter to control the cmdlet output. The default value is 'Tags'.
            Specifying -Select '*' will result in the cmdlet returning the whole service response (Amazon.ChimeSDKIdentity.Model.ListTagsForResourceResponse).
            Specifying the name of a property of type Amazon.ChimeSDKIdentity.Model.ListTagsForResourceResponse will result in that property being returned.
            Specifying -Select '^ParameterName' will result in the cmdlet returning the selected cmdlet parameter value.
            </summary>
        </member>
        <member name="P:Amazon.PowerShell.Cmdlets.CHMID.GetCHMIDResourceTagCmdlet.PassThru">
            <summary>
            Changes the cmdlet behavior to return the value passed to the ResourceARN parameter.
            The -PassThru parameter is deprecated, use -Select '^ResourceARN' instead. This parameter will be removed in a future version.
            </summary>
        </member>
        <member name="T:Amazon.PowerShell.Cmdlets.CHMID.NewCHMIDAppInstanceCmdlet">
            <summary>
            Creates an Amazon Chime SDK messaging <c>AppInstance</c> under an AWS account. Only
            SDK messaging customers use this API. <c>CreateAppInstance</c> supports idempotency
            behavior as described in the AWS API Standard.
            
             
            <para>
            identity
            </para>
            </summary>
        </member>
        <member name="P:Amazon.PowerShell.Cmdlets.CHMID.NewCHMIDAppInstanceCmdlet.ClientRequestToken">
            <summary>
            <para>
            <para>The unique ID of the request. Use different tokens to create different <c>AppInstances</c>.</para>
            </para>
            </summary>
        </member>
        <member name="P:Amazon.PowerShell.Cmdlets.CHMID.NewCHMIDAppInstanceCmdlet.Metadata">
            <summary>
            <para>
            <para>The metadata of the <c>AppInstance</c>. Limited to a 1KB string in UTF-8.</para>
            </para>
            </summary>
        </member>
        <member name="P:Amazon.PowerShell.Cmdlets.CHMID.NewCHMIDAppInstanceCmdlet.Name">
            <summary>
            <para>
            <para>The name of the <c>AppInstance</c>.</para>
            </para>
            </summary>
        </member>
        <member name="P:Amazon.PowerShell.Cmdlets.CHMID.NewCHMIDAppInstanceCmdlet.Tag">
            <summary>
            <para>
            <para>Tags assigned to the <c>AppInstance</c>.</para>
            </para>
            </summary>
        </member>
        <member name="P:Amazon.PowerShell.Cmdlets.CHMID.NewCHMIDAppInstanceCmdlet.Select">
            <summary>
            Use the -Select parameter to control the cmdlet output. The default value is 'AppInstanceArn'.
            Specifying -Select '*' will result in the cmdlet returning the whole service response (Amazon.ChimeSDKIdentity.Model.CreateAppInstanceResponse).
            Specifying the name of a property of type Amazon.ChimeSDKIdentity.Model.CreateAppInstanceResponse will result in that property being returned.
            Specifying -Select '^ParameterName' will result in the cmdlet returning the selected cmdlet parameter value.
            </summary>
        </member>
        <member name="P:Amazon.PowerShell.Cmdlets.CHMID.NewCHMIDAppInstanceCmdlet.PassThru">
            <summary>
            Changes the cmdlet behavior to return the value passed to the Name parameter.
            The -PassThru parameter is deprecated, use -Select '^Name' instead. This parameter will be removed in a future version.
            </summary>
        </member>
        <member name="P:Amazon.PowerShell.Cmdlets.CHMID.NewCHMIDAppInstanceCmdlet.Force">
            <summary>
            This parameter overrides confirmation prompts to force 
            the cmdlet to continue its operation. This parameter should always
            be used with caution.
            </summary>
        </member>
        <member name="T:Amazon.PowerShell.Cmdlets.CHMID.NewCHMIDAppInstanceAdminCmdlet">
            <summary>
            Promotes an <c>AppInstanceUser</c> or <c>AppInstanceBot</c> to an <c>AppInstanceAdmin</c>.
            The promoted entity can perform the following actions. 
            
             <ul><li><para><c>ChannelModerator</c> actions across all channels in the <c>AppInstance</c>.
            </para></li><li><para><c>DeleteChannelMessage</c> actions.
            </para></li></ul><para>
            Only an <c>AppInstanceUser</c> and <c>AppInstanceBot</c> can be promoted to an <c>AppInstanceAdmin</c>
            role.
            </para>
            </summary>
        </member>
        <member name="P:Amazon.PowerShell.Cmdlets.CHMID.NewCHMIDAppInstanceAdminCmdlet.AppInstanceAdminArn">
            <summary>
            <para>
            <para>The ARN of the administrator of the current <c>AppInstance</c>.</para>
            </para>
            </summary>
        </member>
        <member name="P:Amazon.PowerShell.Cmdlets.CHMID.NewCHMIDAppInstanceAdminCmdlet.AppInstanceArn">
            <summary>
            <para>
            <para>The ARN of the <c>AppInstance</c>.</para>
            </para>
            </summary>
        </member>
        <member name="P:Amazon.PowerShell.Cmdlets.CHMID.NewCHMIDAppInstanceAdminCmdlet.Select">
            <summary>
            Use the -Select parameter to control the cmdlet output. The default value is '*'.
            Specifying -Select '*' will result in the cmdlet returning the whole service response (Amazon.ChimeSDKIdentity.Model.CreateAppInstanceAdminResponse).
            Specifying the name of a property of type Amazon.ChimeSDKIdentity.Model.CreateAppInstanceAdminResponse will result in that property being returned.
            Specifying -Select '^ParameterName' will result in the cmdlet returning the selected cmdlet parameter value.
            </summary>
        </member>
        <member name="P:Amazon.PowerShell.Cmdlets.CHMID.NewCHMIDAppInstanceAdminCmdlet.PassThru">
            <summary>
            Changes the cmdlet behavior to return the value passed to the AppInstanceArn parameter.
            The -PassThru parameter is deprecated, use -Select '^AppInstanceArn' instead. This parameter will be removed in a future version.
            </summary>
        </member>
        <member name="P:Amazon.PowerShell.Cmdlets.CHMID.NewCHMIDAppInstanceAdminCmdlet.Force">
            <summary>
            This parameter overrides confirmation prompts to force 
            the cmdlet to continue its operation. This parameter should always
            be used with caution.
            </summary>
        </member>
        <member name="T:Amazon.PowerShell.Cmdlets.CHMID.NewCHMIDAppInstanceBotCmdlet">
            <summary>
            Creates a bot under an Amazon Chime <c>AppInstance</c>. The request consists of a
            unique <c>Configuration</c> and <c>Name</c> for that bot.
            </summary>
        </member>
        <member name="P:Amazon.PowerShell.Cmdlets.CHMID.NewCHMIDAppInstanceBotCmdlet.AppInstanceArn">
            <summary>
            <para>
            <para>The ARN of the <c>AppInstance</c> request.</para>
            </para>
            </summary>
        </member>
        <member name="P:Amazon.PowerShell.Cmdlets.CHMID.NewCHMIDAppInstanceBotCmdlet.ClientRequestToken">
            <summary>
            <para>
            <para>The unique ID for the client making the request. Use different tokens for different
            <c>AppInstanceBots</c>.</para>
            </para>
            </summary>
        </member>
        <member name="P:Amazon.PowerShell.Cmdlets.CHMID.NewCHMIDAppInstanceBotCmdlet.Lex_LexBotAliasArn">
            <summary>
            <para>
            <para>The ARN of the Amazon Lex V2 bot's alias. The ARN uses this format: <c>arn:aws:lex:REGION:ACCOUNT:bot-alias/MYBOTID/MYBOTALIAS</c></para>
            </para>
            </summary>
        </member>
        <member name="P:Amazon.PowerShell.Cmdlets.CHMID.NewCHMIDAppInstanceBotCmdlet.Lex_LocaleId">
            <summary>
            <para>
            <para>Identifies the Amazon Lex V2 bot's language and locale. The string must match one
            of the supported locales in Amazon Lex V2. All of the intents, slot types, and slots
            used in the bot must have the same locale. For more information, see <a href="https://docs.aws.amazon.com/lexv2/latest/dg/how-languages.html">Supported
            languages</a> in the <i>Amazon Lex V2 Developer Guide</i>.</para>
            </para>
            </summary>
        </member>
        <member name="P:Amazon.PowerShell.Cmdlets.CHMID.NewCHMIDAppInstanceBotCmdlet.Metadata">
            <summary>
            <para>
            <para>The request metadata. Limited to a 1KB string in UTF-8.</para>
            </para>
            </summary>
        </member>
        <member name="P:Amazon.PowerShell.Cmdlets.CHMID.NewCHMIDAppInstanceBotCmdlet.Name">
            <summary>
            <para>
            <para>The user's name.</para>
            </para>
            </summary>
        </member>
        <member name="P:Amazon.PowerShell.Cmdlets.CHMID.NewCHMIDAppInstanceBotCmdlet.Lex_RespondsTo">
            <summary>
            <para>
            <important><para><b>Deprecated</b>. Use <c>InvokedBy</c> instead.</para></important><para>Determines whether the Amazon Lex V2 bot responds to all standard messages. Control
            messages are not supported.</para>
            </para>
            </summary>
        </member>
        <member name="P:Amazon.PowerShell.Cmdlets.CHMID.NewCHMIDAppInstanceBotCmdlet.InvokedBy_StandardMessage">
            <summary>
            <para>
            <para>Sets standard messages as the bot trigger. For standard messages:</para><ul><li><para><c>ALL</c>: The bot processes all standard messages.</para></li><li><para><c>AUTO</c>: The bot responds to ALL messages when the channel has one other non-hidden
            member, and responds to MENTIONS when the channel has more than one other non-hidden
            member.</para></li><li><para><c>MENTIONS</c>: The bot processes all standard messages that have a message attribute
            with <c>CHIME.mentions</c> and a value of the bot ARN.</para></li><li><para><c>NONE</c>: The bot processes no standard messages.</para></li></ul>
            </para>
            </summary>
        </member>
        <member name="P:Amazon.PowerShell.Cmdlets.CHMID.NewCHMIDAppInstanceBotCmdlet.Tag">
            <summary>
            <para>
            <para>The tags assigned to the <c>AppInstanceBot</c>.</para>
            </para>
            </summary>
        </member>
        <member name="P:Amazon.PowerShell.Cmdlets.CHMID.NewCHMIDAppInstanceBotCmdlet.InvokedBy_TargetedMessage">
            <summary>
            <para>
            <para>Sets targeted messages as the bot trigger. For targeted messages:</para><ul><li><para><c>ALL</c>: The bot processes all <c>TargetedMessages</c> sent to it. The bot then
            responds with a targeted message back to the sender. </para></li><li><para><c>NONE</c>: The bot processes no targeted messages.</para></li></ul>
            </para>
            </summary>
        </member>
        <member name="P:Amazon.PowerShell.Cmdlets.CHMID.NewCHMIDAppInstanceBotCmdlet.Lex_WelcomeIntent">
            <summary>
            <para>
            <para>The name of the welcome intent configured in the Amazon Lex V2 bot.</para>
            </para>
            </summary>
        </member>
        <member name="P:Amazon.PowerShell.Cmdlets.CHMID.NewCHMIDAppInstanceBotCmdlet.Select">
            <summary>
            Use the -Select parameter to control the cmdlet output. The default value is 'AppInstanceBotArn'.
            Specifying -Select '*' will result in the cmdlet returning the whole service response (Amazon.ChimeSDKIdentity.Model.CreateAppInstanceBotResponse).
            Specifying the name of a property of type Amazon.ChimeSDKIdentity.Model.CreateAppInstanceBotResponse will result in that property being returned.
            Specifying -Select '^ParameterName' will result in the cmdlet returning the selected cmdlet parameter value.
            </summary>
        </member>
        <member name="P:Amazon.PowerShell.Cmdlets.CHMID.NewCHMIDAppInstanceBotCmdlet.PassThru">
            <summary>
            Changes the cmdlet behavior to return the value passed to the AppInstanceArn parameter.
            The -PassThru parameter is deprecated, use -Select '^AppInstanceArn' instead. This parameter will be removed in a future version.
            </summary>
        </member>
        <member name="P:Amazon.PowerShell.Cmdlets.CHMID.NewCHMIDAppInstanceBotCmdlet.Force">
            <summary>
            This parameter overrides confirmation prompts to force 
            the cmdlet to continue its operation. This parameter should always
            be used with caution.
            </summary>
        </member>
        <member name="T:Amazon.PowerShell.Cmdlets.CHMID.NewCHMIDAppInstanceUserCmdlet">
            <summary>
            Creates a user under an Amazon Chime <c>AppInstance</c>. The request consists of a
            unique <c>appInstanceUserId</c> and <c>Name</c> for that user.
            </summary>
        </member>
        <member name="P:Amazon.PowerShell.Cmdlets.CHMID.NewCHMIDAppInstanceUserCmdlet.AppInstanceArn">
            <summary>
            <para>
            <para>The ARN of the <c>AppInstance</c> request.</para>
            </para>
            </summary>
        </member>
        <member name="P:Amazon.PowerShell.Cmdlets.CHMID.NewCHMIDAppInstanceUserCmdlet.AppInstanceUserId">
            <summary>
            <para>
            <para>The user ID of the <c>AppInstance</c>.</para>
            </para>
            </summary>
        </member>
        <member name="P:Amazon.PowerShell.Cmdlets.CHMID.NewCHMIDAppInstanceUserCmdlet.ClientRequestToken">
            <summary>
            <para>
            <para>The unique ID of the request. Use different tokens to request additional <c>AppInstances</c>.</para>
            </para>
            </summary>
        </member>
        <member name="P:Amazon.PowerShell.Cmdlets.CHMID.NewCHMIDAppInstanceUserCmdlet.ExpirationSettings_ExpirationCriterion">
            <summary>
            <para>
            <para>Specifies the conditions under which an <c>AppInstanceUser</c> will expire.</para>
            </para>
            </summary>
        </member>
        <member name="P:Amazon.PowerShell.Cmdlets.CHMID.NewCHMIDAppInstanceUserCmdlet.ExpirationSettings_ExpirationDay">
            <summary>
            <para>
            <para>The period in days after which an <c>AppInstanceUser</c> will be automatically deleted.</para>
            </para>
            </summary>
        </member>
        <member name="P:Amazon.PowerShell.Cmdlets.CHMID.NewCHMIDAppInstanceUserCmdlet.Metadata">
            <summary>
            <para>
            <para>The request's metadata. Limited to a 1KB string in UTF-8.</para>
            </para>
            </summary>
        </member>
        <member name="P:Amazon.PowerShell.Cmdlets.CHMID.NewCHMIDAppInstanceUserCmdlet.Name">
            <summary>
            <para>
            <para>The user's name.</para>
            </para>
            </summary>
        </member>
        <member name="P:Amazon.PowerShell.Cmdlets.CHMID.NewCHMIDAppInstanceUserCmdlet.Tag">
            <summary>
            <para>
            <para>Tags assigned to the <c>AppInstanceUser</c>.</para>
            </para>
            </summary>
        </member>
        <member name="P:Amazon.PowerShell.Cmdlets.CHMID.NewCHMIDAppInstanceUserCmdlet.Select">
            <summary>
            Use the -Select parameter to control the cmdlet output. The default value is 'AppInstanceUserArn'.
            Specifying -Select '*' will result in the cmdlet returning the whole service response (Amazon.ChimeSDKIdentity.Model.CreateAppInstanceUserResponse).
            Specifying the name of a property of type Amazon.ChimeSDKIdentity.Model.CreateAppInstanceUserResponse will result in that property being returned.
            Specifying -Select '^ParameterName' will result in the cmdlet returning the selected cmdlet parameter value.
            </summary>
        </member>
        <member name="P:Amazon.PowerShell.Cmdlets.CHMID.NewCHMIDAppInstanceUserCmdlet.PassThru">
            <summary>
            Changes the cmdlet behavior to return the value passed to the AppInstanceArn parameter.
            The -PassThru parameter is deprecated, use -Select '^AppInstanceArn' instead. This parameter will be removed in a future version.
            </summary>
        </member>
        <member name="P:Amazon.PowerShell.Cmdlets.CHMID.NewCHMIDAppInstanceUserCmdlet.Force">
            <summary>
            This parameter overrides confirmation prompts to force 
            the cmdlet to continue its operation. This parameter should always
            be used with caution.
            </summary>
        </member>
        <member name="T:Amazon.PowerShell.Cmdlets.CHMID.RegisterCHMIDAppInstanceUserEndpointCmdlet">
            <summary>
            Registers an endpoint under an Amazon Chime <c>AppInstanceUser</c>. The endpoint receives
            messages for a user. For push notifications, the endpoint is a mobile device used
            to receive mobile push notifications for a user.
            </summary>
        </member>
        <member name="P:Amazon.PowerShell.Cmdlets.CHMID.RegisterCHMIDAppInstanceUserEndpointCmdlet.AllowMessage">
            <summary>
            <para>
            <para>Boolean that controls whether the AppInstanceUserEndpoint is opted in to receive messages.
            <c>ALL</c> indicates the endpoint receives all messages. <c>NONE</c> indicates the
            endpoint receives no messages.</para>
            </para>
            </summary>
        </member>
        <member name="P:Amazon.PowerShell.Cmdlets.CHMID.RegisterCHMIDAppInstanceUserEndpointCmdlet.AppInstanceUserArn">
            <summary>
            <para>
            <para>The ARN of the <c>AppInstanceUser</c>.</para>
            </para>
            </summary>
        </member>
        <member name="P:Amazon.PowerShell.Cmdlets.CHMID.RegisterCHMIDAppInstanceUserEndpointCmdlet.ClientRequestToken">
            <summary>
            <para>
            <para>The unique ID assigned to the request. Use different tokens to register other endpoints.</para>
            </para>
            </summary>
        </member>
        <member name="P:Amazon.PowerShell.Cmdlets.CHMID.RegisterCHMIDAppInstanceUserEndpointCmdlet.EndpointAttributes_DeviceToken">
            <summary>
            <para>
            <para>The device token for the GCM, APNS, and APNS_SANDBOX endpoint types.</para>
            </para>
            </summary>
        </member>
        <member name="P:Amazon.PowerShell.Cmdlets.CHMID.RegisterCHMIDAppInstanceUserEndpointCmdlet.Name">
            <summary>
            <para>
            <para>The name of the <c>AppInstanceUserEndpoint</c>.</para>
            </para>
            </summary>
        </member>
        <member name="P:Amazon.PowerShell.Cmdlets.CHMID.RegisterCHMIDAppInstanceUserEndpointCmdlet.ResourceArn">
            <summary>
            <para>
            <para>The ARN of the resource to which the endpoint belongs.</para>
            </para>
            </summary>
        </member>
        <member name="P:Amazon.PowerShell.Cmdlets.CHMID.RegisterCHMIDAppInstanceUserEndpointCmdlet.Type">
            <summary>
            <para>
            <para>The type of the <c>AppInstanceUserEndpoint</c>. Supported types:</para><ul><li><para><c>APNS</c>: The mobile notification service for an Apple device.</para></li><li><para><c>APNS_SANDBOX</c>: The sandbox environment of the mobile notification service for
            an Apple device.</para></li><li><para><c>GCM</c>: The mobile notification service for an Android device.</para></li></ul><para>Populate the <c>ResourceArn</c> value of each type as <c>PinpointAppArn</c>.</para>
            </para>
            </summary>
        </member>
        <member name="P:Amazon.PowerShell.Cmdlets.CHMID.RegisterCHMIDAppInstanceUserEndpointCmdlet.EndpointAttributes_VoipDeviceToken">
            <summary>
            <para>
            <para>The VOIP device token for the APNS and APNS_SANDBOX endpoint types.</para>
            </para>
            </summary>
        </member>
        <member name="P:Amazon.PowerShell.Cmdlets.CHMID.RegisterCHMIDAppInstanceUserEndpointCmdlet.Select">
            <summary>
            Use the -Select parameter to control the cmdlet output. The default value is '*'.
            Specifying -Select '*' will result in the cmdlet returning the whole service response (Amazon.ChimeSDKIdentity.Model.RegisterAppInstanceUserEndpointResponse).
            Specifying the name of a property of type Amazon.ChimeSDKIdentity.Model.RegisterAppInstanceUserEndpointResponse will result in that property being returned.
            Specifying -Select '^ParameterName' will result in the cmdlet returning the selected cmdlet parameter value.
            </summary>
        </member>
        <member name="P:Amazon.PowerShell.Cmdlets.CHMID.RegisterCHMIDAppInstanceUserEndpointCmdlet.Force">
            <summary>
            This parameter overrides confirmation prompts to force 
            the cmdlet to continue its operation. This parameter should always
            be used with caution.
            </summary>
        </member>
        <member name="T:Amazon.PowerShell.Cmdlets.CHMID.RemoveCHMIDAppInstanceCmdlet">
            <summary>
            Deletes an <c>AppInstance</c> and all associated data asynchronously.
            </summary>
        </member>
        <member name="P:Amazon.PowerShell.Cmdlets.CHMID.RemoveCHMIDAppInstanceCmdlet.AppInstanceArn">
            <summary>
            <para>
            <para>The ARN of the <c>AppInstance</c>.</para>
            </para>
            </summary>
        </member>
        <member name="P:Amazon.PowerShell.Cmdlets.CHMID.RemoveCHMIDAppInstanceCmdlet.Select">
            <summary>
            Use the -Select parameter to control the cmdlet output. The cmdlet doesn't have a return value by default.
            Specifying -Select '*' will result in the cmdlet returning the whole service response (Amazon.ChimeSDKIdentity.Model.DeleteAppInstanceResponse).
            Specifying -Select '^ParameterName' will result in the cmdlet returning the selected cmdlet parameter value.
            </summary>
        </member>
        <member name="P:Amazon.PowerShell.Cmdlets.CHMID.RemoveCHMIDAppInstanceCmdlet.PassThru">
            <summary>
            Changes the cmdlet behavior to return the value passed to the AppInstanceArn parameter.
            The -PassThru parameter is deprecated, use -Select '^AppInstanceArn' instead. This parameter will be removed in a future version.
            </summary>
        </member>
        <member name="P:Amazon.PowerShell.Cmdlets.CHMID.RemoveCHMIDAppInstanceCmdlet.Force">
            <summary>
            This parameter overrides confirmation prompts to force 
            the cmdlet to continue its operation. This parameter should always
            be used with caution.
            </summary>
        </member>
        <member name="T:Amazon.PowerShell.Cmdlets.CHMID.RemoveCHMIDAppInstanceAdminCmdlet">
            <summary>
            Demotes an <c>AppInstanceAdmin</c> to an <c>AppInstanceUser</c> or <c>AppInstanceBot</c>.
            This action does not delete the user.
            </summary>
        </member>
        <member name="P:Amazon.PowerShell.Cmdlets.CHMID.RemoveCHMIDAppInstanceAdminCmdlet.AppInstanceAdminArn">
            <summary>
            <para>
            <para>The ARN of the <c>AppInstance</c>'s administrator.</para>
            </para>
            </summary>
        </member>
        <member name="P:Amazon.PowerShell.Cmdlets.CHMID.RemoveCHMIDAppInstanceAdminCmdlet.AppInstanceArn">
            <summary>
            <para>
            <para>The ARN of the <c>AppInstance</c>.</para>
            </para>
            </summary>
        </member>
        <member name="P:Amazon.PowerShell.Cmdlets.CHMID.RemoveCHMIDAppInstanceAdminCmdlet.Select">
            <summary>
            Use the -Select parameter to control the cmdlet output. The cmdlet doesn't have a return value by default.
            Specifying -Select '*' will result in the cmdlet returning the whole service response (Amazon.ChimeSDKIdentity.Model.DeleteAppInstanceAdminResponse).
            Specifying -Select '^ParameterName' will result in the cmdlet returning the selected cmdlet parameter value.
            </summary>
        </member>
        <member name="P:Amazon.PowerShell.Cmdlets.CHMID.RemoveCHMIDAppInstanceAdminCmdlet.PassThru">
            <summary>
            Changes the cmdlet behavior to return the value passed to the AppInstanceArn parameter.
            The -PassThru parameter is deprecated, use -Select '^AppInstanceArn' instead. This parameter will be removed in a future version.
            </summary>
        </member>
        <member name="P:Amazon.PowerShell.Cmdlets.CHMID.RemoveCHMIDAppInstanceAdminCmdlet.Force">
            <summary>
            This parameter overrides confirmation prompts to force 
            the cmdlet to continue its operation. This parameter should always
            be used with caution.
            </summary>
        </member>
        <member name="T:Amazon.PowerShell.Cmdlets.CHMID.RemoveCHMIDAppInstanceBotCmdlet">
            <summary>
            Deletes an <c>AppInstanceBot</c>.
            </summary>
        </member>
        <member name="P:Amazon.PowerShell.Cmdlets.CHMID.RemoveCHMIDAppInstanceBotCmdlet.AppInstanceBotArn">
            <summary>
            <para>
            <para>The ARN of the <c>AppInstanceBot</c> being deleted.</para>
            </para>
            </summary>
        </member>
        <member name="P:Amazon.PowerShell.Cmdlets.CHMID.RemoveCHMIDAppInstanceBotCmdlet.Select">
            <summary>
            Use the -Select parameter to control the cmdlet output. The cmdlet doesn't have a return value by default.
            Specifying -Select '*' will result in the cmdlet returning the whole service response (Amazon.ChimeSDKIdentity.Model.DeleteAppInstanceBotResponse).
            Specifying -Select '^ParameterName' will result in the cmdlet returning the selected cmdlet parameter value.
            </summary>
        </member>
        <member name="P:Amazon.PowerShell.Cmdlets.CHMID.RemoveCHMIDAppInstanceBotCmdlet.PassThru">
            <summary>
            Changes the cmdlet behavior to return the value passed to the AppInstanceBotArn parameter.
            The -PassThru parameter is deprecated, use -Select '^AppInstanceBotArn' instead. This parameter will be removed in a future version.
            </summary>
        </member>
        <member name="P:Amazon.PowerShell.Cmdlets.CHMID.RemoveCHMIDAppInstanceBotCmdlet.Force">
            <summary>
            This parameter overrides confirmation prompts to force 
            the cmdlet to continue its operation. This parameter should always
            be used with caution.
            </summary>
        </member>
        <member name="T:Amazon.PowerShell.Cmdlets.CHMID.RemoveCHMIDAppInstanceUserCmdlet">
            <summary>
            Deletes an <c>AppInstanceUser</c>.
            </summary>
        </member>
        <member name="P:Amazon.PowerShell.Cmdlets.CHMID.RemoveCHMIDAppInstanceUserCmdlet.AppInstanceUserArn">
            <summary>
            <para>
            <para>The ARN of the user request being deleted.</para>
            </para>
            </summary>
        </member>
        <member name="P:Amazon.PowerShell.Cmdlets.CHMID.RemoveCHMIDAppInstanceUserCmdlet.Select">
            <summary>
            Use the -Select parameter to control the cmdlet output. The cmdlet doesn't have a return value by default.
            Specifying -Select '*' will result in the cmdlet returning the whole service response (Amazon.ChimeSDKIdentity.Model.DeleteAppInstanceUserResponse).
            Specifying -Select '^ParameterName' will result in the cmdlet returning the selected cmdlet parameter value.
            </summary>
        </member>
        <member name="P:Amazon.PowerShell.Cmdlets.CHMID.RemoveCHMIDAppInstanceUserCmdlet.PassThru">
            <summary>
            Changes the cmdlet behavior to return the value passed to the AppInstanceUserArn parameter.
            The -PassThru parameter is deprecated, use -Select '^AppInstanceUserArn' instead. This parameter will be removed in a future version.
            </summary>
        </member>
        <member name="P:Amazon.PowerShell.Cmdlets.CHMID.RemoveCHMIDAppInstanceUserCmdlet.Force">
            <summary>
            This parameter overrides confirmation prompts to force 
            the cmdlet to continue its operation. This parameter should always
            be used with caution.
            </summary>
        </member>
        <member name="T:Amazon.PowerShell.Cmdlets.CHMID.RemoveCHMIDResourceTagCmdlet">
            <summary>
            Removes the specified tags from the specified Amazon Chime SDK identity resource.
            </summary>
        </member>
        <member name="P:Amazon.PowerShell.Cmdlets.CHMID.RemoveCHMIDResourceTagCmdlet.ResourceARN">
            <summary>
            <para>
            <para>The resource ARN.</para>
            </para>
            </summary>
        </member>
        <member name="P:Amazon.PowerShell.Cmdlets.CHMID.RemoveCHMIDResourceTagCmdlet.TagKey">
            <summary>
            <para>
            <para>The tag keys.</para>
            </para>
            </summary>
        </member>
        <member name="P:Amazon.PowerShell.Cmdlets.CHMID.RemoveCHMIDResourceTagCmdlet.Select">
            <summary>
            Use the -Select parameter to control the cmdlet output. The cmdlet doesn't have a return value by default.
            Specifying -Select '*' will result in the cmdlet returning the whole service response (Amazon.ChimeSDKIdentity.Model.UntagResourceResponse).
            Specifying -Select '^ParameterName' will result in the cmdlet returning the selected cmdlet parameter value.
            </summary>
        </member>
        <member name="P:Amazon.PowerShell.Cmdlets.CHMID.RemoveCHMIDResourceTagCmdlet.PassThru">
            <summary>
            Changes the cmdlet behavior to return the value passed to the ResourceARN parameter.
            The -PassThru parameter is deprecated, use -Select '^ResourceARN' instead. This parameter will be removed in a future version.
            </summary>
        </member>
        <member name="P:Amazon.PowerShell.Cmdlets.CHMID.RemoveCHMIDResourceTagCmdlet.Force">
            <summary>
            This parameter overrides confirmation prompts to force 
            the cmdlet to continue its operation. This parameter should always
            be used with caution.
            </summary>
        </member>
        <member name="T:Amazon.PowerShell.Cmdlets.CHMID.UnregisterCHMIDAppInstanceUserEndpointCmdlet">
            <summary>
            Deregisters an <c>AppInstanceUserEndpoint</c>.
            </summary>
        </member>
        <member name="P:Amazon.PowerShell.Cmdlets.CHMID.UnregisterCHMIDAppInstanceUserEndpointCmdlet.AppInstanceUserArn">
            <summary>
            <para>
            <para>The ARN of the <c>AppInstanceUser</c>.</para>
            </para>
            </summary>
        </member>
        <member name="P:Amazon.PowerShell.Cmdlets.CHMID.UnregisterCHMIDAppInstanceUserEndpointCmdlet.EndpointId">
            <summary>
            <para>
            <para>The unique identifier of the <c>AppInstanceUserEndpoint</c>.</para>
            </para>
            </summary>
        </member>
        <member name="P:Amazon.PowerShell.Cmdlets.CHMID.UnregisterCHMIDAppInstanceUserEndpointCmdlet.Select">
            <summary>
            Use the -Select parameter to control the cmdlet output. The cmdlet doesn't have a return value by default.
            Specifying -Select '*' will result in the cmdlet returning the whole service response (Amazon.ChimeSDKIdentity.Model.DeregisterAppInstanceUserEndpointResponse).
            Specifying -Select '^ParameterName' will result in the cmdlet returning the selected cmdlet parameter value.
            </summary>
        </member>
        <member name="P:Amazon.PowerShell.Cmdlets.CHMID.UnregisterCHMIDAppInstanceUserEndpointCmdlet.PassThru">
            <summary>
            Changes the cmdlet behavior to return the value passed to the EndpointId parameter.
            The -PassThru parameter is deprecated, use -Select '^EndpointId' instead. This parameter will be removed in a future version.
            </summary>
        </member>
        <member name="P:Amazon.PowerShell.Cmdlets.CHMID.UnregisterCHMIDAppInstanceUserEndpointCmdlet.Force">
            <summary>
            This parameter overrides confirmation prompts to force 
            the cmdlet to continue its operation. This parameter should always
            be used with caution.
            </summary>
        </member>
        <member name="T:Amazon.PowerShell.Cmdlets.CHMID.UpdateCHMIDAppInstanceCmdlet">
            <summary>
            Updates <c>AppInstance</c> metadata.
            </summary>
        </member>
        <member name="P:Amazon.PowerShell.Cmdlets.CHMID.UpdateCHMIDAppInstanceCmdlet.AppInstanceArn">
            <summary>
            <para>
            <para>The ARN of the <c>AppInstance</c>.</para>
            </para>
            </summary>
        </member>
        <member name="P:Amazon.PowerShell.Cmdlets.CHMID.UpdateCHMIDAppInstanceCmdlet.Metadata">
            <summary>
            <para>
            <para>The metadata that you want to change.</para>
            </para>
            </summary>
        </member>
        <member name="P:Amazon.PowerShell.Cmdlets.CHMID.UpdateCHMIDAppInstanceCmdlet.Name">
            <summary>
            <para>
            <para>The name that you want to change.</para>
            </para>
            </summary>
        </member>
        <member name="P:Amazon.PowerShell.Cmdlets.CHMID.UpdateCHMIDAppInstanceCmdlet.Select">
            <summary>
            Use the -Select parameter to control the cmdlet output. The default value is 'AppInstanceArn'.
            Specifying -Select '*' will result in the cmdlet returning the whole service response (Amazon.ChimeSDKIdentity.Model.UpdateAppInstanceResponse).
            Specifying the name of a property of type Amazon.ChimeSDKIdentity.Model.UpdateAppInstanceResponse will result in that property being returned.
            Specifying -Select '^ParameterName' will result in the cmdlet returning the selected cmdlet parameter value.
            </summary>
        </member>
        <member name="P:Amazon.PowerShell.Cmdlets.CHMID.UpdateCHMIDAppInstanceCmdlet.PassThru">
            <summary>
            Changes the cmdlet behavior to return the value passed to the AppInstanceArn parameter.
            The -PassThru parameter is deprecated, use -Select '^AppInstanceArn' instead. This parameter will be removed in a future version.
            </summary>
        </member>
        <member name="P:Amazon.PowerShell.Cmdlets.CHMID.UpdateCHMIDAppInstanceCmdlet.Force">
            <summary>
            This parameter overrides confirmation prompts to force 
            the cmdlet to continue its operation. This parameter should always
            be used with caution.
            </summary>
        </member>
        <member name="T:Amazon.PowerShell.Cmdlets.CHMID.UpdateCHMIDAppInstanceBotCmdlet">
            <summary>
            Updates the name and metadata of an <c>AppInstanceBot</c>.
            </summary>
        </member>
        <member name="P:Amazon.PowerShell.Cmdlets.CHMID.UpdateCHMIDAppInstanceBotCmdlet.AppInstanceBotArn">
            <summary>
            <para>
            <para>The ARN of the <c>AppInstanceBot</c>.</para>
            </para>
            </summary>
        </member>
        <member name="P:Amazon.PowerShell.Cmdlets.CHMID.UpdateCHMIDAppInstanceBotCmdlet.Lex_LexBotAliasArn">
            <summary>
            <para>
            <para>The ARN of the Amazon Lex V2 bot's alias. The ARN uses this format: <c>arn:aws:lex:REGION:ACCOUNT:bot-alias/MYBOTID/MYBOTALIAS</c></para>
            </para>
            </summary>
        </member>
        <member name="P:Amazon.PowerShell.Cmdlets.CHMID.UpdateCHMIDAppInstanceBotCmdlet.Lex_LocaleId">
            <summary>
            <para>
            <para>Identifies the Amazon Lex V2 bot's language and locale. The string must match one
            of the supported locales in Amazon Lex V2. All of the intents, slot types, and slots
            used in the bot must have the same locale. For more information, see <a href="https://docs.aws.amazon.com/lexv2/latest/dg/how-languages.html">Supported
            languages</a> in the <i>Amazon Lex V2 Developer Guide</i>.</para>
            </para>
            </summary>
        </member>
        <member name="P:Amazon.PowerShell.Cmdlets.CHMID.UpdateCHMIDAppInstanceBotCmdlet.Metadata">
            <summary>
            <para>
            <para>The metadata of the <c>AppInstanceBot</c>.</para>
            </para>
            </summary>
        </member>
        <member name="P:Amazon.PowerShell.Cmdlets.CHMID.UpdateCHMIDAppInstanceBotCmdlet.Name">
            <summary>
            <para>
            <para>The name of the <c>AppInstanceBot</c>.</para>
            </para>
            </summary>
        </member>
        <member name="P:Amazon.PowerShell.Cmdlets.CHMID.UpdateCHMIDAppInstanceBotCmdlet.Lex_RespondsTo">
            <summary>
            <para>
            <important><para><b>Deprecated</b>. Use <c>InvokedBy</c> instead.</para></important><para>Determines whether the Amazon Lex V2 bot responds to all standard messages. Control
            messages are not supported.</para>
            </para>
            </summary>
        </member>
        <member name="P:Amazon.PowerShell.Cmdlets.CHMID.UpdateCHMIDAppInstanceBotCmdlet.InvokedBy_StandardMessage">
            <summary>
            <para>
            <para>Sets standard messages as the bot trigger. For standard messages:</para><ul><li><para><c>ALL</c>: The bot processes all standard messages.</para></li><li><para><c>AUTO</c>: The bot responds to ALL messages when the channel has one other non-hidden
            member, and responds to MENTIONS when the channel has more than one other non-hidden
            member.</para></li><li><para><c>MENTIONS</c>: The bot processes all standard messages that have a message attribute
            with <c>CHIME.mentions</c> and a value of the bot ARN.</para></li><li><para><c>NONE</c>: The bot processes no standard messages.</para></li></ul>
            </para>
            </summary>
        </member>
        <member name="P:Amazon.PowerShell.Cmdlets.CHMID.UpdateCHMIDAppInstanceBotCmdlet.InvokedBy_TargetedMessage">
            <summary>
            <para>
            <para>Sets targeted messages as the bot trigger. For targeted messages:</para><ul><li><para><c>ALL</c>: The bot processes all <c>TargetedMessages</c> sent to it. The bot then
            responds with a targeted message back to the sender. </para></li><li><para><c>NONE</c>: The bot processes no targeted messages.</para></li></ul>
            </para>
            </summary>
        </member>
        <member name="P:Amazon.PowerShell.Cmdlets.CHMID.UpdateCHMIDAppInstanceBotCmdlet.Lex_WelcomeIntent">
            <summary>
            <para>
            <para>The name of the welcome intent configured in the Amazon Lex V2 bot.</para>
            </para>
            </summary>
        </member>
        <member name="P:Amazon.PowerShell.Cmdlets.CHMID.UpdateCHMIDAppInstanceBotCmdlet.Select">
            <summary>
            Use the -Select parameter to control the cmdlet output. The default value is 'AppInstanceBotArn'.
            Specifying -Select '*' will result in the cmdlet returning the whole service response (Amazon.ChimeSDKIdentity.Model.UpdateAppInstanceBotResponse).
            Specifying the name of a property of type Amazon.ChimeSDKIdentity.Model.UpdateAppInstanceBotResponse will result in that property being returned.
            Specifying -Select '^ParameterName' will result in the cmdlet returning the selected cmdlet parameter value.
            </summary>
        </member>
        <member name="P:Amazon.PowerShell.Cmdlets.CHMID.UpdateCHMIDAppInstanceBotCmdlet.PassThru">
            <summary>
            Changes the cmdlet behavior to return the value passed to the AppInstanceBotArn parameter.
            The -PassThru parameter is deprecated, use -Select '^AppInstanceBotArn' instead. This parameter will be removed in a future version.
            </summary>
        </member>
        <member name="P:Amazon.PowerShell.Cmdlets.CHMID.UpdateCHMIDAppInstanceBotCmdlet.Force">
            <summary>
            This parameter overrides confirmation prompts to force 
            the cmdlet to continue its operation. This parameter should always
            be used with caution.
            </summary>
        </member>
        <member name="T:Amazon.PowerShell.Cmdlets.CHMID.UpdateCHMIDAppInstanceUserCmdlet">
            <summary>
            Updates the details of an <c>AppInstanceUser</c>. You can update names and metadata.
            </summary>
        </member>
        <member name="P:Amazon.PowerShell.Cmdlets.CHMID.UpdateCHMIDAppInstanceUserCmdlet.AppInstanceUserArn">
            <summary>
            <para>
            <para>The ARN of the <c>AppInstanceUser</c>.</para>
            </para>
            </summary>
        </member>
        <member name="P:Amazon.PowerShell.Cmdlets.CHMID.UpdateCHMIDAppInstanceUserCmdlet.Metadata">
            <summary>
            <para>
            <para>The metadata of the <c>AppInstanceUser</c>.</para>
            </para>
            </summary>
        </member>
        <member name="P:Amazon.PowerShell.Cmdlets.CHMID.UpdateCHMIDAppInstanceUserCmdlet.Name">
            <summary>
            <para>
            <para>The name of the <c>AppInstanceUser</c>.</para>
            </para>
            </summary>
        </member>
        <member name="P:Amazon.PowerShell.Cmdlets.CHMID.UpdateCHMIDAppInstanceUserCmdlet.Select">
            <summary>
            Use the -Select parameter to control the cmdlet output. The default value is 'AppInstanceUserArn'.
            Specifying -Select '*' will result in the cmdlet returning the whole service response (Amazon.ChimeSDKIdentity.Model.UpdateAppInstanceUserResponse).
            Specifying the name of a property of type Amazon.ChimeSDKIdentity.Model.UpdateAppInstanceUserResponse will result in that property being returned.
            Specifying -Select '^ParameterName' will result in the cmdlet returning the selected cmdlet parameter value.
            </summary>
        </member>
        <member name="P:Amazon.PowerShell.Cmdlets.CHMID.UpdateCHMIDAppInstanceUserCmdlet.PassThru">
            <summary>
            Changes the cmdlet behavior to return the value passed to the AppInstanceUserArn parameter.
            The -PassThru parameter is deprecated, use -Select '^AppInstanceUserArn' instead. This parameter will be removed in a future version.
            </summary>
        </member>
        <member name="P:Amazon.PowerShell.Cmdlets.CHMID.UpdateCHMIDAppInstanceUserCmdlet.Force">
            <summary>
            This parameter overrides confirmation prompts to force 
            the cmdlet to continue its operation. This parameter should always
            be used with caution.
            </summary>
        </member>
        <member name="T:Amazon.PowerShell.Cmdlets.CHMID.UpdateCHMIDAppInstanceUserEndpointCmdlet">
            <summary>
            Updates the details of an <c>AppInstanceUserEndpoint</c>. You can update the name
            and <c>AllowMessage</c> values.
            </summary>
        </member>
        <member name="P:Amazon.PowerShell.Cmdlets.CHMID.UpdateCHMIDAppInstanceUserEndpointCmdlet.AllowMessage">
            <summary>
            <para>
            <para>Boolean that controls whether the <c>AppInstanceUserEndpoint</c> is opted in to receive
            messages. <c>ALL</c> indicates the endpoint will receive all messages. <c>NONE</c>
            indicates the endpoint will receive no messages.</para>
            </para>
            </summary>
        </member>
        <member name="P:Amazon.PowerShell.Cmdlets.CHMID.UpdateCHMIDAppInstanceUserEndpointCmdlet.AppInstanceUserArn">
            <summary>
            <para>
            <para>The ARN of the <c>AppInstanceUser</c>.</para>
            </para>
            </summary>
        </member>
        <member name="P:Amazon.PowerShell.Cmdlets.CHMID.UpdateCHMIDAppInstanceUserEndpointCmdlet.EndpointId">
            <summary>
            <para>
            <para>The unique identifier of the <c>AppInstanceUserEndpoint</c>.</para>
            </para>
            </summary>
        </member>
        <member name="P:Amazon.PowerShell.Cmdlets.CHMID.UpdateCHMIDAppInstanceUserEndpointCmdlet.Name">
            <summary>
            <para>
            <para>The name of the <c>AppInstanceUserEndpoint</c>.</para>
            </para>
            </summary>
        </member>
        <member name="P:Amazon.PowerShell.Cmdlets.CHMID.UpdateCHMIDAppInstanceUserEndpointCmdlet.Select">
            <summary>
            Use the -Select parameter to control the cmdlet output. The default value is '*'.
            Specifying -Select '*' will result in the cmdlet returning the whole service response (Amazon.ChimeSDKIdentity.Model.UpdateAppInstanceUserEndpointResponse).
            Specifying the name of a property of type Amazon.ChimeSDKIdentity.Model.UpdateAppInstanceUserEndpointResponse will result in that property being returned.
            Specifying -Select '^ParameterName' will result in the cmdlet returning the selected cmdlet parameter value.
            </summary>
        </member>
        <member name="P:Amazon.PowerShell.Cmdlets.CHMID.UpdateCHMIDAppInstanceUserEndpointCmdlet.PassThru">
            <summary>
            Changes the cmdlet behavior to return the value passed to the EndpointId parameter.
            The -PassThru parameter is deprecated, use -Select '^EndpointId' instead. This parameter will be removed in a future version.
            </summary>
        </member>
        <member name="P:Amazon.PowerShell.Cmdlets.CHMID.UpdateCHMIDAppInstanceUserEndpointCmdlet.Force">
            <summary>
            This parameter overrides confirmation prompts to force 
            the cmdlet to continue its operation. This parameter should always
            be used with caution.
            </summary>
        </member>
        <member name="T:Amazon.PowerShell.Cmdlets.CHMID.WriteCHMIDAppInstanceRetentionSettingCmdlet">
            <summary>
            Sets the amount of time in days that a given <c>AppInstance</c> retains data.
            </summary>
        </member>
        <member name="P:Amazon.PowerShell.Cmdlets.CHMID.WriteCHMIDAppInstanceRetentionSettingCmdlet.AppInstanceArn">
            <summary>
            <para>
            <para>The ARN of the <c>AppInstance</c>.</para>
            </para>
            </summary>
        </member>
        <member name="P:Amazon.PowerShell.Cmdlets.CHMID.WriteCHMIDAppInstanceRetentionSettingCmdlet.ChannelRetentionSettings_RetentionDay">
            <summary>
            <para>
            <para>The time in days to retain the messages in a channel.</para>
            </para>
            </summary>
        </member>
        <member name="P:Amazon.PowerShell.Cmdlets.CHMID.WriteCHMIDAppInstanceRetentionSettingCmdlet.Select">
            <summary>
            Use the -Select parameter to control the cmdlet output. The default value is '*'.
            Specifying -Select '*' will result in the cmdlet returning the whole service response (Amazon.ChimeSDKIdentity.Model.PutAppInstanceRetentionSettingsResponse).
            Specifying the name of a property of type Amazon.ChimeSDKIdentity.Model.PutAppInstanceRetentionSettingsResponse will result in that property being returned.
            Specifying -Select '^ParameterName' will result in the cmdlet returning the selected cmdlet parameter value.
            </summary>
        </member>
        <member name="P:Amazon.PowerShell.Cmdlets.CHMID.WriteCHMIDAppInstanceRetentionSettingCmdlet.PassThru">
            <summary>
            Changes the cmdlet behavior to return the value passed to the AppInstanceArn parameter.
            The -PassThru parameter is deprecated, use -Select '^AppInstanceArn' instead. This parameter will be removed in a future version.
            </summary>
        </member>
        <member name="P:Amazon.PowerShell.Cmdlets.CHMID.WriteCHMIDAppInstanceRetentionSettingCmdlet.Force">
            <summary>
            This parameter overrides confirmation prompts to force 
            the cmdlet to continue its operation. This parameter should always
            be used with caution.
            </summary>
        </member>
        <member name="T:Amazon.PowerShell.Cmdlets.CHMID.WriteCHMIDAppInstanceUserExpirationSettingCmdlet">
            <summary>
            Sets the number of days before the <c>AppInstanceUser</c> is automatically deleted.
            
             <note><para>
            A background process deletes expired <c>AppInstanceUsers</c> within 6 hours of expiration.
            Actual deletion times may vary.
            </para><para>
            Expired <c>AppInstanceUsers</c> that have not yet been deleted appear as active, and
            you can update their expiration settings. The system honors the new settings.
            </para></note>
            </summary>
        </member>
        <member name="P:Amazon.PowerShell.Cmdlets.CHMID.WriteCHMIDAppInstanceUserExpirationSettingCmdlet.AppInstanceUserArn">
            <summary>
            <para>
            <para>The ARN of the <c>AppInstanceUser</c>.</para>
            </para>
            </summary>
        </member>
        <member name="P:Amazon.PowerShell.Cmdlets.CHMID.WriteCHMIDAppInstanceUserExpirationSettingCmdlet.ExpirationSettings_ExpirationCriterion">
            <summary>
            <para>
            <para>Specifies the conditions under which an <c>AppInstanceUser</c> will expire.</para>
            </para>
            </summary>
        </member>
        <member name="P:Amazon.PowerShell.Cmdlets.CHMID.WriteCHMIDAppInstanceUserExpirationSettingCmdlet.ExpirationSettings_ExpirationDay">
            <summary>
            <para>
            <para>The period in days after which an <c>AppInstanceUser</c> will be automatically deleted.</para>
            </para>
            </summary>
        </member>
        <member name="P:Amazon.PowerShell.Cmdlets.CHMID.WriteCHMIDAppInstanceUserExpirationSettingCmdlet.Select">
            <summary>
            Use the -Select parameter to control the cmdlet output. The default value is '*'.
            Specifying -Select '*' will result in the cmdlet returning the whole service response (Amazon.ChimeSDKIdentity.Model.PutAppInstanceUserExpirationSettingsResponse).
            Specifying the name of a property of type Amazon.ChimeSDKIdentity.Model.PutAppInstanceUserExpirationSettingsResponse will result in that property being returned.
            Specifying -Select '^ParameterName' will result in the cmdlet returning the selected cmdlet parameter value.
            </summary>
        </member>
        <member name="P:Amazon.PowerShell.Cmdlets.CHMID.WriteCHMIDAppInstanceUserExpirationSettingCmdlet.PassThru">
            <summary>
            Changes the cmdlet behavior to return the value passed to the AppInstanceUserArn parameter.
            The -PassThru parameter is deprecated, use -Select '^AppInstanceUserArn' instead. This parameter will be removed in a future version.
            </summary>
        </member>
        <member name="P:Amazon.PowerShell.Cmdlets.CHMID.WriteCHMIDAppInstanceUserExpirationSettingCmdlet.Force">
            <summary>
            This parameter overrides confirmation prompts to force 
            the cmdlet to continue its operation. This parameter should always
            be used with caution.
            </summary>
        </member>
    </members>
</doc>
