<Objs Version="1.1.0.1" xmlns="http://schemas.microsoft.com/powershell/2004/04">
  <Obj RefId="0">
    <TN RefId="0">
      <T>Microsoft.PowerShell.Commands.PSRepositoryItemInfo</T>
      <T>System.Management.Automation.PSCustomObject</T>
      <T>System.Object</T>
    </TN>
    <MS>
      <S N="Name">OCI.PSModules.Globallydistributeddatabase</S>
      <S N="Version">95.1.0</S>
      <S N="Type">Module</S>
      <S N="Description">This modules provides Cmdlets for OCI Globallydistributeddatabase Service</S>
      <S N="Author">Oracle Cloud Infrastructure</S>
      <S N="CompanyName">oci-psmodules-grp</S>
      <S N="Copyright">(c) Oracle Cloud Infrastructure. All rights reserved.</S>
      <DT N="PublishedDate">2024-11-12T18:48:29+02:00</DT>
      <Nil N="InstalledDate" />
      <Nil N="UpdatedDate" />
      <URI N="LicenseUri">https://github.com/oracle/oci-powershell-modules/blob/master/LICENSE.txt</URI>
      <URI N="ProjectUri">https://github.com/oracle/oci-powershell-modules/</URI>
      <URI N="IconUri">https://github.com/oracle/oci-powershell-modules/blob/master/icon.png</URI>
      <Obj N="Tags" RefId="1">
        <TN RefId="1">
          <T>System.Object[]</T>
          <T>System.Array</T>
          <T>System.Object</T>
        </TN>
        <LST>
          <S>PSEdition_Core</S>
          <S>Windows</S>
          <S>Linux</S>
          <S>macOS</S>
          <S>Oracle</S>
          <S>OCI</S>
          <S>Cloud</S>
          <S>OracleCloudInfrastructure</S>
          <S>Globallydistributeddatabase</S>
          <S>PSModule</S>
        </LST>
      </Obj>
      <Obj N="Includes" RefId="2">
        <TN RefId="2">
          <T>System.Collections.Hashtable</T>
          <T>System.Object</T>
        </TN>
        <DCT>
          <En>
            <S N="Key">Function</S>
            <Obj N="Value" RefId="3">
              <TNRef RefId="1" />
              <LST />
            </Obj>
          </En>
          <En>
            <S N="Key">Workflow</S>
            <Ref N="Value" RefId="3" />
          </En>
          <En>
            <S N="Key">DscResource</S>
            <Ref N="Value" RefId="3" />
          </En>
          <En>
            <S N="Key">RoleCapability</S>
            <Ref N="Value" RefId="3" />
          </En>
          <En>
            <S N="Key">Command</S>
            <Obj N="Value" RefId="4">
              <TNRef RefId="1" />
              <LST>
                <S>Confirm-OCIGloballydistributeddatabaseNetwork</S>
                <S>Get-OCIGloballydistributeddatabasePrivateEndpoint</S>
                <S>Get-OCIGloballydistributeddatabasePrivateEndpointsList</S>
                <S>Get-OCIGloballydistributeddatabaseShardedDatabase</S>
                <S>Get-OCIGloballydistributeddatabaseShardedDatabasesList</S>
                <S>Get-OCIGloballydistributeddatabaseWorkRequest</S>
                <S>Get-OCIGloballydistributeddatabaseWorkRequestErrorsList</S>
                <S>Get-OCIGloballydistributeddatabaseWorkRequestLogsList</S>
                <S>Get-OCIGloballydistributeddatabaseWorkRequestsList</S>
                <S>Invoke-OCIGloballydistributeddatabaseConfigureShardedDatabaseGsms</S>
                <S>Invoke-OCIGloballydistributeddatabaseConfigureSharding</S>
                <S>Invoke-OCIGloballydistributeddatabaseDownloadGsmCertificateSigningRequest</S>
                <S>Invoke-OCIGloballydistributeddatabaseFetchConnectionString</S>
                <S>Invoke-OCIGloballydistributeddatabaseFetchShardableCloudAutonomousVmClusters</S>
                <S>Invoke-OCIGloballydistributeddatabasePatchShardedDatabase</S>
                <S>Invoke-OCIGloballydistributeddatabasePrevalidateShardedDatabase</S>
                <S>Invoke-OCIGloballydistributeddatabaseReinstateProxyInstance</S>
                <S>Move-OCIGloballydistributeddatabasePrivateEndpointCompartment</S>
                <S>Move-OCIGloballydistributeddatabaseShardedDatabaseCompartment</S>
                <S>New-OCIGloballydistributeddatabaseGsmCertificateSigningRequest</S>
                <S>New-OCIGloballydistributeddatabasePrivateEndpoint</S>
                <S>New-OCIGloballydistributeddatabaseShardedDatabase</S>
                <S>New-OCIGloballydistributeddatabaseWallet</S>
                <S>Remove-OCIGloballydistributeddatabasePrivateEndpoint</S>
                <S>Remove-OCIGloballydistributeddatabaseShardedDatabase</S>
                <S>Start-OCIGloballydistributeddatabaseShardedDatabase</S>
                <S>Stop-OCIGloballydistributeddatabaseShardedDatabase</S>
                <S>Update-OCIGloballydistributeddatabasePrivateEndpoint</S>
                <S>Update-OCIGloballydistributeddatabaseShardedDatabase</S>
                <S>Write-OCIGloballydistributeddatabaseSignedCertificateAndGenerateWallet</S>
              </LST>
            </Obj>
          </En>
          <En>
            <S N="Key">Cmdlet</S>
            <Obj N="Value" RefId="5">
              <TNRef RefId="1" />
              <LST>
                <S>Confirm-OCIGloballydistributeddatabaseNetwork</S>
                <S>Get-OCIGloballydistributeddatabasePrivateEndpoint</S>
                <S>Get-OCIGloballydistributeddatabasePrivateEndpointsList</S>
                <S>Get-OCIGloballydistributeddatabaseShardedDatabase</S>
                <S>Get-OCIGloballydistributeddatabaseShardedDatabasesList</S>
                <S>Get-OCIGloballydistributeddatabaseWorkRequest</S>
                <S>Get-OCIGloballydistributeddatabaseWorkRequestErrorsList</S>
                <S>Get-OCIGloballydistributeddatabaseWorkRequestLogsList</S>
                <S>Get-OCIGloballydistributeddatabaseWorkRequestsList</S>
                <S>Invoke-OCIGloballydistributeddatabaseConfigureShardedDatabaseGsms</S>
                <S>Invoke-OCIGloballydistributeddatabaseConfigureSharding</S>
                <S>Invoke-OCIGloballydistributeddatabaseDownloadGsmCertificateSigningRequest</S>
                <S>Invoke-OCIGloballydistributeddatabaseFetchConnectionString</S>
                <S>Invoke-OCIGloballydistributeddatabaseFetchShardableCloudAutonomousVmClusters</S>
                <S>Invoke-OCIGloballydistributeddatabasePatchShardedDatabase</S>
                <S>Invoke-OCIGloballydistributeddatabasePrevalidateShardedDatabase</S>
                <S>Invoke-OCIGloballydistributeddatabaseReinstateProxyInstance</S>
                <S>Move-OCIGloballydistributeddatabasePrivateEndpointCompartment</S>
                <S>Move-OCIGloballydistributeddatabaseShardedDatabaseCompartment</S>
                <S>New-OCIGloballydistributeddatabaseGsmCertificateSigningRequest</S>
                <S>New-OCIGloballydistributeddatabasePrivateEndpoint</S>
                <S>New-OCIGloballydistributeddatabaseShardedDatabase</S>
                <S>New-OCIGloballydistributeddatabaseWallet</S>
                <S>Remove-OCIGloballydistributeddatabasePrivateEndpoint</S>
                <S>Remove-OCIGloballydistributeddatabaseShardedDatabase</S>
                <S>Start-OCIGloballydistributeddatabaseShardedDatabase</S>
                <S>Stop-OCIGloballydistributeddatabaseShardedDatabase</S>
                <S>Update-OCIGloballydistributeddatabasePrivateEndpoint</S>
                <S>Update-OCIGloballydistributeddatabaseShardedDatabase</S>
                <S>Write-OCIGloballydistributeddatabaseSignedCertificateAndGenerateWallet</S>
              </LST>
            </Obj>
          </En>
        </DCT>
      </Obj>
      <Nil N="PowerShellGetFormatVersion" />
      <S N="ReleaseNotes">https://github.com/oracle/oci-powershell-modules/blob/master/CHANGELOG.md</S>
      <Obj N="Dependencies" RefId="6">
        <TNRef RefId="1" />
        <LST>
          <Obj RefId="7">
            <TN RefId="3">
              <T>System.Collections.Specialized.OrderedDictionary</T>
              <T>System.Object</T>
            </TN>
            <DCT>
              <En>
                <S N="Key">Name</S>
                <S N="Value">OCI.PSModules.Common</S>
              </En>
              <En>
                <S N="Key">RequiredVersion</S>
                <S N="Value">95.1.0</S>
              </En>
              <En>
                <S N="Key">CanonicalId</S>
                <S N="Value">nuget:OCI.PSModules.Common/[95.1.0]</S>
              </En>
            </DCT>
          </Obj>
        </LST>
      </Obj>
      <S N="RepositorySourceLocation">https://www.powershellgallery.com/api/v2</S>
      <S N="Repository">PSGallery</S>
      <S N="PackageManagementProvider">NuGet</S>
      <Obj N="AdditionalMetadata" RefId="8">
        <TN RefId="4">
          <T>System.Management.Automation.PSCustomObject</T>
          <T>System.Object</T>
        </TN>
        <MS>
          <S N="copyright">(c) Oracle Cloud Infrastructure. All rights reserved.</S>
          <S N="description">This modules provides Cmdlets for OCI Globallydistributeddatabase Service</S>
          <S N="requireLicenseAcceptance">False</S>
          <S N="releaseNotes">https://github.com/oracle/oci-powershell-modules/blob/master/CHANGELOG.md</S>
          <S N="isLatestVersion">True</S>
          <S N="isAbsoluteLatestVersion">True</S>
          <S N="versionDownloadCount">300</S>
          <S N="downloadCount">3815</S>
          <S N="packageSize">140769</S>
          <S N="published">11/12/2024 6:48:29 PM +02:00</S>
          <S N="created">11/12/2024 6:48:29 PM +02:00</S>
          <S N="lastUpdated">12/8/2024 9:30:00 PM +02:00</S>
          <S N="tags">PSEdition_Core Windows Linux macOS Oracle OCI Cloud OracleCloudInfrastructure Globallydistributeddatabase PSModule PSCmdlet_Confirm-OCIGloballydistributeddatabaseNetwork PSCommand_Confirm-OCIGloballydistributeddatabaseNetwork PSCmdlet_Get-OCIGloballydistributeddatabasePrivateEndpoint PSCommand_Get-OCIGloballydistributeddatabasePrivateEndpoint PSCmdlet_Get-OCIGloballydistributeddatabasePrivateEndpointsList PSCommand_Get-OCIGloballydistributeddatabasePrivateEndpointsList PSCmdlet_Get-OCIGloballydistributeddatabaseShardedDatabase PSCommand_Get-OCIGloballydistributeddatabaseShardedDatabase PSCmdlet_Get-OCIGloballydistributeddatabaseShardedDatabasesList PSCommand_Get-OCIGloballydistributeddatabaseShardedDatabasesList PSCmdlet_Get-OCIGloballydistributeddatabaseWorkRequest PSCommand_Get-OCIGloballydistributeddatabaseWorkRequest PSCmdlet_Get-OCIGloballydistributeddatabaseWorkRequestErrorsList PSCommand_Get-OCIGloballydistributeddatabaseWorkRequestErrorsList PSCmdlet_Get-OCIGloballydistributeddatabaseWorkRequestLogsList PSCommand_Get-OCIGloballydistributeddatabaseWorkRequestLogsList PSCmdlet_Get-OCIGloballydistributeddatabaseWorkRequestsList PSCommand_Get-OCIGloballydistributeddatabaseWorkRequestsList PSCmdlet_Invoke-OCIGloballydistributeddatabaseConfigureShardedDatabaseGsms PSCommand_Invoke-OCIGloballydistributeddatabaseConfigureShardedDatabaseGsms PSCmdlet_Invoke-OCIGloballydistributeddatabaseConfigureSharding PSCommand_Invoke-OCIGloballydistributeddatabaseConfigureSharding PSCmdlet_Invoke-OCIGloballydistributeddatabaseDownloadGsmCertificateSigningRequest PSCommand_Invoke-OCIGloballydistributeddatabaseDownloadGsmCertificateSigningRequest PSCmdlet_Invoke-OCIGloballydistributeddatabaseFetchConnectionString PSCommand_Invoke-OCIGloballydistributeddatabaseFetchConnectionString PSCmdlet_Invoke-OCIGloballydistributeddatabaseFetchShardableCloudAutonomousVmClusters PSCommand_Invoke-OCIGloballydistributeddatabaseFetchShardableCloudAutonomousVmClusters PSCmdlet_Invoke-OCIGloballydistributeddatabasePatchShardedDatabase PSCommand_Invoke-OCIGloballydistributeddatabasePatchShardedDatabase PSCmdlet_Invoke-OCIGloballydistributeddatabasePrevalidateShardedDatabase PSCommand_Invoke-OCIGloballydistributeddatabasePrevalidateShardedDatabase PSCmdlet_Invoke-OCIGloballydistributeddatabaseReinstateProxyInstance PSCommand_Invoke-OCIGloballydistributeddatabaseReinstateProxyInstance PSCmdlet_Move-OCIGloballydistributeddatabasePrivateEndpointCompartment PSCommand_Move-OCIGloballydistributeddatabasePrivateEndpointCompartment PSCmdlet_Move-OCIGloballydistributeddatabaseShardedDatabaseCompartment PSCommand_Move-OCIGloballydistributeddatabaseShardedDatabaseCompartment PSCmdlet_New-OCIGloballydistributeddatabaseGsmCertificateSigningRequest PSCommand_New-OCIGloballydistributeddatabaseGsmCertificateSigningRequest PSCmdlet_New-OCIGloballydistributeddatabasePrivateEndpoint PSCommand_New-OCIGloballydistributeddatabasePrivateEndpoint PSCmdlet_New-OCIGloballydistributeddatabaseShardedDatabase PSCommand_New-OCIGloballydistributeddatabaseShardedDatabase PSCmdlet_New-OCIGloballydistributeddatabaseWallet PSCommand_New-OCIGloballydistributeddatabaseWallet PSCmdlet_Remove-OCIGloballydistributeddatabasePrivateEndpoint PSCommand_Remove-OCIGloballydistributeddatabasePrivateEndpoint PSCmdlet_Remove-OCIGloballydistributeddatabaseShardedDatabase PSCommand_Remove-OCIGloballydistributeddatabaseShardedDatabase PSCmdlet_Start-OCIGloballydistributeddatabaseShardedDatabase PSCommand_Start-OCIGloballydistributeddatabaseShardedDatabase PSCmdlet_Stop-OCIGloballydistributeddatabaseShardedDatabase PSCommand_Stop-OCIGloballydistributeddatabaseShardedDatabase PSCmdlet_Update-OCIGloballydistributeddatabasePrivateEndpoint PSCommand_Update-OCIGloballydistributeddatabasePrivateEndpoint PSCmdlet_Update-OCIGloballydistributeddatabaseShardedDatabase PSCommand_Update-OCIGloballydistributeddatabaseShardedDatabase PSCmdlet_Write-OCIGloballydistributeddatabaseSignedCertificateAndGenerateWallet PSCommand_Write-OCIGloballydistributeddatabaseSignedCertificateAndGenerateWallet PSIncludes_Cmdlet</S>
          <S N="developmentDependency">False</S>
          <S N="updated">2024-12-08T21:30:00Z</S>
          <S N="NormalizedVersion">95.1.0</S>
          <S N="Authors">Oracle Cloud Infrastructure</S>
          <S N="IsPrerelease">false</S>
          <S N="ItemType">Module</S>
          <S N="FileList">OCI.PSModules.Globallydistributeddatabase.nuspec|THIRD_PARTY_LICENSES.txt|OCI.PSModules.Globallydistributeddatabase.psd1|LICENSE.txt|OCI.PSModules.Globallydistributeddatabase.dll-Help.xml|assemblies\OCI.DotNetSDK.Globallydistributeddatabase.dll|assemblies\OCI.PSModules.Globallydistributeddatabase.dll</S>
          <S N="GUID">31a94d9b-5cc3-4808-88f0-6b82ed090ffe</S>
          <S N="PowerShellVersion">6.0</S>
          <S N="CompanyName">Oracle Corporation</S>
        </MS>
      </Obj>
      <S N="InstalledLocation">C:\Users\MarcoFekry\Downloads\OCI.PSModules\OCI.PSModules.Globallydistributeddatabase\95.1.0</S>
    </MS>
  </Obj>
</Objs>
