﻿<helpItems schema="maml"><command xmlns:maml="http://schemas.microsoft.com/maml/2004/10" xmlns:command="http://schemas.microsoft.com/maml/dev/command/2004/10" xmlns:dev="http://schemas.microsoft.com/maml/dev/2004/10"><details><name>Get-KVMMedia</name><description><para>Calls the Amazon Kinesis Video Streams Media GetMedia API operation.</para></description><verb>Get</verb><noun>KVMMedia</noun><copyright><para>&amp;copy; Copyright Amazon.com, Inc.or its affiliates.All Rights Reserved.</para></copyright></details><description><para>Use this API to retrieve media content from a Kinesis video stream. In the request, you identify the stream name or stream Amazon Resource Name (ARN), and the starting chunk. Kinesis Video Streams then returns a stream of chunks in order by fragment number. 
You must first call the <c>GetDataEndpoint</c> API to get an endpoint. Then send the <c>GetMedia</c> requests to this endpoint using the <a href="https://docs.aws.amazon.com/cli/latest/reference/">--endpoint-url parameter</a>.  
When you put media data (fragments) on a stream, Kinesis Video Streams stores each incoming fragment and related metadata in what is called a &amp;quot;chunk.&amp;quot; For more information, see <a href="https://docs.aws.amazon.com/kinesisvideostreams/latest/dg/API_dataplane_PutMedia.html">PutMedia</a>. The <c>GetMedia</c> API returns a stream of these chunks starting from the chunk that you specify in the request.  
The following limits apply when using the <c>GetMedia</c> API: 
 - 
A client can call <c>GetMedia</c> up to five times per second per stream.  
 - 
Kinesis Video Streams sends media data at a rate of up to 25 megabytes per second (or 200 megabits per second) during a <c>GetMedia</c> session.  
If an error is thrown after invoking a Kinesis Video Streams media API, in addition to the HTTP status code and the response body, it includes the following pieces of information:  
 - <c>x-amz-ErrorType</c> HTTP header – contains a more specific error type in addition to what the HTTP status code provides.  
 - <c>x-amz-RequestId</c> HTTP header – if you want to report an issue to AWS, the support team can better diagnose the problem if given the Request Id. 
Both the HTTP status code and the ErrorType header can be utilized to make programmatic decisions about whether errors are retry-able and under what conditions, as well as provide information on what actions the client programmer might need to take in order to successfully try again. 
For more information, see the <b>Errors</b> section at the bottom of this topic, as well as <a href="https://docs.aws.amazon.com/kinesisvideostreams/latest/dg/CommonErrors.html">Common Errors</a>.  </para></description><syntax><syntaxItem><name>Get-KVMMedia</name><parameter required="True" variableLength="false" globbing="false" pipelineInput="True (ByValue, ByPropertyName)" position="1"><name>StartSelector</name><description><para>Identifies the starting chunk to get from the specified stream.  </para></description><parameterValue required="true" variableLength="false">Amazon.KinesisVideoMedia.Model.StartSelector</parameterValue></parameter><parameter required="False" variableLength="false" globbing="false" pipelineInput="True (ByPropertyName)" position="Named"><name>StreamARN</name><description><para>The ARN of the stream from where you want to get the media content. If you don&#39;t specify the <c>streamARN</c>, you must specify the <c>streamName</c>. </para></description><parameterValue required="true" variableLength="false">System.String</parameterValue></parameter><parameter required="False" variableLength="false" globbing="false" pipelineInput="True (ByPropertyName)" position="Named"><name>StreamName</name><description><para>The Kinesis video stream name from where you want to get the media content. If you don&#39;t specify the <c>streamName</c>, you must specify the <c>streamARN</c>. </para></description><parameterValue required="true" variableLength="false">System.String</parameterValue></parameter><parameter required="False" variableLength="false" globbing="false" pipelineInput="True (ByPropertyName)" position="Named"><name>Select</name><description><para>Use the -Select parameter to control the cmdlet output. The default value is &#39;*&#39;. Specifying -Select &#39;*&#39; will result in the cmdlet returning the whole service response (Amazon.KinesisVideoMedia.Model.GetMediaResponse). Specifying the name of a property of type Amazon.KinesisVideoMedia.Model.GetMediaResponse will result in that property being returned. Specifying -Select &#39;^ParameterName&#39; will result in the cmdlet returning the selected cmdlet parameter value. </para></description><parameterValue required="true" variableLength="false">System.String</parameterValue></parameter><parameter required="False" variableLength="false" globbing="false" pipelineInput="True (ByPropertyName)" position="Named"><name>PassThru</name><description><para>Changes the cmdlet behavior to return the value passed to the StartSelector parameter. The -PassThru parameter is deprecated, use -Select &#39;^StartSelector&#39; instead. This parameter will be removed in a future version. </para></description><parameterValue required="true" variableLength="false">System.Management.Automation.SwitchParameter</parameterValue></parameter><parameter required="False" variableLength="false" globbing="false" pipelineInput="True (ByPropertyName)" position="Named"><name>ClientConfig</name><description><para>Amazon.PowerShell.Cmdlets.KVM.AmazonKinesisVideoMediaClientCmdlet.ClientConfig </para></description><parameterValue required="true" variableLength="false">Amazon.KinesisVideoMedia.AmazonKinesisVideoMediaConfig</parameterValue></parameter><parameter required="False" variableLength="false" globbing="false" pipelineInput="True (ByPropertyName)" position="Named"><name>EndpointUrl</name><description><para>The endpoint to make the call against. 
<b>Note:</b> This parameter is primarily for internal AWS use and is not required/should not be specified for  normal usage. The cmdlets normally determine which endpoint to call based on the region specified to the -Region parameter or set as default in the shell (via Set-DefaultAWSRegion). Only specify this parameter if you must direct the call to a specific custom endpoint. </para></description><parameterValue required="true" variableLength="false">System.String</parameterValue></parameter><parameter required="False" variableLength="false" globbing="false" pipelineInput="True (ByPropertyName)" position="Named"><name>Region</name><description><para>The system name of an AWS region or an AWSRegion instance. This governs the endpoint that will be used when calling service operations. Note that  the AWS resources referenced in a call are usually region-specific. </para></description><parameterValue required="true" variableLength="false">System.Object</parameterValue></parameter><parameter required="False" variableLength="false" globbing="false" pipelineInput="True (ByPropertyName)" position="Named"><name>AccessKey</name><description><para>The AWS access key for the user account. This can be a temporary access key if the corresponding session token is supplied to the -SessionToken parameter. </para></description><parameterValue required="true" variableLength="false">System.String</parameterValue></parameter><parameter required="False" variableLength="false" globbing="false" pipelineInput="True (ByPropertyName)" position="Named"><name>SecretKey</name><description><para>The AWS secret key for the user account. This can be a temporary secret key if the corresponding session token is supplied to the -SessionToken parameter. </para></description><parameterValue required="true" variableLength="false">System.String</parameterValue></parameter><parameter required="False" variableLength="false" globbing="false" pipelineInput="True (ByPropertyName)" position="Named"><name>SessionToken</name><description><para>The session token if the access and secret keys are temporary session-based credentials. </para></description><parameterValue required="true" variableLength="false">System.String</parameterValue></parameter><parameter required="False" variableLength="false" globbing="false" pipelineInput="True (ByPropertyName)" position="Named"><name>ProfileName</name><description><para>The user-defined name of an AWS credentials or SAML-based role profile containing credential information. The profile is expected to be found in the secure credential file shared with the AWS SDK for .NET and AWS Toolkit for Visual Studio. You can also specify the name of a profile stored in the .ini-format credential file used with  the AWS CLI and other AWS SDKs. </para></description><parameterValue required="true" variableLength="false">System.String</parameterValue></parameter><parameter required="False" variableLength="false" globbing="false" pipelineInput="True (ByPropertyName)" position="Named"><name>ProfileLocation</name><description><para>Used to specify the name and location of the ini-format credential file (shared with the AWS CLI and other AWS SDKs) 
If this optional parameter is omitted this cmdlet will search the encrypted credential file used by the AWS SDK for .NET and AWS Toolkit for Visual Studio first. If the profile is not found then the cmdlet will search in the ini-format credential file at the default location: (user&#39;s home directory)\.aws\credentials. 
If this parameter is specified then this cmdlet will only search the ini-format credential file at the location given. 
As the current folder can vary in a shell or during script execution it is advised that you use specify a fully qualified path instead of a relative path. </para></description><parameterValue required="true" variableLength="false">System.String</parameterValue></parameter><parameter required="False" variableLength="false" globbing="false" pipelineInput="True (ByValue, ByPropertyName)" position="Named"><name>Credential</name><description><para>An AWSCredentials object instance containing access and secret key information, and optionally a token for session-based credentials. </para></description><parameterValue required="true" variableLength="false">Amazon.Runtime.AWSCredentials</parameterValue></parameter><parameter required="False" variableLength="false" globbing="false" pipelineInput="True (ByValue, ByPropertyName)" position="Named"><name>NetworkCredential</name><description><para>Used with SAML-based authentication when ProfileName references a SAML role profile.  Contains the network credentials to be supplied during authentication with the  configured identity provider&#39;s endpoint. This parameter is not required if the user&#39;s default network identity can or should be used during authentication. </para></description><parameterValue required="true" variableLength="false">System.Management.Automation.PSCredential</parameterValue></parameter></syntaxItem></syntax><parameters><parameter required="False" variableLength="false" globbing="false" pipelineInput="True (ByPropertyName)" position="Named"><name>AccessKey</name><description><para>The AWS access key for the user account. This can be a temporary access key if the corresponding session token is supplied to the -SessionToken parameter. </para></description><parameterValue required="true" variableLength="false">System.String</parameterValue><type><name>System.String</name><uri /></type><defaultValue>None</defaultValue></parameter><parameter required="False" variableLength="false" globbing="false" pipelineInput="True (ByPropertyName)" position="Named"><name>ClientConfig</name><description><para>Amazon.PowerShell.Cmdlets.KVM.AmazonKinesisVideoMediaClientCmdlet.ClientConfig </para></description><parameterValue required="true" variableLength="false">Amazon.KinesisVideoMedia.AmazonKinesisVideoMediaConfig</parameterValue><type><name>Amazon.KinesisVideoMedia.AmazonKinesisVideoMediaConfig</name><uri /></type><defaultValue>None</defaultValue></parameter><parameter required="False" variableLength="false" globbing="false" pipelineInput="True (ByValue, ByPropertyName)" position="Named"><name>Credential</name><description><para>An AWSCredentials object instance containing access and secret key information, and optionally a token for session-based credentials. </para></description><parameterValue required="true" variableLength="false">Amazon.Runtime.AWSCredentials</parameterValue><type><name>Amazon.Runtime.AWSCredentials</name><uri /></type><defaultValue>None</defaultValue></parameter><parameter required="False" variableLength="false" globbing="false" pipelineInput="True (ByPropertyName)" position="Named"><name>EndpointUrl</name><description><para>The endpoint to make the call against. 
<b>Note:</b> This parameter is primarily for internal AWS use and is not required/should not be specified for  normal usage. The cmdlets normally determine which endpoint to call based on the region specified to the -Region parameter or set as default in the shell (via Set-DefaultAWSRegion). Only specify this parameter if you must direct the call to a specific custom endpoint. </para></description><parameterValue required="true" variableLength="false">System.String</parameterValue><type><name>System.String</name><uri /></type><defaultValue>None</defaultValue></parameter><parameter required="False" variableLength="false" globbing="false" pipelineInput="True (ByValue, ByPropertyName)" position="Named"><name>NetworkCredential</name><description><para>Used with SAML-based authentication when ProfileName references a SAML role profile.  Contains the network credentials to be supplied during authentication with the  configured identity provider&#39;s endpoint. This parameter is not required if the user&#39;s default network identity can or should be used during authentication. </para></description><parameterValue required="true" variableLength="false">System.Management.Automation.PSCredential</parameterValue><type><name>System.Management.Automation.PSCredential</name><uri /></type><defaultValue>None</defaultValue></parameter><parameter required="False" variableLength="false" globbing="false" pipelineInput="True (ByPropertyName)" position="Named"><name>PassThru</name><description><para>Changes the cmdlet behavior to return the value passed to the StartSelector parameter. The -PassThru parameter is deprecated, use -Select &#39;^StartSelector&#39; instead. This parameter will be removed in a future version. </para></description><parameterValue required="true" variableLength="false">System.Management.Automation.SwitchParameter</parameterValue><type><name>System.Management.Automation.SwitchParameter</name><uri /></type><defaultValue>None</defaultValue></parameter><parameter required="False" variableLength="false" globbing="false" pipelineInput="True (ByPropertyName)" position="Named"><name>ProfileLocation</name><description><para>Used to specify the name and location of the ini-format credential file (shared with the AWS CLI and other AWS SDKs) 
If this optional parameter is omitted this cmdlet will search the encrypted credential file used by the AWS SDK for .NET and AWS Toolkit for Visual Studio first. If the profile is not found then the cmdlet will search in the ini-format credential file at the default location: (user&#39;s home directory)\.aws\credentials. 
If this parameter is specified then this cmdlet will only search the ini-format credential file at the location given. 
As the current folder can vary in a shell or during script execution it is advised that you use specify a fully qualified path instead of a relative path. </para></description><parameterValue required="true" variableLength="false">System.String</parameterValue><type><name>System.String</name><uri /></type><defaultValue>None</defaultValue></parameter><parameter required="False" variableLength="false" globbing="false" pipelineInput="True (ByPropertyName)" position="Named"><name>ProfileName</name><description><para>The user-defined name of an AWS credentials or SAML-based role profile containing credential information. The profile is expected to be found in the secure credential file shared with the AWS SDK for .NET and AWS Toolkit for Visual Studio. You can also specify the name of a profile stored in the .ini-format credential file used with  the AWS CLI and other AWS SDKs. </para></description><parameterValue required="true" variableLength="false">System.String</parameterValue><type><name>System.String</name><uri /></type><defaultValue>None</defaultValue></parameter><parameter required="False" variableLength="false" globbing="false" pipelineInput="True (ByPropertyName)" position="Named"><name>Region</name><description><para>The system name of an AWS region or an AWSRegion instance. This governs the endpoint that will be used when calling service operations. Note that  the AWS resources referenced in a call are usually region-specific. </para></description><parameterValue required="true" variableLength="false">System.Object</parameterValue><type><name>System.Object</name><uri /></type><defaultValue>None</defaultValue></parameter><parameter required="False" variableLength="false" globbing="false" pipelineInput="True (ByPropertyName)" position="Named"><name>SecretKey</name><description><para>The AWS secret key for the user account. This can be a temporary secret key if the corresponding session token is supplied to the -SessionToken parameter. </para></description><parameterValue required="true" variableLength="false">System.String</parameterValue><type><name>System.String</name><uri /></type><defaultValue>None</defaultValue></parameter><parameter required="False" variableLength="false" globbing="false" pipelineInput="True (ByPropertyName)" position="Named"><name>Select</name><description><para>Use the -Select parameter to control the cmdlet output. The default value is &#39;*&#39;. Specifying -Select &#39;*&#39; will result in the cmdlet returning the whole service response (Amazon.KinesisVideoMedia.Model.GetMediaResponse). Specifying the name of a property of type Amazon.KinesisVideoMedia.Model.GetMediaResponse will result in that property being returned. Specifying -Select &#39;^ParameterName&#39; will result in the cmdlet returning the selected cmdlet parameter value. </para></description><parameterValue required="true" variableLength="false">System.String</parameterValue><type><name>System.String</name><uri /></type><defaultValue>None</defaultValue></parameter><parameter required="False" variableLength="false" globbing="false" pipelineInput="True (ByPropertyName)" position="Named"><name>SessionToken</name><description><para>The session token if the access and secret keys are temporary session-based credentials. </para></description><parameterValue required="true" variableLength="false">System.String</parameterValue><type><name>System.String</name><uri /></type><defaultValue>None</defaultValue></parameter><parameter required="True" variableLength="false" globbing="false" pipelineInput="True (ByValue, ByPropertyName)" position="1"><name>StartSelector</name><description><para>Identifies the starting chunk to get from the specified stream.  </para></description><parameterValue required="true" variableLength="false">Amazon.KinesisVideoMedia.Model.StartSelector</parameterValue><type><name>Amazon.KinesisVideoMedia.Model.StartSelector</name><uri /></type><defaultValue>None</defaultValue></parameter><parameter required="False" variableLength="false" globbing="false" pipelineInput="True (ByPropertyName)" position="Named"><name>StreamARN</name><description><para>The ARN of the stream from where you want to get the media content. If you don&#39;t specify the <c>streamARN</c>, you must specify the <c>streamName</c>. </para></description><parameterValue required="true" variableLength="false">System.String</parameterValue><type><name>System.String</name><uri /></type><defaultValue>None</defaultValue></parameter><parameter required="False" variableLength="false" globbing="false" pipelineInput="True (ByPropertyName)" position="Named"><name>StreamName</name><description><para>The Kinesis video stream name from where you want to get the media content. If you don&#39;t specify the <c>streamName</c>, you must specify the <c>streamARN</c>. </para></description><parameterValue required="true" variableLength="false">System.String</parameterValue><type><name>System.String</name><uri /></type><defaultValue>None</defaultValue></parameter></parameters><returnValues><returnValue><type><name>Amazon.KinesisVideoMedia.Model.GetMediaResponse</name><uri /><description /></type><description><para>This cmdlet returns an Amazon.KinesisVideoMedia.Model.GetMediaResponse object containing multiple properties.</para></description></returnValue></returnValues><relatedLinks><navigationLink><linkText>Online version:</linkText><uri>http://docs.aws.amazon.com/powershell/latest/reference/index.html?page=Get-KVMMedia.html&amp;tocid=Get-KVMMedia</uri></navigationLink><navigationLink><linkText>Common credential and region parameters: </linkText><uri>http://docs.aws.amazon.com/powershell/latest/reference/items/pstoolsref-commonparams.html</uri></navigationLink><navigationLink><linkText>Developer Guide:</linkText><uri>https://docs.aws.amazon.com/kinesisvideostreams/latest/dg/what-is-kinesis-video.html</uri></navigationLink></relatedLinks></command></helpItems>