<Objs Version="1.1.0.1" xmlns="http://schemas.microsoft.com/powershell/2004/04">
  <Obj RefId="0">
    <TN RefId="0">
      <T>Microsoft.PowerShell.Commands.PSRepositoryItemInfo</T>
      <T>System.Management.Automation.PSCustomObject</T>
      <T>System.Object</T>
    </TN>
    <MS>
      <S N="Name">OCI.PSModules.Ocvp</S>
      <S N="Version">95.1.0</S>
      <S N="Type">Module</S>
      <S N="Description">This modules provides Cmdlets for OCI Ocvp Service</S>
      <S N="Author">Oracle Cloud Infrastructure</S>
      <S N="CompanyName">oci-psmodules-grp</S>
      <S N="Copyright">(c) Oracle Cloud Infrastructure. All rights reserved.</S>
      <DT N="PublishedDate">2024-11-12T18:51:51+02:00</DT>
      <Nil N="InstalledDate" />
      <Nil N="UpdatedDate" />
      <URI N="LicenseUri">https://github.com/oracle/oci-powershell-modules/blob/master/LICENSE.txt</URI>
      <URI N="ProjectUri">https://github.com/oracle/oci-powershell-modules/</URI>
      <URI N="IconUri">https://github.com/oracle/oci-powershell-modules/blob/master/icon.png</URI>
      <Obj N="Tags" RefId="1">
        <TN RefId="1">
          <T>System.Object[]</T>
          <T>System.Array</T>
          <T>System.Object</T>
        </TN>
        <LST>
          <S>PSEdition_Core</S>
          <S>Windows</S>
          <S>Linux</S>
          <S>macOS</S>
          <S>Oracle</S>
          <S>OCI</S>
          <S>Cloud</S>
          <S>OracleCloudInfrastructure</S>
          <S>Ocvp</S>
          <S>PSModule</S>
        </LST>
      </Obj>
      <Obj N="Includes" RefId="2">
        <TN RefId="2">
          <T>System.Collections.Hashtable</T>
          <T>System.Object</T>
        </TN>
        <DCT>
          <En>
            <S N="Key">Cmdlet</S>
            <Obj N="Value" RefId="3">
              <TNRef RefId="1" />
              <LST>
                <S>Get-OCIOcvpCluster</S>
                <S>Get-OCIOcvpClustersList</S>
                <S>Get-OCIOcvpEsxiHost</S>
                <S>Get-OCIOcvpEsxiHostsList</S>
                <S>Get-OCIOcvpSddc</S>
                <S>Get-OCIOcvpSddcsList</S>
                <S>Get-OCIOcvpSupportedCommitmentsList</S>
                <S>Get-OCIOcvpSupportedHostShapesList</S>
                <S>Get-OCIOcvpSupportedVmwareSoftwareVersionsList</S>
                <S>Get-OCIOcvpWorkRequest</S>
                <S>Get-OCIOcvpWorkRequestErrorsList</S>
                <S>Get-OCIOcvpWorkRequestLogsList</S>
                <S>Get-OCIOcvpWorkRequestsList</S>
                <S>Invoke-OCIOcvpDowngradeHcx</S>
                <S>Invoke-OCIOcvpInplaceUpgrade</S>
                <S>Invoke-OCIOcvpRefreshHcxLicenseStatus</S>
                <S>Invoke-OCIOcvpReplaceHost</S>
                <S>Invoke-OCIOcvpRetrievePassword</S>
                <S>Invoke-OCIOcvpSwapBilling</S>
                <S>Invoke-OCIOcvpUpgradeHcx</S>
                <S>Move-OCIOcvpSddcCompartment</S>
                <S>New-OCIOcvpCluster</S>
                <S>New-OCIOcvpEsxiHost</S>
                <S>New-OCIOcvpSddc</S>
                <S>Remove-OCIOcvpCluster</S>
                <S>Remove-OCIOcvpEsxiHost</S>
                <S>Remove-OCIOcvpSddc</S>
                <S>Stop-OCIOcvpDowngradeHcx</S>
                <S>Update-OCIOcvpCluster</S>
                <S>Update-OCIOcvpEsxiHost</S>
                <S>Update-OCIOcvpSddc</S>
              </LST>
            </Obj>
          </En>
          <En>
            <S N="Key">Command</S>
            <Obj N="Value" RefId="4">
              <TNRef RefId="1" />
              <LST>
                <S>Get-OCIOcvpCluster</S>
                <S>Get-OCIOcvpClustersList</S>
                <S>Get-OCIOcvpEsxiHost</S>
                <S>Get-OCIOcvpEsxiHostsList</S>
                <S>Get-OCIOcvpSddc</S>
                <S>Get-OCIOcvpSddcsList</S>
                <S>Get-OCIOcvpSupportedCommitmentsList</S>
                <S>Get-OCIOcvpSupportedHostShapesList</S>
                <S>Get-OCIOcvpSupportedVmwareSoftwareVersionsList</S>
                <S>Get-OCIOcvpWorkRequest</S>
                <S>Get-OCIOcvpWorkRequestErrorsList</S>
                <S>Get-OCIOcvpWorkRequestLogsList</S>
                <S>Get-OCIOcvpWorkRequestsList</S>
                <S>Invoke-OCIOcvpDowngradeHcx</S>
                <S>Invoke-OCIOcvpInplaceUpgrade</S>
                <S>Invoke-OCIOcvpRefreshHcxLicenseStatus</S>
                <S>Invoke-OCIOcvpReplaceHost</S>
                <S>Invoke-OCIOcvpRetrievePassword</S>
                <S>Invoke-OCIOcvpSwapBilling</S>
                <S>Invoke-OCIOcvpUpgradeHcx</S>
                <S>Move-OCIOcvpSddcCompartment</S>
                <S>New-OCIOcvpCluster</S>
                <S>New-OCIOcvpEsxiHost</S>
                <S>New-OCIOcvpSddc</S>
                <S>Remove-OCIOcvpCluster</S>
                <S>Remove-OCIOcvpEsxiHost</S>
                <S>Remove-OCIOcvpSddc</S>
                <S>Stop-OCIOcvpDowngradeHcx</S>
                <S>Update-OCIOcvpCluster</S>
                <S>Update-OCIOcvpEsxiHost</S>
                <S>Update-OCIOcvpSddc</S>
              </LST>
            </Obj>
          </En>
          <En>
            <S N="Key">Workflow</S>
            <Obj N="Value" RefId="5">
              <TNRef RefId="1" />
              <LST />
            </Obj>
          </En>
          <En>
            <S N="Key">Function</S>
            <Ref N="Value" RefId="5" />
          </En>
          <En>
            <S N="Key">RoleCapability</S>
            <Ref N="Value" RefId="5" />
          </En>
          <En>
            <S N="Key">DscResource</S>
            <Ref N="Value" RefId="5" />
          </En>
        </DCT>
      </Obj>
      <Nil N="PowerShellGetFormatVersion" />
      <S N="ReleaseNotes">https://github.com/oracle/oci-powershell-modules/blob/master/CHANGELOG.md</S>
      <Obj N="Dependencies" RefId="6">
        <TNRef RefId="1" />
        <LST>
          <Obj RefId="7">
            <TN RefId="3">
              <T>System.Collections.Specialized.OrderedDictionary</T>
              <T>System.Object</T>
            </TN>
            <DCT>
              <En>
                <S N="Key">Name</S>
                <S N="Value">OCI.PSModules.Common</S>
              </En>
              <En>
                <S N="Key">RequiredVersion</S>
                <S N="Value">95.1.0</S>
              </En>
              <En>
                <S N="Key">CanonicalId</S>
                <S N="Value">nuget:OCI.PSModules.Common/[95.1.0]</S>
              </En>
            </DCT>
          </Obj>
        </LST>
      </Obj>
      <S N="RepositorySourceLocation">https://www.powershellgallery.com/api/v2</S>
      <S N="Repository">PSGallery</S>
      <S N="PackageManagementProvider">NuGet</S>
      <Obj N="AdditionalMetadata" RefId="8">
        <TN RefId="4">
          <T>System.Management.Automation.PSCustomObject</T>
          <T>System.Object</T>
        </TN>
        <MS>
          <S N="copyright">(c) Oracle Cloud Infrastructure. All rights reserved.</S>
          <S N="description">This modules provides Cmdlets for OCI Ocvp Service</S>
          <S N="requireLicenseAcceptance">False</S>
          <S N="releaseNotes">https://github.com/oracle/oci-powershell-modules/blob/master/CHANGELOG.md</S>
          <S N="isLatestVersion">False</S>
          <S N="isAbsoluteLatestVersion">False</S>
          <S N="versionDownloadCount">331</S>
          <S N="downloadCount">15148</S>
          <S N="packageSize">143704</S>
          <S N="published">11/12/2024 6:51:51 PM +02:00</S>
          <S N="created">11/12/2024 6:51:51 PM +02:00</S>
          <S N="lastUpdated">9/5/2025 5:10:00 PM +03:00</S>
          <S N="tags">PSEdition_Core Windows Linux macOS Oracle OCI Cloud OracleCloudInfrastructure Ocvp PSModule PSCmdlet_Get-OCIOcvpCluster PSCommand_Get-OCIOcvpCluster PSCmdlet_Get-OCIOcvpClustersList PSCommand_Get-OCIOcvpClustersList PSCmdlet_Get-OCIOcvpEsxiHost PSCommand_Get-OCIOcvpEsxiHost PSCmdlet_Get-OCIOcvpEsxiHostsList PSCommand_Get-OCIOcvpEsxiHostsList PSCmdlet_Get-OCIOcvpSddc PSCommand_Get-OCIOcvpSddc PSCmdlet_Get-OCIOcvpSddcsList PSCommand_Get-OCIOcvpSddcsList PSCmdlet_Get-OCIOcvpSupportedCommitmentsList PSCommand_Get-OCIOcvpSupportedCommitmentsList PSCmdlet_Get-OCIOcvpSupportedHostShapesList PSCommand_Get-OCIOcvpSupportedHostShapesList PSCmdlet_Get-OCIOcvpSupportedVmwareSoftwareVersionsList PSCommand_Get-OCIOcvpSupportedVmwareSoftwareVersionsList PSCmdlet_Get-OCIOcvpWorkRequest PSCommand_Get-OCIOcvpWorkRequest PSCmdlet_Get-OCIOcvpWorkRequestErrorsList PSCommand_Get-OCIOcvpWorkRequestErrorsList PSCmdlet_Get-OCIOcvpWorkRequestLogsList PSCommand_Get-OCIOcvpWorkRequestLogsList PSCmdlet_Get-OCIOcvpWorkRequestsList PSCommand_Get-OCIOcvpWorkRequestsList PSCmdlet_Invoke-OCIOcvpDowngradeHcx PSCommand_Invoke-OCIOcvpDowngradeHcx PSCmdlet_Invoke-OCIOcvpInplaceUpgrade PSCommand_Invoke-OCIOcvpInplaceUpgrade PSCmdlet_Invoke-OCIOcvpRefreshHcxLicenseStatus PSCommand_Invoke-OCIOcvpRefreshHcxLicenseStatus PSCmdlet_Invoke-OCIOcvpReplaceHost PSCommand_Invoke-OCIOcvpReplaceHost PSCmdlet_Invoke-OCIOcvpRetrievePassword PSCommand_Invoke-OCIOcvpRetrievePassword PSCmdlet_Invoke-OCIOcvpSwapBilling PSCommand_Invoke-OCIOcvpSwapBilling PSCmdlet_Invoke-OCIOcvpUpgradeHcx PSCommand_Invoke-OCIOcvpUpgradeHcx PSCmdlet_Move-OCIOcvpSddcCompartment PSCommand_Move-OCIOcvpSddcCompartment PSCmdlet_New-OCIOcvpCluster PSCommand_New-OCIOcvpCluster PSCmdlet_New-OCIOcvpEsxiHost PSCommand_New-OCIOcvpEsxiHost PSCmdlet_New-OCIOcvpSddc PSCommand_New-OCIOcvpSddc PSCmdlet_Remove-OCIOcvpCluster PSCommand_Remove-OCIOcvpCluster PSCmdlet_Remove-OCIOcvpEsxiHost PSCommand_Remove-OCIOcvpEsxiHost PSCmdlet_Remove-OCIOcvpSddc PSCommand_Remove-OCIOcvpSddc PSCmdlet_Stop-OCIOcvpDowngradeHcx PSCommand_Stop-OCIOcvpDowngradeHcx PSCmdlet_Update-OCIOcvpCluster PSCommand_Update-OCIOcvpCluster PSCmdlet_Update-OCIOcvpEsxiHost PSCommand_Update-OCIOcvpEsxiHost PSCmdlet_Update-OCIOcvpSddc PSCommand_Update-OCIOcvpSddc PSIncludes_Cmdlet</S>
          <S N="developmentDependency">False</S>
          <S N="updated">2025-09-05T17:10:00Z</S>
          <S N="NormalizedVersion">95.1.0</S>
          <S N="Authors">Oracle Cloud Infrastructure</S>
          <S N="IsPrerelease">false</S>
          <S N="ItemType">Module</S>
          <S N="FileList">OCI.PSModules.Ocvp.nuspec|THIRD_PARTY_LICENSES.txt|OCI.PSModules.Ocvp.dll-Help.xml|LICENSE.txt|OCI.PSModules.Ocvp.psd1|assemblies\OCI.DotNetSDK.Ocvp.dll|assemblies\OCI.PSModules.Ocvp.dll</S>
          <S N="GUID">05a069dc-62d0-41ee-b47b-3fe73fff277d</S>
          <S N="PowerShellVersion">6.0</S>
          <S N="CompanyName">Oracle Corporation</S>
        </MS>
      </Obj>
      <S N="InstalledLocation">C:\Program Files\PowerShell\Modules1\OCI.PSModules.Ocvp\95.1.0</S>
    </MS>
  </Obj>
</Objs>
