<Objs Version="1.1.0.1" xmlns="http://schemas.microsoft.com/powershell/2004/04">
  <Obj RefId="0">
    <TN RefId="0">
      <T>Microsoft.PowerShell.Commands.PSRepositoryItemInfo</T>
      <T>System.Management.Automation.PSCustomObject</T>
      <T>System.Object</T>
    </TN>
    <MS>
      <S N="Name">OCI.PSModules.Email</S>
      <S N="Version">95.1.0</S>
      <S N="Type">Module</S>
      <S N="Description">This modules provides Cmdlets for OCI Email Service</S>
      <S N="Author">Oracle Cloud Infrastructure</S>
      <S N="CompanyName">oci-psmodules-grp</S>
      <S N="Copyright">(c) Oracle Cloud Infrastructure. All rights reserved.</S>
      <DT N="PublishedDate">2024-11-12T18:47:10+02:00</DT>
      <Nil N="InstalledDate" />
      <Nil N="UpdatedDate" />
      <URI N="LicenseUri">https://github.com/oracle/oci-powershell-modules/blob/master/LICENSE.txt</URI>
      <URI N="ProjectUri">https://github.com/oracle/oci-powershell-modules/</URI>
      <URI N="IconUri">https://github.com/oracle/oci-powershell-modules/blob/master/icon.png</URI>
      <Obj N="Tags" RefId="1">
        <TN RefId="1">
          <T>System.Object[]</T>
          <T>System.Array</T>
          <T>System.Object</T>
        </TN>
        <LST>
          <S>PSEdition_Core</S>
          <S>Windows</S>
          <S>Linux</S>
          <S>macOS</S>
          <S>Oracle</S>
          <S>OCI</S>
          <S>Cloud</S>
          <S>OracleCloudInfrastructure</S>
          <S>Email</S>
          <S>PSModule</S>
        </LST>
      </Obj>
      <Obj N="Includes" RefId="2">
        <TN RefId="2">
          <T>System.Collections.Hashtable</T>
          <T>System.Object</T>
        </TN>
        <DCT>
          <En>
            <S N="Key">Function</S>
            <Obj N="Value" RefId="3">
              <TNRef RefId="1" />
              <LST />
            </Obj>
          </En>
          <En>
            <S N="Key">Workflow</S>
            <Ref N="Value" RefId="3" />
          </En>
          <En>
            <S N="Key">DscResource</S>
            <Ref N="Value" RefId="3" />
          </En>
          <En>
            <S N="Key">RoleCapability</S>
            <Ref N="Value" RefId="3" />
          </En>
          <En>
            <S N="Key">Command</S>
            <Obj N="Value" RefId="4">
              <TNRef RefId="1" />
              <LST>
                <S>Get-OCIEmailConfiguration</S>
                <S>Get-OCIEmailDkim</S>
                <S>Get-OCIEmailDkimsList</S>
                <S>Get-OCIEmailDomain</S>
                <S>Get-OCIEmailDomainsList</S>
                <S>Get-OCIEmailReturnPath</S>
                <S>Get-OCIEmailReturnPathsList</S>
                <S>Get-OCIEmailSender</S>
                <S>Get-OCIEmailSendersList</S>
                <S>Get-OCIEmailSuppression</S>
                <S>Get-OCIEmailSuppressionsList</S>
                <S>Get-OCIEmailWorkRequest</S>
                <S>Get-OCIEmailWorkRequestErrorsList</S>
                <S>Get-OCIEmailWorkRequestLogsList</S>
                <S>Get-OCIEmailWorkRequestsList</S>
                <S>Move-OCIEmailDomainCompartment</S>
                <S>Move-OCIEmailSenderCompartment</S>
                <S>New-OCIEmailDkim</S>
                <S>New-OCIEmailDomain</S>
                <S>New-OCIEmailReturnPath</S>
                <S>New-OCIEmailSender</S>
                <S>New-OCIEmailSuppression</S>
                <S>Remove-OCIEmailDkim</S>
                <S>Remove-OCIEmailDomain</S>
                <S>Remove-OCIEmailReturnPath</S>
                <S>Remove-OCIEmailSender</S>
                <S>Remove-OCIEmailSuppression</S>
                <S>Update-OCIEmailDkim</S>
                <S>Update-OCIEmailDomain</S>
                <S>Update-OCIEmailReturnPath</S>
                <S>Update-OCIEmailSender</S>
              </LST>
            </Obj>
          </En>
          <En>
            <S N="Key">Cmdlet</S>
            <Obj N="Value" RefId="5">
              <TNRef RefId="1" />
              <LST>
                <S>Get-OCIEmailConfiguration</S>
                <S>Get-OCIEmailDkim</S>
                <S>Get-OCIEmailDkimsList</S>
                <S>Get-OCIEmailDomain</S>
                <S>Get-OCIEmailDomainsList</S>
                <S>Get-OCIEmailReturnPath</S>
                <S>Get-OCIEmailReturnPathsList</S>
                <S>Get-OCIEmailSender</S>
                <S>Get-OCIEmailSendersList</S>
                <S>Get-OCIEmailSuppression</S>
                <S>Get-OCIEmailSuppressionsList</S>
                <S>Get-OCIEmailWorkRequest</S>
                <S>Get-OCIEmailWorkRequestErrorsList</S>
                <S>Get-OCIEmailWorkRequestLogsList</S>
                <S>Get-OCIEmailWorkRequestsList</S>
                <S>Move-OCIEmailDomainCompartment</S>
                <S>Move-OCIEmailSenderCompartment</S>
                <S>New-OCIEmailDkim</S>
                <S>New-OCIEmailDomain</S>
                <S>New-OCIEmailReturnPath</S>
                <S>New-OCIEmailSender</S>
                <S>New-OCIEmailSuppression</S>
                <S>Remove-OCIEmailDkim</S>
                <S>Remove-OCIEmailDomain</S>
                <S>Remove-OCIEmailReturnPath</S>
                <S>Remove-OCIEmailSender</S>
                <S>Remove-OCIEmailSuppression</S>
                <S>Update-OCIEmailDkim</S>
                <S>Update-OCIEmailDomain</S>
                <S>Update-OCIEmailReturnPath</S>
                <S>Update-OCIEmailSender</S>
              </LST>
            </Obj>
          </En>
        </DCT>
      </Obj>
      <Nil N="PowerShellGetFormatVersion" />
      <S N="ReleaseNotes">https://github.com/oracle/oci-powershell-modules/blob/master/CHANGELOG.md</S>
      <Obj N="Dependencies" RefId="6">
        <TNRef RefId="1" />
        <LST>
          <Obj RefId="7">
            <TN RefId="3">
              <T>System.Collections.Specialized.OrderedDictionary</T>
              <T>System.Object</T>
            </TN>
            <DCT>
              <En>
                <S N="Key">Name</S>
                <S N="Value">OCI.PSModules.Common</S>
              </En>
              <En>
                <S N="Key">RequiredVersion</S>
                <S N="Value">95.1.0</S>
              </En>
              <En>
                <S N="Key">CanonicalId</S>
                <S N="Value">nuget:OCI.PSModules.Common/[95.1.0]</S>
              </En>
            </DCT>
          </Obj>
        </LST>
      </Obj>
      <S N="RepositorySourceLocation">https://www.powershellgallery.com/api/v2</S>
      <S N="Repository">PSGallery</S>
      <S N="PackageManagementProvider">NuGet</S>
      <Obj N="AdditionalMetadata" RefId="8">
        <TN RefId="4">
          <T>System.Management.Automation.PSCustomObject</T>
          <T>System.Object</T>
        </TN>
        <MS>
          <S N="copyright">(c) Oracle Cloud Infrastructure. All rights reserved.</S>
          <S N="description">This modules provides Cmdlets for OCI Email Service</S>
          <S N="requireLicenseAcceptance">False</S>
          <S N="releaseNotes">https://github.com/oracle/oci-powershell-modules/blob/master/CHANGELOG.md</S>
          <S N="isLatestVersion">True</S>
          <S N="isAbsoluteLatestVersion">True</S>
          <S N="versionDownloadCount">304</S>
          <S N="downloadCount">9274</S>
          <S N="packageSize">132647</S>
          <S N="published">11/12/2024 6:47:10 PM +02:00</S>
          <S N="created">11/12/2024 6:47:10 PM +02:00</S>
          <S N="lastUpdated">12/8/2024 9:30:00 PM +02:00</S>
          <S N="tags">PSEdition_Core Windows Linux macOS Oracle OCI Cloud OracleCloudInfrastructure Email PSModule PSCmdlet_Get-OCIEmailConfiguration PSCommand_Get-OCIEmailConfiguration PSCmdlet_Get-OCIEmailDkim PSCommand_Get-OCIEmailDkim PSCmdlet_Get-OCIEmailDkimsList PSCommand_Get-OCIEmailDkimsList PSCmdlet_Get-OCIEmailDomain PSCommand_Get-OCIEmailDomain PSCmdlet_Get-OCIEmailDomainsList PSCommand_Get-OCIEmailDomainsList PSCmdlet_Get-OCIEmailReturnPath PSCommand_Get-OCIEmailReturnPath PSCmdlet_Get-OCIEmailReturnPathsList PSCommand_Get-OCIEmailReturnPathsList PSCmdlet_Get-OCIEmailSender PSCommand_Get-OCIEmailSender PSCmdlet_Get-OCIEmailSendersList PSCommand_Get-OCIEmailSendersList PSCmdlet_Get-OCIEmailSuppression PSCommand_Get-OCIEmailSuppression PSCmdlet_Get-OCIEmailSuppressionsList PSCommand_Get-OCIEmailSuppressionsList PSCmdlet_Get-OCIEmailWorkRequest PSCommand_Get-OCIEmailWorkRequest PSCmdlet_Get-OCIEmailWorkRequestErrorsList PSCommand_Get-OCIEmailWorkRequestErrorsList PSCmdlet_Get-OCIEmailWorkRequestLogsList PSCommand_Get-OCIEmailWorkRequestLogsList PSCmdlet_Get-OCIEmailWorkRequestsList PSCommand_Get-OCIEmailWorkRequestsList PSCmdlet_Move-OCIEmailDomainCompartment PSCommand_Move-OCIEmailDomainCompartment PSCmdlet_Move-OCIEmailSenderCompartment PSCommand_Move-OCIEmailSenderCompartment PSCmdlet_New-OCIEmailDkim PSCommand_New-OCIEmailDkim PSCmdlet_New-OCIEmailDomain PSCommand_New-OCIEmailDomain PSCmdlet_New-OCIEmailReturnPath PSCommand_New-OCIEmailReturnPath PSCmdlet_New-OCIEmailSender PSCommand_New-OCIEmailSender PSCmdlet_New-OCIEmailSuppression PSCommand_New-OCIEmailSuppression PSCmdlet_Remove-OCIEmailDkim PSCommand_Remove-OCIEmailDkim PSCmdlet_Remove-OCIEmailDomain PSCommand_Remove-OCIEmailDomain PSCmdlet_Remove-OCIEmailReturnPath PSCommand_Remove-OCIEmailReturnPath PSCmdlet_Remove-OCIEmailSender PSCommand_Remove-OCIEmailSender PSCmdlet_Remove-OCIEmailSuppression PSCommand_Remove-OCIEmailSuppression PSCmdlet_Update-OCIEmailDkim PSCommand_Update-OCIEmailDkim PSCmdlet_Update-OCIEmailDomain PSCommand_Update-OCIEmailDomain PSCmdlet_Update-OCIEmailReturnPath PSCommand_Update-OCIEmailReturnPath PSCmdlet_Update-OCIEmailSender PSCommand_Update-OCIEmailSender PSIncludes_Cmdlet</S>
          <S N="developmentDependency">False</S>
          <S N="updated">2024-12-08T21:30:00Z</S>
          <S N="NormalizedVersion">95.1.0</S>
          <S N="Authors">Oracle Cloud Infrastructure</S>
          <S N="IsPrerelease">false</S>
          <S N="ItemType">Module</S>
          <S N="FileList">OCI.PSModules.Email.nuspec|OCI.PSModules.Email.dll-Help.xml|THIRD_PARTY_LICENSES.txt|OCI.PSModules.Email.psd1|LICENSE.txt|assemblies\OCI.PSModules.Email.dll|assemblies\OCI.DotNetSDK.Email.dll</S>
          <S N="GUID">f1bd31ba-98e7-4163-b9d9-5016214290ab</S>
          <S N="PowerShellVersion">6.0</S>
          <S N="CompanyName">Oracle Corporation</S>
        </MS>
      </Obj>
      <S N="InstalledLocation">C:\Users\MarcoFekry\Downloads\OCI.PSModules\OCI.PSModules.Email\95.1.0</S>
    </MS>
  </Obj>
</Objs>
