<?xml version="1.0"?>
<doc>
    <assembly>
        <name>AWS.Tools.Chatbot</name>
    </assembly>
    <members>
        <member name="T:Amazon.PowerShell.Cmdlets.CHAT.AddCHATResourceTagCmdlet">
            <summary>
            Attaches a key-value pair to a resource, as identified by its Amazon Resource Name
            (ARN). Resources are users, servers, roles, and other entities.
            </summary>
        </member>
        <member name="P:Amazon.PowerShell.Cmdlets.CHAT.AddCHATResourceTagCmdlet.ResourceARN">
            <summary>
            <para>
            <para>The ARN of the configuration.</para>
            </para>
            </summary>
        </member>
        <member name="P:Amazon.PowerShell.Cmdlets.CHAT.AddCHATResourceTagCmdlet.Tag">
            <summary>
            <para>
            <para>A list of tags to apply to the configuration.</para>
            </para>
            </summary>
        </member>
        <member name="P:Amazon.PowerShell.Cmdlets.CHAT.AddCHATResourceTagCmdlet.Select">
            <summary>
            Use the -Select parameter to control the cmdlet output. The cmdlet doesn't have a return value by default.
            Specifying -Select '*' will result in the cmdlet returning the whole service response (Amazon.Chatbot.Model.TagResourceResponse).
            Specifying -Select '^ParameterName' will result in the cmdlet returning the selected cmdlet parameter value.
            </summary>
        </member>
        <member name="P:Amazon.PowerShell.Cmdlets.CHAT.AddCHATResourceTagCmdlet.PassThru">
            <summary>
            Changes the cmdlet behavior to return the value passed to the ResourceARN parameter.
            The -PassThru parameter is deprecated, use -Select '^ResourceARN' instead. This parameter will be removed in a future version.
            </summary>
        </member>
        <member name="P:Amazon.PowerShell.Cmdlets.CHAT.AddCHATResourceTagCmdlet.Force">
            <summary>
            This parameter overrides confirmation prompts to force 
            the cmdlet to continue its operation. This parameter should always
            be used with caution.
            </summary>
        </member>
        <member name="T:Amazon.PowerShell.Cmdlets.CHAT.GetCHATAccountPreferenceCmdlet">
            <summary>
            Returns AWS Chatbot account preferences.
            </summary>
        </member>
        <member name="P:Amazon.PowerShell.Cmdlets.CHAT.GetCHATAccountPreferenceCmdlet.Select">
            <summary>
            Use the -Select parameter to control the cmdlet output. The default value is 'AccountPreferences'.
            Specifying -Select '*' will result in the cmdlet returning the whole service response (Amazon.Chatbot.Model.GetAccountPreferencesResponse).
            Specifying the name of a property of type Amazon.Chatbot.Model.GetAccountPreferencesResponse will result in that property being returned.
            Specifying -Select '^ParameterName' will result in the cmdlet returning the selected cmdlet parameter value.
            </summary>
        </member>
        <member name="T:Amazon.PowerShell.Cmdlets.CHAT.GetCHATAssociationListCmdlet">
            <summary>
            Lists resources associated with a channel configuration.
            </summary>
        </member>
        <member name="P:Amazon.PowerShell.Cmdlets.CHAT.GetCHATAssociationListCmdlet.ChatConfiguration">
            <summary>
            <para>
            <para>The channel configuration to list associations for.</para>
            </para>
            </summary>
        </member>
        <member name="P:Amazon.PowerShell.Cmdlets.CHAT.GetCHATAssociationListCmdlet.MaxResult">
            <summary>
            <para>
            <para>The maximum number of results to include in the response. If more results exist than
            the specified MaxResults value, a token is included in the response so that the remaining
            results can be retrieved.</para>
            </para>
            </summary>
        </member>
        <member name="P:Amazon.PowerShell.Cmdlets.CHAT.GetCHATAssociationListCmdlet.NextToken">
            <summary>
            <para>
            <para>An optional token returned from a prior request. Use this token for pagination of
            results from this action. If this parameter is specified, the response includes only
            results beyond the token, up to the value specified by MaxResults.</para>
            </para>
            </summary>
        </member>
        <member name="P:Amazon.PowerShell.Cmdlets.CHAT.GetCHATAssociationListCmdlet.Select">
            <summary>
            Use the -Select parameter to control the cmdlet output. The default value is 'Associations'.
            Specifying -Select '*' will result in the cmdlet returning the whole service response (Amazon.Chatbot.Model.ListAssociationsResponse).
            Specifying the name of a property of type Amazon.Chatbot.Model.ListAssociationsResponse will result in that property being returned.
            Specifying -Select '^ParameterName' will result in the cmdlet returning the selected cmdlet parameter value.
            </summary>
        </member>
        <member name="T:Amazon.PowerShell.Cmdlets.CHAT.GetCHATChimeWebhookConfigurationCmdlet">
            <summary>
            Lists Amazon Chime webhook configurations optionally filtered by ChatConfigurationArn
            </summary>
        </member>
        <member name="P:Amazon.PowerShell.Cmdlets.CHAT.GetCHATChimeWebhookConfigurationCmdlet.ChatConfigurationArn">
            <summary>
            <para>
            <para>An optional Amazon Resource Name (ARN) of a ChimeWebhookConfiguration to describe.</para>
            </para>
            </summary>
        </member>
        <member name="P:Amazon.PowerShell.Cmdlets.CHAT.GetCHATChimeWebhookConfigurationCmdlet.MaxResult">
            <summary>
            <para>
            <para>The maximum number of results to include in the response. If more results exist than
            the specified MaxResults value, a token is included in the response so that the remaining
            results can be retrieved. </para>
            </para>
            </summary>
        </member>
        <member name="P:Amazon.PowerShell.Cmdlets.CHAT.GetCHATChimeWebhookConfigurationCmdlet.NextToken">
            <summary>
            <para>
            <para>An optional token returned from a prior request. Use this token for pagination of
            results from this action. If this parameter is specified, the response includes only
            results beyond the token, up to the value specified by MaxResults. </para>
            </para>
            </summary>
        </member>
        <member name="P:Amazon.PowerShell.Cmdlets.CHAT.GetCHATChimeWebhookConfigurationCmdlet.Select">
            <summary>
            Use the -Select parameter to control the cmdlet output. The default value is 'WebhookConfigurations'.
            Specifying -Select '*' will result in the cmdlet returning the whole service response (Amazon.Chatbot.Model.DescribeChimeWebhookConfigurationsResponse).
            Specifying the name of a property of type Amazon.Chatbot.Model.DescribeChimeWebhookConfigurationsResponse will result in that property being returned.
            Specifying -Select '^ParameterName' will result in the cmdlet returning the selected cmdlet parameter value.
            </summary>
        </member>
        <member name="P:Amazon.PowerShell.Cmdlets.CHAT.GetCHATChimeWebhookConfigurationCmdlet.PassThru">
            <summary>
            Changes the cmdlet behavior to return the value passed to the ChatConfigurationArn parameter.
            The -PassThru parameter is deprecated, use -Select '^ChatConfigurationArn' instead. This parameter will be removed in a future version.
            </summary>
        </member>
        <member name="T:Amazon.PowerShell.Cmdlets.CHAT.GetCHATCustomActionCmdlet">
            <summary>
            Returns a custom action.
            </summary>
        </member>
        <member name="P:Amazon.PowerShell.Cmdlets.CHAT.GetCHATCustomActionCmdlet.CustomActionArn">
            <summary>
            <para>
            <para>Returns the fully defined Amazon Resource Name (ARN) of the custom action.</para>
            </para>
            </summary>
        </member>
        <member name="P:Amazon.PowerShell.Cmdlets.CHAT.GetCHATCustomActionCmdlet.Select">
            <summary>
            Use the -Select parameter to control the cmdlet output. The default value is 'CustomAction'.
            Specifying -Select '*' will result in the cmdlet returning the whole service response (Amazon.Chatbot.Model.GetCustomActionResponse).
            Specifying the name of a property of type Amazon.Chatbot.Model.GetCustomActionResponse will result in that property being returned.
            Specifying -Select '^ParameterName' will result in the cmdlet returning the selected cmdlet parameter value.
            </summary>
        </member>
        <member name="P:Amazon.PowerShell.Cmdlets.CHAT.GetCHATCustomActionCmdlet.PassThru">
            <summary>
            Changes the cmdlet behavior to return the value passed to the CustomActionArn parameter.
            The -PassThru parameter is deprecated, use -Select '^CustomActionArn' instead. This parameter will be removed in a future version.
            </summary>
        </member>
        <member name="T:Amazon.PowerShell.Cmdlets.CHAT.GetCHATCustomActionListCmdlet">
            <summary>
            Lists custom actions defined in this account.
            </summary>
        </member>
        <member name="P:Amazon.PowerShell.Cmdlets.CHAT.GetCHATCustomActionListCmdlet.MaxResult">
            <summary>
            <para>
            <para>The maximum number of results to include in the response. If more results exist than
            the specified MaxResults value, a token is included in the response so that the remaining
            results can be retrieved.</para>
            </para>
            </summary>
        </member>
        <member name="P:Amazon.PowerShell.Cmdlets.CHAT.GetCHATCustomActionListCmdlet.NextToken">
            <summary>
            <para>
            <para>An optional token returned from a prior request. Use this token for pagination of
            results from this action. If this parameter is specified, the response includes only
            results beyond the token, up to the value specified by MaxResults.</para>
            </para>
            </summary>
        </member>
        <member name="P:Amazon.PowerShell.Cmdlets.CHAT.GetCHATCustomActionListCmdlet.Select">
            <summary>
            Use the -Select parameter to control the cmdlet output. The default value is 'CustomActions'.
            Specifying -Select '*' will result in the cmdlet returning the whole service response (Amazon.Chatbot.Model.ListCustomActionsResponse).
            Specifying the name of a property of type Amazon.Chatbot.Model.ListCustomActionsResponse will result in that property being returned.
            Specifying -Select '^ParameterName' will result in the cmdlet returning the selected cmdlet parameter value.
            </summary>
        </member>
        <member name="T:Amazon.PowerShell.Cmdlets.CHAT.GetCHATMicrosoftTeamsChannelConfigurationCmdlet">
            <summary>
            Returns a Microsoft Teams channel configuration in an AWS account.
            </summary>
        </member>
        <member name="P:Amazon.PowerShell.Cmdlets.CHAT.GetCHATMicrosoftTeamsChannelConfigurationCmdlet.ChatConfigurationArn">
            <summary>
            <para>
            <para>The Amazon Resource Name (ARN) of the MicrosoftTeamsChannelConfiguration to retrieve.</para>
            </para>
            </summary>
        </member>
        <member name="P:Amazon.PowerShell.Cmdlets.CHAT.GetCHATMicrosoftTeamsChannelConfigurationCmdlet.Select">
            <summary>
            Use the -Select parameter to control the cmdlet output. The default value is 'ChannelConfiguration'.
            Specifying -Select '*' will result in the cmdlet returning the whole service response (Amazon.Chatbot.Model.GetMicrosoftTeamsChannelConfigurationResponse).
            Specifying the name of a property of type Amazon.Chatbot.Model.GetMicrosoftTeamsChannelConfigurationResponse will result in that property being returned.
            Specifying -Select '^ParameterName' will result in the cmdlet returning the selected cmdlet parameter value.
            </summary>
        </member>
        <member name="P:Amazon.PowerShell.Cmdlets.CHAT.GetCHATMicrosoftTeamsChannelConfigurationCmdlet.PassThru">
            <summary>
            Changes the cmdlet behavior to return the value passed to the ChatConfigurationArn parameter.
            The -PassThru parameter is deprecated, use -Select '^ChatConfigurationArn' instead. This parameter will be removed in a future version.
            </summary>
        </member>
        <member name="T:Amazon.PowerShell.Cmdlets.CHAT.GetCHATMicrosoftTeamsChannelConfigurationListCmdlet">
            <summary>
            Lists all AWS Chatbot Microsoft Teams channel configurations in an AWS account.
            </summary>
        </member>
        <member name="P:Amazon.PowerShell.Cmdlets.CHAT.GetCHATMicrosoftTeamsChannelConfigurationListCmdlet.TeamId">
            <summary>
            <para>
            <para> The ID of the Microsoft Teams authorized with AWS Chatbot.</para><para>To get the team ID, you must perform the initial authorization flow with Microsoft
            Teams in the AWS Chatbot console. Then you can copy and paste the team ID from the
            console. For more information, see <a href="https://docs.aws.amazon.com/chatbot/latest/adminguide/teams-setup.html#teams-client-setup">Step
            1: Configure a Microsoft Teams client</a> in the <i> AWS Chatbot Administrator Guide</i>.
            </para>
            </para>
            </summary>
        </member>
        <member name="P:Amazon.PowerShell.Cmdlets.CHAT.GetCHATMicrosoftTeamsChannelConfigurationListCmdlet.MaxResult">
            <summary>
            <para>
            <para>The maximum number of results to include in the response. If more results exist than
            the specified MaxResults value, a token is included in the response so that the remaining
            results can be retrieved.</para>
            </para>
            </summary>
        </member>
        <member name="P:Amazon.PowerShell.Cmdlets.CHAT.GetCHATMicrosoftTeamsChannelConfigurationListCmdlet.NextToken">
            <summary>
            <para>
            <para>An optional token returned from a prior request. Use this token for pagination of
            results from this action. If this parameter is specified, the response includes only
            results beyond the token, up to the value specified by MaxResults.</para>
            </para>
            </summary>
        </member>
        <member name="P:Amazon.PowerShell.Cmdlets.CHAT.GetCHATMicrosoftTeamsChannelConfigurationListCmdlet.Select">
            <summary>
            Use the -Select parameter to control the cmdlet output. The default value is 'TeamChannelConfigurations'.
            Specifying -Select '*' will result in the cmdlet returning the whole service response (Amazon.Chatbot.Model.ListMicrosoftTeamsChannelConfigurationsResponse).
            Specifying the name of a property of type Amazon.Chatbot.Model.ListMicrosoftTeamsChannelConfigurationsResponse will result in that property being returned.
            Specifying -Select '^ParameterName' will result in the cmdlet returning the selected cmdlet parameter value.
            </summary>
        </member>
        <member name="P:Amazon.PowerShell.Cmdlets.CHAT.GetCHATMicrosoftTeamsChannelConfigurationListCmdlet.PassThru">
            <summary>
            Changes the cmdlet behavior to return the value passed to the TeamId parameter.
            The -PassThru parameter is deprecated, use -Select '^TeamId' instead. This parameter will be removed in a future version.
            </summary>
        </member>
        <member name="T:Amazon.PowerShell.Cmdlets.CHAT.GetCHATMicrosoftTeamsConfiguredTeamListCmdlet">
            <summary>
            Lists all authorized Microsoft Teams for an AWS Account
            </summary>
        </member>
        <member name="P:Amazon.PowerShell.Cmdlets.CHAT.GetCHATMicrosoftTeamsConfiguredTeamListCmdlet.MaxResult">
            <summary>
            <para>
            <para>The maximum number of results to include in the response. If more results exist than
            the specified MaxResults value, a token is included in the response so that the remaining
            results can be retrieved.</para>
            </para>
            </summary>
        </member>
        <member name="P:Amazon.PowerShell.Cmdlets.CHAT.GetCHATMicrosoftTeamsConfiguredTeamListCmdlet.NextToken">
            <summary>
            <para>
            <para>An optional token returned from a prior request. Use this token for pagination of
            results from this action. If this parameter is specified, the response includes only
            results beyond the token, up to the value specified by MaxResults.</para>
            </para>
            </summary>
        </member>
        <member name="P:Amazon.PowerShell.Cmdlets.CHAT.GetCHATMicrosoftTeamsConfiguredTeamListCmdlet.Select">
            <summary>
            Use the -Select parameter to control the cmdlet output. The default value is 'ConfiguredTeams'.
            Specifying -Select '*' will result in the cmdlet returning the whole service response (Amazon.Chatbot.Model.ListMicrosoftTeamsConfiguredTeamsResponse).
            Specifying the name of a property of type Amazon.Chatbot.Model.ListMicrosoftTeamsConfiguredTeamsResponse will result in that property being returned.
            Specifying -Select '^ParameterName' will result in the cmdlet returning the selected cmdlet parameter value.
            </summary>
        </member>
        <member name="T:Amazon.PowerShell.Cmdlets.CHAT.GetCHATMicrosoftTeamsUserIdentityListCmdlet">
            <summary>
            A list all Microsoft Teams user identities with a mapped role.
            </summary>
        </member>
        <member name="P:Amazon.PowerShell.Cmdlets.CHAT.GetCHATMicrosoftTeamsUserIdentityListCmdlet.ChatConfigurationArn">
            <summary>
            <para>
            <para>The Amazon Resource Name (ARN) of the MicrosoftTeamsChannelConfiguration associated
            with the user identities to list.</para>
            </para>
            </summary>
        </member>
        <member name="P:Amazon.PowerShell.Cmdlets.CHAT.GetCHATMicrosoftTeamsUserIdentityListCmdlet.MaxResult">
            <summary>
            <para>
            <para>The maximum number of results to include in the response. If more results exist than
            the specified MaxResults value, a token is included in the response so that the remaining
            results can be retrieved. </para>
            </para>
            </summary>
        </member>
        <member name="P:Amazon.PowerShell.Cmdlets.CHAT.GetCHATMicrosoftTeamsUserIdentityListCmdlet.NextToken">
            <summary>
            <para>
            <para>An optional token returned from a prior request. Use this token for pagination of
            results from this action. If this parameter is specified, the response includes only
            results beyond the token, up to the value specified by MaxResults. </para>
            </para>
            </summary>
        </member>
        <member name="P:Amazon.PowerShell.Cmdlets.CHAT.GetCHATMicrosoftTeamsUserIdentityListCmdlet.Select">
            <summary>
            Use the -Select parameter to control the cmdlet output. The default value is 'TeamsUserIdentities'.
            Specifying -Select '*' will result in the cmdlet returning the whole service response (Amazon.Chatbot.Model.ListMicrosoftTeamsUserIdentitiesResponse).
            Specifying the name of a property of type Amazon.Chatbot.Model.ListMicrosoftTeamsUserIdentitiesResponse will result in that property being returned.
            Specifying -Select '^ParameterName' will result in the cmdlet returning the selected cmdlet parameter value.
            </summary>
        </member>
        <member name="P:Amazon.PowerShell.Cmdlets.CHAT.GetCHATMicrosoftTeamsUserIdentityListCmdlet.PassThru">
            <summary>
            Changes the cmdlet behavior to return the value passed to the ChatConfigurationArn parameter.
            The -PassThru parameter is deprecated, use -Select '^ChatConfigurationArn' instead. This parameter will be removed in a future version.
            </summary>
        </member>
        <member name="T:Amazon.PowerShell.Cmdlets.CHAT.GetCHATResourceTagCmdlet">
            <summary>
            Lists all of the tags associated with the Amazon Resource Name (ARN) that you specify.
            The resource can be a user, server, or role.
            </summary>
        </member>
        <member name="P:Amazon.PowerShell.Cmdlets.CHAT.GetCHATResourceTagCmdlet.ResourceARN">
            <summary>
            <para>
            <para>The ARN of the resource to list tags for.</para>
            </para>
            </summary>
        </member>
        <member name="P:Amazon.PowerShell.Cmdlets.CHAT.GetCHATResourceTagCmdlet.Select">
            <summary>
            Use the -Select parameter to control the cmdlet output. The default value is 'Tags'.
            Specifying -Select '*' will result in the cmdlet returning the whole service response (Amazon.Chatbot.Model.ListTagsForResourceResponse).
            Specifying the name of a property of type Amazon.Chatbot.Model.ListTagsForResourceResponse will result in that property being returned.
            Specifying -Select '^ParameterName' will result in the cmdlet returning the selected cmdlet parameter value.
            </summary>
        </member>
        <member name="P:Amazon.PowerShell.Cmdlets.CHAT.GetCHATResourceTagCmdlet.PassThru">
            <summary>
            Changes the cmdlet behavior to return the value passed to the ResourceARN parameter.
            The -PassThru parameter is deprecated, use -Select '^ResourceARN' instead. This parameter will be removed in a future version.
            </summary>
        </member>
        <member name="T:Amazon.PowerShell.Cmdlets.CHAT.GetCHATSlackChannelConfigurationCmdlet">
            <summary>
            Lists Slack channel configurations optionally filtered by ChatConfigurationArn
            </summary>
        </member>
        <member name="P:Amazon.PowerShell.Cmdlets.CHAT.GetCHATSlackChannelConfigurationCmdlet.ChatConfigurationArn">
            <summary>
            <para>
            <para>An optional Amazon Resource Name (ARN) of a SlackChannelConfiguration to describe.</para>
            </para>
            </summary>
        </member>
        <member name="P:Amazon.PowerShell.Cmdlets.CHAT.GetCHATSlackChannelConfigurationCmdlet.MaxResult">
            <summary>
            <para>
            <para>The maximum number of results to include in the response. If more results exist than
            the specified MaxResults value, a token is included in the response so that the remaining
            results can be retrieved. </para>
            </para>
            </summary>
        </member>
        <member name="P:Amazon.PowerShell.Cmdlets.CHAT.GetCHATSlackChannelConfigurationCmdlet.NextToken">
            <summary>
            <para>
            <para> An optional token returned from a prior request. Use this token for pagination of
            results from this action. If this parameter is specified, the response includes only
            results beyond the token, up to the value specified by MaxResults. </para>
            </para>
            </summary>
        </member>
        <member name="P:Amazon.PowerShell.Cmdlets.CHAT.GetCHATSlackChannelConfigurationCmdlet.Select">
            <summary>
            Use the -Select parameter to control the cmdlet output. The default value is 'SlackChannelConfigurations'.
            Specifying -Select '*' will result in the cmdlet returning the whole service response (Amazon.Chatbot.Model.DescribeSlackChannelConfigurationsResponse).
            Specifying the name of a property of type Amazon.Chatbot.Model.DescribeSlackChannelConfigurationsResponse will result in that property being returned.
            Specifying -Select '^ParameterName' will result in the cmdlet returning the selected cmdlet parameter value.
            </summary>
        </member>
        <member name="P:Amazon.PowerShell.Cmdlets.CHAT.GetCHATSlackChannelConfigurationCmdlet.PassThru">
            <summary>
            Changes the cmdlet behavior to return the value passed to the ChatConfigurationArn parameter.
            The -PassThru parameter is deprecated, use -Select '^ChatConfigurationArn' instead. This parameter will be removed in a future version.
            </summary>
        </member>
        <member name="T:Amazon.PowerShell.Cmdlets.CHAT.GetCHATSlackUserIdentityCmdlet">
            <summary>
            Lists all Slack user identities with a mapped role.
            </summary>
        </member>
        <member name="P:Amazon.PowerShell.Cmdlets.CHAT.GetCHATSlackUserIdentityCmdlet.ChatConfigurationArn">
            <summary>
            <para>
            <para>The Amazon Resource Name (ARN) of the SlackChannelConfiguration associated with the
            user identities to describe.</para>
            </para>
            </summary>
        </member>
        <member name="P:Amazon.PowerShell.Cmdlets.CHAT.GetCHATSlackUserIdentityCmdlet.MaxResult">
            <summary>
            <para>
            <para>The maximum number of results to include in the response. If more results exist than
            the specified MaxResults value, a token is included in the response so that the remaining
            results can be retrieved. </para>
            </para>
            </summary>
        </member>
        <member name="P:Amazon.PowerShell.Cmdlets.CHAT.GetCHATSlackUserIdentityCmdlet.NextToken">
            <summary>
            <para>
            <para> An optional token returned from a prior request. Use this token for pagination of
            results from this action. If this parameter is specified, the response includes only
            results beyond the token, up to the value specified by MaxResults. </para>
            </para>
            </summary>
        </member>
        <member name="P:Amazon.PowerShell.Cmdlets.CHAT.GetCHATSlackUserIdentityCmdlet.Select">
            <summary>
            Use the -Select parameter to control the cmdlet output. The default value is 'SlackUserIdentities'.
            Specifying -Select '*' will result in the cmdlet returning the whole service response (Amazon.Chatbot.Model.DescribeSlackUserIdentitiesResponse).
            Specifying the name of a property of type Amazon.Chatbot.Model.DescribeSlackUserIdentitiesResponse will result in that property being returned.
            Specifying -Select '^ParameterName' will result in the cmdlet returning the selected cmdlet parameter value.
            </summary>
        </member>
        <member name="P:Amazon.PowerShell.Cmdlets.CHAT.GetCHATSlackUserIdentityCmdlet.PassThru">
            <summary>
            Changes the cmdlet behavior to return the value passed to the ChatConfigurationArn parameter.
            The -PassThru parameter is deprecated, use -Select '^ChatConfigurationArn' instead. This parameter will be removed in a future version.
            </summary>
        </member>
        <member name="T:Amazon.PowerShell.Cmdlets.CHAT.GetCHATSlackWorkspaceCmdlet">
            <summary>
            List all authorized Slack workspaces connected to the AWS Account onboarded with AWS
            Chatbot.
            </summary>
        </member>
        <member name="P:Amazon.PowerShell.Cmdlets.CHAT.GetCHATSlackWorkspaceCmdlet.MaxResult">
            <summary>
            <para>
            <para>The maximum number of results to include in the response. If more results exist than
            the specified MaxResults value, a token is included in the response so that the remaining
            results can be retrieved. </para>
            </para>
            </summary>
        </member>
        <member name="P:Amazon.PowerShell.Cmdlets.CHAT.GetCHATSlackWorkspaceCmdlet.NextToken">
            <summary>
            <para>
            <para> An optional token returned from a prior request. Use this token for pagination of
            results from this action. If this parameter is specified, the response includes only
            results beyond the token, up to the value specified by MaxResults. </para>
            </para>
            </summary>
        </member>
        <member name="P:Amazon.PowerShell.Cmdlets.CHAT.GetCHATSlackWorkspaceCmdlet.Select">
            <summary>
            Use the -Select parameter to control the cmdlet output. The default value is 'SlackWorkspaces'.
            Specifying -Select '*' will result in the cmdlet returning the whole service response (Amazon.Chatbot.Model.DescribeSlackWorkspacesResponse).
            Specifying the name of a property of type Amazon.Chatbot.Model.DescribeSlackWorkspacesResponse will result in that property being returned.
            Specifying -Select '^ParameterName' will result in the cmdlet returning the selected cmdlet parameter value.
            </summary>
        </member>
        <member name="T:Amazon.PowerShell.Cmdlets.CHAT.NewCHATChimeWebhookConfigurationCmdlet">
            <summary>
            Creates an AWS Chatbot configuration for Amazon Chime.
            </summary>
        </member>
        <member name="P:Amazon.PowerShell.Cmdlets.CHAT.NewCHATChimeWebhookConfigurationCmdlet.ConfigurationName">
            <summary>
            <para>
            <para>The name of the configuration.</para>
            </para>
            </summary>
        </member>
        <member name="P:Amazon.PowerShell.Cmdlets.CHAT.NewCHATChimeWebhookConfigurationCmdlet.IamRoleArn">
            <summary>
            <para>
            <para>A user-defined role that AWS Chatbot assumes. This is not the service-linked role.</para><para>For more information, see <a href="https://docs.aws.amazon.com/chatbot/latest/adminguide/chatbot-iam-policies.html">IAM
            policies for AWS Chatbot</a> in the <i> AWS Chatbot Administrator Guide</i>. </para>
            </para>
            </summary>
        </member>
        <member name="P:Amazon.PowerShell.Cmdlets.CHAT.NewCHATChimeWebhookConfigurationCmdlet.LoggingLevel">
            <summary>
            <para>
            <para>Logging levels include <c>ERROR</c>, <c>INFO</c>, or <c>NONE</c>.</para>
            </para>
            </summary>
        </member>
        <member name="P:Amazon.PowerShell.Cmdlets.CHAT.NewCHATChimeWebhookConfigurationCmdlet.SnsTopicArn">
            <summary>
            <para>
            <para>The Amazon Resource Names (ARNs) of the SNS topics that deliver notifications to AWS
            Chatbot.</para>
            </para>
            </summary>
        </member>
        <member name="P:Amazon.PowerShell.Cmdlets.CHAT.NewCHATChimeWebhookConfigurationCmdlet.Tag">
            <summary>
            <para>
            <para>A map of tags assigned to a resource. A tag is a string-to-string map of key-value
            pairs.</para>
            </para>
            </summary>
        </member>
        <member name="P:Amazon.PowerShell.Cmdlets.CHAT.NewCHATChimeWebhookConfigurationCmdlet.WebhookDescription">
            <summary>
            <para>
            <para>A description of the webhook. We recommend using the convention <c>RoomName/WebhookName</c>.</para><para>For more information, see <a href="https://docs.aws.amazon.com/chatbot/latest/adminguide/chime-setup.html">Tutorial:
            Get started with Amazon Chime</a> in the <i> AWS Chatbot Administrator Guide</i>.
            </para>
            </para>
            </summary>
        </member>
        <member name="P:Amazon.PowerShell.Cmdlets.CHAT.NewCHATChimeWebhookConfigurationCmdlet.WebhookUrl">
            <summary>
            <para>
            <para>The URL for the Amazon Chime webhook.</para>
            </para>
            </summary>
        </member>
        <member name="P:Amazon.PowerShell.Cmdlets.CHAT.NewCHATChimeWebhookConfigurationCmdlet.Select">
            <summary>
            Use the -Select parameter to control the cmdlet output. The default value is 'WebhookConfiguration'.
            Specifying -Select '*' will result in the cmdlet returning the whole service response (Amazon.Chatbot.Model.CreateChimeWebhookConfigurationResponse).
            Specifying the name of a property of type Amazon.Chatbot.Model.CreateChimeWebhookConfigurationResponse will result in that property being returned.
            Specifying -Select '^ParameterName' will result in the cmdlet returning the selected cmdlet parameter value.
            </summary>
        </member>
        <member name="P:Amazon.PowerShell.Cmdlets.CHAT.NewCHATChimeWebhookConfigurationCmdlet.Force">
            <summary>
            This parameter overrides confirmation prompts to force 
            the cmdlet to continue its operation. This parameter should always
            be used with caution.
            </summary>
        </member>
        <member name="T:Amazon.PowerShell.Cmdlets.CHAT.NewCHATCustomActionCmdlet">
            <summary>
            Creates a custom action that can be invoked as an alias or as a button on a notification.
            </summary>
        </member>
        <member name="P:Amazon.PowerShell.Cmdlets.CHAT.NewCHATCustomActionCmdlet.ActionName">
            <summary>
            <para>
            <para>The name of the custom action. This name is included in the Amazon Resource Name (ARN).</para>
            </para>
            </summary>
        </member>
        <member name="P:Amazon.PowerShell.Cmdlets.CHAT.NewCHATCustomActionCmdlet.AliasName">
            <summary>
            <para>
            <para>The name used to invoke this action in a chat channel. For example, <c>@aws run my-alias</c>.</para>
            </para>
            </summary>
        </member>
        <member name="P:Amazon.PowerShell.Cmdlets.CHAT.NewCHATCustomActionCmdlet.Attachment">
            <summary>
            <para>
            <para>Defines when this custom action button should be attached to a notification.</para>
            </para>
            </summary>
        </member>
        <member name="P:Amazon.PowerShell.Cmdlets.CHAT.NewCHATCustomActionCmdlet.Definition_CommandText">
            <summary>
            <para>
            <para>The command string to run which may include variables by prefixing with a dollar sign
            ($).</para>
            </para>
            </summary>
        </member>
        <member name="P:Amazon.PowerShell.Cmdlets.CHAT.NewCHATCustomActionCmdlet.Tag">
            <summary>
            <para>
            <para>A map of tags assigned to a resource. A tag is a string-to-string map of key-value
            pairs.</para>
            </para>
            </summary>
        </member>
        <member name="P:Amazon.PowerShell.Cmdlets.CHAT.NewCHATCustomActionCmdlet.ClientToken">
            <summary>
            <para>
            <para>A unique, case-sensitive identifier that you provide to ensure the idempotency of
            the request. Idempotency ensures that an API request completes only once. With an
            idempotent request, if the original request completes successfully, subsequent retries
            with the same client token returns the result from the original successful request.</para><para>If you do not specify a client token, one is automatically generated by the SDK.</para>
            </para>
            </summary>
        </member>
        <member name="P:Amazon.PowerShell.Cmdlets.CHAT.NewCHATCustomActionCmdlet.Select">
            <summary>
            Use the -Select parameter to control the cmdlet output. The default value is 'CustomActionArn'.
            Specifying -Select '*' will result in the cmdlet returning the whole service response (Amazon.Chatbot.Model.CreateCustomActionResponse).
            Specifying the name of a property of type Amazon.Chatbot.Model.CreateCustomActionResponse will result in that property being returned.
            Specifying -Select '^ParameterName' will result in the cmdlet returning the selected cmdlet parameter value.
            </summary>
        </member>
        <member name="P:Amazon.PowerShell.Cmdlets.CHAT.NewCHATCustomActionCmdlet.Force">
            <summary>
            This parameter overrides confirmation prompts to force 
            the cmdlet to continue its operation. This parameter should always
            be used with caution.
            </summary>
        </member>
        <member name="T:Amazon.PowerShell.Cmdlets.CHAT.NewCHATMicrosoftTeamsChannelConfigurationCmdlet">
            <summary>
            Creates an AWS Chatbot configuration for Microsoft Teams.
            </summary>
        </member>
        <member name="P:Amazon.PowerShell.Cmdlets.CHAT.NewCHATMicrosoftTeamsChannelConfigurationCmdlet.ChannelId">
            <summary>
            <para>
            <para>The ID of the Microsoft Teams channel.</para>
            </para>
            </summary>
        </member>
        <member name="P:Amazon.PowerShell.Cmdlets.CHAT.NewCHATMicrosoftTeamsChannelConfigurationCmdlet.ChannelName">
            <summary>
            <para>
            <para>The name of the Microsoft Teams channel.</para>
            </para>
            </summary>
        </member>
        <member name="P:Amazon.PowerShell.Cmdlets.CHAT.NewCHATMicrosoftTeamsChannelConfigurationCmdlet.ConfigurationName">
            <summary>
            <para>
            <para>The name of the configuration.</para>
            </para>
            </summary>
        </member>
        <member name="P:Amazon.PowerShell.Cmdlets.CHAT.NewCHATMicrosoftTeamsChannelConfigurationCmdlet.GuardrailPolicyArn">
            <summary>
            <para>
            <para>The list of IAM policy ARNs that are applied as channel guardrails. The AWS managed
            <c>AdministratorAccess</c> policy is applied by default if this is not set. </para>
            </para>
            </summary>
        </member>
        <member name="P:Amazon.PowerShell.Cmdlets.CHAT.NewCHATMicrosoftTeamsChannelConfigurationCmdlet.IamRoleArn">
            <summary>
            <para>
            <para>A user-defined role that AWS Chatbot assumes. This is not the service-linked role.</para><para>For more information, see <a href="https://docs.aws.amazon.com/chatbot/latest/adminguide/chatbot-iam-policies.html">IAM
            policies for AWS Chatbot</a> in the <i> AWS Chatbot Administrator Guide</i>. </para>
            </para>
            </summary>
        </member>
        <member name="P:Amazon.PowerShell.Cmdlets.CHAT.NewCHATMicrosoftTeamsChannelConfigurationCmdlet.LoggingLevel">
            <summary>
            <para>
            <para>Logging levels include <c>ERROR</c>, <c>INFO</c>, or <c>NONE</c>.</para>
            </para>
            </summary>
        </member>
        <member name="P:Amazon.PowerShell.Cmdlets.CHAT.NewCHATMicrosoftTeamsChannelConfigurationCmdlet.SnsTopicArn">
            <summary>
            <para>
            <para>The Amazon Resource Names (ARNs) of the SNS topics that deliver notifications to AWS
            Chatbot.</para>
            </para>
            </summary>
        </member>
        <member name="P:Amazon.PowerShell.Cmdlets.CHAT.NewCHATMicrosoftTeamsChannelConfigurationCmdlet.Tag">
            <summary>
            <para>
            <para>A map of tags assigned to a resource. A tag is a string-to-string map of key-value
            pairs.</para>
            </para>
            </summary>
        </member>
        <member name="P:Amazon.PowerShell.Cmdlets.CHAT.NewCHATMicrosoftTeamsChannelConfigurationCmdlet.TeamId">
            <summary>
            <para>
            <para> The ID of the Microsoft Teams authorized with AWS Chatbot.</para><para>To get the team ID, you must perform the initial authorization flow with Microsoft
            Teams in the AWS Chatbot console. Then you can copy and paste the team ID from the
            console. For more information, see <a href="https://docs.aws.amazon.com/chatbot/latest/adminguide/teams-setup.html#teams-client-setup">Step
            1: Configure a Microsoft Teams client</a> in the <i> AWS Chatbot Administrator Guide</i>.
            </para>
            </para>
            </summary>
        </member>
        <member name="P:Amazon.PowerShell.Cmdlets.CHAT.NewCHATMicrosoftTeamsChannelConfigurationCmdlet.TeamName">
            <summary>
            <para>
            <para>The name of the Microsoft Teams Team.</para>
            </para>
            </summary>
        </member>
        <member name="P:Amazon.PowerShell.Cmdlets.CHAT.NewCHATMicrosoftTeamsChannelConfigurationCmdlet.TenantId">
            <summary>
            <para>
            <para>The ID of the Microsoft Teams tenant.</para>
            </para>
            </summary>
        </member>
        <member name="P:Amazon.PowerShell.Cmdlets.CHAT.NewCHATMicrosoftTeamsChannelConfigurationCmdlet.UserAuthorizationRequired">
            <summary>
            <para>
            <para>Enables use of a user role requirement in your chat configuration.</para>
            </para>
            </summary>
        </member>
        <member name="P:Amazon.PowerShell.Cmdlets.CHAT.NewCHATMicrosoftTeamsChannelConfigurationCmdlet.Select">
            <summary>
            Use the -Select parameter to control the cmdlet output. The default value is 'ChannelConfiguration'.
            Specifying -Select '*' will result in the cmdlet returning the whole service response (Amazon.Chatbot.Model.CreateMicrosoftTeamsChannelConfigurationResponse).
            Specifying the name of a property of type Amazon.Chatbot.Model.CreateMicrosoftTeamsChannelConfigurationResponse will result in that property being returned.
            Specifying -Select '^ParameterName' will result in the cmdlet returning the selected cmdlet parameter value.
            </summary>
        </member>
        <member name="P:Amazon.PowerShell.Cmdlets.CHAT.NewCHATMicrosoftTeamsChannelConfigurationCmdlet.Force">
            <summary>
            This parameter overrides confirmation prompts to force 
            the cmdlet to continue its operation. This parameter should always
            be used with caution.
            </summary>
        </member>
        <member name="T:Amazon.PowerShell.Cmdlets.CHAT.NewCHATSlackChannelConfigurationCmdlet">
            <summary>
            Creates an AWS Chatbot confugration for Slack.
            </summary>
        </member>
        <member name="P:Amazon.PowerShell.Cmdlets.CHAT.NewCHATSlackChannelConfigurationCmdlet.ConfigurationName">
            <summary>
            <para>
            <para>The name of the configuration.</para>
            </para>
            </summary>
        </member>
        <member name="P:Amazon.PowerShell.Cmdlets.CHAT.NewCHATSlackChannelConfigurationCmdlet.GuardrailPolicyArn">
            <summary>
            <para>
            <para>The list of IAM policy ARNs that are applied as channel guardrails. The AWS managed
            <c>AdministratorAccess</c> policy is applied by default if this is not set. </para>
            </para>
            </summary>
        </member>
        <member name="P:Amazon.PowerShell.Cmdlets.CHAT.NewCHATSlackChannelConfigurationCmdlet.IamRoleArn">
            <summary>
            <para>
            <para>A user-defined role that AWS Chatbot assumes. This is not the service-linked role.</para><para>For more information, see <a href="https://docs.aws.amazon.com/chatbot/latest/adminguide/chatbot-iam-policies.html">IAM
            policies for AWS Chatbot</a> in the <i> AWS Chatbot Administrator Guide</i>. </para>
            </para>
            </summary>
        </member>
        <member name="P:Amazon.PowerShell.Cmdlets.CHAT.NewCHATSlackChannelConfigurationCmdlet.LoggingLevel">
            <summary>
            <para>
            <para>Logging levels include <c>ERROR</c>, <c>INFO</c>, or <c>NONE</c>.</para>
            </para>
            </summary>
        </member>
        <member name="P:Amazon.PowerShell.Cmdlets.CHAT.NewCHATSlackChannelConfigurationCmdlet.SlackChannelId">
            <summary>
            <para>
            <para>The ID of the Slack channel.</para><para>To get this ID, open Slack, right click on the channel name in the left pane, then
            choose Copy Link. The channel ID is the 9-character string at the end of the URL.
            For example, ABCBBLZZZ. </para>
            </para>
            </summary>
        </member>
        <member name="P:Amazon.PowerShell.Cmdlets.CHAT.NewCHATSlackChannelConfigurationCmdlet.SlackChannelName">
            <summary>
            <para>
            <para>The name of the Slack channel.</para>
            </para>
            </summary>
        </member>
        <member name="P:Amazon.PowerShell.Cmdlets.CHAT.NewCHATSlackChannelConfigurationCmdlet.SlackTeamId">
            <summary>
            <para>
            <para>The ID of the Slack workspace authorized with AWS Chatbot.</para>
            </para>
            </summary>
        </member>
        <member name="P:Amazon.PowerShell.Cmdlets.CHAT.NewCHATSlackChannelConfigurationCmdlet.SnsTopicArn">
            <summary>
            <para>
            <para>The Amazon Resource Names (ARNs) of the SNS topics that deliver notifications to AWS
            Chatbot.</para>
            </para>
            </summary>
        </member>
        <member name="P:Amazon.PowerShell.Cmdlets.CHAT.NewCHATSlackChannelConfigurationCmdlet.Tag">
            <summary>
            <para>
            <para>A map of tags assigned to a resource. A tag is a string-to-string map of key-value
            pairs.</para>
            </para>
            </summary>
        </member>
        <member name="P:Amazon.PowerShell.Cmdlets.CHAT.NewCHATSlackChannelConfigurationCmdlet.UserAuthorizationRequired">
            <summary>
            <para>
            <para>Enables use of a user role requirement in your chat configuration.</para>
            </para>
            </summary>
        </member>
        <member name="P:Amazon.PowerShell.Cmdlets.CHAT.NewCHATSlackChannelConfigurationCmdlet.Select">
            <summary>
            Use the -Select parameter to control the cmdlet output. The default value is 'ChannelConfiguration'.
            Specifying -Select '*' will result in the cmdlet returning the whole service response (Amazon.Chatbot.Model.CreateSlackChannelConfigurationResponse).
            Specifying the name of a property of type Amazon.Chatbot.Model.CreateSlackChannelConfigurationResponse will result in that property being returned.
            Specifying -Select '^ParameterName' will result in the cmdlet returning the selected cmdlet parameter value.
            </summary>
        </member>
        <member name="P:Amazon.PowerShell.Cmdlets.CHAT.NewCHATSlackChannelConfigurationCmdlet.Force">
            <summary>
            This parameter overrides confirmation prompts to force 
            the cmdlet to continue its operation. This parameter should always
            be used with caution.
            </summary>
        </member>
        <member name="T:Amazon.PowerShell.Cmdlets.CHAT.RegisterCHATAssociationCmdlet">
            <summary>
            Links a resource (for example, a custom action) to a channel configuration.
            </summary>
        </member>
        <member name="P:Amazon.PowerShell.Cmdlets.CHAT.RegisterCHATAssociationCmdlet.ChatConfiguration">
            <summary>
            <para>
            <para>The channel configuration to associate with the resource.</para>
            </para>
            </summary>
        </member>
        <member name="P:Amazon.PowerShell.Cmdlets.CHAT.RegisterCHATAssociationCmdlet.Resource">
            <summary>
            <para>
            <para>The resource Amazon Resource Name (ARN) to link.</para>
            </para>
            </summary>
        </member>
        <member name="P:Amazon.PowerShell.Cmdlets.CHAT.RegisterCHATAssociationCmdlet.Select">
            <summary>
            Use the -Select parameter to control the cmdlet output. The cmdlet doesn't have a return value by default.
            Specifying -Select '*' will result in the cmdlet returning the whole service response (Amazon.Chatbot.Model.AssociateToConfigurationResponse).
            Specifying -Select '^ParameterName' will result in the cmdlet returning the selected cmdlet parameter value.
            </summary>
        </member>
        <member name="P:Amazon.PowerShell.Cmdlets.CHAT.RegisterCHATAssociationCmdlet.Force">
            <summary>
            This parameter overrides confirmation prompts to force 
            the cmdlet to continue its operation. This parameter should always
            be used with caution.
            </summary>
        </member>
        <member name="T:Amazon.PowerShell.Cmdlets.CHAT.RemoveCHATChimeWebhookConfigurationCmdlet">
            <summary>
            Deletes a Amazon Chime webhook configuration for AWS Chatbot.
            </summary>
        </member>
        <member name="P:Amazon.PowerShell.Cmdlets.CHAT.RemoveCHATChimeWebhookConfigurationCmdlet.ChatConfigurationArn">
            <summary>
            <para>
            <para>The Amazon Resource Name (ARN) of the ChimeWebhookConfiguration to delete.</para>
            </para>
            </summary>
        </member>
        <member name="P:Amazon.PowerShell.Cmdlets.CHAT.RemoveCHATChimeWebhookConfigurationCmdlet.Select">
            <summary>
            Use the -Select parameter to control the cmdlet output. The cmdlet doesn't have a return value by default.
            Specifying -Select '*' will result in the cmdlet returning the whole service response (Amazon.Chatbot.Model.DeleteChimeWebhookConfigurationResponse).
            Specifying -Select '^ParameterName' will result in the cmdlet returning the selected cmdlet parameter value.
            </summary>
        </member>
        <member name="P:Amazon.PowerShell.Cmdlets.CHAT.RemoveCHATChimeWebhookConfigurationCmdlet.PassThru">
            <summary>
            Changes the cmdlet behavior to return the value passed to the ChatConfigurationArn parameter.
            The -PassThru parameter is deprecated, use -Select '^ChatConfigurationArn' instead. This parameter will be removed in a future version.
            </summary>
        </member>
        <member name="P:Amazon.PowerShell.Cmdlets.CHAT.RemoveCHATChimeWebhookConfigurationCmdlet.Force">
            <summary>
            This parameter overrides confirmation prompts to force 
            the cmdlet to continue its operation. This parameter should always
            be used with caution.
            </summary>
        </member>
        <member name="T:Amazon.PowerShell.Cmdlets.CHAT.RemoveCHATCustomActionCmdlet">
            <summary>
            Deletes a custom action.
            </summary>
        </member>
        <member name="P:Amazon.PowerShell.Cmdlets.CHAT.RemoveCHATCustomActionCmdlet.CustomActionArn">
            <summary>
            <para>
            <para>The fully defined ARN of the custom action.</para>
            </para>
            </summary>
        </member>
        <member name="P:Amazon.PowerShell.Cmdlets.CHAT.RemoveCHATCustomActionCmdlet.Select">
            <summary>
            Use the -Select parameter to control the cmdlet output. The cmdlet doesn't have a return value by default.
            Specifying -Select '*' will result in the cmdlet returning the whole service response (Amazon.Chatbot.Model.DeleteCustomActionResponse).
            Specifying -Select '^ParameterName' will result in the cmdlet returning the selected cmdlet parameter value.
            </summary>
        </member>
        <member name="P:Amazon.PowerShell.Cmdlets.CHAT.RemoveCHATCustomActionCmdlet.PassThru">
            <summary>
            Changes the cmdlet behavior to return the value passed to the CustomActionArn parameter.
            The -PassThru parameter is deprecated, use -Select '^CustomActionArn' instead. This parameter will be removed in a future version.
            </summary>
        </member>
        <member name="P:Amazon.PowerShell.Cmdlets.CHAT.RemoveCHATCustomActionCmdlet.Force">
            <summary>
            This parameter overrides confirmation prompts to force 
            the cmdlet to continue its operation. This parameter should always
            be used with caution.
            </summary>
        </member>
        <member name="T:Amazon.PowerShell.Cmdlets.CHAT.RemoveCHATMicrosoftTeamsChannelConfigurationCmdlet">
            <summary>
            Deletes a Microsoft Teams channel configuration for AWS Chatbot
            </summary>
        </member>
        <member name="P:Amazon.PowerShell.Cmdlets.CHAT.RemoveCHATMicrosoftTeamsChannelConfigurationCmdlet.ChatConfigurationArn">
            <summary>
            <para>
            <para>The Amazon Resource Name (ARN) of the MicrosoftTeamsChannelConfiguration associated
            with the user identity to delete.</para>
            </para>
            </summary>
        </member>
        <member name="P:Amazon.PowerShell.Cmdlets.CHAT.RemoveCHATMicrosoftTeamsChannelConfigurationCmdlet.Select">
            <summary>
            Use the -Select parameter to control the cmdlet output. The cmdlet doesn't have a return value by default.
            Specifying -Select '*' will result in the cmdlet returning the whole service response (Amazon.Chatbot.Model.DeleteMicrosoftTeamsChannelConfigurationResponse).
            Specifying -Select '^ParameterName' will result in the cmdlet returning the selected cmdlet parameter value.
            </summary>
        </member>
        <member name="P:Amazon.PowerShell.Cmdlets.CHAT.RemoveCHATMicrosoftTeamsChannelConfigurationCmdlet.PassThru">
            <summary>
            Changes the cmdlet behavior to return the value passed to the ChatConfigurationArn parameter.
            The -PassThru parameter is deprecated, use -Select '^ChatConfigurationArn' instead. This parameter will be removed in a future version.
            </summary>
        </member>
        <member name="P:Amazon.PowerShell.Cmdlets.CHAT.RemoveCHATMicrosoftTeamsChannelConfigurationCmdlet.Force">
            <summary>
            This parameter overrides confirmation prompts to force 
            the cmdlet to continue its operation. This parameter should always
            be used with caution.
            </summary>
        </member>
        <member name="T:Amazon.PowerShell.Cmdlets.CHAT.RemoveCHATMicrosoftTeamsConfiguredTeamCmdlet">
            <summary>
            Deletes the Microsoft Teams team authorization allowing for channels to be configured
            in that Microsoft Teams team. Note that the Microsoft Teams team must have no channels
            configured to remove it.
            </summary>
        </member>
        <member name="P:Amazon.PowerShell.Cmdlets.CHAT.RemoveCHATMicrosoftTeamsConfiguredTeamCmdlet.TeamId">
            <summary>
            <para>
            <para>The ID of the Microsoft Teams team authorized with AWS Chatbot.</para><para>To get the team ID, you must perform the initial authorization flow with Microsoft
            Teams in the AWS Chatbot console. Then you can copy and paste the team ID from the
            console. For more information, see <a href="https://docs.aws.amazon.com/chatbot/latest/adminguide/teams-setup.html#teams-client-setup">Step
            1: Configure a Microsoft Teams client</a> in the <i> AWS Chatbot Administrator Guide</i>.
            </para>
            </para>
            </summary>
        </member>
        <member name="P:Amazon.PowerShell.Cmdlets.CHAT.RemoveCHATMicrosoftTeamsConfiguredTeamCmdlet.Select">
            <summary>
            Use the -Select parameter to control the cmdlet output. The cmdlet doesn't have a return value by default.
            Specifying -Select '*' will result in the cmdlet returning the whole service response (Amazon.Chatbot.Model.DeleteMicrosoftTeamsConfiguredTeamResponse).
            Specifying -Select '^ParameterName' will result in the cmdlet returning the selected cmdlet parameter value.
            </summary>
        </member>
        <member name="P:Amazon.PowerShell.Cmdlets.CHAT.RemoveCHATMicrosoftTeamsConfiguredTeamCmdlet.PassThru">
            <summary>
            Changes the cmdlet behavior to return the value passed to the TeamId parameter.
            The -PassThru parameter is deprecated, use -Select '^TeamId' instead. This parameter will be removed in a future version.
            </summary>
        </member>
        <member name="P:Amazon.PowerShell.Cmdlets.CHAT.RemoveCHATMicrosoftTeamsConfiguredTeamCmdlet.Force">
            <summary>
            This parameter overrides confirmation prompts to force 
            the cmdlet to continue its operation. This parameter should always
            be used with caution.
            </summary>
        </member>
        <member name="T:Amazon.PowerShell.Cmdlets.CHAT.RemoveCHATMicrosoftTeamsUserIdentityCmdlet">
            <summary>
            Identifes a user level permission for a channel configuration.
            </summary>
        </member>
        <member name="P:Amazon.PowerShell.Cmdlets.CHAT.RemoveCHATMicrosoftTeamsUserIdentityCmdlet.ChatConfigurationArn">
            <summary>
            <para>
            <para>The ARN of the MicrosoftTeamsChannelConfiguration associated with the user identity
            to delete.</para>
            </para>
            </summary>
        </member>
        <member name="P:Amazon.PowerShell.Cmdlets.CHAT.RemoveCHATMicrosoftTeamsUserIdentityCmdlet.UserId">
            <summary>
            <para>
            <para>The Microsoft Teams user ID.</para>
            </para>
            </summary>
        </member>
        <member name="P:Amazon.PowerShell.Cmdlets.CHAT.RemoveCHATMicrosoftTeamsUserIdentityCmdlet.Select">
            <summary>
            Use the -Select parameter to control the cmdlet output. The cmdlet doesn't have a return value by default.
            Specifying -Select '*' will result in the cmdlet returning the whole service response (Amazon.Chatbot.Model.DeleteMicrosoftTeamsUserIdentityResponse).
            Specifying -Select '^ParameterName' will result in the cmdlet returning the selected cmdlet parameter value.
            </summary>
        </member>
        <member name="P:Amazon.PowerShell.Cmdlets.CHAT.RemoveCHATMicrosoftTeamsUserIdentityCmdlet.PassThru">
            <summary>
            Changes the cmdlet behavior to return the value passed to the ChatConfigurationArn parameter.
            The -PassThru parameter is deprecated, use -Select '^ChatConfigurationArn' instead. This parameter will be removed in a future version.
            </summary>
        </member>
        <member name="P:Amazon.PowerShell.Cmdlets.CHAT.RemoveCHATMicrosoftTeamsUserIdentityCmdlet.Force">
            <summary>
            This parameter overrides confirmation prompts to force 
            the cmdlet to continue its operation. This parameter should always
            be used with caution.
            </summary>
        </member>
        <member name="T:Amazon.PowerShell.Cmdlets.CHAT.RemoveCHATResourceTagCmdlet">
            <summary>
            Detaches a key-value pair from a resource, as identified by its Amazon Resource Name
            (ARN). Resources are users, servers, roles, and other entities.
            </summary>
        </member>
        <member name="P:Amazon.PowerShell.Cmdlets.CHAT.RemoveCHATResourceTagCmdlet.ResourceARN">
            <summary>
            <para>
            <para>The value of the resource that will have the tag removed. An Amazon Resource Name
            (ARN) is an identifier for a specific AWS resource, such as a server, user, or role.</para>
            </para>
            </summary>
        </member>
        <member name="P:Amazon.PowerShell.Cmdlets.CHAT.RemoveCHATResourceTagCmdlet.TagKey">
            <summary>
            <para>
            <para>TagKeys are key-value pairs assigned to ARNs that can be used to group and search
            for resources by type. This metadata can be attached to resources for any purpose.</para>
            </para>
            </summary>
        </member>
        <member name="P:Amazon.PowerShell.Cmdlets.CHAT.RemoveCHATResourceTagCmdlet.Select">
            <summary>
            Use the -Select parameter to control the cmdlet output. The cmdlet doesn't have a return value by default.
            Specifying -Select '*' will result in the cmdlet returning the whole service response (Amazon.Chatbot.Model.UntagResourceResponse).
            Specifying -Select '^ParameterName' will result in the cmdlet returning the selected cmdlet parameter value.
            </summary>
        </member>
        <member name="P:Amazon.PowerShell.Cmdlets.CHAT.RemoveCHATResourceTagCmdlet.PassThru">
            <summary>
            Changes the cmdlet behavior to return the value passed to the ResourceARN parameter.
            The -PassThru parameter is deprecated, use -Select '^ResourceARN' instead. This parameter will be removed in a future version.
            </summary>
        </member>
        <member name="P:Amazon.PowerShell.Cmdlets.CHAT.RemoveCHATResourceTagCmdlet.Force">
            <summary>
            This parameter overrides confirmation prompts to force 
            the cmdlet to continue its operation. This parameter should always
            be used with caution.
            </summary>
        </member>
        <member name="T:Amazon.PowerShell.Cmdlets.CHAT.RemoveCHATSlackChannelConfigurationCmdlet">
            <summary>
            Deletes a Slack channel configuration for AWS Chatbot
            </summary>
        </member>
        <member name="P:Amazon.PowerShell.Cmdlets.CHAT.RemoveCHATSlackChannelConfigurationCmdlet.ChatConfigurationArn">
            <summary>
            <para>
            <para>The Amazon Resource Name (ARN) of the SlackChannelConfiguration to delete.</para>
            </para>
            </summary>
        </member>
        <member name="P:Amazon.PowerShell.Cmdlets.CHAT.RemoveCHATSlackChannelConfigurationCmdlet.Select">
            <summary>
            Use the -Select parameter to control the cmdlet output. The cmdlet doesn't have a return value by default.
            Specifying -Select '*' will result in the cmdlet returning the whole service response (Amazon.Chatbot.Model.DeleteSlackChannelConfigurationResponse).
            Specifying -Select '^ParameterName' will result in the cmdlet returning the selected cmdlet parameter value.
            </summary>
        </member>
        <member name="P:Amazon.PowerShell.Cmdlets.CHAT.RemoveCHATSlackChannelConfigurationCmdlet.PassThru">
            <summary>
            Changes the cmdlet behavior to return the value passed to the ChatConfigurationArn parameter.
            The -PassThru parameter is deprecated, use -Select '^ChatConfigurationArn' instead. This parameter will be removed in a future version.
            </summary>
        </member>
        <member name="P:Amazon.PowerShell.Cmdlets.CHAT.RemoveCHATSlackChannelConfigurationCmdlet.Force">
            <summary>
            This parameter overrides confirmation prompts to force 
            the cmdlet to continue its operation. This parameter should always
            be used with caution.
            </summary>
        </member>
        <member name="T:Amazon.PowerShell.Cmdlets.CHAT.RemoveCHATSlackUserIdentityCmdlet">
            <summary>
            Deletes a user level permission for a Slack channel configuration.
            </summary>
        </member>
        <member name="P:Amazon.PowerShell.Cmdlets.CHAT.RemoveCHATSlackUserIdentityCmdlet.ChatConfigurationArn">
            <summary>
            <para>
            <para>The ARN of the SlackChannelConfiguration associated with the user identity to delete.</para>
            </para>
            </summary>
        </member>
        <member name="P:Amazon.PowerShell.Cmdlets.CHAT.RemoveCHATSlackUserIdentityCmdlet.SlackTeamId">
            <summary>
            <para>
            <para>The ID of the Slack workspace authorized with AWS Chatbot.</para>
            </para>
            </summary>
        </member>
        <member name="P:Amazon.PowerShell.Cmdlets.CHAT.RemoveCHATSlackUserIdentityCmdlet.SlackUserId">
            <summary>
            <para>
            <para>The ID of the user in Slack</para>
            </para>
            </summary>
        </member>
        <member name="P:Amazon.PowerShell.Cmdlets.CHAT.RemoveCHATSlackUserIdentityCmdlet.Select">
            <summary>
            Use the -Select parameter to control the cmdlet output. The cmdlet doesn't have a return value by default.
            Specifying -Select '*' will result in the cmdlet returning the whole service response (Amazon.Chatbot.Model.DeleteSlackUserIdentityResponse).
            Specifying -Select '^ParameterName' will result in the cmdlet returning the selected cmdlet parameter value.
            </summary>
        </member>
        <member name="P:Amazon.PowerShell.Cmdlets.CHAT.RemoveCHATSlackUserIdentityCmdlet.PassThru">
            <summary>
            Changes the cmdlet behavior to return the value passed to the ChatConfigurationArn parameter.
            The -PassThru parameter is deprecated, use -Select '^ChatConfigurationArn' instead. This parameter will be removed in a future version.
            </summary>
        </member>
        <member name="P:Amazon.PowerShell.Cmdlets.CHAT.RemoveCHATSlackUserIdentityCmdlet.Force">
            <summary>
            This parameter overrides confirmation prompts to force 
            the cmdlet to continue its operation. This parameter should always
            be used with caution.
            </summary>
        </member>
        <member name="T:Amazon.PowerShell.Cmdlets.CHAT.RemoveCHATSlackWorkspaceAuthorizationCmdlet">
            <summary>
            Deletes the Slack workspace authorization that allows channels to be configured in
            that workspace. This requires all configured channels in the workspace to be deleted.
            </summary>
        </member>
        <member name="P:Amazon.PowerShell.Cmdlets.CHAT.RemoveCHATSlackWorkspaceAuthorizationCmdlet.SlackTeamId">
            <summary>
            <para>
            <para>The ID of the Slack workspace authorized with AWS Chatbot.</para>
            </para>
            </summary>
        </member>
        <member name="P:Amazon.PowerShell.Cmdlets.CHAT.RemoveCHATSlackWorkspaceAuthorizationCmdlet.Select">
            <summary>
            Use the -Select parameter to control the cmdlet output. The cmdlet doesn't have a return value by default.
            Specifying -Select '*' will result in the cmdlet returning the whole service response (Amazon.Chatbot.Model.DeleteSlackWorkspaceAuthorizationResponse).
            Specifying -Select '^ParameterName' will result in the cmdlet returning the selected cmdlet parameter value.
            </summary>
        </member>
        <member name="P:Amazon.PowerShell.Cmdlets.CHAT.RemoveCHATSlackWorkspaceAuthorizationCmdlet.PassThru">
            <summary>
            Changes the cmdlet behavior to return the value passed to the SlackTeamId parameter.
            The -PassThru parameter is deprecated, use -Select '^SlackTeamId' instead. This parameter will be removed in a future version.
            </summary>
        </member>
        <member name="P:Amazon.PowerShell.Cmdlets.CHAT.RemoveCHATSlackWorkspaceAuthorizationCmdlet.Force">
            <summary>
            This parameter overrides confirmation prompts to force 
            the cmdlet to continue its operation. This parameter should always
            be used with caution.
            </summary>
        </member>
        <member name="T:Amazon.PowerShell.Cmdlets.CHAT.UnregisterCHATAssociationCmdlet">
            <summary>
            Unlink a resource, for example a custom action, from a channel configuration.
            </summary>
        </member>
        <member name="P:Amazon.PowerShell.Cmdlets.CHAT.UnregisterCHATAssociationCmdlet.ChatConfiguration">
            <summary>
            <para>
            <para>The channel configuration the resource is being disassociated from.</para>
            </para>
            </summary>
        </member>
        <member name="P:Amazon.PowerShell.Cmdlets.CHAT.UnregisterCHATAssociationCmdlet.Resource">
            <summary>
            <para>
            <para>The resource (for example, a custom action) Amazon Resource Name (ARN) to unlink.</para>
            </para>
            </summary>
        </member>
        <member name="P:Amazon.PowerShell.Cmdlets.CHAT.UnregisterCHATAssociationCmdlet.Select">
            <summary>
            Use the -Select parameter to control the cmdlet output. The cmdlet doesn't have a return value by default.
            Specifying -Select '*' will result in the cmdlet returning the whole service response (Amazon.Chatbot.Model.DisassociateFromConfigurationResponse).
            Specifying -Select '^ParameterName' will result in the cmdlet returning the selected cmdlet parameter value.
            </summary>
        </member>
        <member name="P:Amazon.PowerShell.Cmdlets.CHAT.UnregisterCHATAssociationCmdlet.Force">
            <summary>
            This parameter overrides confirmation prompts to force 
            the cmdlet to continue its operation. This parameter should always
            be used with caution.
            </summary>
        </member>
        <member name="T:Amazon.PowerShell.Cmdlets.CHAT.UpdateCHATAccountPreferenceCmdlet">
            <summary>
            Updates AWS Chatbot account preferences.
            </summary>
        </member>
        <member name="P:Amazon.PowerShell.Cmdlets.CHAT.UpdateCHATAccountPreferenceCmdlet.TrainingDataCollectionEnabled">
            <summary>
            <para>
            <para>Turns on training data collection.</para><para>This helps improve the AWS Chatbot experience by allowing AWS Chatbot to store and
            use your customer information, such as AWS Chatbot configurations, notifications,
            user inputs, AWS Chatbot generated responses, and interaction data. This data helps
            us to continuously improve and develop Artificial Intelligence (AI) technologies.
            Your data is not shared with any third parties and is protected using sophisticated
            controls to prevent unauthorized access and misuse. AWS Chatbot does not store or
            use interactions in chat channels with Amazon Q for training AI technologies for AWS
            Chatbot. </para>
            </para>
            </summary>
        </member>
        <member name="P:Amazon.PowerShell.Cmdlets.CHAT.UpdateCHATAccountPreferenceCmdlet.UserAuthorizationRequired">
            <summary>
            <para>
            <para>Enables use of a user role requirement in your chat configuration.</para>
            </para>
            </summary>
        </member>
        <member name="P:Amazon.PowerShell.Cmdlets.CHAT.UpdateCHATAccountPreferenceCmdlet.Select">
            <summary>
            Use the -Select parameter to control the cmdlet output. The default value is 'AccountPreferences'.
            Specifying -Select '*' will result in the cmdlet returning the whole service response (Amazon.Chatbot.Model.UpdateAccountPreferencesResponse).
            Specifying the name of a property of type Amazon.Chatbot.Model.UpdateAccountPreferencesResponse will result in that property being returned.
            Specifying -Select '^ParameterName' will result in the cmdlet returning the selected cmdlet parameter value.
            </summary>
        </member>
        <member name="P:Amazon.PowerShell.Cmdlets.CHAT.UpdateCHATAccountPreferenceCmdlet.Force">
            <summary>
            This parameter overrides confirmation prompts to force 
            the cmdlet to continue its operation. This parameter should always
            be used with caution.
            </summary>
        </member>
        <member name="T:Amazon.PowerShell.Cmdlets.CHAT.UpdateCHATChimeWebhookConfigurationCmdlet">
            <summary>
            Updates a Amazon Chime webhook configuration.
            </summary>
        </member>
        <member name="P:Amazon.PowerShell.Cmdlets.CHAT.UpdateCHATChimeWebhookConfigurationCmdlet.ChatConfigurationArn">
            <summary>
            <para>
            <para>The Amazon Resource Name (ARN) of the ChimeWebhookConfiguration to update.</para>
            </para>
            </summary>
        </member>
        <member name="P:Amazon.PowerShell.Cmdlets.CHAT.UpdateCHATChimeWebhookConfigurationCmdlet.IamRoleArn">
            <summary>
            <para>
            <para>A user-defined role that AWS Chatbot assumes. This is not the service-linked role.</para><para>For more information, see <a href="https://docs.aws.amazon.com/chatbot/latest/adminguide/chatbot-iam-policies.html">IAM
            policies for AWS Chatbot</a> in the <i> AWS Chatbot Administrator Guide</i>. </para>
            </para>
            </summary>
        </member>
        <member name="P:Amazon.PowerShell.Cmdlets.CHAT.UpdateCHATChimeWebhookConfigurationCmdlet.LoggingLevel">
            <summary>
            <para>
            <para>Logging levels include <c>ERROR</c>, <c>INFO</c>, or <c>NONE</c>.</para>
            </para>
            </summary>
        </member>
        <member name="P:Amazon.PowerShell.Cmdlets.CHAT.UpdateCHATChimeWebhookConfigurationCmdlet.SnsTopicArn">
            <summary>
            <para>
            <para>The ARNs of the SNS topics that deliver notifications to AWS Chatbot.</para>
            </para>
            </summary>
        </member>
        <member name="P:Amazon.PowerShell.Cmdlets.CHAT.UpdateCHATChimeWebhookConfigurationCmdlet.WebhookDescription">
            <summary>
            <para>
            <para>A description of the webhook. We recommend using the convention <c>RoomName/WebhookName</c>.</para><para>For more information, see <a href="https://docs.aws.amazon.com/chatbot/latest/adminguide/chime-setup.html">Tutorial:
            Get started with Amazon Chime</a> in the <i> AWS Chatbot Administrator Guide</i>.
            </para>
            </para>
            </summary>
        </member>
        <member name="P:Amazon.PowerShell.Cmdlets.CHAT.UpdateCHATChimeWebhookConfigurationCmdlet.WebhookUrl">
            <summary>
            <para>
            <para>The URL for the Amazon Chime webhook.</para>
            </para>
            </summary>
        </member>
        <member name="P:Amazon.PowerShell.Cmdlets.CHAT.UpdateCHATChimeWebhookConfigurationCmdlet.Select">
            <summary>
            Use the -Select parameter to control the cmdlet output. The default value is 'WebhookConfiguration'.
            Specifying -Select '*' will result in the cmdlet returning the whole service response (Amazon.Chatbot.Model.UpdateChimeWebhookConfigurationResponse).
            Specifying the name of a property of type Amazon.Chatbot.Model.UpdateChimeWebhookConfigurationResponse will result in that property being returned.
            Specifying -Select '^ParameterName' will result in the cmdlet returning the selected cmdlet parameter value.
            </summary>
        </member>
        <member name="P:Amazon.PowerShell.Cmdlets.CHAT.UpdateCHATChimeWebhookConfigurationCmdlet.PassThru">
            <summary>
            Changes the cmdlet behavior to return the value passed to the ChatConfigurationArn parameter.
            The -PassThru parameter is deprecated, use -Select '^ChatConfigurationArn' instead. This parameter will be removed in a future version.
            </summary>
        </member>
        <member name="P:Amazon.PowerShell.Cmdlets.CHAT.UpdateCHATChimeWebhookConfigurationCmdlet.Force">
            <summary>
            This parameter overrides confirmation prompts to force 
            the cmdlet to continue its operation. This parameter should always
            be used with caution.
            </summary>
        </member>
        <member name="T:Amazon.PowerShell.Cmdlets.CHAT.UpdateCHATCustomActionCmdlet">
            <summary>
            Updates a custom action.
            </summary>
        </member>
        <member name="P:Amazon.PowerShell.Cmdlets.CHAT.UpdateCHATCustomActionCmdlet.AliasName">
            <summary>
            <para>
            <para>The name used to invoke this action in the chat channel. For example, <c>@aws run
            my-alias</c>.</para>
            </para>
            </summary>
        </member>
        <member name="P:Amazon.PowerShell.Cmdlets.CHAT.UpdateCHATCustomActionCmdlet.Attachment">
            <summary>
            <para>
            <para>Defines when this custom action button should be attached to a notification.</para>
            </para>
            </summary>
        </member>
        <member name="P:Amazon.PowerShell.Cmdlets.CHAT.UpdateCHATCustomActionCmdlet.Definition_CommandText">
            <summary>
            <para>
            <para>The command string to run which may include variables by prefixing with a dollar sign
            ($).</para>
            </para>
            </summary>
        </member>
        <member name="P:Amazon.PowerShell.Cmdlets.CHAT.UpdateCHATCustomActionCmdlet.CustomActionArn">
            <summary>
            <para>
            <para>The fully defined Amazon Resource Name (ARN) of the custom action.</para>
            </para>
            </summary>
        </member>
        <member name="P:Amazon.PowerShell.Cmdlets.CHAT.UpdateCHATCustomActionCmdlet.Select">
            <summary>
            Use the -Select parameter to control the cmdlet output. The default value is 'CustomActionArn'.
            Specifying -Select '*' will result in the cmdlet returning the whole service response (Amazon.Chatbot.Model.UpdateCustomActionResponse).
            Specifying the name of a property of type Amazon.Chatbot.Model.UpdateCustomActionResponse will result in that property being returned.
            Specifying -Select '^ParameterName' will result in the cmdlet returning the selected cmdlet parameter value.
            </summary>
        </member>
        <member name="P:Amazon.PowerShell.Cmdlets.CHAT.UpdateCHATCustomActionCmdlet.PassThru">
            <summary>
            Changes the cmdlet behavior to return the value passed to the CustomActionArn parameter.
            The -PassThru parameter is deprecated, use -Select '^CustomActionArn' instead. This parameter will be removed in a future version.
            </summary>
        </member>
        <member name="P:Amazon.PowerShell.Cmdlets.CHAT.UpdateCHATCustomActionCmdlet.Force">
            <summary>
            This parameter overrides confirmation prompts to force 
            the cmdlet to continue its operation. This parameter should always
            be used with caution.
            </summary>
        </member>
        <member name="T:Amazon.PowerShell.Cmdlets.CHAT.UpdateCHATMicrosoftTeamsChannelConfigurationCmdlet">
            <summary>
            Updates an Microsoft Teams channel configuration.
            </summary>
        </member>
        <member name="P:Amazon.PowerShell.Cmdlets.CHAT.UpdateCHATMicrosoftTeamsChannelConfigurationCmdlet.ChannelId">
            <summary>
            <para>
            <para>The ID of the Microsoft Teams channel.</para>
            </para>
            </summary>
        </member>
        <member name="P:Amazon.PowerShell.Cmdlets.CHAT.UpdateCHATMicrosoftTeamsChannelConfigurationCmdlet.ChannelName">
            <summary>
            <para>
            <para>The name of the Microsoft Teams channel.</para>
            </para>
            </summary>
        </member>
        <member name="P:Amazon.PowerShell.Cmdlets.CHAT.UpdateCHATMicrosoftTeamsChannelConfigurationCmdlet.ChatConfigurationArn">
            <summary>
            <para>
            <para>The Amazon Resource Name (ARN) of the TeamsChannelConfiguration to update.</para>
            </para>
            </summary>
        </member>
        <member name="P:Amazon.PowerShell.Cmdlets.CHAT.UpdateCHATMicrosoftTeamsChannelConfigurationCmdlet.GuardrailPolicyArn">
            <summary>
            <para>
            <para>The list of IAM policy ARNs that are applied as channel guardrails. The AWS managed
            <c>AdministratorAccess</c> policy is applied by default if this is not set. </para>
            </para>
            </summary>
        </member>
        <member name="P:Amazon.PowerShell.Cmdlets.CHAT.UpdateCHATMicrosoftTeamsChannelConfigurationCmdlet.IamRoleArn">
            <summary>
            <para>
            <para>A user-defined role that AWS Chatbot assumes. This is not the service-linked role.</para><para>For more information, see <a href="https://docs.aws.amazon.com/chatbot/latest/adminguide/chatbot-iam-policies.html">IAM
            policies for AWS Chatbot</a> in the <i> AWS Chatbot Administrator Guide</i>. </para>
            </para>
            </summary>
        </member>
        <member name="P:Amazon.PowerShell.Cmdlets.CHAT.UpdateCHATMicrosoftTeamsChannelConfigurationCmdlet.LoggingLevel">
            <summary>
            <para>
            <para>Logging levels include <c>ERROR</c>, <c>INFO</c>, or <c>NONE</c>.</para>
            </para>
            </summary>
        </member>
        <member name="P:Amazon.PowerShell.Cmdlets.CHAT.UpdateCHATMicrosoftTeamsChannelConfigurationCmdlet.SnsTopicArn">
            <summary>
            <para>
            <para>The Amazon Resource Names (ARNs) of the SNS topics that deliver notifications to AWS
            Chatbot.</para>
            </para>
            </summary>
        </member>
        <member name="P:Amazon.PowerShell.Cmdlets.CHAT.UpdateCHATMicrosoftTeamsChannelConfigurationCmdlet.UserAuthorizationRequired">
            <summary>
            <para>
            <para>Enables use of a user role requirement in your chat configuration.</para>
            </para>
            </summary>
        </member>
        <member name="P:Amazon.PowerShell.Cmdlets.CHAT.UpdateCHATMicrosoftTeamsChannelConfigurationCmdlet.Select">
            <summary>
            Use the -Select parameter to control the cmdlet output. The default value is 'ChannelConfiguration'.
            Specifying -Select '*' will result in the cmdlet returning the whole service response (Amazon.Chatbot.Model.UpdateMicrosoftTeamsChannelConfigurationResponse).
            Specifying the name of a property of type Amazon.Chatbot.Model.UpdateMicrosoftTeamsChannelConfigurationResponse will result in that property being returned.
            Specifying -Select '^ParameterName' will result in the cmdlet returning the selected cmdlet parameter value.
            </summary>
        </member>
        <member name="P:Amazon.PowerShell.Cmdlets.CHAT.UpdateCHATMicrosoftTeamsChannelConfigurationCmdlet.PassThru">
            <summary>
            Changes the cmdlet behavior to return the value passed to the ChatConfigurationArn parameter.
            The -PassThru parameter is deprecated, use -Select '^ChatConfigurationArn' instead. This parameter will be removed in a future version.
            </summary>
        </member>
        <member name="P:Amazon.PowerShell.Cmdlets.CHAT.UpdateCHATMicrosoftTeamsChannelConfigurationCmdlet.Force">
            <summary>
            This parameter overrides confirmation prompts to force 
            the cmdlet to continue its operation. This parameter should always
            be used with caution.
            </summary>
        </member>
        <member name="T:Amazon.PowerShell.Cmdlets.CHAT.UpdateCHATSlackChannelConfigurationCmdlet">
            <summary>
            Updates a Slack channel configuration.
            </summary>
        </member>
        <member name="P:Amazon.PowerShell.Cmdlets.CHAT.UpdateCHATSlackChannelConfigurationCmdlet.ChatConfigurationArn">
            <summary>
            <para>
            <para>The Amazon Resource Name (ARN) of the SlackChannelConfiguration to update.</para>
            </para>
            </summary>
        </member>
        <member name="P:Amazon.PowerShell.Cmdlets.CHAT.UpdateCHATSlackChannelConfigurationCmdlet.GuardrailPolicyArn">
            <summary>
            <para>
            <para>The list of IAM policy ARNs that are applied as channel guardrails. The AWS managed
            <c>AdministratorAccess</c> policy is applied by default if this is not set. </para>
            </para>
            </summary>
        </member>
        <member name="P:Amazon.PowerShell.Cmdlets.CHAT.UpdateCHATSlackChannelConfigurationCmdlet.IamRoleArn">
            <summary>
            <para>
            <para>A user-defined role that AWS Chatbot assumes. This is not the service-linked role.</para><para>For more information, see <a href="https://docs.aws.amazon.com/chatbot/latest/adminguide/chatbot-iam-policies.html">IAM
            policies for AWS Chatbot</a> in the <i> AWS Chatbot Administrator Guide</i>. </para>
            </para>
            </summary>
        </member>
        <member name="P:Amazon.PowerShell.Cmdlets.CHAT.UpdateCHATSlackChannelConfigurationCmdlet.LoggingLevel">
            <summary>
            <para>
            <para>Logging levels include <c>ERROR</c>, <c>INFO</c>, or <c>NONE</c>.</para>
            </para>
            </summary>
        </member>
        <member name="P:Amazon.PowerShell.Cmdlets.CHAT.UpdateCHATSlackChannelConfigurationCmdlet.SlackChannelId">
            <summary>
            <para>
            <para>The ID of the Slack channel.</para><para>To get this ID, open Slack, right click on the channel name in the left pane, then
            choose Copy Link. The channel ID is the 9-character string at the end of the URL.
            For example, ABCBBLZZZ. </para>
            </para>
            </summary>
        </member>
        <member name="P:Amazon.PowerShell.Cmdlets.CHAT.UpdateCHATSlackChannelConfigurationCmdlet.SlackChannelName">
            <summary>
            <para>
            <para>The name of the Slack channel.</para>
            </para>
            </summary>
        </member>
        <member name="P:Amazon.PowerShell.Cmdlets.CHAT.UpdateCHATSlackChannelConfigurationCmdlet.SnsTopicArn">
            <summary>
            <para>
            <para>The Amazon Resource Names (ARNs) of the SNS topics that deliver notifications to AWS
            Chatbot.</para>
            </para>
            </summary>
        </member>
        <member name="P:Amazon.PowerShell.Cmdlets.CHAT.UpdateCHATSlackChannelConfigurationCmdlet.UserAuthorizationRequired">
            <summary>
            <para>
            <para>Enables use of a user role requirement in your chat configuration.</para>
            </para>
            </summary>
        </member>
        <member name="P:Amazon.PowerShell.Cmdlets.CHAT.UpdateCHATSlackChannelConfigurationCmdlet.Select">
            <summary>
            Use the -Select parameter to control the cmdlet output. The default value is 'ChannelConfiguration'.
            Specifying -Select '*' will result in the cmdlet returning the whole service response (Amazon.Chatbot.Model.UpdateSlackChannelConfigurationResponse).
            Specifying the name of a property of type Amazon.Chatbot.Model.UpdateSlackChannelConfigurationResponse will result in that property being returned.
            Specifying -Select '^ParameterName' will result in the cmdlet returning the selected cmdlet parameter value.
            </summary>
        </member>
        <member name="P:Amazon.PowerShell.Cmdlets.CHAT.UpdateCHATSlackChannelConfigurationCmdlet.PassThru">
            <summary>
            Changes the cmdlet behavior to return the value passed to the ChatConfigurationArn parameter.
            The -PassThru parameter is deprecated, use -Select '^ChatConfigurationArn' instead. This parameter will be removed in a future version.
            </summary>
        </member>
        <member name="P:Amazon.PowerShell.Cmdlets.CHAT.UpdateCHATSlackChannelConfigurationCmdlet.Force">
            <summary>
            This parameter overrides confirmation prompts to force 
            the cmdlet to continue its operation. This parameter should always
            be used with caution.
            </summary>
        </member>
    </members>
</doc>
