<Objs Version="1.1.0.1" xmlns="http://schemas.microsoft.com/powershell/2004/04">
  <Obj RefId="0">
    <TN RefId="0">
      <T>Microsoft.PowerShell.Commands.PSRepositoryItemInfo</T>
      <T>System.Management.Automation.PSCustomObject</T>
      <T>System.Object</T>
    </TN>
    <MS>
      <S N="Name">OCI.PSModules.Governancerulescontrolplane</S>
      <S N="Version">95.1.0</S>
      <S N="Type">Module</S>
      <S N="Description">This modules provides Cmdlets for OCI Governancerulescontrolplane Service</S>
      <S N="Author">Oracle Cloud Infrastructure</S>
      <S N="CompanyName">oci-psmodules-grp</S>
      <S N="Copyright">(c) Oracle Cloud Infrastructure. All rights reserved.</S>
      <DT N="PublishedDate">2024-11-12T18:48:41+02:00</DT>
      <Nil N="InstalledDate" />
      <Nil N="UpdatedDate" />
      <URI N="LicenseUri">https://github.com/oracle/oci-powershell-modules/blob/master/LICENSE.txt</URI>
      <URI N="ProjectUri">https://github.com/oracle/oci-powershell-modules/</URI>
      <URI N="IconUri">https://github.com/oracle/oci-powershell-modules/blob/master/icon.png</URI>
      <Obj N="Tags" RefId="1">
        <TN RefId="1">
          <T>System.Object[]</T>
          <T>System.Array</T>
          <T>System.Object</T>
        </TN>
        <LST>
          <S>PSEdition_Core</S>
          <S>Windows</S>
          <S>Linux</S>
          <S>macOS</S>
          <S>Oracle</S>
          <S>OCI</S>
          <S>Cloud</S>
          <S>OracleCloudInfrastructure</S>
          <S>Governancerulescontrolplane</S>
          <S>PSModule</S>
        </LST>
      </Obj>
      <Obj N="Includes" RefId="2">
        <TN RefId="2">
          <T>System.Collections.Hashtable</T>
          <T>System.Object</T>
        </TN>
        <DCT>
          <En>
            <S N="Key">Function</S>
            <Obj N="Value" RefId="3">
              <TNRef RefId="1" />
              <LST />
            </Obj>
          </En>
          <En>
            <S N="Key">Workflow</S>
            <Ref N="Value" RefId="3" />
          </En>
          <En>
            <S N="Key">DscResource</S>
            <Ref N="Value" RefId="3" />
          </En>
          <En>
            <S N="Key">RoleCapability</S>
            <Ref N="Value" RefId="3" />
          </En>
          <En>
            <S N="Key">Command</S>
            <Obj N="Value" RefId="4">
              <TNRef RefId="1" />
              <LST>
                <S>Get-OCIGovernancerulescontrolplaneEnforcedGovernanceRule</S>
                <S>Get-OCIGovernancerulescontrolplaneEnforcedGovernanceRulesList</S>
                <S>Get-OCIGovernancerulescontrolplaneGovernanceRule</S>
                <S>Get-OCIGovernancerulescontrolplaneGovernanceRulesList</S>
                <S>Get-OCIGovernancerulescontrolplaneInclusionCriteriaList</S>
                <S>Get-OCIGovernancerulescontrolplaneInclusionCriterion</S>
                <S>Get-OCIGovernancerulescontrolplaneTenancyAttachment</S>
                <S>Get-OCIGovernancerulescontrolplaneTenancyAttachmentsList</S>
                <S>Get-OCIGovernancerulescontrolplaneWorkRequest</S>
                <S>Get-OCIGovernancerulescontrolplaneWorkRequestErrorsList</S>
                <S>Get-OCIGovernancerulescontrolplaneWorkRequestLogsList</S>
                <S>Get-OCIGovernancerulescontrolplaneWorkRequestsList</S>
                <S>Invoke-OCIGovernancerulescontrolplaneRetryGovernanceRule</S>
                <S>Invoke-OCIGovernancerulescontrolplaneRetryTenancyAttachment</S>
                <S>New-OCIGovernancerulescontrolplaneGovernanceRule</S>
                <S>New-OCIGovernancerulescontrolplaneInclusionCriterion</S>
                <S>Remove-OCIGovernancerulescontrolplaneGovernanceRule</S>
                <S>Remove-OCIGovernancerulescontrolplaneInclusionCriterion</S>
                <S>Stop-OCIGovernancerulescontrolplaneWorkRequest</S>
                <S>Update-OCIGovernancerulescontrolplaneGovernanceRule</S>
              </LST>
            </Obj>
          </En>
          <En>
            <S N="Key">Cmdlet</S>
            <Obj N="Value" RefId="5">
              <TNRef RefId="1" />
              <LST>
                <S>Get-OCIGovernancerulescontrolplaneEnforcedGovernanceRule</S>
                <S>Get-OCIGovernancerulescontrolplaneEnforcedGovernanceRulesList</S>
                <S>Get-OCIGovernancerulescontrolplaneGovernanceRule</S>
                <S>Get-OCIGovernancerulescontrolplaneGovernanceRulesList</S>
                <S>Get-OCIGovernancerulescontrolplaneInclusionCriteriaList</S>
                <S>Get-OCIGovernancerulescontrolplaneInclusionCriterion</S>
                <S>Get-OCIGovernancerulescontrolplaneTenancyAttachment</S>
                <S>Get-OCIGovernancerulescontrolplaneTenancyAttachmentsList</S>
                <S>Get-OCIGovernancerulescontrolplaneWorkRequest</S>
                <S>Get-OCIGovernancerulescontrolplaneWorkRequestErrorsList</S>
                <S>Get-OCIGovernancerulescontrolplaneWorkRequestLogsList</S>
                <S>Get-OCIGovernancerulescontrolplaneWorkRequestsList</S>
                <S>Invoke-OCIGovernancerulescontrolplaneRetryGovernanceRule</S>
                <S>Invoke-OCIGovernancerulescontrolplaneRetryTenancyAttachment</S>
                <S>New-OCIGovernancerulescontrolplaneGovernanceRule</S>
                <S>New-OCIGovernancerulescontrolplaneInclusionCriterion</S>
                <S>Remove-OCIGovernancerulescontrolplaneGovernanceRule</S>
                <S>Remove-OCIGovernancerulescontrolplaneInclusionCriterion</S>
                <S>Stop-OCIGovernancerulescontrolplaneWorkRequest</S>
                <S>Update-OCIGovernancerulescontrolplaneGovernanceRule</S>
              </LST>
            </Obj>
          </En>
        </DCT>
      </Obj>
      <Nil N="PowerShellGetFormatVersion" />
      <S N="ReleaseNotes">https://github.com/oracle/oci-powershell-modules/blob/master/CHANGELOG.md</S>
      <Obj N="Dependencies" RefId="6">
        <TNRef RefId="1" />
        <LST>
          <Obj RefId="7">
            <TN RefId="3">
              <T>System.Collections.Specialized.OrderedDictionary</T>
              <T>System.Object</T>
            </TN>
            <DCT>
              <En>
                <S N="Key">Name</S>
                <S N="Value">OCI.PSModules.Common</S>
              </En>
              <En>
                <S N="Key">RequiredVersion</S>
                <S N="Value">95.1.0</S>
              </En>
              <En>
                <S N="Key">CanonicalId</S>
                <S N="Value">nuget:OCI.PSModules.Common/[95.1.0]</S>
              </En>
            </DCT>
          </Obj>
        </LST>
      </Obj>
      <S N="RepositorySourceLocation">https://www.powershellgallery.com/api/v2</S>
      <S N="Repository">PSGallery</S>
      <S N="PackageManagementProvider">NuGet</S>
      <Obj N="AdditionalMetadata" RefId="8">
        <TN RefId="4">
          <T>System.Management.Automation.PSCustomObject</T>
          <T>System.Object</T>
        </TN>
        <MS>
          <S N="copyright">(c) Oracle Cloud Infrastructure. All rights reserved.</S>
          <S N="description">This modules provides Cmdlets for OCI Governancerulescontrolplane Service</S>
          <S N="requireLicenseAcceptance">False</S>
          <S N="releaseNotes">https://github.com/oracle/oci-powershell-modules/blob/master/CHANGELOG.md</S>
          <S N="isLatestVersion">True</S>
          <S N="isAbsoluteLatestVersion">True</S>
          <S N="versionDownloadCount">300</S>
          <S N="downloadCount">6918</S>
          <S N="packageSize">116448</S>
          <S N="published">11/12/2024 6:48:41 PM +02:00</S>
          <S N="created">11/12/2024 6:48:41 PM +02:00</S>
          <S N="lastUpdated">12/8/2024 9:30:00 PM +02:00</S>
          <S N="tags">PSEdition_Core Windows Linux macOS Oracle OCI Cloud OracleCloudInfrastructure Governancerulescontrolplane PSModule PSCmdlet_Get-OCIGovernancerulescontrolplaneEnforcedGovernanceRule PSCommand_Get-OCIGovernancerulescontrolplaneEnforcedGovernanceRule PSCmdlet_Get-OCIGovernancerulescontrolplaneEnforcedGovernanceRulesList PSCommand_Get-OCIGovernancerulescontrolplaneEnforcedGovernanceRulesList PSCmdlet_Get-OCIGovernancerulescontrolplaneGovernanceRule PSCommand_Get-OCIGovernancerulescontrolplaneGovernanceRule PSCmdlet_Get-OCIGovernancerulescontrolplaneGovernanceRulesList PSCommand_Get-OCIGovernancerulescontrolplaneGovernanceRulesList PSCmdlet_Get-OCIGovernancerulescontrolplaneInclusionCriteriaList PSCommand_Get-OCIGovernancerulescontrolplaneInclusionCriteriaList PSCmdlet_Get-OCIGovernancerulescontrolplaneInclusionCriterion PSCommand_Get-OCIGovernancerulescontrolplaneInclusionCriterion PSCmdlet_Get-OCIGovernancerulescontrolplaneTenancyAttachment PSCommand_Get-OCIGovernancerulescontrolplaneTenancyAttachment PSCmdlet_Get-OCIGovernancerulescontrolplaneTenancyAttachmentsList PSCommand_Get-OCIGovernancerulescontrolplaneTenancyAttachmentsList PSCmdlet_Get-OCIGovernancerulescontrolplaneWorkRequest PSCommand_Get-OCIGovernancerulescontrolplaneWorkRequest PSCmdlet_Get-OCIGovernancerulescontrolplaneWorkRequestErrorsList PSCommand_Get-OCIGovernancerulescontrolplaneWorkRequestErrorsList PSCmdlet_Get-OCIGovernancerulescontrolplaneWorkRequestLogsList PSCommand_Get-OCIGovernancerulescontrolplaneWorkRequestLogsList PSCmdlet_Get-OCIGovernancerulescontrolplaneWorkRequestsList PSCommand_Get-OCIGovernancerulescontrolplaneWorkRequestsList PSCmdlet_Invoke-OCIGovernancerulescontrolplaneRetryGovernanceRule PSCommand_Invoke-OCIGovernancerulescontrolplaneRetryGovernanceRule PSCmdlet_Invoke-OCIGovernancerulescontrolplaneRetryTenancyAttachment PSCommand_Invoke-OCIGovernancerulescontrolplaneRetryTenancyAttachment PSCmdlet_New-OCIGovernancerulescontrolplaneGovernanceRule PSCommand_New-OCIGovernancerulescontrolplaneGovernanceRule PSCmdlet_New-OCIGovernancerulescontrolplaneInclusionCriterion PSCommand_New-OCIGovernancerulescontrolplaneInclusionCriterion PSCmdlet_Remove-OCIGovernancerulescontrolplaneGovernanceRule PSCommand_Remove-OCIGovernancerulescontrolplaneGovernanceRule PSCmdlet_Remove-OCIGovernancerulescontrolplaneInclusionCriterion PSCommand_Remove-OCIGovernancerulescontrolplaneInclusionCriterion PSCmdlet_Stop-OCIGovernancerulescontrolplaneWorkRequest PSCommand_Stop-OCIGovernancerulescontrolplaneWorkRequest PSCmdlet_Update-OCIGovernancerulescontrolplaneGovernanceRule PSCommand_Update-OCIGovernancerulescontrolplaneGovernanceRule PSIncludes_Cmdlet</S>
          <S N="developmentDependency">False</S>
          <S N="updated">2024-12-08T21:30:00Z</S>
          <S N="NormalizedVersion">95.1.0</S>
          <S N="Authors">Oracle Cloud Infrastructure</S>
          <S N="IsPrerelease">false</S>
          <S N="ItemType">Module</S>
          <S N="FileList">OCI.PSModules.Governancerulescontrolplane.nuspec|THIRD_PARTY_LICENSES.txt|OCI.PSModules.Governancerulescontrolplane.dll-Help.xml|LICENSE.txt|OCI.PSModules.Governancerulescontrolplane.psd1|assemblies\OCI.DotNetSDK.Governancerulescontrolplane.dll|assemblies\OCI.PSModules.Governancerulescontrolplane.dll</S>
          <S N="GUID">96ae80bb-9cf9-48b1-b722-28d177d3da7a</S>
          <S N="PowerShellVersion">6.0</S>
          <S N="CompanyName">Oracle Corporation</S>
        </MS>
      </Obj>
      <S N="InstalledLocation">C:\Users\MarcoFekry\Downloads\OCI.PSModules\OCI.PSModules.Governancerulescontrolplane\95.1.0</S>
    </MS>
  </Obj>
</Objs>
