<Objs Version="1.1.0.1" xmlns="http://schemas.microsoft.com/powershell/2004/04">
  <Obj RefId="0">
    <TN RefId="0">
      <T>Microsoft.PowerShell.Commands.PSRepositoryItemInfo</T>
      <T>System.Management.Automation.PSCustomObject</T>
      <T>System.Object</T>
    </TN>
    <MS>
      <S N="Name">OCI.PSModules.Ailanguage</S>
      <S N="Version">95.1.0</S>
      <S N="Type">Module</S>
      <S N="Description">This modules provides Cmdlets for OCI Ailanguage Service</S>
      <S N="Author">Oracle Cloud Infrastructure</S>
      <S N="CompanyName">oci-psmodules-grp</S>
      <S N="Copyright">(c) Oracle Cloud Infrastructure. All rights reserved.</S>
      <DT N="PublishedDate">2024-11-12T18:41:33+02:00</DT>
      <Nil N="InstalledDate" />
      <Nil N="UpdatedDate" />
      <URI N="LicenseUri">https://github.com/oracle/oci-powershell-modules/blob/master/LICENSE.txt</URI>
      <URI N="ProjectUri">https://github.com/oracle/oci-powershell-modules/</URI>
      <URI N="IconUri">https://github.com/oracle/oci-powershell-modules/blob/master/icon.png</URI>
      <Obj N="Tags" RefId="1">
        <TN RefId="1">
          <T>System.Object[]</T>
          <T>System.Array</T>
          <T>System.Object</T>
        </TN>
        <LST>
          <S>PSEdition_Core</S>
          <S>Windows</S>
          <S>Linux</S>
          <S>macOS</S>
          <S>Oracle</S>
          <S>OCI</S>
          <S>Cloud</S>
          <S>OracleCloudInfrastructure</S>
          <S>Ailanguage</S>
          <S>PSModule</S>
        </LST>
      </Obj>
      <Obj N="Includes" RefId="2">
        <TN RefId="2">
          <T>System.Collections.Hashtable</T>
          <T>System.Object</T>
        </TN>
        <DCT>
          <En>
            <S N="Key">Function</S>
            <Obj N="Value" RefId="3">
              <TNRef RefId="1" />
              <LST />
            </Obj>
          </En>
          <En>
            <S N="Key">Workflow</S>
            <Ref N="Value" RefId="3" />
          </En>
          <En>
            <S N="Key">DscResource</S>
            <Ref N="Value" RefId="3" />
          </En>
          <En>
            <S N="Key">RoleCapability</S>
            <Ref N="Value" RefId="3" />
          </En>
          <En>
            <S N="Key">Command</S>
            <Obj N="Value" RefId="4">
              <TNRef RefId="1" />
              <LST>
                <S>Get-OCIAilanguageEndpoint</S>
                <S>Get-OCIAilanguageEndpointsList</S>
                <S>Get-OCIAilanguageEvaluationResultsList</S>
                <S>Get-OCIAilanguageJob</S>
                <S>Get-OCIAilanguageJobsList</S>
                <S>Get-OCIAilanguageModel</S>
                <S>Get-OCIAilanguageModelsList</S>
                <S>Get-OCIAilanguageModelType</S>
                <S>Get-OCIAilanguageProject</S>
                <S>Get-OCIAilanguageProjectsList</S>
                <S>Get-OCIAilanguageWorkRequest</S>
                <S>Get-OCIAilanguageWorkRequestErrorsList</S>
                <S>Get-OCIAilanguageWorkRequestLogsList</S>
                <S>Get-OCIAilanguageWorkRequestsList</S>
                <S>Invoke-OCIAilanguageBatchDetectDominantLanguage</S>
                <S>Invoke-OCIAilanguageBatchDetectHealthEntity</S>
                <S>Invoke-OCIAilanguageBatchDetectLanguageEntities</S>
                <S>Invoke-OCIAilanguageBatchDetectLanguageKeyPhrases</S>
                <S>Invoke-OCIAilanguageBatchDetectLanguagePiiEntities</S>
                <S>Invoke-OCIAilanguageBatchDetectLanguageSentiments</S>
                <S>Invoke-OCIAilanguageBatchDetectLanguageTextClassification</S>
                <S>Invoke-OCIAilanguageBatchLanguageTranslation</S>
                <S>Invoke-OCIAilanguageDetectDominantLanguage</S>
                <S>Invoke-OCIAilanguageDetectLanguageEntities</S>
                <S>Invoke-OCIAilanguageDetectLanguageKeyPhrases</S>
                <S>Invoke-OCIAilanguageDetectLanguageSentiments</S>
                <S>Invoke-OCIAilanguageDetectLanguageTextClassification</S>
                <S>Move-OCIAilanguageEndpointCompartment</S>
                <S>Move-OCIAilanguageJobCompartment</S>
                <S>Move-OCIAilanguageModelCompartment</S>
                <S>Move-OCIAilanguageProjectCompartment</S>
                <S>New-OCIAilanguageEndpoint</S>
                <S>New-OCIAilanguageJob</S>
                <S>New-OCIAilanguageModel</S>
                <S>New-OCIAilanguageProject</S>
                <S>Remove-OCIAilanguageEndpoint</S>
                <S>Remove-OCIAilanguageJob</S>
                <S>Remove-OCIAilanguageModel</S>
                <S>Remove-OCIAilanguageProject</S>
                <S>Stop-OCIAilanguageJob</S>
                <S>Update-OCIAilanguageEndpoint</S>
                <S>Update-OCIAilanguageJob</S>
                <S>Update-OCIAilanguageModel</S>
                <S>Update-OCIAilanguageProject</S>
              </LST>
            </Obj>
          </En>
          <En>
            <S N="Key">Cmdlet</S>
            <Obj N="Value" RefId="5">
              <TNRef RefId="1" />
              <LST>
                <S>Get-OCIAilanguageEndpoint</S>
                <S>Get-OCIAilanguageEndpointsList</S>
                <S>Get-OCIAilanguageEvaluationResultsList</S>
                <S>Get-OCIAilanguageJob</S>
                <S>Get-OCIAilanguageJobsList</S>
                <S>Get-OCIAilanguageModel</S>
                <S>Get-OCIAilanguageModelsList</S>
                <S>Get-OCIAilanguageModelType</S>
                <S>Get-OCIAilanguageProject</S>
                <S>Get-OCIAilanguageProjectsList</S>
                <S>Get-OCIAilanguageWorkRequest</S>
                <S>Get-OCIAilanguageWorkRequestErrorsList</S>
                <S>Get-OCIAilanguageWorkRequestLogsList</S>
                <S>Get-OCIAilanguageWorkRequestsList</S>
                <S>Invoke-OCIAilanguageBatchDetectDominantLanguage</S>
                <S>Invoke-OCIAilanguageBatchDetectHealthEntity</S>
                <S>Invoke-OCIAilanguageBatchDetectLanguageEntities</S>
                <S>Invoke-OCIAilanguageBatchDetectLanguageKeyPhrases</S>
                <S>Invoke-OCIAilanguageBatchDetectLanguagePiiEntities</S>
                <S>Invoke-OCIAilanguageBatchDetectLanguageSentiments</S>
                <S>Invoke-OCIAilanguageBatchDetectLanguageTextClassification</S>
                <S>Invoke-OCIAilanguageBatchLanguageTranslation</S>
                <S>Invoke-OCIAilanguageDetectDominantLanguage</S>
                <S>Invoke-OCIAilanguageDetectLanguageEntities</S>
                <S>Invoke-OCIAilanguageDetectLanguageKeyPhrases</S>
                <S>Invoke-OCIAilanguageDetectLanguageSentiments</S>
                <S>Invoke-OCIAilanguageDetectLanguageTextClassification</S>
                <S>Move-OCIAilanguageEndpointCompartment</S>
                <S>Move-OCIAilanguageJobCompartment</S>
                <S>Move-OCIAilanguageModelCompartment</S>
                <S>Move-OCIAilanguageProjectCompartment</S>
                <S>New-OCIAilanguageEndpoint</S>
                <S>New-OCIAilanguageJob</S>
                <S>New-OCIAilanguageModel</S>
                <S>New-OCIAilanguageProject</S>
                <S>Remove-OCIAilanguageEndpoint</S>
                <S>Remove-OCIAilanguageJob</S>
                <S>Remove-OCIAilanguageModel</S>
                <S>Remove-OCIAilanguageProject</S>
                <S>Stop-OCIAilanguageJob</S>
                <S>Update-OCIAilanguageEndpoint</S>
                <S>Update-OCIAilanguageJob</S>
                <S>Update-OCIAilanguageModel</S>
                <S>Update-OCIAilanguageProject</S>
              </LST>
            </Obj>
          </En>
        </DCT>
      </Obj>
      <Nil N="PowerShellGetFormatVersion" />
      <S N="ReleaseNotes">https://github.com/oracle/oci-powershell-modules/blob/master/CHANGELOG.md</S>
      <Obj N="Dependencies" RefId="6">
        <TNRef RefId="1" />
        <LST>
          <Obj RefId="7">
            <TN RefId="3">
              <T>System.Collections.Specialized.OrderedDictionary</T>
              <T>System.Object</T>
            </TN>
            <DCT>
              <En>
                <S N="Key">Name</S>
                <S N="Value">OCI.PSModules.Common</S>
              </En>
              <En>
                <S N="Key">RequiredVersion</S>
                <S N="Value">95.1.0</S>
              </En>
              <En>
                <S N="Key">CanonicalId</S>
                <S N="Value">nuget:OCI.PSModules.Common/[95.1.0]</S>
              </En>
            </DCT>
          </Obj>
        </LST>
      </Obj>
      <S N="RepositorySourceLocation">https://www.powershellgallery.com/api/v2</S>
      <S N="Repository">PSGallery</S>
      <S N="PackageManagementProvider">NuGet</S>
      <Obj N="AdditionalMetadata" RefId="8">
        <TN RefId="4">
          <T>System.Management.Automation.PSCustomObject</T>
          <T>System.Object</T>
        </TN>
        <MS>
          <S N="copyright">(c) Oracle Cloud Infrastructure. All rights reserved.</S>
          <S N="description">This modules provides Cmdlets for OCI Ailanguage Service</S>
          <S N="requireLicenseAcceptance">False</S>
          <S N="releaseNotes">https://github.com/oracle/oci-powershell-modules/blob/master/CHANGELOG.md</S>
          <S N="isLatestVersion">True</S>
          <S N="isAbsoluteLatestVersion">True</S>
          <S N="versionDownloadCount">318</S>
          <S N="downloadCount">11400</S>
          <S N="packageSize">172997</S>
          <S N="published">11/12/2024 6:41:33 PM +02:00</S>
          <S N="created">11/12/2024 6:41:33 PM +02:00</S>
          <S N="lastUpdated">12/8/2024 9:50:00 PM +02:00</S>
          <S N="tags">PSEdition_Core Windows Linux macOS Oracle OCI Cloud OracleCloudInfrastructure Ailanguage PSModule PSCmdlet_Get-OCIAilanguageEndpoint PSCommand_Get-OCIAilanguageEndpoint PSCmdlet_Get-OCIAilanguageEndpointsList PSCommand_Get-OCIAilanguageEndpointsList PSCmdlet_Get-OCIAilanguageEvaluationResultsList PSCommand_Get-OCIAilanguageEvaluationResultsList PSCmdlet_Get-OCIAilanguageJob PSCommand_Get-OCIAilanguageJob PSCmdlet_Get-OCIAilanguageJobsList PSCommand_Get-OCIAilanguageJobsList PSCmdlet_Get-OCIAilanguageModel PSCommand_Get-OCIAilanguageModel PSCmdlet_Get-OCIAilanguageModelsList PSCommand_Get-OCIAilanguageModelsList PSCmdlet_Get-OCIAilanguageModelType PSCommand_Get-OCIAilanguageModelType PSCmdlet_Get-OCIAilanguageProject PSCommand_Get-OCIAilanguageProject PSCmdlet_Get-OCIAilanguageProjectsList PSCommand_Get-OCIAilanguageProjectsList PSCmdlet_Get-OCIAilanguageWorkRequest PSCommand_Get-OCIAilanguageWorkRequest PSCmdlet_Get-OCIAilanguageWorkRequestErrorsList PSCommand_Get-OCIAilanguageWorkRequestErrorsList PSCmdlet_Get-OCIAilanguageWorkRequestLogsList PSCommand_Get-OCIAilanguageWorkRequestLogsList PSCmdlet_Get-OCIAilanguageWorkRequestsList PSCommand_Get-OCIAilanguageWorkRequestsList PSCmdlet_Invoke-OCIAilanguageBatchDetectDominantLanguage PSCommand_Invoke-OCIAilanguageBatchDetectDominantLanguage PSCmdlet_Invoke-OCIAilanguageBatchDetectHealthEntity PSCommand_Invoke-OCIAilanguageBatchDetectHealthEntity PSCmdlet_Invoke-OCIAilanguageBatchDetectLanguageEntities PSCommand_Invoke-OCIAilanguageBatchDetectLanguageEntities PSCmdlet_Invoke-OCIAilanguageBatchDetectLanguageKeyPhrases PSCommand_Invoke-OCIAilanguageBatchDetectLanguageKeyPhrases PSCmdlet_Invoke-OCIAilanguageBatchDetectLanguagePiiEntities PSCommand_Invoke-OCIAilanguageBatchDetectLanguagePiiEntities PSCmdlet_Invoke-OCIAilanguageBatchDetectLanguageSentiments PSCommand_Invoke-OCIAilanguageBatchDetectLanguageSentiments PSCmdlet_Invoke-OCIAilanguageBatchDetectLanguageTextClassification PSCommand_Invoke-OCIAilanguageBatchDetectLanguageTextClassification PSCmdlet_Invoke-OCIAilanguageBatchLanguageTranslation PSCommand_Invoke-OCIAilanguageBatchLanguageTranslation PSCmdlet_Invoke-OCIAilanguageDetectDominantLanguage PSCommand_Invoke-OCIAilanguageDetectDominantLanguage PSCmdlet_Invoke-OCIAilanguageDetectLanguageEntities PSCommand_Invoke-OCIAilanguageDetectLanguageEntities PSCmdlet_Invoke-OCIAilanguageDetectLanguageKeyPhrases PSCommand_Invoke-OCIAilanguageDetectLanguageKeyPhrases PSCmdlet_Invoke-OCIAilanguageDetectLanguageSentiments PSCommand_Invoke-OCIAilanguageDetectLanguageSentiments PSCmdlet_Invoke-OCIAilanguageDetectLanguageTextClassification PSCommand_Invoke-OCIAilanguageDetectLanguageTextClassification PSCmdlet_Move-OCIAilanguageEndpointCompartment PSCommand_Move-OCIAilanguageEndpointCompartment PSCmdlet_Move-OCIAilanguageJobCompartment PSCommand_Move-OCIAilanguageJobCompartment PSCmdlet_Move-OCIAilanguageModelCompartment PSCommand_Move-OCIAilanguageModelCompartment PSCmdlet_Move-OCIAilanguageProjectCompartment PSCommand_Move-OCIAilanguageProjectCompartment PSCmdlet_New-OCIAilanguageEndpoint PSCommand_New-OCIAilanguageEndpoint PSCmdlet_New-OCIAilanguageJob PSCommand_New-OCIAilanguageJob PSCmdlet_New-OCIAilanguageModel PSCommand_New-OCIAilanguageModel PSCmdlet_New-OCIAilanguageProject PSCommand_New-OCIAilanguageProject PSCmdlet_Remove-OCIAilanguageEndpoint PSCommand_Remove-OCIAilanguageEndpoint PSCmdlet_Remove-OCIAilanguageJob PSCommand_Remove-OCIAilanguageJob PSCmdlet_Remove-OCIAilanguageModel PSCommand_Remove-OCIAilanguageModel PSCmdlet_Remove-OCIAilanguageProject PSCommand_Remove-OCIAilanguageProject PSCmdlet_Stop-OCIAilanguageJob PSCommand_Stop-OCIAilanguageJob PSCmdlet_Update-OCIAilanguageEndpoint PSCommand_Update-OCIAilanguageEndpoint PSCmdlet_Update-OCIAilanguageJob PSCommand_Update-OCIAilanguageJob PSCmdlet_Update-OCIAilanguageModel PSCommand_Update-OCIAilanguageModel PSCmdlet_Update-OCIAilanguageProject PSCommand_Update-OCIAilanguageProject PSIncludes_Cmdlet</S>
          <S N="developmentDependency">False</S>
          <S N="updated">2024-12-08T21:50:00Z</S>
          <S N="NormalizedVersion">95.1.0</S>
          <S N="Authors">Oracle Cloud Infrastructure</S>
          <S N="IsPrerelease">false</S>
          <S N="ItemType">Module</S>
          <S N="FileList">OCI.PSModules.Ailanguage.nuspec|THIRD_PARTY_LICENSES.txt|OCI.PSModules.Ailanguage.psd1|LICENSE.txt|OCI.PSModules.Ailanguage.dll-Help.xml|assemblies\OCI.PSModules.Ailanguage.dll|assemblies\OCI.DotNetSDK.Ailanguage.dll</S>
          <S N="GUID">f9edfadc-7cd9-4f7a-8258-fc0671fb808f</S>
          <S N="PowerShellVersion">6.0</S>
          <S N="CompanyName">Oracle Corporation</S>
        </MS>
      </Obj>
      <S N="InstalledLocation">C:\Users\MarcoFekry\Downloads\OCI.PSModules\OCI.PSModules.Ailanguage\95.1.0</S>
    </MS>
  </Obj>
</Objs>
