<Objs Version="1.1.0.1" xmlns="http://schemas.microsoft.com/powershell/2004/04">
  <Obj RefId="0">
    <TN RefId="0">
      <T>Microsoft.PowerShell.Commands.PSRepositoryItemInfo</T>
      <T>System.Management.Automation.PSCustomObject</T>
      <T>System.Object</T>
    </TN>
    <MS>
      <S N="Name">OCI.PSModules.Lockbox</S>
      <Version N="Version">120.0.0</Version>
      <S N="Type">Module</S>
      <S N="Description">This modules provides Cmdlets for OCI Lockbox Service</S>
      <S N="Author">Oracle Cloud Infrastructure</S>
      <S N="CompanyName">oci-psmodules-grp</S>
      <S N="Copyright">(c) Oracle Cloud Infrastructure. All rights reserved.</S>
      <DT N="PublishedDate">2025-11-18T18:46:12+02:00</DT>
      <Obj N="InstalledDate" RefId="1">
        <DT>2025-11-27T08:15:44.1612371+02:00</DT>
        <MS>
          <Obj N="DisplayHint" RefId="2">
            <TN RefId="1">
              <T>Microsoft.PowerShell.Commands.DisplayHintType</T>
              <T>System.Enum</T>
              <T>System.ValueType</T>
              <T>System.Object</T>
            </TN>
            <ToString>DateTime</ToString>
            <I32>2</I32>
          </Obj>
        </MS>
      </Obj>
      <Nil N="UpdatedDate" />
      <URI N="LicenseUri">https://github.com/oracle/oci-powershell-modules/blob/master/LICENSE.txt</URI>
      <URI N="ProjectUri">https://github.com/oracle/oci-powershell-modules/</URI>
      <URI N="IconUri">https://github.com/oracle/oci-powershell-modules/blob/master/icon.png</URI>
      <Obj N="Tags" RefId="3">
        <TN RefId="2">
          <T>System.Object[]</T>
          <T>System.Array</T>
          <T>System.Object</T>
        </TN>
        <LST>
          <S>PSEdition_Core</S>
          <S>Windows</S>
          <S>Linux</S>
          <S>macOS</S>
          <S>Oracle</S>
          <S>OCI</S>
          <S>Cloud</S>
          <S>OracleCloudInfrastructure</S>
          <S>Lockbox</S>
          <S>PSModule</S>
        </LST>
      </Obj>
      <Obj N="Includes" RefId="4">
        <TN RefId="3">
          <T>System.Collections.Hashtable</T>
          <T>System.Object</T>
        </TN>
        <DCT>
          <En>
            <S N="Key">Function</S>
            <Obj N="Value" RefId="5">
              <TNRef RefId="2" />
              <LST />
            </Obj>
          </En>
          <En>
            <S N="Key">RoleCapability</S>
            <Ref N="Value" RefId="5" />
          </En>
          <En>
            <S N="Key">Cmdlet</S>
            <Obj N="Value" RefId="6">
              <TNRef RefId="2" />
              <LST>
                <S>Export-OCILockboxAccessRequests</S>
                <S>Get-OCILockbox</S>
                <S>Get-OCILockboxAccessMaterials</S>
                <S>Get-OCILockboxAccessRequest</S>
                <S>Get-OCILockboxAccessRequestInternal</S>
                <S>Get-OCILockboxAccessRequestsList</S>
                <S>Get-OCILockboxApprovalTemplate</S>
                <S>Get-OCILockboxApprovalTemplatesList</S>
                <S>Get-OCILockboxesList</S>
                <S>Get-OCILockboxWorkRequest</S>
                <S>Get-OCILockboxWorkRequestErrorsList</S>
                <S>Get-OCILockboxWorkRequestLogsList</S>
                <S>Get-OCILockboxWorkRequestsList</S>
                <S>Invoke-OCILockboxHandleAccessRequest</S>
                <S>Move-OCILockboxApprovalTemplateCompartment</S>
                <S>Move-OCILockboxCompartment</S>
                <S>New-OCILockbox</S>
                <S>New-OCILockboxAccessRequest</S>
                <S>New-OCILockboxApprovalTemplate</S>
                <S>Remove-OCILockbox</S>
                <S>Remove-OCILockboxApprovalTemplate</S>
                <S>Stop-OCILockboxWorkRequest</S>
                <S>Update-OCILockbox</S>
                <S>Update-OCILockboxApprovalTemplate</S>
              </LST>
            </Obj>
          </En>
          <En>
            <S N="Key">DscResource</S>
            <Ref N="Value" RefId="5" />
          </En>
          <En>
            <S N="Key">Command</S>
            <Obj N="Value" RefId="7">
              <TNRef RefId="2" />
              <LST>
                <S>Export-OCILockboxAccessRequests</S>
                <S>Get-OCILockbox</S>
                <S>Get-OCILockboxAccessMaterials</S>
                <S>Get-OCILockboxAccessRequest</S>
                <S>Get-OCILockboxAccessRequestInternal</S>
                <S>Get-OCILockboxAccessRequestsList</S>
                <S>Get-OCILockboxApprovalTemplate</S>
                <S>Get-OCILockboxApprovalTemplatesList</S>
                <S>Get-OCILockboxesList</S>
                <S>Get-OCILockboxWorkRequest</S>
                <S>Get-OCILockboxWorkRequestErrorsList</S>
                <S>Get-OCILockboxWorkRequestLogsList</S>
                <S>Get-OCILockboxWorkRequestsList</S>
                <S>Invoke-OCILockboxHandleAccessRequest</S>
                <S>Move-OCILockboxApprovalTemplateCompartment</S>
                <S>Move-OCILockboxCompartment</S>
                <S>New-OCILockbox</S>
                <S>New-OCILockboxAccessRequest</S>
                <S>New-OCILockboxApprovalTemplate</S>
                <S>Remove-OCILockbox</S>
                <S>Remove-OCILockboxApprovalTemplate</S>
                <S>Stop-OCILockboxWorkRequest</S>
                <S>Update-OCILockbox</S>
                <S>Update-OCILockboxApprovalTemplate</S>
              </LST>
            </Obj>
          </En>
          <En>
            <S N="Key">Workflow</S>
            <Ref N="Value" RefId="5" />
          </En>
        </DCT>
      </Obj>
      <Nil N="PowerShellGetFormatVersion" />
      <S N="ReleaseNotes">https://github.com/oracle/oci-powershell-modules/blob/master/CHANGELOG.md</S>
      <Obj N="Dependencies" RefId="8">
        <TNRef RefId="2" />
        <LST>
          <Obj RefId="9">
            <TN RefId="4">
              <T>System.Collections.Specialized.OrderedDictionary</T>
              <T>System.Object</T>
            </TN>
            <DCT>
              <En>
                <S N="Key">Name</S>
                <S N="Value">OCI.PSModules.Common</S>
              </En>
              <En>
                <S N="Key">RequiredVersion</S>
                <S N="Value">120.0.0</S>
              </En>
              <En>
                <S N="Key">CanonicalId</S>
                <S N="Value">nuget:OCI.PSModules.Common/[120.0.0]</S>
              </En>
            </DCT>
          </Obj>
        </LST>
      </Obj>
      <S N="RepositorySourceLocation">https://www.powershellgallery.com/api/v2</S>
      <S N="Repository">PSGallery</S>
      <S N="PackageManagementProvider">NuGet</S>
      <Obj N="AdditionalMetadata" RefId="10">
        <TN RefId="5">
          <T>System.Management.Automation.PSCustomObject</T>
          <T>System.Object</T>
        </TN>
        <MS>
          <S N="copyright">(c) Oracle Cloud Infrastructure. All rights reserved.</S>
          <S N="description">This modules provides Cmdlets for OCI Lockbox Service</S>
          <S N="requireLicenseAcceptance">False</S>
          <S N="releaseNotes">https://github.com/oracle/oci-powershell-modules/blob/master/CHANGELOG.md</S>
          <S N="isLatestVersion">True</S>
          <S N="isAbsoluteLatestVersion">True</S>
          <S N="versionDownloadCount">47</S>
          <S N="downloadCount">10468</S>
          <S N="packageSize">116992</S>
          <S N="published">11/18/2025 6:46:12 PM +02:00</S>
          <S N="created">11/18/2025 6:46:12 PM +02:00</S>
          <S N="lastUpdated">11/26/2025 9:30:00 PM +02:00</S>
          <S N="tags">PSEdition_Core Windows Linux macOS Oracle OCI Cloud OracleCloudInfrastructure Lockbox PSModule PSCmdlet_Export-OCILockboxAccessRequests PSCommand_Export-OCILockboxAccessRequests PSCmdlet_Get-OCILockbox PSCommand_Get-OCILockbox PSCmdlet_Get-OCILockboxAccessMaterials PSCommand_Get-OCILockboxAccessMaterials PSCmdlet_Get-OCILockboxAccessRequest PSCommand_Get-OCILockboxAccessRequest PSCmdlet_Get-OCILockboxAccessRequestInternal PSCommand_Get-OCILockboxAccessRequestInternal PSCmdlet_Get-OCILockboxAccessRequestsList PSCommand_Get-OCILockboxAccessRequestsList PSCmdlet_Get-OCILockboxApprovalTemplate PSCommand_Get-OCILockboxApprovalTemplate PSCmdlet_Get-OCILockboxApprovalTemplatesList PSCommand_Get-OCILockboxApprovalTemplatesList PSCmdlet_Get-OCILockboxesList PSCommand_Get-OCILockboxesList PSCmdlet_Get-OCILockboxWorkRequest PSCommand_Get-OCILockboxWorkRequest PSCmdlet_Get-OCILockboxWorkRequestErrorsList PSCommand_Get-OCILockboxWorkRequestErrorsList PSCmdlet_Get-OCILockboxWorkRequestLogsList PSCommand_Get-OCILockboxWorkRequestLogsList PSCmdlet_Get-OCILockboxWorkRequestsList PSCommand_Get-OCILockboxWorkRequestsList PSCmdlet_Invoke-OCILockboxHandleAccessRequest PSCommand_Invoke-OCILockboxHandleAccessRequest PSCmdlet_Move-OCILockboxApprovalTemplateCompartment PSCommand_Move-OCILockboxApprovalTemplateCompartment PSCmdlet_Move-OCILockboxCompartment PSCommand_Move-OCILockboxCompartment PSCmdlet_New-OCILockbox PSCommand_New-OCILockbox PSCmdlet_New-OCILockboxAccessRequest PSCommand_New-OCILockboxAccessRequest PSCmdlet_New-OCILockboxApprovalTemplate PSCommand_New-OCILockboxApprovalTemplate PSCmdlet_Remove-OCILockbox PSCommand_Remove-OCILockbox PSCmdlet_Remove-OCILockboxApprovalTemplate PSCommand_Remove-OCILockboxApprovalTemplate PSCmdlet_Stop-OCILockboxWorkRequest PSCommand_Stop-OCILockboxWorkRequest PSCmdlet_Update-OCILockbox PSCommand_Update-OCILockbox PSCmdlet_Update-OCILockboxApprovalTemplate PSCommand_Update-OCILockboxApprovalTemplate PSIncludes_Cmdlet</S>
          <S N="developmentDependency">False</S>
          <S N="updated">2025-11-26T21:30:00Z</S>
          <S N="NormalizedVersion">120.0.0</S>
          <S N="Authors">Oracle Cloud Infrastructure</S>
          <S N="IsPrerelease">false</S>
          <S N="ItemType">Module</S>
          <S N="FileList">OCI.PSModules.Lockbox.nuspec|OCI.PSModules.Lockbox.psd1|LICENSE.txt|THIRD_PARTY_LICENSES.txt|OCI.PSModules.Lockbox.dll-Help.xml|assemblies\OCI.DotNetSDK.Lockbox.dll|assemblies\OCI.PSModules.Lockbox.dll</S>
          <S N="GUID">24788d7a-8305-474c-a1c0-add3a2ca16a0</S>
          <S N="PowerShellVersion">6.0</S>
          <S N="CompanyName">Oracle Corporation</S>
        </MS>
      </Obj>
      <S N="InstalledLocation">C:\Program Files\PowerShell\Modules\OCI.PSModules.Lockbox\120.0.0</S>
    </MS>
  </Obj>
</Objs>
