<Objs Version="1.1.0.1" xmlns="http://schemas.microsoft.com/powershell/2004/04">
  <Obj RefId="0">
    <TN RefId="0">
      <T>Microsoft.PowerShell.Commands.PSRepositoryItemInfo</T>
      <T>System.Management.Automation.PSCustomObject</T>
      <T>System.Object</T>
    </TN>
    <MS>
      <S N="Name">OCI.PSModules.Functions</S>
      <Version N="Version">120.0.0</Version>
      <S N="Type">Module</S>
      <S N="Description">This modules provides Cmdlets for OCI Functions Service</S>
      <S N="Author">Oracle Cloud Infrastructure</S>
      <S N="CompanyName">oci-psmodules-grp</S>
      <S N="Copyright">(c) Oracle Cloud Infrastructure. All rights reserved.</S>
      <DT N="PublishedDate">2025-11-18T18:42:58+02:00</DT>
      <Obj N="InstalledDate" RefId="1">
        <DT>2025-11-27T08:13:34.8546023+02:00</DT>
        <MS>
          <Obj N="DisplayHint" RefId="2">
            <TN RefId="1">
              <T>Microsoft.PowerShell.Commands.DisplayHintType</T>
              <T>System.Enum</T>
              <T>System.ValueType</T>
              <T>System.Object</T>
            </TN>
            <ToString>DateTime</ToString>
            <I32>2</I32>
          </Obj>
        </MS>
      </Obj>
      <Nil N="UpdatedDate" />
      <URI N="LicenseUri">https://github.com/oracle/oci-powershell-modules/blob/master/LICENSE.txt</URI>
      <URI N="ProjectUri">https://github.com/oracle/oci-powershell-modules/</URI>
      <URI N="IconUri">https://github.com/oracle/oci-powershell-modules/blob/master/icon.png</URI>
      <Obj N="Tags" RefId="3">
        <TN RefId="2">
          <T>System.Object[]</T>
          <T>System.Array</T>
          <T>System.Object</T>
        </TN>
        <LST>
          <S>PSEdition_Core</S>
          <S>Windows</S>
          <S>Linux</S>
          <S>macOS</S>
          <S>Oracle</S>
          <S>OCI</S>
          <S>Cloud</S>
          <S>OracleCloudInfrastructure</S>
          <S>Functions</S>
          <S>PSModule</S>
        </LST>
      </Obj>
      <Obj N="Includes" RefId="4">
        <TN RefId="3">
          <T>System.Collections.Hashtable</T>
          <T>System.Object</T>
        </TN>
        <DCT>
          <En>
            <S N="Key">Function</S>
            <Obj N="Value" RefId="5">
              <TNRef RefId="2" />
              <LST />
            </Obj>
          </En>
          <En>
            <S N="Key">RoleCapability</S>
            <Ref N="Value" RefId="5" />
          </En>
          <En>
            <S N="Key">Cmdlet</S>
            <Obj N="Value" RefId="6">
              <TNRef RefId="2" />
              <LST>
                <S>Get-OCIFunctionsApplication</S>
                <S>Get-OCIFunctionsApplicationsList</S>
                <S>Get-OCIFunctionsFunction</S>
                <S>Get-OCIFunctionsList</S>
                <S>Get-OCIFunctionsPbfListing</S>
                <S>Get-OCIFunctionsPbfListingsList</S>
                <S>Get-OCIFunctionsPbfListingVersion</S>
                <S>Get-OCIFunctionsPbfListingVersionsList</S>
                <S>Get-OCIFunctionsTriggersList</S>
                <S>Invoke-OCIFunctionsFunction</S>
                <S>Move-OCIFunctionsApplicationCompartment</S>
                <S>New-OCIFunctionsApplication</S>
                <S>New-OCIFunctionsFunction</S>
                <S>Remove-OCIFunctionsApplication</S>
                <S>Remove-OCIFunctionsFunction</S>
                <S>Update-OCIFunctionsApplication</S>
                <S>Update-OCIFunctionsFunction</S>
              </LST>
            </Obj>
          </En>
          <En>
            <S N="Key">DscResource</S>
            <Ref N="Value" RefId="5" />
          </En>
          <En>
            <S N="Key">Command</S>
            <Obj N="Value" RefId="7">
              <TNRef RefId="2" />
              <LST>
                <S>Get-OCIFunctionsApplication</S>
                <S>Get-OCIFunctionsApplicationsList</S>
                <S>Get-OCIFunctionsFunction</S>
                <S>Get-OCIFunctionsList</S>
                <S>Get-OCIFunctionsPbfListing</S>
                <S>Get-OCIFunctionsPbfListingsList</S>
                <S>Get-OCIFunctionsPbfListingVersion</S>
                <S>Get-OCIFunctionsPbfListingVersionsList</S>
                <S>Get-OCIFunctionsTriggersList</S>
                <S>Invoke-OCIFunctionsFunction</S>
                <S>Move-OCIFunctionsApplicationCompartment</S>
                <S>New-OCIFunctionsApplication</S>
                <S>New-OCIFunctionsFunction</S>
                <S>Remove-OCIFunctionsApplication</S>
                <S>Remove-OCIFunctionsFunction</S>
                <S>Update-OCIFunctionsApplication</S>
                <S>Update-OCIFunctionsFunction</S>
              </LST>
            </Obj>
          </En>
          <En>
            <S N="Key">Workflow</S>
            <Ref N="Value" RefId="5" />
          </En>
        </DCT>
      </Obj>
      <Nil N="PowerShellGetFormatVersion" />
      <S N="ReleaseNotes">https://github.com/oracle/oci-powershell-modules/blob/master/CHANGELOG.md</S>
      <Obj N="Dependencies" RefId="8">
        <TNRef RefId="2" />
        <LST>
          <Obj RefId="9">
            <TN RefId="4">
              <T>System.Collections.Specialized.OrderedDictionary</T>
              <T>System.Object</T>
            </TN>
            <DCT>
              <En>
                <S N="Key">Name</S>
                <S N="Value">OCI.PSModules.Common</S>
              </En>
              <En>
                <S N="Key">RequiredVersion</S>
                <S N="Value">120.0.0</S>
              </En>
              <En>
                <S N="Key">CanonicalId</S>
                <S N="Value">nuget:OCI.PSModules.Common/[120.0.0]</S>
              </En>
            </DCT>
          </Obj>
        </LST>
      </Obj>
      <S N="RepositorySourceLocation">https://www.powershellgallery.com/api/v2</S>
      <S N="Repository">PSGallery</S>
      <S N="PackageManagementProvider">NuGet</S>
      <Obj N="AdditionalMetadata" RefId="10">
        <TN RefId="5">
          <T>System.Management.Automation.PSCustomObject</T>
          <T>System.Object</T>
        </TN>
        <MS>
          <S N="copyright">(c) Oracle Cloud Infrastructure. All rights reserved.</S>
          <S N="description">This modules provides Cmdlets for OCI Functions Service</S>
          <S N="requireLicenseAcceptance">False</S>
          <S N="releaseNotes">https://github.com/oracle/oci-powershell-modules/blob/master/CHANGELOG.md</S>
          <S N="isLatestVersion">True</S>
          <S N="isAbsoluteLatestVersion">True</S>
          <S N="versionDownloadCount">47</S>
          <S N="downloadCount">13144</S>
          <S N="packageSize">106967</S>
          <S N="published">11/18/2025 6:42:58 PM +02:00</S>
          <S N="created">11/18/2025 6:42:58 PM +02:00</S>
          <S N="lastUpdated">11/26/2025 9:30:00 PM +02:00</S>
          <S N="tags">PSEdition_Core Windows Linux macOS Oracle OCI Cloud OracleCloudInfrastructure Functions PSModule PSCmdlet_Get-OCIFunctionsApplication PSCommand_Get-OCIFunctionsApplication PSCmdlet_Get-OCIFunctionsApplicationsList PSCommand_Get-OCIFunctionsApplicationsList PSCmdlet_Get-OCIFunctionsFunction PSCommand_Get-OCIFunctionsFunction PSCmdlet_Get-OCIFunctionsList PSCommand_Get-OCIFunctionsList PSCmdlet_Get-OCIFunctionsPbfListing PSCommand_Get-OCIFunctionsPbfListing PSCmdlet_Get-OCIFunctionsPbfListingsList PSCommand_Get-OCIFunctionsPbfListingsList PSCmdlet_Get-OCIFunctionsPbfListingVersion PSCommand_Get-OCIFunctionsPbfListingVersion PSCmdlet_Get-OCIFunctionsPbfListingVersionsList PSCommand_Get-OCIFunctionsPbfListingVersionsList PSCmdlet_Get-OCIFunctionsTriggersList PSCommand_Get-OCIFunctionsTriggersList PSCmdlet_Invoke-OCIFunctionsFunction PSCommand_Invoke-OCIFunctionsFunction PSCmdlet_Move-OCIFunctionsApplicationCompartment PSCommand_Move-OCIFunctionsApplicationCompartment PSCmdlet_New-OCIFunctionsApplication PSCommand_New-OCIFunctionsApplication PSCmdlet_New-OCIFunctionsFunction PSCommand_New-OCIFunctionsFunction PSCmdlet_Remove-OCIFunctionsApplication PSCommand_Remove-OCIFunctionsApplication PSCmdlet_Remove-OCIFunctionsFunction PSCommand_Remove-OCIFunctionsFunction PSCmdlet_Update-OCIFunctionsApplication PSCommand_Update-OCIFunctionsApplication PSCmdlet_Update-OCIFunctionsFunction PSCommand_Update-OCIFunctionsFunction PSIncludes_Cmdlet</S>
          <S N="developmentDependency">False</S>
          <S N="updated">2025-11-26T21:30:00Z</S>
          <S N="NormalizedVersion">120.0.0</S>
          <S N="Authors">Oracle Cloud Infrastructure</S>
          <S N="IsPrerelease">false</S>
          <S N="ItemType">Module</S>
          <S N="FileList">OCI.PSModules.Functions.nuspec|OCI.PSModules.Functions.dll-Help.xml|OCI.PSModules.Functions.psd1|LICENSE.txt|THIRD_PARTY_LICENSES.txt|assemblies\OCI.DotNetSDK.Functions.dll|assemblies\OCI.PSModules.Functions.dll</S>
          <S N="GUID">21b96577-939f-4757-b9c9-34f5b0c1c54b</S>
          <S N="PowerShellVersion">6.0</S>
          <S N="CompanyName">Oracle Corporation</S>
        </MS>
      </Obj>
      <S N="InstalledLocation">C:\Program Files\PowerShell\Modules\OCI.PSModules.Functions\120.0.0</S>
    </MS>
  </Obj>
</Objs>
