﻿<?xml version="1.0" encoding="utf-8"?>
<!--Copyright (c) 2020, 2024, Oracle and/or its affiliates.
This software is dual-licensed to you under the Universal Permissive License (UPL) 1.0 as shown at https://oss.oracle.com/licenses/upl or Apache License 2.0 as shown at http://www.apache.org/licenses/LICENSE-2.0. You may choose either license.-->
<helpItems schema="maml" xmlns="http://msh">
  <command:command xmlns:maml="http://schemas.microsoft.com/maml/2004/10" xmlns:command="http://schemas.microsoft.com/maml/dev/command/2004/10" xmlns:dev="http://schemas.microsoft.com/maml/dev/2004/10" xmlns:MSHelp="http://msdn.microsoft.com/mshelp">
    <command:details>
      <command:name>Clear-OCIClientSession</command:name>
      <command:verb>Clear</command:verb>
      <command:noun>OCIClientSession</command:noun>
      <maml:description>
        <maml:para>Clears the OCI Cmdlet parameter preference set in this session.</maml:para>
      </maml:description>
    </command:details>
    <maml:description>
      <maml:para>This cmdlet clears the preferred OCI Cmdlet parameters set in the current Powershell session.</maml:para>
    </maml:description>
    <command:syntax>
      <command:syntaxItem>
        <maml:name>Clear-OCIClientSession</maml:name>
        <command:parameter required="false" variableLength="true" globbing="false" pipelineInput="True (ByPropertyName)" position="named" aliases="none">
          <maml:name>RegionId</maml:name>
          <maml:Description>
            <maml:para>Clears the region preference for this session.</maml:para>
          </maml:Description>
          <command:parameterValue required="false" variableLength="false">SwitchParameter</command:parameterValue>
          <dev:type>
            <maml:name>SwitchParameter</maml:name>
            <maml:uri />
          </dev:type>
          <dev:defaultValue>False</dev:defaultValue>
        </command:parameter>
        <command:parameter required="false" variableLength="true" globbing="false" pipelineInput="True (ByPropertyName)" position="named" aliases="none">
          <maml:name>Profile</maml:name>
          <maml:Description>
            <maml:para>Clears the profile preference in the config file for this session.</maml:para>
          </maml:Description>
          <command:parameterValue required="false" variableLength="false">SwitchParameter</command:parameterValue>
          <dev:type>
            <maml:name>SwitchParameter</maml:name>
            <maml:uri />
          </dev:type>
          <dev:defaultValue>False</dev:defaultValue>
        </command:parameter>
        <command:parameter required="false" variableLength="true" globbing="false" pipelineInput="True (ByPropertyName)" position="named" aliases="none">
          <maml:name>Config</maml:name>
          <maml:Description>
            <maml:para>Clears the config file preference for this session.</maml:para>
          </maml:Description>
          <command:parameterValue required="false" variableLength="false">SwitchParameter</command:parameterValue>
          <dev:type>
            <maml:name>SwitchParameter</maml:name>
            <maml:uri />
          </dev:type>
          <dev:defaultValue>False</dev:defaultValue>
        </command:parameter>
        <command:parameter required="false" variableLength="true" globbing="false" pipelineInput="True (ByPropertyName)" position="named" aliases="none">
          <maml:name>AuthType</maml:name>
          <maml:Description>
            <maml:para>Clears the authentication type preference for this session and defaults to API Key authentication.</maml:para>
          </maml:Description>
          <command:parameterValue required="false" variableLength="false">SwitchParameter</command:parameterValue>
          <dev:type>
            <maml:name>SwitchParameter</maml:name>
            <maml:uri />
          </dev:type>
          <dev:defaultValue>False</dev:defaultValue>
        </command:parameter>
        <command:parameter required="false" variableLength="true" globbing="false" pipelineInput="True (ByPropertyName)" position="named" aliases="none">
          <maml:name>TimeOutInMillis</maml:name>
          <maml:Description>
            <maml:para>Clears the max timeout preference for OCI Cmdlets in this session.</maml:para>
          </maml:Description>
          <command:parameterValue required="false" variableLength="false">SwitchParameter</command:parameterValue>
          <dev:type>
            <maml:name>SwitchParameter</maml:name>
            <maml:uri />
          </dev:type>
          <dev:defaultValue>False</dev:defaultValue>
        </command:parameter>
        <command:parameter required="false" variableLength="true" globbing="false" pipelineInput="True (ByPropertyName)" position="named" aliases="none">
          <maml:name>NoRetry</maml:name>
          <maml:Description>
            <maml:para>Clears the Noretry logic preference for this session.</maml:para>
          </maml:Description>
          <command:parameterValue required="false" variableLength="false">SwitchParameter</command:parameterValue>
          <dev:type>
            <maml:name>SwitchParameter</maml:name>
            <maml:uri />
          </dev:type>
          <dev:defaultValue>False</dev:defaultValue>
        </command:parameter>
      </command:syntaxItem>
      <command:syntaxItem>
        <maml:name>Clear-OCIClientSession</maml:name>
        <command:parameter required="false" variableLength="true" globbing="false" pipelineInput="True (ByPropertyName)" position="named" aliases="none">
          <maml:name>All</maml:name>
          <maml:Description>
            <maml:para>Clears all session preferences.</maml:para>
          </maml:Description>
          <command:parameterValue required="false" variableLength="false">SwitchParameter</command:parameterValue>
          <dev:type>
            <maml:name>SwitchParameter</maml:name>
            <maml:uri />
          </dev:type>
          <dev:defaultValue>False</dev:defaultValue>
        </command:parameter>
      </command:syntaxItem>
    </command:syntax>
    <command:parameters>
      <command:parameter required="false" variableLength="true" globbing="false" pipelineInput="True (ByPropertyName)" position="named" aliases="none">
        <maml:name>All</maml:name>
        <maml:Description>
          <maml:para>Clears all session preferences.</maml:para>
        </maml:Description>
        <command:parameterValue required="false" variableLength="false">SwitchParameter</command:parameterValue>
        <dev:type>
          <maml:name>SwitchParameter</maml:name>
          <maml:uri />
        </dev:type>
        <dev:defaultValue>False</dev:defaultValue>
      </command:parameter>
      <command:parameter required="false" variableLength="true" globbing="false" pipelineInput="True (ByPropertyName)" position="named" aliases="none">
        <maml:name>AuthType</maml:name>
        <maml:Description>
          <maml:para>Clears the authentication type preference for this session and defaults to API Key authentication.</maml:para>
        </maml:Description>
        <command:parameterValue required="false" variableLength="false">SwitchParameter</command:parameterValue>
        <dev:type>
          <maml:name>SwitchParameter</maml:name>
          <maml:uri />
        </dev:type>
        <dev:defaultValue>False</dev:defaultValue>
      </command:parameter>
      <command:parameter required="false" variableLength="true" globbing="false" pipelineInput="True (ByPropertyName)" position="named" aliases="none">
        <maml:name>Config</maml:name>
        <maml:Description>
          <maml:para>Clears the config file preference for this session.</maml:para>
        </maml:Description>
        <command:parameterValue required="false" variableLength="false">SwitchParameter</command:parameterValue>
        <dev:type>
          <maml:name>SwitchParameter</maml:name>
          <maml:uri />
        </dev:type>
        <dev:defaultValue>False</dev:defaultValue>
      </command:parameter>
      <command:parameter required="false" variableLength="true" globbing="false" pipelineInput="True (ByPropertyName)" position="named" aliases="none">
        <maml:name>NoRetry</maml:name>
        <maml:Description>
          <maml:para>Clears the Noretry logic preference for this session.</maml:para>
        </maml:Description>
        <command:parameterValue required="false" variableLength="false">SwitchParameter</command:parameterValue>
        <dev:type>
          <maml:name>SwitchParameter</maml:name>
          <maml:uri />
        </dev:type>
        <dev:defaultValue>False</dev:defaultValue>
      </command:parameter>
      <command:parameter required="false" variableLength="true" globbing="false" pipelineInput="True (ByPropertyName)" position="named" aliases="none">
        <maml:name>Profile</maml:name>
        <maml:Description>
          <maml:para>Clears the profile preference in the config file for this session.</maml:para>
        </maml:Description>
        <command:parameterValue required="false" variableLength="false">SwitchParameter</command:parameterValue>
        <dev:type>
          <maml:name>SwitchParameter</maml:name>
          <maml:uri />
        </dev:type>
        <dev:defaultValue>False</dev:defaultValue>
      </command:parameter>
      <command:parameter required="false" variableLength="true" globbing="false" pipelineInput="True (ByPropertyName)" position="named" aliases="none">
        <maml:name>RegionId</maml:name>
        <maml:Description>
          <maml:para>Clears the region preference for this session.</maml:para>
        </maml:Description>
        <command:parameterValue required="false" variableLength="false">SwitchParameter</command:parameterValue>
        <dev:type>
          <maml:name>SwitchParameter</maml:name>
          <maml:uri />
        </dev:type>
        <dev:defaultValue>False</dev:defaultValue>
      </command:parameter>
      <command:parameter required="false" variableLength="true" globbing="false" pipelineInput="True (ByPropertyName)" position="named" aliases="none">
        <maml:name>TimeOutInMillis</maml:name>
        <maml:Description>
          <maml:para>Clears the max timeout preference for OCI Cmdlets in this session.</maml:para>
        </maml:Description>
        <command:parameterValue required="false" variableLength="false">SwitchParameter</command:parameterValue>
        <dev:type>
          <maml:name>SwitchParameter</maml:name>
          <maml:uri />
        </dev:type>
        <dev:defaultValue>False</dev:defaultValue>
      </command:parameter>
    </command:parameters>
    <command:inputTypes />
    <command:returnValues>
      <command:returnValue>
        <dev:type>
          <maml:name>System.Void</maml:name>
        </dev:type>
        <maml:description>
          <maml:para>
          </maml:para>
        </maml:description>
      </command:returnValue>
    </command:returnValues>
    <maml:alertSet>
      <maml:alert />
    </maml:alertSet>
    <command:examples />
    <command:relatedLinks>
      <maml:navigationLink>
        <maml:linkText>OCIModulesDocs</maml:linkText>
        <maml:uri>https://docs.cloud.oracle.com/en-us/iaas/Content/API/Concepts/ocimodulesforpowershell.htm</maml:uri>
      </maml:navigationLink>
      <maml:navigationLink>
        <maml:linkText>Examples</maml:linkText>
        <maml:uri>https://github.com/oracle/oci-powershell-modules/tree/master/Examples</maml:uri>
      </maml:navigationLink>
    </command:relatedLinks>
  </command:command>
  <command:command xmlns:maml="http://schemas.microsoft.com/maml/2004/10" xmlns:command="http://schemas.microsoft.com/maml/dev/command/2004/10" xmlns:dev="http://schemas.microsoft.com/maml/dev/2004/10" xmlns:MSHelp="http://msdn.microsoft.com/mshelp">
    <command:details>
      <command:name>Clear-OCICmdletHistory</command:name>
      <command:verb>Clear</command:verb>
      <command:noun>OCICmdletHistory</command:noun>
      <maml:description>
        <maml:para>Clear the stored OCI Cmdlet history.</maml:para>
      </maml:description>
    </command:details>
    <maml:description>
      <maml:para>Cmdlet history store records the cmdlet invocation and API reponses received for last few OCI Cmdlets invoked. This Cmdlet clears the stored Cmdlet history in the current Powershell Session.</maml:para>
    </maml:description>
    <command:syntax>
      <command:syntaxItem>
        <maml:name>Clear-OCICmdletHistory</maml:name>
      </command:syntaxItem>
    </command:syntax>
    <command:parameters />
    <command:inputTypes />
    <command:returnValues>
      <command:returnValue>
        <dev:type>
          <maml:name>System.Void</maml:name>
        </dev:type>
        <maml:description>
          <maml:para>
          </maml:para>
        </maml:description>
      </command:returnValue>
    </command:returnValues>
    <maml:alertSet>
      <maml:alert />
    </maml:alertSet>
    <command:examples />
    <command:relatedLinks>
      <maml:navigationLink>
        <maml:linkText>OCIModulesDocs</maml:linkText>
        <maml:uri>https://docs.cloud.oracle.com/en-us/iaas/Content/API/Concepts/ocimodulesforpowershell.htm</maml:uri>
      </maml:navigationLink>
      <maml:navigationLink>
        <maml:linkText>Examples</maml:linkText>
        <maml:uri>https://github.com/oracle/oci-powershell-modules/tree/master/Examples</maml:uri>
      </maml:navigationLink>
    </command:relatedLinks>
  </command:command>
  <command:command xmlns:maml="http://schemas.microsoft.com/maml/2004/10" xmlns:command="http://schemas.microsoft.com/maml/dev/command/2004/10" xmlns:dev="http://schemas.microsoft.com/maml/dev/2004/10" xmlns:MSHelp="http://msdn.microsoft.com/mshelp">
    <command:details>
      <command:name>Get-OCIClientSession</command:name>
      <command:verb>Get</command:verb>
      <command:noun>OCIClientSession</command:noun>
      <maml:description>
        <maml:para>Get the region/profile/config file preference configured for this session.</maml:para>
      </maml:description>
    </command:details>
    <maml:description>
      <maml:para>This cmdlet gets the preferred OCI Region, Config Profile name and path to the Config file configured to make API calls in the current Powershell session. Use Set-OCIClientSession to set session preferences.</maml:para>
    </maml:description>
    <command:syntax>
      <command:syntaxItem>
        <maml:name>Get-OCIClientSession</maml:name>
      </command:syntaxItem>
    </command:syntax>
    <command:parameters />
    <command:inputTypes />
    <command:returnValues>
      <command:returnValue>
        <dev:type>
          <maml:name>Oci.PSModules.Common.Cmdlets.ClientManagement.OCIClientSession</maml:name>
        </dev:type>
        <maml:description>
          <maml:para>
          </maml:para>
        </maml:description>
      </command:returnValue>
    </command:returnValues>
    <maml:alertSet>
      <maml:alert />
    </maml:alertSet>
    <command:examples />
    <command:relatedLinks>
      <maml:navigationLink>
        <maml:linkText>OCIModulesDocs</maml:linkText>
        <maml:uri>https://docs.cloud.oracle.com/en-us/iaas/Content/API/Concepts/ocimodulesforpowershell.htm</maml:uri>
      </maml:navigationLink>
      <maml:navigationLink>
        <maml:linkText>Examples</maml:linkText>
        <maml:uri>https://github.com/oracle/oci-powershell-modules/tree/master/Examples</maml:uri>
      </maml:navigationLink>
    </command:relatedLinks>
  </command:command>
  <command:command xmlns:maml="http://schemas.microsoft.com/maml/2004/10" xmlns:command="http://schemas.microsoft.com/maml/dev/command/2004/10" xmlns:dev="http://schemas.microsoft.com/maml/dev/2004/10" xmlns:MSHelp="http://msdn.microsoft.com/mshelp">
    <command:details>
      <command:name>Get-OCICmdletHistory</command:name>
      <command:verb>Get</command:verb>
      <command:noun>OCICmdletHistory</command:noun>
      <maml:description>
        <maml:para>Get the stored OCI Cmdlet history or the Cmdlet history store properties.</maml:para>
      </maml:description>
    </command:details>
    <maml:description>
      <maml:para>Cmdlet history store records the cmdlet invocation and API reponses received for last few OCI Cmdlets invoked. This Cmdlet based on the arguments in the invocation, either gets the configured OCI Cmdlet history store properties or the stored Cmdlet history for the current Powershell session. Use Set-OCICmdletHistory for configuring the history store properties.</maml:para>
    </maml:description>
    <command:syntax>
      <command:syntaxItem>
        <maml:name>Get-OCICmdletHistory</maml:name>
        <command:parameter required="false" variableLength="true" globbing="false" pipelineInput="False" position="named" aliases="none">
          <maml:name>Size</maml:name>
          <maml:Description>
            <maml:para>Size of the history store</maml:para>
          </maml:Description>
          <command:parameterValue required="false" variableLength="false">SwitchParameter</command:parameterValue>
          <dev:type>
            <maml:name>SwitchParameter</maml:name>
            <maml:uri />
          </dev:type>
          <dev:defaultValue>False</dev:defaultValue>
        </command:parameter>
      </command:syntaxItem>
    </command:syntax>
    <command:parameters>
      <command:parameter required="false" variableLength="true" globbing="false" pipelineInput="False" position="named" aliases="none">
        <maml:name>Size</maml:name>
        <maml:Description>
          <maml:para>Size of the history store</maml:para>
        </maml:Description>
        <command:parameterValue required="false" variableLength="false">SwitchParameter</command:parameterValue>
        <dev:type>
          <maml:name>SwitchParameter</maml:name>
          <maml:uri />
        </dev:type>
        <dev:defaultValue>False</dev:defaultValue>
      </command:parameter>
    </command:parameters>
    <command:inputTypes />
    <command:returnValues>
      <command:returnValue>
        <dev:type>
          <maml:name>Oci.PSModules.Common.Cmdlets.CmdletHistory.OCICmdletHistory</maml:name>
        </dev:type>
        <maml:description>
          <maml:para>
          </maml:para>
        </maml:description>
      </command:returnValue>
      <command:returnValue>
        <dev:type>
          <maml:name>System.Int32</maml:name>
        </dev:type>
        <maml:description>
          <maml:para>
          </maml:para>
        </maml:description>
      </command:returnValue>
    </command:returnValues>
    <maml:alertSet>
      <maml:alert />
    </maml:alertSet>
    <command:examples />
    <command:relatedLinks>
      <maml:navigationLink>
        <maml:linkText>OCIModulesDocs</maml:linkText>
        <maml:uri>https://docs.cloud.oracle.com/en-us/iaas/Content/API/Concepts/ocimodulesforpowershell.htm</maml:uri>
      </maml:navigationLink>
      <maml:navigationLink>
        <maml:linkText>Examples</maml:linkText>
        <maml:uri>https://github.com/oracle/oci-powershell-modules/tree/master/Examples</maml:uri>
      </maml:navigationLink>
    </command:relatedLinks>
  </command:command>
  <command:command xmlns:maml="http://schemas.microsoft.com/maml/2004/10" xmlns:command="http://schemas.microsoft.com/maml/dev/command/2004/10" xmlns:dev="http://schemas.microsoft.com/maml/dev/2004/10" xmlns:MSHelp="http://msdn.microsoft.com/mshelp">
    <command:details>
      <command:name>Get-OCIRealm</command:name>
      <command:verb>Get</command:verb>
      <command:noun>OCIRealm</command:noun>
      <maml:description>
        <maml:para>Gets the realm object.</maml:para>
      </maml:description>
    </command:details>
    <maml:description>
      <maml:para>Gets the realm object corresponding to the realm id from the list of realms supported.</maml:para>
    </maml:description>
    <command:syntax>
      <command:syntaxItem>
        <maml:name>Get-OCIRealm</maml:name>
        <command:parameter required="true" variableLength="true" globbing="false" pipelineInput="False" position="named" aliases="none">
          <maml:name>RealmId</maml:name>
          <maml:Description>
            <maml:para>Realm Identifier of the realm. eg) oc1</maml:para>
          </maml:Description>
          <command:parameterValue required="true" variableLength="false">String</command:parameterValue>
          <dev:type>
            <maml:name>String</maml:name>
            <maml:uri />
          </dev:type>
          <dev:defaultValue>None</dev:defaultValue>
        </command:parameter>
      </command:syntaxItem>
    </command:syntax>
    <command:parameters>
      <command:parameter required="true" variableLength="true" globbing="false" pipelineInput="False" position="named" aliases="none">
        <maml:name>RealmId</maml:name>
        <maml:Description>
          <maml:para>Realm Identifier of the realm. eg) oc1</maml:para>
        </maml:Description>
        <command:parameterValue required="true" variableLength="false">String</command:parameterValue>
        <dev:type>
          <maml:name>String</maml:name>
          <maml:uri />
        </dev:type>
        <dev:defaultValue>None</dev:defaultValue>
      </command:parameter>
    </command:parameters>
    <command:inputTypes />
    <command:returnValues>
      <command:returnValue>
        <dev:type>
          <maml:name>Oci.Common.Realm</maml:name>
        </dev:type>
        <maml:description>
          <maml:para>
          </maml:para>
        </maml:description>
      </command:returnValue>
    </command:returnValues>
    <maml:alertSet>
      <maml:alert />
    </maml:alertSet>
    <command:examples />
    <command:relatedLinks>
      <maml:navigationLink>
        <maml:linkText>OCIModulesDocs</maml:linkText>
        <maml:uri>https://docs.cloud.oracle.com/en-us/iaas/Content/API/Concepts/ocimodulesforpowershell.htm</maml:uri>
      </maml:navigationLink>
      <maml:navigationLink>
        <maml:linkText>Examples</maml:linkText>
        <maml:uri>https://github.com/oracle/oci-powershell-modules/tree/master/Examples</maml:uri>
      </maml:navigationLink>
    </command:relatedLinks>
  </command:command>
  <command:command xmlns:maml="http://schemas.microsoft.com/maml/2004/10" xmlns:command="http://schemas.microsoft.com/maml/dev/command/2004/10" xmlns:dev="http://schemas.microsoft.com/maml/dev/2004/10" xmlns:MSHelp="http://msdn.microsoft.com/mshelp">
    <command:details>
      <command:name>Get-OCIRealmsList</command:name>
      <command:verb>Get</command:verb>
      <command:noun>OCIRealmsList</command:noun>
      <maml:description>
        <maml:para>List supported realms.</maml:para>
      </maml:description>
    </command:details>
    <maml:description>
      <maml:para>List realms currently supported by this version of PowerShell Modules.</maml:para>
    </maml:description>
    <command:syntax>
      <command:syntaxItem>
        <maml:name>Get-OCIRealmsList</maml:name>
      </command:syntaxItem>
    </command:syntax>
    <command:parameters />
    <command:inputTypes />
    <command:returnValues>
      <command:returnValue>
        <dev:type>
          <maml:name>Oci.Common.Realm[]</maml:name>
        </dev:type>
        <maml:description>
          <maml:para>
          </maml:para>
        </maml:description>
      </command:returnValue>
    </command:returnValues>
    <maml:alertSet>
      <maml:alert />
    </maml:alertSet>
    <command:examples />
    <command:relatedLinks>
      <maml:navigationLink>
        <maml:linkText>OCIModulesDocs</maml:linkText>
        <maml:uri>https://docs.cloud.oracle.com/en-us/iaas/Content/API/Concepts/ocimodulesforpowershell.htm</maml:uri>
      </maml:navigationLink>
      <maml:navigationLink>
        <maml:linkText>Examples</maml:linkText>
        <maml:uri>https://github.com/oracle/oci-powershell-modules/tree/master/Examples</maml:uri>
      </maml:navigationLink>
    </command:relatedLinks>
  </command:command>
  <command:command xmlns:maml="http://schemas.microsoft.com/maml/2004/10" xmlns:command="http://schemas.microsoft.com/maml/dev/command/2004/10" xmlns:dev="http://schemas.microsoft.com/maml/dev/2004/10" xmlns:MSHelp="http://msdn.microsoft.com/mshelp">
    <command:details>
      <command:name>Get-OCIRegion</command:name>
      <command:verb>Get</command:verb>
      <command:noun>OCIRegion</command:noun>
      <maml:description>
        <maml:para>Gets the region object.</maml:para>
      </maml:description>
    </command:details>
    <maml:description>
      <maml:para>Gets the region object corresponding to the region id or region code from the list of regions supported. If no matching region is found, this cmdlet will register a region from the regions config file, the `OCI_REGION_METADATA` environment variable, or the Instance Metadata Service (if enabled) and return that region.</maml:para>
    </maml:description>
    <command:syntax>
      <command:syntaxItem>
        <maml:name>Get-OCIRegion</maml:name>
        <command:parameter required="true" variableLength="true" globbing="false" pipelineInput="False" position="named" aliases="none">
          <maml:name>RegionId</maml:name>
          <maml:Description>
            <maml:para>Region Identifier of the new region. eg) us-phoenix-1</maml:para>
          </maml:Description>
          <command:parameterValue required="true" variableLength="false">String</command:parameterValue>
          <dev:type>
            <maml:name>String</maml:name>
            <maml:uri />
          </dev:type>
          <dev:defaultValue>None</dev:defaultValue>
        </command:parameter>
        <command:parameter required="false" variableLength="true" globbing="false" pipelineInput="False" position="named" aliases="none">
          <maml:name>EnableInstanceMetadataService</maml:name>
          <maml:Description>
            <maml:para>Enabling the Instance Metadata Service allows region lookups through the OCI Instance's metadata.</maml:para>
          </maml:Description>
          <command:parameterValue required="false" variableLength="false">SwitchParameter</command:parameterValue>
          <dev:type>
            <maml:name>SwitchParameter</maml:name>
            <maml:uri />
          </dev:type>
          <dev:defaultValue>False</dev:defaultValue>
        </command:parameter>
      </command:syntaxItem>
      <command:syntaxItem>
        <maml:name>Get-OCIRegion</maml:name>
        <command:parameter required="true" variableLength="true" globbing="false" pipelineInput="False" position="named" aliases="none">
          <maml:name>RegionCode</maml:name>
          <maml:Description>
            <maml:para>The Region key representing the region. eg) phx</maml:para>
          </maml:Description>
          <command:parameterValue required="true" variableLength="false">String</command:parameterValue>
          <dev:type>
            <maml:name>String</maml:name>
            <maml:uri />
          </dev:type>
          <dev:defaultValue>None</dev:defaultValue>
        </command:parameter>
        <command:parameter required="false" variableLength="true" globbing="false" pipelineInput="False" position="named" aliases="none">
          <maml:name>EnableInstanceMetadataService</maml:name>
          <maml:Description>
            <maml:para>Enabling the Instance Metadata Service allows region lookups through the OCI Instance's metadata.</maml:para>
          </maml:Description>
          <command:parameterValue required="false" variableLength="false">SwitchParameter</command:parameterValue>
          <dev:type>
            <maml:name>SwitchParameter</maml:name>
            <maml:uri />
          </dev:type>
          <dev:defaultValue>False</dev:defaultValue>
        </command:parameter>
      </command:syntaxItem>
    </command:syntax>
    <command:parameters>
      <command:parameter required="false" variableLength="true" globbing="false" pipelineInput="False" position="named" aliases="none">
        <maml:name>EnableInstanceMetadataService</maml:name>
        <maml:Description>
          <maml:para>Enabling the Instance Metadata Service allows region lookups through the OCI Instance's metadata.</maml:para>
        </maml:Description>
        <command:parameterValue required="false" variableLength="false">SwitchParameter</command:parameterValue>
        <dev:type>
          <maml:name>SwitchParameter</maml:name>
          <maml:uri />
        </dev:type>
        <dev:defaultValue>False</dev:defaultValue>
      </command:parameter>
      <command:parameter required="true" variableLength="true" globbing="false" pipelineInput="False" position="named" aliases="none">
        <maml:name>RegionCode</maml:name>
        <maml:Description>
          <maml:para>The Region key representing the region. eg) phx</maml:para>
        </maml:Description>
        <command:parameterValue required="true" variableLength="false">String</command:parameterValue>
        <dev:type>
          <maml:name>String</maml:name>
          <maml:uri />
        </dev:type>
        <dev:defaultValue>None</dev:defaultValue>
      </command:parameter>
      <command:parameter required="true" variableLength="true" globbing="false" pipelineInput="False" position="named" aliases="none">
        <maml:name>RegionId</maml:name>
        <maml:Description>
          <maml:para>Region Identifier of the new region. eg) us-phoenix-1</maml:para>
        </maml:Description>
        <command:parameterValue required="true" variableLength="false">String</command:parameterValue>
        <dev:type>
          <maml:name>String</maml:name>
          <maml:uri />
        </dev:type>
        <dev:defaultValue>None</dev:defaultValue>
      </command:parameter>
    </command:parameters>
    <command:inputTypes />
    <command:returnValues>
      <command:returnValue>
        <dev:type>
          <maml:name>Oci.Common.Region</maml:name>
        </dev:type>
        <maml:description>
          <maml:para>
          </maml:para>
        </maml:description>
      </command:returnValue>
    </command:returnValues>
    <maml:alertSet>
      <maml:alert />
    </maml:alertSet>
    <command:examples />
    <command:relatedLinks>
      <maml:navigationLink>
        <maml:linkText>OCIModulesDocs</maml:linkText>
        <maml:uri>https://docs.cloud.oracle.com/en-us/iaas/Content/API/Concepts/ocimodulesforpowershell.htm</maml:uri>
      </maml:navigationLink>
      <maml:navigationLink>
        <maml:linkText>Examples</maml:linkText>
        <maml:uri>https://github.com/oracle/oci-powershell-modules/tree/master/Examples</maml:uri>
      </maml:navigationLink>
    </command:relatedLinks>
  </command:command>
  <command:command xmlns:maml="http://schemas.microsoft.com/maml/2004/10" xmlns:command="http://schemas.microsoft.com/maml/dev/command/2004/10" xmlns:dev="http://schemas.microsoft.com/maml/dev/2004/10" xmlns:MSHelp="http://msdn.microsoft.com/mshelp">
    <command:details>
      <command:name>Get-OCIRegionsList</command:name>
      <command:verb>Get</command:verb>
      <command:noun>OCIRegionsList</command:noun>
      <maml:description>
        <maml:para>List supported regions.</maml:para>
      </maml:description>
    </command:details>
    <maml:description>
      <maml:para>List regions currently supported by this version of PowerShell Modules.</maml:para>
    </maml:description>
    <command:syntax>
      <command:syntaxItem>
        <maml:name>Get-OCIRegionsList</maml:name>
      </command:syntaxItem>
    </command:syntax>
    <command:parameters />
    <command:inputTypes />
    <command:returnValues>
      <command:returnValue>
        <dev:type>
          <maml:name>Oci.Common.Region[]</maml:name>
        </dev:type>
        <maml:description>
          <maml:para>
          </maml:para>
        </maml:description>
      </command:returnValue>
    </command:returnValues>
    <maml:alertSet>
      <maml:alert />
    </maml:alertSet>
    <command:examples />
    <command:relatedLinks>
      <maml:navigationLink>
        <maml:linkText>OCIModulesDocs</maml:linkText>
        <maml:uri>https://docs.cloud.oracle.com/en-us/iaas/Content/API/Concepts/ocimodulesforpowershell.htm</maml:uri>
      </maml:navigationLink>
      <maml:navigationLink>
        <maml:linkText>Examples</maml:linkText>
        <maml:uri>https://github.com/oracle/oci-powershell-modules/tree/master/Examples</maml:uri>
      </maml:navigationLink>
    </command:relatedLinks>
  </command:command>
  <command:command xmlns:maml="http://schemas.microsoft.com/maml/2004/10" xmlns:command="http://schemas.microsoft.com/maml/dev/command/2004/10" xmlns:dev="http://schemas.microsoft.com/maml/dev/2004/10" xmlns:MSHelp="http://msdn.microsoft.com/mshelp">
    <command:details>
      <command:name>New-OCIClientKeys</command:name>
      <command:verb>New</command:verb>
      <command:noun>OCIClientKeys</command:noun>
      <maml:description>
        <maml:para>Creates a PEM formatted asymmetric cipher key pair.</maml:para>
      </maml:description>
    </command:details>
    <maml:description>
      <maml:para>This cmdlet helps setup a new PEM formatted asymmetric RSA cipher key pair. Keys will be created in the specified Key Directory or the default .oci directory under user's home. This Cmdlet might prompt for user input if the cmdlet invocation doesn't contain a value for some parameters described below.</maml:para>
    </maml:description>
    <command:syntax>
      <command:syntaxItem>
        <maml:name>New-OCIClientKeys</maml:name>
        <command:parameter required="false" variableLength="true" globbing="false" pipelineInput="False" position="named" aliases="none">
          <maml:name>KeyName</maml:name>
          <maml:Description>
            <maml:para>A name for the key. Generated key files will be {key-name}.pem and {key-name}_public.pem</maml:para>
          </maml:Description>
          <command:parameterValue required="true" variableLength="false">String</command:parameterValue>
          <dev:type>
            <maml:name>String</maml:name>
            <maml:uri />
          </dev:type>
          <dev:defaultValue>None</dev:defaultValue>
        </command:parameter>
        <command:parameter required="false" variableLength="true" globbing="false" pipelineInput="False" position="named" aliases="none">
          <maml:name>KeyDirectory</maml:name>
          <maml:Description>
            <maml:para>An optional directory to output the generated keys.</maml:para>
          </maml:Description>
          <command:parameterValue required="true" variableLength="false">String</command:parameterValue>
          <dev:type>
            <maml:name>String</maml:name>
            <maml:uri />
          </dev:type>
          <dev:defaultValue>None</dev:defaultValue>
        </command:parameter>
        <command:parameter required="false" variableLength="true" globbing="false" pipelineInput="False" position="named" aliases="none">
          <maml:name>PassPhrase</maml:name>
          <maml:Description>
            <maml:para>An optional passphrase to encrypt the private key.Specify "" to avoid encrypting the private key.</maml:para>
          </maml:Description>
          <command:parameterValue required="true" variableLength="false">String</command:parameterValue>
          <dev:type>
            <maml:name>String</maml:name>
            <maml:uri />
          </dev:type>
          <dev:defaultValue>None</dev:defaultValue>
        </command:parameter>
      </command:syntaxItem>
    </command:syntax>
    <command:parameters>
      <command:parameter required="false" variableLength="true" globbing="false" pipelineInput="False" position="named" aliases="none">
        <maml:name>KeyDirectory</maml:name>
        <maml:Description>
          <maml:para>An optional directory to output the generated keys.</maml:para>
        </maml:Description>
        <command:parameterValue required="true" variableLength="false">String</command:parameterValue>
        <dev:type>
          <maml:name>String</maml:name>
          <maml:uri />
        </dev:type>
        <dev:defaultValue>None</dev:defaultValue>
      </command:parameter>
      <command:parameter required="false" variableLength="true" globbing="false" pipelineInput="False" position="named" aliases="none">
        <maml:name>KeyName</maml:name>
        <maml:Description>
          <maml:para>A name for the key. Generated key files will be {key-name}.pem and {key-name}_public.pem</maml:para>
        </maml:Description>
        <command:parameterValue required="true" variableLength="false">String</command:parameterValue>
        <dev:type>
          <maml:name>String</maml:name>
          <maml:uri />
        </dev:type>
        <dev:defaultValue>None</dev:defaultValue>
      </command:parameter>
      <command:parameter required="false" variableLength="true" globbing="false" pipelineInput="False" position="named" aliases="none">
        <maml:name>PassPhrase</maml:name>
        <maml:Description>
          <maml:para>An optional passphrase to encrypt the private key.Specify "" to avoid encrypting the private key.</maml:para>
        </maml:Description>
        <command:parameterValue required="true" variableLength="false">String</command:parameterValue>
        <dev:type>
          <maml:name>String</maml:name>
          <maml:uri />
        </dev:type>
        <dev:defaultValue>None</dev:defaultValue>
      </command:parameter>
    </command:parameters>
    <command:inputTypes />
    <command:returnValues>
      <command:returnValue>
        <dev:type>
          <maml:name>System.Void</maml:name>
        </dev:type>
        <maml:description>
          <maml:para>
          </maml:para>
        </maml:description>
      </command:returnValue>
    </command:returnValues>
    <maml:alertSet>
      <maml:alert />
    </maml:alertSet>
    <command:examples />
    <command:relatedLinks>
      <maml:navigationLink>
        <maml:linkText>OCIModulesDocs</maml:linkText>
        <maml:uri>https://docs.cloud.oracle.com/en-us/iaas/Content/API/Concepts/ocimodulesforpowershell.htm</maml:uri>
      </maml:navigationLink>
      <maml:navigationLink>
        <maml:linkText>Examples</maml:linkText>
        <maml:uri>https://github.com/oracle/oci-powershell-modules/tree/master/Examples</maml:uri>
      </maml:navigationLink>
    </command:relatedLinks>
  </command:command>
  <command:command xmlns:maml="http://schemas.microsoft.com/maml/2004/10" xmlns:command="http://schemas.microsoft.com/maml/dev/command/2004/10" xmlns:dev="http://schemas.microsoft.com/maml/dev/2004/10" xmlns:MSHelp="http://msdn.microsoft.com/mshelp">
    <command:details>
      <command:name>Register-OCIRealm</command:name>
      <command:verb>Register</command:verb>
      <command:noun>OCIRealm</command:noun>
      <maml:description>
        <maml:para>Register a new realm.</maml:para>
      </maml:description>
    </command:details>
    <maml:description>
      <maml:para>Registers a new realm that is currently not supported by this version of PowerShell modules.</maml:para>
    </maml:description>
    <command:syntax>
      <command:syntaxItem>
        <maml:name>Register-OCIRealm</maml:name>
        <command:parameter required="true" variableLength="true" globbing="false" pipelineInput="False" position="named" aliases="none">
          <maml:name>RealmId</maml:name>
          <maml:Description>
            <maml:para>Realm Identifier of the new realm.</maml:para>
          </maml:Description>
          <command:parameterValue required="true" variableLength="false">String</command:parameterValue>
          <dev:type>
            <maml:name>String</maml:name>
            <maml:uri />
          </dev:type>
          <dev:defaultValue>None</dev:defaultValue>
        </command:parameter>
        <command:parameter required="true" variableLength="true" globbing="false" pipelineInput="False" position="named" aliases="none">
          <maml:name>SecondLevelDomain</maml:name>
          <maml:Description>
            <maml:para>The second level domain of the realm.</maml:para>
          </maml:Description>
          <command:parameterValue required="true" variableLength="false">String</command:parameterValue>
          <dev:type>
            <maml:name>String</maml:name>
            <maml:uri />
          </dev:type>
          <dev:defaultValue>None</dev:defaultValue>
        </command:parameter>
      </command:syntaxItem>
    </command:syntax>
    <command:parameters>
      <command:parameter required="true" variableLength="true" globbing="false" pipelineInput="False" position="named" aliases="none">
        <maml:name>RealmId</maml:name>
        <maml:Description>
          <maml:para>Realm Identifier of the new realm.</maml:para>
        </maml:Description>
        <command:parameterValue required="true" variableLength="false">String</command:parameterValue>
        <dev:type>
          <maml:name>String</maml:name>
          <maml:uri />
        </dev:type>
        <dev:defaultValue>None</dev:defaultValue>
      </command:parameter>
      <command:parameter required="true" variableLength="true" globbing="false" pipelineInput="False" position="named" aliases="none">
        <maml:name>SecondLevelDomain</maml:name>
        <maml:Description>
          <maml:para>The second level domain of the realm.</maml:para>
        </maml:Description>
        <command:parameterValue required="true" variableLength="false">String</command:parameterValue>
        <dev:type>
          <maml:name>String</maml:name>
          <maml:uri />
        </dev:type>
        <dev:defaultValue>None</dev:defaultValue>
      </command:parameter>
    </command:parameters>
    <command:inputTypes />
    <command:returnValues>
      <command:returnValue>
        <dev:type>
          <maml:name>Oci.Common.Realm</maml:name>
        </dev:type>
        <maml:description>
          <maml:para>
          </maml:para>
        </maml:description>
      </command:returnValue>
    </command:returnValues>
    <maml:alertSet>
      <maml:alert />
    </maml:alertSet>
    <command:examples />
    <command:relatedLinks>
      <maml:navigationLink>
        <maml:linkText>OCIModulesDocs</maml:linkText>
        <maml:uri>https://docs.cloud.oracle.com/en-us/iaas/Content/API/Concepts/ocimodulesforpowershell.htm</maml:uri>
      </maml:navigationLink>
      <maml:navigationLink>
        <maml:linkText>Examples</maml:linkText>
        <maml:uri>https://github.com/oracle/oci-powershell-modules/tree/master/Examples</maml:uri>
      </maml:navigationLink>
    </command:relatedLinks>
  </command:command>
  <command:command xmlns:maml="http://schemas.microsoft.com/maml/2004/10" xmlns:command="http://schemas.microsoft.com/maml/dev/command/2004/10" xmlns:dev="http://schemas.microsoft.com/maml/dev/2004/10" xmlns:MSHelp="http://msdn.microsoft.com/mshelp">
    <command:details>
      <command:name>Register-OCIRegion</command:name>
      <command:verb>Register</command:verb>
      <command:noun>OCIRegion</command:noun>
      <maml:description>
        <maml:para>Register a new region.</maml:para>
      </maml:description>
    </command:details>
    <maml:description>
      <maml:para>Registers a new region that is currently not supported by this version of PowerShell modules. If the Instance Metadata Service is enabled, the region to be registered is determined by the OCI instance's region.</maml:para>
    </maml:description>
    <command:syntax>
      <command:syntaxItem>
        <maml:name>Register-OCIRegion</maml:name>
        <command:parameter required="true" variableLength="true" globbing="false" pipelineInput="False" position="named" aliases="none">
          <maml:name>RegionId</maml:name>
          <maml:Description>
            <maml:para>Region Identifier of the new region.</maml:para>
          </maml:Description>
          <command:parameterValue required="true" variableLength="false">String</command:parameterValue>
          <dev:type>
            <maml:name>String</maml:name>
            <maml:uri />
          </dev:type>
          <dev:defaultValue>None</dev:defaultValue>
        </command:parameter>
        <command:parameter required="true" variableLength="true" globbing="false" pipelineInput="False" position="named" aliases="none">
          <maml:name>Realm</maml:name>
          <maml:Description>
            <maml:para>The Realm key that contains the region.</maml:para>
          </maml:Description>
          <command:parameterValue required="true" variableLength="false">Realm</command:parameterValue>
          <dev:type>
            <maml:name>Realm</maml:name>
            <maml:uri />
          </dev:type>
          <dev:defaultValue>None</dev:defaultValue>
        </command:parameter>
        <command:parameter required="false" variableLength="true" globbing="false" pipelineInput="False" position="named" aliases="none">
          <maml:name>RegionCode</maml:name>
          <maml:Description>
            <maml:para>The Region key representing the region.</maml:para>
          </maml:Description>
          <command:parameterValue required="true" variableLength="false">String</command:parameterValue>
          <dev:type>
            <maml:name>String</maml:name>
            <maml:uri />
          </dev:type>
          <dev:defaultValue>None</dev:defaultValue>
        </command:parameter>
      </command:syntaxItem>
      <command:syntaxItem>
        <maml:name>Register-OCIRegion</maml:name>
        <command:parameter required="false" variableLength="true" globbing="false" pipelineInput="False" position="named" aliases="none">
          <maml:name>EnableInstanceMetadataService</maml:name>
          <maml:Description>
            <maml:para>Enabling the Instance Metadata Service allows region lookups through the OCI Instance's metadata.</maml:para>
          </maml:Description>
          <command:parameterValue required="false" variableLength="false">SwitchParameter</command:parameterValue>
          <dev:type>
            <maml:name>SwitchParameter</maml:name>
            <maml:uri />
          </dev:type>
          <dev:defaultValue>False</dev:defaultValue>
        </command:parameter>
      </command:syntaxItem>
    </command:syntax>
    <command:parameters>
      <command:parameter required="false" variableLength="true" globbing="false" pipelineInput="False" position="named" aliases="none">
        <maml:name>EnableInstanceMetadataService</maml:name>
        <maml:Description>
          <maml:para>Enabling the Instance Metadata Service allows region lookups through the OCI Instance's metadata.</maml:para>
        </maml:Description>
        <command:parameterValue required="false" variableLength="false">SwitchParameter</command:parameterValue>
        <dev:type>
          <maml:name>SwitchParameter</maml:name>
          <maml:uri />
        </dev:type>
        <dev:defaultValue>False</dev:defaultValue>
      </command:parameter>
      <command:parameter required="true" variableLength="true" globbing="false" pipelineInput="False" position="named" aliases="none">
        <maml:name>Realm</maml:name>
        <maml:Description>
          <maml:para>The Realm key that contains the region.</maml:para>
        </maml:Description>
        <command:parameterValue required="true" variableLength="false">Realm</command:parameterValue>
        <dev:type>
          <maml:name>Realm</maml:name>
          <maml:uri />
        </dev:type>
        <dev:defaultValue>None</dev:defaultValue>
      </command:parameter>
      <command:parameter required="false" variableLength="true" globbing="false" pipelineInput="False" position="named" aliases="none">
        <maml:name>RegionCode</maml:name>
        <maml:Description>
          <maml:para>The Region key representing the region.</maml:para>
        </maml:Description>
        <command:parameterValue required="true" variableLength="false">String</command:parameterValue>
        <dev:type>
          <maml:name>String</maml:name>
          <maml:uri />
        </dev:type>
        <dev:defaultValue>None</dev:defaultValue>
      </command:parameter>
      <command:parameter required="true" variableLength="true" globbing="false" pipelineInput="False" position="named" aliases="none">
        <maml:name>RegionId</maml:name>
        <maml:Description>
          <maml:para>Region Identifier of the new region.</maml:para>
        </maml:Description>
        <command:parameterValue required="true" variableLength="false">String</command:parameterValue>
        <dev:type>
          <maml:name>String</maml:name>
          <maml:uri />
        </dev:type>
        <dev:defaultValue>None</dev:defaultValue>
      </command:parameter>
    </command:parameters>
    <command:inputTypes />
    <command:returnValues>
      <command:returnValue>
        <dev:type>
          <maml:name>Oci.Common.Region</maml:name>
        </dev:type>
        <maml:description>
          <maml:para>
          </maml:para>
        </maml:description>
      </command:returnValue>
    </command:returnValues>
    <maml:alertSet>
      <maml:alert />
    </maml:alertSet>
    <command:examples />
    <command:relatedLinks>
      <maml:navigationLink>
        <maml:linkText>OCIModulesDocs</maml:linkText>
        <maml:uri>https://docs.cloud.oracle.com/en-us/iaas/Content/API/Concepts/ocimodulesforpowershell.htm</maml:uri>
      </maml:navigationLink>
      <maml:navigationLink>
        <maml:linkText>Examples</maml:linkText>
        <maml:uri>https://github.com/oracle/oci-powershell-modules/tree/master/Examples</maml:uri>
      </maml:navigationLink>
    </command:relatedLinks>
  </command:command>
  <command:command xmlns:maml="http://schemas.microsoft.com/maml/2004/10" xmlns:command="http://schemas.microsoft.com/maml/dev/command/2004/10" xmlns:dev="http://schemas.microsoft.com/maml/dev/2004/10" xmlns:MSHelp="http://msdn.microsoft.com/mshelp">
    <command:details>
      <command:name>Set-OCIClientConfig</command:name>
      <command:verb>Set</command:verb>
      <command:noun>OCIClientConfig</command:noun>
      <maml:description>
        <maml:para>Interactive Cmdlet to generate oci config file.</maml:para>
      </maml:description>
    </command:details>
    <maml:description>
      <maml:para>This cmdlet helps create a new config file or setup a new profile in an existing config file. Config file will be created in the specified Config path or the default .oci directory under user's home. This Cmdlet might prompt for user input if the cmdlet invocation doesn't contain a value for some parameters described below.</maml:para>
    </maml:description>
    <command:syntax>
      <command:syntaxItem>
        <maml:name>Set-OCIClientConfig</maml:name>
        <command:parameter required="false" variableLength="true" globbing="false" pipelineInput="False" position="named" aliases="none">
          <maml:name>ConfigPath</maml:name>
          <maml:Description>
            <maml:para>Path of the config file</maml:para>
          </maml:Description>
          <command:parameterValue required="true" variableLength="false">String</command:parameterValue>
          <dev:type>
            <maml:name>String</maml:name>
            <maml:uri />
          </dev:type>
          <dev:defaultValue>None</dev:defaultValue>
        </command:parameter>
        <command:parameter required="false" variableLength="true" globbing="false" pipelineInput="False" position="named" aliases="none">
          <maml:name>ProfileName</maml:name>
          <maml:Description>
            <maml:para>Configuration profile name</maml:para>
          </maml:Description>
          <command:parameterValue required="true" variableLength="false">String</command:parameterValue>
          <dev:type>
            <maml:name>String</maml:name>
            <maml:uri />
          </dev:type>
          <dev:defaultValue>None</dev:defaultValue>
        </command:parameter>
        <command:parameter required="false" variableLength="true" globbing="false" pipelineInput="False" position="named" aliases="none">
          <maml:name>UserOCID</maml:name>
          <maml:Description>
            <maml:para>User OCID</maml:para>
          </maml:Description>
          <command:parameterValue required="true" variableLength="false">String</command:parameterValue>
          <dev:type>
            <maml:name>String</maml:name>
            <maml:uri />
          </dev:type>
          <dev:defaultValue>None</dev:defaultValue>
        </command:parameter>
        <command:parameter required="false" variableLength="true" globbing="false" pipelineInput="False" position="named" aliases="none">
          <maml:name>TenancyOCID</maml:name>
          <maml:Description>
            <maml:para>Tenancy OCID</maml:para>
          </maml:Description>
          <command:parameterValue required="true" variableLength="false">String</command:parameterValue>
          <dev:type>
            <maml:name>String</maml:name>
            <maml:uri />
          </dev:type>
          <dev:defaultValue>None</dev:defaultValue>
        </command:parameter>
        <command:parameter required="false" variableLength="true" globbing="false" pipelineInput="False" position="named" aliases="none">
          <maml:name>RegionID</maml:name>
          <maml:Description>
            <maml:para>User region ID</maml:para>
          </maml:Description>
          <command:parameterValue required="true" variableLength="false">String</command:parameterValue>
          <dev:type>
            <maml:name>String</maml:name>
            <maml:uri />
          </dev:type>
          <dev:defaultValue>None</dev:defaultValue>
        </command:parameter>
        <command:parameter required="false" variableLength="true" globbing="false" pipelineInput="False" position="named" aliases="none">
          <maml:name>KeyName</maml:name>
          <maml:Description>
            <maml:para>A name for the key. Generated key files will be {key-name}.pem and {key-name}_public.pem</maml:para>
          </maml:Description>
          <command:parameterValue required="true" variableLength="false">String</command:parameterValue>
          <dev:type>
            <maml:name>String</maml:name>
            <maml:uri />
          </dev:type>
          <dev:defaultValue>None</dev:defaultValue>
        </command:parameter>
        <command:parameter required="false" variableLength="true" globbing="false" pipelineInput="False" position="named" aliases="none">
          <maml:name>KeyDirectory</maml:name>
          <maml:Description>
            <maml:para>An optional directory to output the generated keys.</maml:para>
          </maml:Description>
          <command:parameterValue required="true" variableLength="false">String</command:parameterValue>
          <dev:type>
            <maml:name>String</maml:name>
            <maml:uri />
          </dev:type>
          <dev:defaultValue>None</dev:defaultValue>
        </command:parameter>
        <command:parameter required="false" variableLength="true" globbing="false" pipelineInput="False" position="named" aliases="none">
          <maml:name>PassPhrase</maml:name>
          <maml:Description>
            <maml:para>An optional passphrase to encrypt the private key. Specify "" to avoid encrypting the private key.</maml:para>
          </maml:Description>
          <command:parameterValue required="true" variableLength="false">String</command:parameterValue>
          <dev:type>
            <maml:name>String</maml:name>
            <maml:uri />
          </dev:type>
          <dev:defaultValue>None</dev:defaultValue>
        </command:parameter>
      </command:syntaxItem>
    </command:syntax>
    <command:parameters>
      <command:parameter required="false" variableLength="true" globbing="false" pipelineInput="False" position="named" aliases="none">
        <maml:name>ConfigPath</maml:name>
        <maml:Description>
          <maml:para>Path of the config file</maml:para>
        </maml:Description>
        <command:parameterValue required="true" variableLength="false">String</command:parameterValue>
        <dev:type>
          <maml:name>String</maml:name>
          <maml:uri />
        </dev:type>
        <dev:defaultValue>None</dev:defaultValue>
      </command:parameter>
      <command:parameter required="false" variableLength="true" globbing="false" pipelineInput="False" position="named" aliases="none">
        <maml:name>KeyDirectory</maml:name>
        <maml:Description>
          <maml:para>An optional directory to output the generated keys.</maml:para>
        </maml:Description>
        <command:parameterValue required="true" variableLength="false">String</command:parameterValue>
        <dev:type>
          <maml:name>String</maml:name>
          <maml:uri />
        </dev:type>
        <dev:defaultValue>None</dev:defaultValue>
      </command:parameter>
      <command:parameter required="false" variableLength="true" globbing="false" pipelineInput="False" position="named" aliases="none">
        <maml:name>KeyName</maml:name>
        <maml:Description>
          <maml:para>A name for the key. Generated key files will be {key-name}.pem and {key-name}_public.pem</maml:para>
        </maml:Description>
        <command:parameterValue required="true" variableLength="false">String</command:parameterValue>
        <dev:type>
          <maml:name>String</maml:name>
          <maml:uri />
        </dev:type>
        <dev:defaultValue>None</dev:defaultValue>
      </command:parameter>
      <command:parameter required="false" variableLength="true" globbing="false" pipelineInput="False" position="named" aliases="none">
        <maml:name>PassPhrase</maml:name>
        <maml:Description>
          <maml:para>An optional passphrase to encrypt the private key. Specify "" to avoid encrypting the private key.</maml:para>
        </maml:Description>
        <command:parameterValue required="true" variableLength="false">String</command:parameterValue>
        <dev:type>
          <maml:name>String</maml:name>
          <maml:uri />
        </dev:type>
        <dev:defaultValue>None</dev:defaultValue>
      </command:parameter>
      <command:parameter required="false" variableLength="true" globbing="false" pipelineInput="False" position="named" aliases="none">
        <maml:name>ProfileName</maml:name>
        <maml:Description>
          <maml:para>Configuration profile name</maml:para>
        </maml:Description>
        <command:parameterValue required="true" variableLength="false">String</command:parameterValue>
        <dev:type>
          <maml:name>String</maml:name>
          <maml:uri />
        </dev:type>
        <dev:defaultValue>None</dev:defaultValue>
      </command:parameter>
      <command:parameter required="false" variableLength="true" globbing="false" pipelineInput="False" position="named" aliases="none">
        <maml:name>RegionID</maml:name>
        <maml:Description>
          <maml:para>User region ID</maml:para>
        </maml:Description>
        <command:parameterValue required="true" variableLength="false">String</command:parameterValue>
        <dev:type>
          <maml:name>String</maml:name>
          <maml:uri />
        </dev:type>
        <dev:defaultValue>None</dev:defaultValue>
      </command:parameter>
      <command:parameter required="false" variableLength="true" globbing="false" pipelineInput="False" position="named" aliases="none">
        <maml:name>TenancyOCID</maml:name>
        <maml:Description>
          <maml:para>Tenancy OCID</maml:para>
        </maml:Description>
        <command:parameterValue required="true" variableLength="false">String</command:parameterValue>
        <dev:type>
          <maml:name>String</maml:name>
          <maml:uri />
        </dev:type>
        <dev:defaultValue>None</dev:defaultValue>
      </command:parameter>
      <command:parameter required="false" variableLength="true" globbing="false" pipelineInput="False" position="named" aliases="none">
        <maml:name>UserOCID</maml:name>
        <maml:Description>
          <maml:para>User OCID</maml:para>
        </maml:Description>
        <command:parameterValue required="true" variableLength="false">String</command:parameterValue>
        <dev:type>
          <maml:name>String</maml:name>
          <maml:uri />
        </dev:type>
        <dev:defaultValue>None</dev:defaultValue>
      </command:parameter>
    </command:parameters>
    <command:inputTypes />
    <command:returnValues>
      <command:returnValue>
        <dev:type>
          <maml:name>System.Void</maml:name>
        </dev:type>
        <maml:description>
          <maml:para>
          </maml:para>
        </maml:description>
      </command:returnValue>
    </command:returnValues>
    <maml:alertSet>
      <maml:alert />
    </maml:alertSet>
    <command:examples />
    <command:relatedLinks>
      <maml:navigationLink>
        <maml:linkText>OCIModulesDocs</maml:linkText>
        <maml:uri>https://docs.cloud.oracle.com/en-us/iaas/Content/API/Concepts/ocimodulesforpowershell.htm</maml:uri>
      </maml:navigationLink>
      <maml:navigationLink>
        <maml:linkText>Examples</maml:linkText>
        <maml:uri>https://github.com/oracle/oci-powershell-modules/tree/master/Examples</maml:uri>
      </maml:navigationLink>
    </command:relatedLinks>
  </command:command>
  <command:command xmlns:maml="http://schemas.microsoft.com/maml/2004/10" xmlns:command="http://schemas.microsoft.com/maml/dev/command/2004/10" xmlns:dev="http://schemas.microsoft.com/maml/dev/2004/10" xmlns:MSHelp="http://msdn.microsoft.com/mshelp">
    <command:details>
      <command:name>Set-OCIClientSession</command:name>
      <command:verb>Set</command:verb>
      <command:noun>OCIClientSession</command:noun>
      <maml:description>
        <maml:para>Sets the OCI Cmdlet parameter preference for this session.</maml:para>
      </maml:description>
    </command:details>
    <maml:description>
      <maml:para>This cmdlet sets a preferred OCI Region(-Id), Config Profile name, path to the Config file, Authentication type, Timeout and NoRetry to be used by OCI Cmdlets for making API calls in the current PowerShell session.</maml:para>
    </maml:description>
    <command:syntax>
      <command:syntaxItem>
        <maml:name>Set-OCIClientSession</maml:name>
        <command:parameter required="false" variableLength="true" globbing="false" pipelineInput="True (ByPropertyName)" position="named" aliases="none">
          <maml:name>RegionId</maml:name>
          <maml:Description>
            <maml:para>The region to make calls against for this session.</maml:para>
          </maml:Description>
          <command:parameterValue required="true" variableLength="false">String</command:parameterValue>
          <dev:type>
            <maml:name>String</maml:name>
            <maml:uri />
          </dev:type>
          <dev:defaultValue>None</dev:defaultValue>
        </command:parameter>
        <command:parameter required="false" variableLength="true" globbing="false" pipelineInput="True (ByPropertyName)" position="named" aliases="none">
          <maml:name>Profile</maml:name>
          <maml:Description>
            <maml:para>The profile in the config file to load for this session.</maml:para>
          </maml:Description>
          <command:parameterValue required="true" variableLength="false">String</command:parameterValue>
          <dev:type>
            <maml:name>String</maml:name>
            <maml:uri />
          </dev:type>
          <dev:defaultValue>None</dev:defaultValue>
        </command:parameter>
        <command:parameter required="false" variableLength="true" globbing="false" pipelineInput="True (ByPropertyName)" position="named" aliases="none">
          <maml:name>Config</maml:name>
          <maml:Description>
            <maml:para>Path to the config file to be used for this session.</maml:para>
          </maml:Description>
          <command:parameterValue required="true" variableLength="false">String</command:parameterValue>
          <dev:type>
            <maml:name>String</maml:name>
            <maml:uri />
          </dev:type>
          <dev:defaultValue>None</dev:defaultValue>
        </command:parameter>
        <command:parameter required="false" variableLength="true" globbing="false" pipelineInput="True (ByPropertyName)" position="named" aliases="none">
          <maml:name>AuthType</maml:name>
          <maml:Description>
            <maml:para>Type of authentication to use for making API requests in this session.</maml:para>
          </maml:Description>
          <command:parameterValue required="true" variableLength="false">AuthenticationType</command:parameterValue>
          <dev:type>
            <maml:name>AuthenticationType</maml:name>
            <maml:uri />
          </dev:type>
          <dev:defaultValue>None</dev:defaultValue>
        </command:parameter>
        <command:parameter required="false" variableLength="true" globbing="false" pipelineInput="True (ByPropertyName)" position="named" aliases="none">
          <maml:name>TimeOutInMillis</maml:name>
          <maml:Description>
            <maml:para>Max wait time in milliseconds for the API request to complete in this session. Default is 100000 millis(100 secs).</maml:para>
          </maml:Description>
          <command:parameterValue required="true" variableLength="false">Int32</command:parameterValue>
          <dev:type>
            <maml:name>Int32</maml:name>
            <maml:uri />
          </dev:type>
          <dev:defaultValue>None</dev:defaultValue>
        </command:parameter>
        <command:parameter required="false" variableLength="true" globbing="false" pipelineInput="True (ByPropertyName)" position="named" aliases="none">
          <maml:name>NoRetry</maml:name>
          <maml:Description>
            <maml:para>Disable retry logic for calls to services in this session.</maml:para>
          </maml:Description>
          <command:parameterValue required="false" variableLength="false">SwitchParameter</command:parameterValue>
          <dev:type>
            <maml:name>SwitchParameter</maml:name>
            <maml:uri />
          </dev:type>
          <dev:defaultValue>False</dev:defaultValue>
        </command:parameter>
      </command:syntaxItem>
    </command:syntax>
    <command:parameters>
      <command:parameter required="false" variableLength="true" globbing="false" pipelineInput="True (ByPropertyName)" position="named" aliases="none">
        <maml:name>AuthType</maml:name>
        <maml:Description>
          <maml:para>Type of authentication to use for making API requests in this session.</maml:para>
        </maml:Description>
        <command:parameterValue required="true" variableLength="false">AuthenticationType</command:parameterValue>
        <dev:type>
          <maml:name>AuthenticationType</maml:name>
          <maml:uri />
        </dev:type>
        <dev:defaultValue>None</dev:defaultValue>
      </command:parameter>
      <command:parameter required="false" variableLength="true" globbing="false" pipelineInput="True (ByPropertyName)" position="named" aliases="none">
        <maml:name>Config</maml:name>
        <maml:Description>
          <maml:para>Path to the config file to be used for this session.</maml:para>
        </maml:Description>
        <command:parameterValue required="true" variableLength="false">String</command:parameterValue>
        <dev:type>
          <maml:name>String</maml:name>
          <maml:uri />
        </dev:type>
        <dev:defaultValue>None</dev:defaultValue>
      </command:parameter>
      <command:parameter required="false" variableLength="true" globbing="false" pipelineInput="True (ByPropertyName)" position="named" aliases="none">
        <maml:name>NoRetry</maml:name>
        <maml:Description>
          <maml:para>Disable retry logic for calls to services in this session.</maml:para>
        </maml:Description>
        <command:parameterValue required="false" variableLength="false">SwitchParameter</command:parameterValue>
        <dev:type>
          <maml:name>SwitchParameter</maml:name>
          <maml:uri />
        </dev:type>
        <dev:defaultValue>False</dev:defaultValue>
      </command:parameter>
      <command:parameter required="false" variableLength="true" globbing="false" pipelineInput="True (ByPropertyName)" position="named" aliases="none">
        <maml:name>Profile</maml:name>
        <maml:Description>
          <maml:para>The profile in the config file to load for this session.</maml:para>
        </maml:Description>
        <command:parameterValue required="true" variableLength="false">String</command:parameterValue>
        <dev:type>
          <maml:name>String</maml:name>
          <maml:uri />
        </dev:type>
        <dev:defaultValue>None</dev:defaultValue>
      </command:parameter>
      <command:parameter required="false" variableLength="true" globbing="false" pipelineInput="True (ByPropertyName)" position="named" aliases="none">
        <maml:name>RegionId</maml:name>
        <maml:Description>
          <maml:para>The region to make calls against for this session.</maml:para>
        </maml:Description>
        <command:parameterValue required="true" variableLength="false">String</command:parameterValue>
        <dev:type>
          <maml:name>String</maml:name>
          <maml:uri />
        </dev:type>
        <dev:defaultValue>None</dev:defaultValue>
      </command:parameter>
      <command:parameter required="false" variableLength="true" globbing="false" pipelineInput="True (ByPropertyName)" position="named" aliases="none">
        <maml:name>TimeOutInMillis</maml:name>
        <maml:Description>
          <maml:para>Max wait time in milliseconds for the API request to complete in this session. Default is 100000 millis(100 secs).</maml:para>
        </maml:Description>
        <command:parameterValue required="true" variableLength="false">Int32</command:parameterValue>
        <dev:type>
          <maml:name>Int32</maml:name>
          <maml:uri />
        </dev:type>
        <dev:defaultValue>None</dev:defaultValue>
      </command:parameter>
    </command:parameters>
    <command:inputTypes />
    <command:returnValues>
      <command:returnValue>
        <dev:type>
          <maml:name>Oci.PSModules.Common.Cmdlets.ClientManagement.OCIClientSession</maml:name>
        </dev:type>
        <maml:description>
          <maml:para>
          </maml:para>
        </maml:description>
      </command:returnValue>
    </command:returnValues>
    <maml:alertSet>
      <maml:alert />
    </maml:alertSet>
    <command:examples />
    <command:relatedLinks>
      <maml:navigationLink>
        <maml:linkText>OCIModulesDocs</maml:linkText>
        <maml:uri>https://docs.cloud.oracle.com/en-us/iaas/Content/API/Concepts/ocimodulesforpowershell.htm</maml:uri>
      </maml:navigationLink>
      <maml:navigationLink>
        <maml:linkText>Examples</maml:linkText>
        <maml:uri>https://github.com/oracle/oci-powershell-modules/tree/master/Examples</maml:uri>
      </maml:navigationLink>
    </command:relatedLinks>
  </command:command>
  <command:command xmlns:maml="http://schemas.microsoft.com/maml/2004/10" xmlns:command="http://schemas.microsoft.com/maml/dev/command/2004/10" xmlns:dev="http://schemas.microsoft.com/maml/dev/2004/10" xmlns:MSHelp="http://msdn.microsoft.com/mshelp">
    <command:details>
      <command:name>Set-OCICmdletHistory</command:name>
      <command:verb>Set</command:verb>
      <command:noun>OCICmdletHistory</command:noun>
      <maml:description>
        <maml:para>Set the OCI Cmdlet history store properties.</maml:para>
      </maml:description>
    </command:details>
    <maml:description>
      <maml:para>Cmdlet history store records the cmdlet invocation and API reponses received for last few OCI Cmdlets invoked. The default size of the Cmdlet history store is 20. This Cmdlet configures the size of the OCI Cmdlet history store in the current Powershell session.</maml:para>
    </maml:description>
    <command:syntax>
      <command:syntaxItem>
        <maml:name>Set-OCICmdletHistory</maml:name>
        <command:parameter required="true" variableLength="true" globbing="false" pipelineInput="False" position="named" aliases="none">
          <maml:name>Size</maml:name>
          <maml:Description>
            <maml:para>Size of the history store</maml:para>
          </maml:Description>
          <command:parameterValue required="true" variableLength="false">Int32</command:parameterValue>
          <dev:type>
            <maml:name>Int32</maml:name>
            <maml:uri />
          </dev:type>
          <dev:defaultValue>None</dev:defaultValue>
        </command:parameter>
      </command:syntaxItem>
    </command:syntax>
    <command:parameters>
      <command:parameter required="true" variableLength="true" globbing="false" pipelineInput="False" position="named" aliases="none">
        <maml:name>Size</maml:name>
        <maml:Description>
          <maml:para>Size of the history store</maml:para>
        </maml:Description>
        <command:parameterValue required="true" variableLength="false">Int32</command:parameterValue>
        <dev:type>
          <maml:name>Int32</maml:name>
          <maml:uri />
        </dev:type>
        <dev:defaultValue>None</dev:defaultValue>
      </command:parameter>
    </command:parameters>
    <command:inputTypes />
    <command:returnValues>
      <command:returnValue>
        <dev:type>
          <maml:name>System.Int32</maml:name>
        </dev:type>
        <maml:description>
          <maml:para>
          </maml:para>
        </maml:description>
      </command:returnValue>
    </command:returnValues>
    <maml:alertSet>
      <maml:alert />
    </maml:alertSet>
    <command:examples />
    <command:relatedLinks>
      <maml:navigationLink>
        <maml:linkText>OCIModulesDocs</maml:linkText>
        <maml:uri>https://docs.cloud.oracle.com/en-us/iaas/Content/API/Concepts/ocimodulesforpowershell.htm</maml:uri>
      </maml:navigationLink>
      <maml:navigationLink>
        <maml:linkText>Examples</maml:linkText>
        <maml:uri>https://github.com/oracle/oci-powershell-modules/tree/master/Examples</maml:uri>
      </maml:navigationLink>
    </command:relatedLinks>
  </command:command>
</helpItems>