<Objs Version="1.1.0.1" xmlns="http://schemas.microsoft.com/powershell/2004/04">
  <Obj RefId="0">
    <TN RefId="0">
      <T>Microsoft.PowerShell.Commands.PSRepositoryItemInfo</T>
      <T>System.Management.Automation.PSCustomObject</T>
      <T>System.Object</T>
    </TN>
    <MS>
      <S N="Name">OCI.PSModules.Cloudbridge</S>
      <S N="Version">95.1.0</S>
      <S N="Type">Module</S>
      <S N="Description">This modules provides Cmdlets for OCI Cloudbridge Service</S>
      <S N="Author">Oracle Cloud Infrastructure</S>
      <S N="CompanyName">oci-psmodules-grp</S>
      <S N="Copyright">(c) Oracle Cloud Infrastructure. All rights reserved.</S>
      <DT N="PublishedDate">2024-11-12T18:44:17+02:00</DT>
      <Nil N="InstalledDate" />
      <Nil N="UpdatedDate" />
      <URI N="LicenseUri">https://github.com/oracle/oci-powershell-modules/blob/master/LICENSE.txt</URI>
      <URI N="ProjectUri">https://github.com/oracle/oci-powershell-modules/</URI>
      <URI N="IconUri">https://github.com/oracle/oci-powershell-modules/blob/master/icon.png</URI>
      <Obj N="Tags" RefId="1">
        <TN RefId="1">
          <T>System.Object[]</T>
          <T>System.Array</T>
          <T>System.Object</T>
        </TN>
        <LST>
          <S>PSEdition_Core</S>
          <S>Windows</S>
          <S>Linux</S>
          <S>macOS</S>
          <S>Oracle</S>
          <S>OCI</S>
          <S>Cloud</S>
          <S>OracleCloudInfrastructure</S>
          <S>Cloudbridge</S>
          <S>PSModule</S>
        </LST>
      </Obj>
      <Obj N="Includes" RefId="2">
        <TN RefId="2">
          <T>System.Collections.Hashtable</T>
          <T>System.Object</T>
        </TN>
        <DCT>
          <En>
            <S N="Key">Function</S>
            <Obj N="Value" RefId="3">
              <TNRef RefId="1" />
              <LST />
            </Obj>
          </En>
          <En>
            <S N="Key">Workflow</S>
            <Ref N="Value" RefId="3" />
          </En>
          <En>
            <S N="Key">DscResource</S>
            <Ref N="Value" RefId="3" />
          </En>
          <En>
            <S N="Key">RoleCapability</S>
            <Ref N="Value" RefId="3" />
          </En>
          <En>
            <S N="Key">Command</S>
            <Obj N="Value" RefId="4">
              <TNRef RefId="1" />
              <LST>
                <S>Add-OCICloudbridgeAgentDependency</S>
                <S>Get-OCICloudbridgeAgent</S>
                <S>Get-OCICloudbridgeAgentDependenciesList</S>
                <S>Get-OCICloudbridgeAgentDependency</S>
                <S>Get-OCICloudbridgeAgentsList</S>
                <S>Get-OCICloudbridgeApplianceImagesList</S>
                <S>Get-OCICloudbridgeAsset</S>
                <S>Get-OCICloudbridgeAssetsList</S>
                <S>Get-OCICloudbridgeAssetSource</S>
                <S>Get-OCICloudbridgeAssetSourceConnectionsList</S>
                <S>Get-OCICloudbridgeAssetSourcesList</S>
                <S>Get-OCICloudbridgeDiscoverySchedule</S>
                <S>Get-OCICloudbridgeDiscoverySchedulesList</S>
                <S>Get-OCICloudbridgeEnvironment</S>
                <S>Get-OCICloudbridgeEnvironmentsList</S>
                <S>Get-OCICloudbridgeHistoricalMetricsList</S>
                <S>Get-OCICloudbridgeInventoriesList</S>
                <S>Get-OCICloudbridgeInventory</S>
                <S>Get-OCICloudbridgePlugin</S>
                <S>Get-OCICloudbridgeSupportedCloudRegionsList</S>
                <S>Get-OCICloudbridgeWorkRequest</S>
                <S>Get-OCICloudbridgeWorkRequestErrorsList</S>
                <S>Get-OCICloudbridgeWorkRequestLogsList</S>
                <S>Get-OCICloudbridgeWorkRequestsList</S>
                <S>Import-OCICloudbridgeInventory</S>
                <S>Invoke-OCICloudbridgeAnalyzeAssets</S>
                <S>Invoke-OCICloudbridgeRefreshAssetSource</S>
                <S>Invoke-OCICloudbridgeSubmitHistoricalMetrics</S>
                <S>Move-OCICloudbridgeAgentCompartment</S>
                <S>Move-OCICloudbridgeAgentDependencyCompartment</S>
                <S>Move-OCICloudbridgeAssetCompartment</S>
                <S>Move-OCICloudbridgeAssetSourceCompartment</S>
                <S>Move-OCICloudbridgeAssetTags</S>
                <S>Move-OCICloudbridgeDiscoveryScheduleCompartment</S>
                <S>Move-OCICloudbridgeEnvironmentCompartment</S>
                <S>New-OCICloudbridgeAgent</S>
                <S>New-OCICloudbridgeAgentDependency</S>
                <S>New-OCICloudbridgeAsset</S>
                <S>New-OCICloudbridgeAssetSource</S>
                <S>New-OCICloudbridgeDiscoverySchedule</S>
                <S>New-OCICloudbridgeEnvironment</S>
                <S>New-OCICloudbridgeInventory</S>
                <S>Remove-OCICloudbridgeAgent</S>
                <S>Remove-OCICloudbridgeAgentDependency</S>
                <S>Remove-OCICloudbridgeAsset</S>
                <S>Remove-OCICloudbridgeAssetSource</S>
                <S>Remove-OCICloudbridgeDiscoverySchedule</S>
                <S>Remove-OCICloudbridgeEnvironment</S>
                <S>Remove-OCICloudbridgeInventory</S>
                <S>Stop-OCICloudbridgeWorkRequest</S>
                <S>Update-OCICloudbridgeAgent</S>
                <S>Update-OCICloudbridgeAgentDependency</S>
                <S>Update-OCICloudbridgeAsset</S>
                <S>Update-OCICloudbridgeAssetSource</S>
                <S>Update-OCICloudbridgeDiscoverySchedule</S>
                <S>Update-OCICloudbridgeEnvironment</S>
                <S>Update-OCICloudbridgeInventory</S>
              </LST>
            </Obj>
          </En>
          <En>
            <S N="Key">Cmdlet</S>
            <Obj N="Value" RefId="5">
              <TNRef RefId="1" />
              <LST>
                <S>Add-OCICloudbridgeAgentDependency</S>
                <S>Get-OCICloudbridgeAgent</S>
                <S>Get-OCICloudbridgeAgentDependenciesList</S>
                <S>Get-OCICloudbridgeAgentDependency</S>
                <S>Get-OCICloudbridgeAgentsList</S>
                <S>Get-OCICloudbridgeApplianceImagesList</S>
                <S>Get-OCICloudbridgeAsset</S>
                <S>Get-OCICloudbridgeAssetsList</S>
                <S>Get-OCICloudbridgeAssetSource</S>
                <S>Get-OCICloudbridgeAssetSourceConnectionsList</S>
                <S>Get-OCICloudbridgeAssetSourcesList</S>
                <S>Get-OCICloudbridgeDiscoverySchedule</S>
                <S>Get-OCICloudbridgeDiscoverySchedulesList</S>
                <S>Get-OCICloudbridgeEnvironment</S>
                <S>Get-OCICloudbridgeEnvironmentsList</S>
                <S>Get-OCICloudbridgeHistoricalMetricsList</S>
                <S>Get-OCICloudbridgeInventoriesList</S>
                <S>Get-OCICloudbridgeInventory</S>
                <S>Get-OCICloudbridgePlugin</S>
                <S>Get-OCICloudbridgeSupportedCloudRegionsList</S>
                <S>Get-OCICloudbridgeWorkRequest</S>
                <S>Get-OCICloudbridgeWorkRequestErrorsList</S>
                <S>Get-OCICloudbridgeWorkRequestLogsList</S>
                <S>Get-OCICloudbridgeWorkRequestsList</S>
                <S>Import-OCICloudbridgeInventory</S>
                <S>Invoke-OCICloudbridgeAnalyzeAssets</S>
                <S>Invoke-OCICloudbridgeRefreshAssetSource</S>
                <S>Invoke-OCICloudbridgeSubmitHistoricalMetrics</S>
                <S>Move-OCICloudbridgeAgentCompartment</S>
                <S>Move-OCICloudbridgeAgentDependencyCompartment</S>
                <S>Move-OCICloudbridgeAssetCompartment</S>
                <S>Move-OCICloudbridgeAssetSourceCompartment</S>
                <S>Move-OCICloudbridgeAssetTags</S>
                <S>Move-OCICloudbridgeDiscoveryScheduleCompartment</S>
                <S>Move-OCICloudbridgeEnvironmentCompartment</S>
                <S>New-OCICloudbridgeAgent</S>
                <S>New-OCICloudbridgeAgentDependency</S>
                <S>New-OCICloudbridgeAsset</S>
                <S>New-OCICloudbridgeAssetSource</S>
                <S>New-OCICloudbridgeDiscoverySchedule</S>
                <S>New-OCICloudbridgeEnvironment</S>
                <S>New-OCICloudbridgeInventory</S>
                <S>Remove-OCICloudbridgeAgent</S>
                <S>Remove-OCICloudbridgeAgentDependency</S>
                <S>Remove-OCICloudbridgeAsset</S>
                <S>Remove-OCICloudbridgeAssetSource</S>
                <S>Remove-OCICloudbridgeDiscoverySchedule</S>
                <S>Remove-OCICloudbridgeEnvironment</S>
                <S>Remove-OCICloudbridgeInventory</S>
                <S>Stop-OCICloudbridgeWorkRequest</S>
                <S>Update-OCICloudbridgeAgent</S>
                <S>Update-OCICloudbridgeAgentDependency</S>
                <S>Update-OCICloudbridgeAsset</S>
                <S>Update-OCICloudbridgeAssetSource</S>
                <S>Update-OCICloudbridgeDiscoverySchedule</S>
                <S>Update-OCICloudbridgeEnvironment</S>
                <S>Update-OCICloudbridgeInventory</S>
              </LST>
            </Obj>
          </En>
        </DCT>
      </Obj>
      <Nil N="PowerShellGetFormatVersion" />
      <S N="ReleaseNotes">https://github.com/oracle/oci-powershell-modules/blob/master/CHANGELOG.md</S>
      <Obj N="Dependencies" RefId="6">
        <TNRef RefId="1" />
        <LST>
          <Obj RefId="7">
            <TN RefId="3">
              <T>System.Collections.Specialized.OrderedDictionary</T>
              <T>System.Object</T>
            </TN>
            <DCT>
              <En>
                <S N="Key">Name</S>
                <S N="Value">OCI.PSModules.Common</S>
              </En>
              <En>
                <S N="Key">RequiredVersion</S>
                <S N="Value">95.1.0</S>
              </En>
              <En>
                <S N="Key">CanonicalId</S>
                <S N="Value">nuget:OCI.PSModules.Common/[95.1.0]</S>
              </En>
            </DCT>
          </Obj>
        </LST>
      </Obj>
      <S N="RepositorySourceLocation">https://www.powershellgallery.com/api/v2</S>
      <S N="Repository">PSGallery</S>
      <S N="PackageManagementProvider">NuGet</S>
      <Obj N="AdditionalMetadata" RefId="8">
        <TN RefId="4">
          <T>System.Management.Automation.PSCustomObject</T>
          <T>System.Object</T>
        </TN>
        <MS>
          <S N="copyright">(c) Oracle Cloud Infrastructure. All rights reserved.</S>
          <S N="description">This modules provides Cmdlets for OCI Cloudbridge Service</S>
          <S N="requireLicenseAcceptance">False</S>
          <S N="releaseNotes">https://github.com/oracle/oci-powershell-modules/blob/master/CHANGELOG.md</S>
          <S N="isLatestVersion">True</S>
          <S N="isAbsoluteLatestVersion">True</S>
          <S N="versionDownloadCount">304</S>
          <S N="downloadCount">6411</S>
          <S N="packageSize">218562</S>
          <S N="published">11/12/2024 6:44:17 PM +02:00</S>
          <S N="created">11/12/2024 6:44:17 PM +02:00</S>
          <S N="lastUpdated">12/8/2024 9:30:00 PM +02:00</S>
          <S N="tags">PSEdition_Core Windows Linux macOS Oracle OCI Cloud OracleCloudInfrastructure Cloudbridge PSModule PSCmdlet_Add-OCICloudbridgeAgentDependency PSCommand_Add-OCICloudbridgeAgentDependency PSCmdlet_Get-OCICloudbridgeAgent PSCommand_Get-OCICloudbridgeAgent PSCmdlet_Get-OCICloudbridgeAgentDependenciesList PSCommand_Get-OCICloudbridgeAgentDependenciesList PSCmdlet_Get-OCICloudbridgeAgentDependency PSCommand_Get-OCICloudbridgeAgentDependency PSCmdlet_Get-OCICloudbridgeAgentsList PSCommand_Get-OCICloudbridgeAgentsList PSCmdlet_Get-OCICloudbridgeApplianceImagesList PSCommand_Get-OCICloudbridgeApplianceImagesList PSCmdlet_Get-OCICloudbridgeAsset PSCommand_Get-OCICloudbridgeAsset PSCmdlet_Get-OCICloudbridgeAssetsList PSCommand_Get-OCICloudbridgeAssetsList PSCmdlet_Get-OCICloudbridgeAssetSource PSCommand_Get-OCICloudbridgeAssetSource PSCmdlet_Get-OCICloudbridgeAssetSourceConnectionsList PSCommand_Get-OCICloudbridgeAssetSourceConnectionsList PSCmdlet_Get-OCICloudbridgeAssetSourcesList PSCommand_Get-OCICloudbridgeAssetSourcesList PSCmdlet_Get-OCICloudbridgeDiscoverySchedule PSCommand_Get-OCICloudbridgeDiscoverySchedule PSCmdlet_Get-OCICloudbridgeDiscoverySchedulesList PSCommand_Get-OCICloudbridgeDiscoverySchedulesList PSCmdlet_Get-OCICloudbridgeEnvironment PSCommand_Get-OCICloudbridgeEnvironment PSCmdlet_Get-OCICloudbridgeEnvironmentsList PSCommand_Get-OCICloudbridgeEnvironmentsList PSCmdlet_Get-OCICloudbridgeHistoricalMetricsList PSCommand_Get-OCICloudbridgeHistoricalMetricsList PSCmdlet_Get-OCICloudbridgeInventoriesList PSCommand_Get-OCICloudbridgeInventoriesList PSCmdlet_Get-OCICloudbridgeInventory PSCommand_Get-OCICloudbridgeInventory PSCmdlet_Get-OCICloudbridgePlugin PSCommand_Get-OCICloudbridgePlugin PSCmdlet_Get-OCICloudbridgeSupportedCloudRegionsList PSCommand_Get-OCICloudbridgeSupportedCloudRegionsList PSCmdlet_Get-OCICloudbridgeWorkRequest PSCommand_Get-OCICloudbridgeWorkRequest PSCmdlet_Get-OCICloudbridgeWorkRequestErrorsList PSCommand_Get-OCICloudbridgeWorkRequestErrorsList PSCmdlet_Get-OCICloudbridgeWorkRequestLogsList PSCommand_Get-OCICloudbridgeWorkRequestLogsList PSCmdlet_Get-OCICloudbridgeWorkRequestsList PSCommand_Get-OCICloudbridgeWorkRequestsList PSCmdlet_Import-OCICloudbridgeInventory PSCommand_Import-OCICloudbridgeInventory PSCmdlet_Invoke-OCICloudbridgeAnalyzeAssets PSCommand_Invoke-OCICloudbridgeAnalyzeAssets PSCmdlet_Invoke-OCICloudbridgeRefreshAssetSource PSCommand_Invoke-OCICloudbridgeRefreshAssetSource PSCmdlet_Invoke-OCICloudbridgeSubmitHistoricalMetrics PSCommand_Invoke-OCICloudbridgeSubmitHistoricalMetrics PSCmdlet_Move-OCICloudbridgeAgentCompartment PSCommand_Move-OCICloudbridgeAgentCompartment PSCmdlet_Move-OCICloudbridgeAgentDependencyCompartment PSCommand_Move-OCICloudbridgeAgentDependencyCompartment PSCmdlet_Move-OCICloudbridgeAssetCompartment PSCommand_Move-OCICloudbridgeAssetCompartment PSCmdlet_Move-OCICloudbridgeAssetSourceCompartment PSCommand_Move-OCICloudbridgeAssetSourceCompartment PSCmdlet_Move-OCICloudbridgeAssetTags PSCommand_Move-OCICloudbridgeAssetTags PSCmdlet_Move-OCICloudbridgeDiscoveryScheduleCompartment PSCommand_Move-OCICloudbridgeDiscoveryScheduleCompartment PSCmdlet_Move-OCICloudbridgeEnvironmentCompartment PSCommand_Move-OCICloudbridgeEnvironmentCompartment PSCmdlet_New-OCICloudbridgeAgent PSCommand_New-OCICloudbridgeAgent PSCmdlet_New-OCICloudbridgeAgentDependency PSCommand_New-OCICloudbridgeAgentDependency PSCmdlet_New-OCICloudbridgeAsset PSCommand_New-OCICloudbridgeAsset PSCmdlet_New-OCICloudbridgeAssetSource PSCommand_New-OCICloudbridgeAssetSource PSCmdlet_New-OCICloudbridgeDiscoverySchedule PSCommand_New-OCICloudbridgeDiscoverySchedule PSCmdlet_New-OCICloudbridgeEnvironment PSCommand_New-OCICloudbridgeEnvironment PSCmdlet_New-OCICloudbridgeInventory PSCommand_New-OCICloudbridgeInventory PSCmdlet_Remove-OCICloudbridgeAgent PSCommand_Remove-OCICloudbridgeAgent PSCmdlet_Remove-OCICloudbridgeAgentDependency PSCommand_Remove-OCICloudbridgeAgentDependency PSCmdlet_Remove-OCICloudbridgeAsset PSCommand_Remove-OCICloudbridgeAsset PSCmdlet_Remove-OCICloudbridgeAssetSource PSCommand_Remove-OCICloudbridgeAssetSource PSCmdlet_Remove-OCICloudbridgeDiscoverySchedule PSCommand_Remove-OCICloudbridgeDiscoverySchedule PSCmdlet_Remove-OCICloudbridgeEnvironment PSCommand_Remove-OCICloudbridgeEnvironment PSCmdlet_Remove-OCICloudbridgeInventory PSCommand_Remove-OCICloudbridgeInventory PSCmdlet_Stop-OCICloudbridgeWorkRequest PSCommand_Stop-OCICloudbridgeWorkRequest PSCmdlet_Update-OCICloudbridgeAgent PSCommand_Update-OCICloudbridgeAgent PSCmdlet_Update-OCICloudbridgeAgentDependency PSCommand_Update-OCICloudbridgeAgentDependency PSCmdlet_Update-OCICloudbridgeAsset PSCommand_Update-OCICloudbridgeAsset PSCmdlet_Update-OCICloudbridgeAssetSource PSCommand_Update-OCICloudbridgeAssetSource PSCmdlet_Update-OCICloudbridgeDiscoverySchedule PSCommand_Update-OCICloudbridgeDiscoverySchedule PSCmdlet_Update-OCICloudbridgeEnvironment PSCommand_Update-OCICloudbridgeEnvironment PSCmdlet_Update-OCICloudbridgeInventory PSCommand_Update-OCICloudbridgeInventory PSIncludes_Cmdlet</S>
          <S N="developmentDependency">False</S>
          <S N="updated">2024-12-08T21:30:00Z</S>
          <S N="NormalizedVersion">95.1.0</S>
          <S N="Authors">Oracle Cloud Infrastructure</S>
          <S N="IsPrerelease">false</S>
          <S N="ItemType">Module</S>
          <S N="FileList">OCI.PSModules.Cloudbridge.nuspec|THIRD_PARTY_LICENSES.txt|LICENSE.txt|OCI.PSModules.Cloudbridge.psd1|OCI.PSModules.Cloudbridge.dll-Help.xml|assemblies\OCI.PSModules.Cloudbridge.dll|assemblies\OCI.DotNetSDK.Cloudbridge.dll</S>
          <S N="GUID">23fab747-5070-4685-94b0-d91859b2fd98</S>
          <S N="PowerShellVersion">6.0</S>
          <S N="CompanyName">Oracle Corporation</S>
        </MS>
      </Obj>
      <S N="InstalledLocation">C:\Users\MarcoFekry\Downloads\OCI.PSModules\OCI.PSModules.Cloudbridge\95.1.0</S>
    </MS>
  </Obj>
</Objs>
