<Objs Version="1.1.0.1" xmlns="http://schemas.microsoft.com/powershell/2004/04">
  <Obj RefId="0">
    <TN RefId="0">
      <T>Microsoft.PowerShell.Commands.PSRepositoryItemInfo</T>
      <T>System.Management.Automation.PSCustomObject</T>
      <T>System.Object</T>
    </TN>
    <MS>
      <S N="Name">OCI.PSModules.Cloudmigrations</S>
      <S N="Version">95.1.0</S>
      <S N="Type">Module</S>
      <S N="Description">This modules provides Cmdlets for OCI Cloudmigrations Service</S>
      <S N="Author">Oracle Cloud Infrastructure</S>
      <S N="CompanyName">oci-psmodules-grp</S>
      <S N="Copyright">(c) Oracle Cloud Infrastructure. All rights reserved.</S>
      <DT N="PublishedDate">2024-11-12T18:44:29+02:00</DT>
      <Nil N="InstalledDate" />
      <Nil N="UpdatedDate" />
      <URI N="LicenseUri">https://github.com/oracle/oci-powershell-modules/blob/master/LICENSE.txt</URI>
      <URI N="ProjectUri">https://github.com/oracle/oci-powershell-modules/</URI>
      <URI N="IconUri">https://github.com/oracle/oci-powershell-modules/blob/master/icon.png</URI>
      <Obj N="Tags" RefId="1">
        <TN RefId="1">
          <T>System.Object[]</T>
          <T>System.Array</T>
          <T>System.Object</T>
        </TN>
        <LST>
          <S>PSEdition_Core</S>
          <S>Windows</S>
          <S>Linux</S>
          <S>macOS</S>
          <S>Oracle</S>
          <S>OCI</S>
          <S>Cloud</S>
          <S>OracleCloudInfrastructure</S>
          <S>Cloudmigrations</S>
          <S>PSModule</S>
        </LST>
      </Obj>
      <Obj N="Includes" RefId="2">
        <TN RefId="2">
          <T>System.Collections.Hashtable</T>
          <T>System.Object</T>
        </TN>
        <DCT>
          <En>
            <S N="Key">Function</S>
            <Obj N="Value" RefId="3">
              <TNRef RefId="1" />
              <LST />
            </Obj>
          </En>
          <En>
            <S N="Key">Workflow</S>
            <Ref N="Value" RefId="3" />
          </En>
          <En>
            <S N="Key">DscResource</S>
            <Ref N="Value" RefId="3" />
          </En>
          <En>
            <S N="Key">RoleCapability</S>
            <Ref N="Value" RefId="3" />
          </En>
          <En>
            <S N="Key">Command</S>
            <Obj N="Value" RefId="4">
              <TNRef RefId="1" />
              <LST>
                <S>Export-OCICloudmigrationsMigrationPlan</S>
                <S>Get-OCICloudmigrationsAvailableShapesList</S>
                <S>Get-OCICloudmigrationsMigration</S>
                <S>Get-OCICloudmigrationsMigrationAsset</S>
                <S>Get-OCICloudmigrationsMigrationAssetsList</S>
                <S>Get-OCICloudmigrationsMigrationPlan</S>
                <S>Get-OCICloudmigrationsMigrationPlansList</S>
                <S>Get-OCICloudmigrationsMigrationsList</S>
                <S>Get-OCICloudmigrationsReplicationProgress</S>
                <S>Get-OCICloudmigrationsReplicationSchedule</S>
                <S>Get-OCICloudmigrationsReplicationSchedulesList</S>
                <S>Get-OCICloudmigrationsTargetAsset</S>
                <S>Get-OCICloudmigrationsTargetAssetsList</S>
                <S>Get-OCICloudmigrationsWorkRequest</S>
                <S>Get-OCICloudmigrationsWorkRequestErrorsList</S>
                <S>Get-OCICloudmigrationsWorkRequestLogsList</S>
                <S>Get-OCICloudmigrationsWorkRequestsList</S>
                <S>Import-OCICloudmigrationsMigrationPlan</S>
                <S>Invoke-OCICloudmigrationsExecuteMigrationPlan</S>
                <S>Invoke-OCICloudmigrationsRefreshMigration</S>
                <S>Invoke-OCICloudmigrationsRefreshMigrationAsset</S>
                <S>Invoke-OCICloudmigrationsRefreshMigrationPlan</S>
                <S>Move-OCICloudmigrationsMigrationCompartment</S>
                <S>Move-OCICloudmigrationsMigrationPlanCompartment</S>
                <S>Move-OCICloudmigrationsReplicationScheduleCompartment</S>
                <S>New-OCICloudmigrationsMigration</S>
                <S>New-OCICloudmigrationsMigrationAsset</S>
                <S>New-OCICloudmigrationsMigrationPlan</S>
                <S>New-OCICloudmigrationsReplicationSchedule</S>
                <S>New-OCICloudmigrationsTargetAsset</S>
                <S>Remove-OCICloudmigrationsMigration</S>
                <S>Remove-OCICloudmigrationsMigrationAsset</S>
                <S>Remove-OCICloudmigrationsMigrationPlan</S>
                <S>Remove-OCICloudmigrationsReplicationSchedule</S>
                <S>Remove-OCICloudmigrationsTargetAsset</S>
                <S>Start-OCICloudmigrationsAssetReplication</S>
                <S>Start-OCICloudmigrationsMigrationReplication</S>
                <S>Stop-OCICloudmigrationsWorkRequest</S>
                <S>Update-OCICloudmigrationsMigration</S>
                <S>Update-OCICloudmigrationsMigrationAsset</S>
                <S>Update-OCICloudmigrationsMigrationPlan</S>
                <S>Update-OCICloudmigrationsReplicationSchedule</S>
                <S>Update-OCICloudmigrationsTargetAsset</S>
              </LST>
            </Obj>
          </En>
          <En>
            <S N="Key">Cmdlet</S>
            <Obj N="Value" RefId="5">
              <TNRef RefId="1" />
              <LST>
                <S>Export-OCICloudmigrationsMigrationPlan</S>
                <S>Get-OCICloudmigrationsAvailableShapesList</S>
                <S>Get-OCICloudmigrationsMigration</S>
                <S>Get-OCICloudmigrationsMigrationAsset</S>
                <S>Get-OCICloudmigrationsMigrationAssetsList</S>
                <S>Get-OCICloudmigrationsMigrationPlan</S>
                <S>Get-OCICloudmigrationsMigrationPlansList</S>
                <S>Get-OCICloudmigrationsMigrationsList</S>
                <S>Get-OCICloudmigrationsReplicationProgress</S>
                <S>Get-OCICloudmigrationsReplicationSchedule</S>
                <S>Get-OCICloudmigrationsReplicationSchedulesList</S>
                <S>Get-OCICloudmigrationsTargetAsset</S>
                <S>Get-OCICloudmigrationsTargetAssetsList</S>
                <S>Get-OCICloudmigrationsWorkRequest</S>
                <S>Get-OCICloudmigrationsWorkRequestErrorsList</S>
                <S>Get-OCICloudmigrationsWorkRequestLogsList</S>
                <S>Get-OCICloudmigrationsWorkRequestsList</S>
                <S>Import-OCICloudmigrationsMigrationPlan</S>
                <S>Invoke-OCICloudmigrationsExecuteMigrationPlan</S>
                <S>Invoke-OCICloudmigrationsRefreshMigration</S>
                <S>Invoke-OCICloudmigrationsRefreshMigrationAsset</S>
                <S>Invoke-OCICloudmigrationsRefreshMigrationPlan</S>
                <S>Move-OCICloudmigrationsMigrationCompartment</S>
                <S>Move-OCICloudmigrationsMigrationPlanCompartment</S>
                <S>Move-OCICloudmigrationsReplicationScheduleCompartment</S>
                <S>New-OCICloudmigrationsMigration</S>
                <S>New-OCICloudmigrationsMigrationAsset</S>
                <S>New-OCICloudmigrationsMigrationPlan</S>
                <S>New-OCICloudmigrationsReplicationSchedule</S>
                <S>New-OCICloudmigrationsTargetAsset</S>
                <S>Remove-OCICloudmigrationsMigration</S>
                <S>Remove-OCICloudmigrationsMigrationAsset</S>
                <S>Remove-OCICloudmigrationsMigrationPlan</S>
                <S>Remove-OCICloudmigrationsReplicationSchedule</S>
                <S>Remove-OCICloudmigrationsTargetAsset</S>
                <S>Start-OCICloudmigrationsAssetReplication</S>
                <S>Start-OCICloudmigrationsMigrationReplication</S>
                <S>Stop-OCICloudmigrationsWorkRequest</S>
                <S>Update-OCICloudmigrationsMigration</S>
                <S>Update-OCICloudmigrationsMigrationAsset</S>
                <S>Update-OCICloudmigrationsMigrationPlan</S>
                <S>Update-OCICloudmigrationsReplicationSchedule</S>
                <S>Update-OCICloudmigrationsTargetAsset</S>
              </LST>
            </Obj>
          </En>
        </DCT>
      </Obj>
      <Nil N="PowerShellGetFormatVersion" />
      <S N="ReleaseNotes">https://github.com/oracle/oci-powershell-modules/blob/master/CHANGELOG.md</S>
      <Obj N="Dependencies" RefId="6">
        <TNRef RefId="1" />
        <LST>
          <Obj RefId="7">
            <TN RefId="3">
              <T>System.Collections.Specialized.OrderedDictionary</T>
              <T>System.Object</T>
            </TN>
            <DCT>
              <En>
                <S N="Key">Name</S>
                <S N="Value">OCI.PSModules.Common</S>
              </En>
              <En>
                <S N="Key">RequiredVersion</S>
                <S N="Value">95.1.0</S>
              </En>
              <En>
                <S N="Key">CanonicalId</S>
                <S N="Value">nuget:OCI.PSModules.Common/[95.1.0]</S>
              </En>
            </DCT>
          </Obj>
        </LST>
      </Obj>
      <S N="RepositorySourceLocation">https://www.powershellgallery.com/api/v2</S>
      <S N="Repository">PSGallery</S>
      <S N="PackageManagementProvider">NuGet</S>
      <Obj N="AdditionalMetadata" RefId="8">
        <TN RefId="4">
          <T>System.Management.Automation.PSCustomObject</T>
          <T>System.Object</T>
        </TN>
        <MS>
          <S N="copyright">(c) Oracle Cloud Infrastructure. All rights reserved.</S>
          <S N="description">This modules provides Cmdlets for OCI Cloudmigrations Service</S>
          <S N="requireLicenseAcceptance">False</S>
          <S N="releaseNotes">https://github.com/oracle/oci-powershell-modules/blob/master/CHANGELOG.md</S>
          <S N="isLatestVersion">True</S>
          <S N="isAbsoluteLatestVersion">True</S>
          <S N="versionDownloadCount">304</S>
          <S N="downloadCount">6404</S>
          <S N="packageSize">177777</S>
          <S N="published">11/12/2024 6:44:29 PM +02:00</S>
          <S N="created">11/12/2024 6:44:29 PM +02:00</S>
          <S N="lastUpdated">12/8/2024 9:30:00 PM +02:00</S>
          <S N="tags">PSEdition_Core Windows Linux macOS Oracle OCI Cloud OracleCloudInfrastructure Cloudmigrations PSModule PSCmdlet_Export-OCICloudmigrationsMigrationPlan PSCommand_Export-OCICloudmigrationsMigrationPlan PSCmdlet_Get-OCICloudmigrationsAvailableShapesList PSCommand_Get-OCICloudmigrationsAvailableShapesList PSCmdlet_Get-OCICloudmigrationsMigration PSCommand_Get-OCICloudmigrationsMigration PSCmdlet_Get-OCICloudmigrationsMigrationAsset PSCommand_Get-OCICloudmigrationsMigrationAsset PSCmdlet_Get-OCICloudmigrationsMigrationAssetsList PSCommand_Get-OCICloudmigrationsMigrationAssetsList PSCmdlet_Get-OCICloudmigrationsMigrationPlan PSCommand_Get-OCICloudmigrationsMigrationPlan PSCmdlet_Get-OCICloudmigrationsMigrationPlansList PSCommand_Get-OCICloudmigrationsMigrationPlansList PSCmdlet_Get-OCICloudmigrationsMigrationsList PSCommand_Get-OCICloudmigrationsMigrationsList PSCmdlet_Get-OCICloudmigrationsReplicationProgress PSCommand_Get-OCICloudmigrationsReplicationProgress PSCmdlet_Get-OCICloudmigrationsReplicationSchedule PSCommand_Get-OCICloudmigrationsReplicationSchedule PSCmdlet_Get-OCICloudmigrationsReplicationSchedulesList PSCommand_Get-OCICloudmigrationsReplicationSchedulesList PSCmdlet_Get-OCICloudmigrationsTargetAsset PSCommand_Get-OCICloudmigrationsTargetAsset PSCmdlet_Get-OCICloudmigrationsTargetAssetsList PSCommand_Get-OCICloudmigrationsTargetAssetsList PSCmdlet_Get-OCICloudmigrationsWorkRequest PSCommand_Get-OCICloudmigrationsWorkRequest PSCmdlet_Get-OCICloudmigrationsWorkRequestErrorsList PSCommand_Get-OCICloudmigrationsWorkRequestErrorsList PSCmdlet_Get-OCICloudmigrationsWorkRequestLogsList PSCommand_Get-OCICloudmigrationsWorkRequestLogsList PSCmdlet_Get-OCICloudmigrationsWorkRequestsList PSCommand_Get-OCICloudmigrationsWorkRequestsList PSCmdlet_Import-OCICloudmigrationsMigrationPlan PSCommand_Import-OCICloudmigrationsMigrationPlan PSCmdlet_Invoke-OCICloudmigrationsExecuteMigrationPlan PSCommand_Invoke-OCICloudmigrationsExecuteMigrationPlan PSCmdlet_Invoke-OCICloudmigrationsRefreshMigration PSCommand_Invoke-OCICloudmigrationsRefreshMigration PSCmdlet_Invoke-OCICloudmigrationsRefreshMigrationAsset PSCommand_Invoke-OCICloudmigrationsRefreshMigrationAsset PSCmdlet_Invoke-OCICloudmigrationsRefreshMigrationPlan PSCommand_Invoke-OCICloudmigrationsRefreshMigrationPlan PSCmdlet_Move-OCICloudmigrationsMigrationCompartment PSCommand_Move-OCICloudmigrationsMigrationCompartment PSCmdlet_Move-OCICloudmigrationsMigrationPlanCompartment PSCommand_Move-OCICloudmigrationsMigrationPlanCompartment PSCmdlet_Move-OCICloudmigrationsReplicationScheduleCompartment PSCommand_Move-OCICloudmigrationsReplicationScheduleCompartment PSCmdlet_New-OCICloudmigrationsMigration PSCommand_New-OCICloudmigrationsMigration PSCmdlet_New-OCICloudmigrationsMigrationAsset PSCommand_New-OCICloudmigrationsMigrationAsset PSCmdlet_New-OCICloudmigrationsMigrationPlan PSCommand_New-OCICloudmigrationsMigrationPlan PSCmdlet_New-OCICloudmigrationsReplicationSchedule PSCommand_New-OCICloudmigrationsReplicationSchedule PSCmdlet_New-OCICloudmigrationsTargetAsset PSCommand_New-OCICloudmigrationsTargetAsset PSCmdlet_Remove-OCICloudmigrationsMigration PSCommand_Remove-OCICloudmigrationsMigration PSCmdlet_Remove-OCICloudmigrationsMigrationAsset PSCommand_Remove-OCICloudmigrationsMigrationAsset PSCmdlet_Remove-OCICloudmigrationsMigrationPlan PSCommand_Remove-OCICloudmigrationsMigrationPlan PSCmdlet_Remove-OCICloudmigrationsReplicationSchedule PSCommand_Remove-OCICloudmigrationsReplicationSchedule PSCmdlet_Remove-OCICloudmigrationsTargetAsset PSCommand_Remove-OCICloudmigrationsTargetAsset PSCmdlet_Start-OCICloudmigrationsAssetReplication PSCommand_Start-OCICloudmigrationsAssetReplication PSCmdlet_Start-OCICloudmigrationsMigrationReplication PSCommand_Start-OCICloudmigrationsMigrationReplication PSCmdlet_Stop-OCICloudmigrationsWorkRequest PSCommand_Stop-OCICloudmigrationsWorkRequest PSCmdlet_Update-OCICloudmigrationsMigration PSCommand_Update-OCICloudmigrationsMigration PSCmdlet_Update-OCICloudmigrationsMigrationAsset PSCommand_Update-OCICloudmigrationsMigrationAsset PSCmdlet_Update-OCICloudmigrationsMigrationPlan PSCommand_Update-OCICloudmigrationsMigrationPlan PSCmdlet_Update-OCICloudmigrationsReplicationSchedule PSCommand_Update-OCICloudmigrationsReplicationSchedule PSCmdlet_Update-OCICloudmigrationsTargetAsset PSCommand_Update-OCICloudmigrationsTargetAsset PSIncludes_Cmdlet</S>
          <S N="developmentDependency">False</S>
          <S N="updated">2024-12-08T21:30:00Z</S>
          <S N="NormalizedVersion">95.1.0</S>
          <S N="Authors">Oracle Cloud Infrastructure</S>
          <S N="IsPrerelease">false</S>
          <S N="ItemType">Module</S>
          <S N="FileList">OCI.PSModules.Cloudmigrations.nuspec|THIRD_PARTY_LICENSES.txt|LICENSE.txt|OCI.PSModules.Cloudmigrations.psd1|OCI.PSModules.Cloudmigrations.dll-Help.xml|assemblies\OCI.PSModules.Cloudmigrations.dll|assemblies\OCI.DotNetSDK.Cloudmigrations.dll</S>
          <S N="GUID">b42be880-f45d-4128-a505-71c63f0f1b48</S>
          <S N="PowerShellVersion">6.0</S>
          <S N="CompanyName">Oracle Corporation</S>
        </MS>
      </Obj>
      <S N="InstalledLocation">C:\Users\MarcoFekry\Downloads\OCI.PSModules\OCI.PSModules.Cloudmigrations\95.1.0</S>
    </MS>
  </Obj>
</Objs>
