<?xml version="1.0"?>
<doc>
    <assembly>
        <name>AWS.Tools.Billing</name>
    </assembly>
    <members>
        <member name="T:Amazon.PowerShell.Cmdlets.AWSB.AddAWSBResourceTagCmdlet">
            <summary>
            An API operation for adding one or more tags (key-value pairs) to a resource.
            </summary>
        </member>
        <member name="P:Amazon.PowerShell.Cmdlets.AWSB.AddAWSBResourceTagCmdlet.ResourceArn">
            <summary>
            <para>
            <para> The Amazon Resource Name (ARN) of the resource. </para>
            </para>
            </summary>
        </member>
        <member name="P:Amazon.PowerShell.Cmdlets.AWSB.AddAWSBResourceTagCmdlet.ResourceTag">
            <summary>
            <para>
            <para> A list of tag key value pairs that are associated with the resource. </para>
            </para>
            </summary>
        </member>
        <member name="P:Amazon.PowerShell.Cmdlets.AWSB.AddAWSBResourceTagCmdlet.Select">
            <summary>
            Use the -Select parameter to control the cmdlet output. The cmdlet doesn't have a return value by default.
            Specifying -Select '*' will result in the cmdlet returning the whole service response (Amazon.Billing.Model.TagResourceResponse).
            Specifying -Select '^ParameterName' will result in the cmdlet returning the selected cmdlet parameter value.
            </summary>
        </member>
        <member name="P:Amazon.PowerShell.Cmdlets.AWSB.AddAWSBResourceTagCmdlet.PassThru">
            <summary>
            Changes the cmdlet behavior to return the value passed to the ResourceArn parameter.
            The -PassThru parameter is deprecated, use -Select '^ResourceArn' instead. This parameter will be removed in a future version.
            </summary>
        </member>
        <member name="P:Amazon.PowerShell.Cmdlets.AWSB.AddAWSBResourceTagCmdlet.Force">
            <summary>
            This parameter overrides confirmation prompts to force 
            the cmdlet to continue its operation. This parameter should always
            be used with caution.
            </summary>
        </member>
        <member name="T:Amazon.PowerShell.Cmdlets.AWSB.GetAWSBBillingViewCmdlet">
            <summary>
            Returns the metadata associated to the specified billing view ARN.
            </summary>
        </member>
        <member name="P:Amazon.PowerShell.Cmdlets.AWSB.GetAWSBBillingViewCmdlet.Arn">
            <summary>
            <para>
            <para> The Amazon Resource Name (ARN) that can be used to uniquely identify the billing
            view. </para>
            </para>
            </summary>
        </member>
        <member name="P:Amazon.PowerShell.Cmdlets.AWSB.GetAWSBBillingViewCmdlet.Select">
            <summary>
            Use the -Select parameter to control the cmdlet output. The default value is 'BillingView'.
            Specifying -Select '*' will result in the cmdlet returning the whole service response (Amazon.Billing.Model.GetBillingViewResponse).
            Specifying the name of a property of type Amazon.Billing.Model.GetBillingViewResponse will result in that property being returned.
            Specifying -Select '^ParameterName' will result in the cmdlet returning the selected cmdlet parameter value.
            </summary>
        </member>
        <member name="P:Amazon.PowerShell.Cmdlets.AWSB.GetAWSBBillingViewCmdlet.PassThru">
            <summary>
            Changes the cmdlet behavior to return the value passed to the Arn parameter.
            The -PassThru parameter is deprecated, use -Select '^Arn' instead. This parameter will be removed in a future version.
            </summary>
        </member>
        <member name="T:Amazon.PowerShell.Cmdlets.AWSB.GetAWSBBillingViewListCmdlet">
            <summary>
            Lists the billing views available for a given time period. 
            
             
            <para>
            Every Amazon Web Services account has a unique <c>PRIMARY</c> billing view that represents
            the billing data available by default. Accounts that use Billing Conductor also have
            <c>BILLING_GROUP</c> billing views representing pro forma costs associated with each
            created billing group.
            </para><br/><br/>This cmdlet automatically pages all available results to the pipeline - parameters related to iteration are only needed if you want to manually control the paginated output. To disable autopagination, use -NoAutoIteration.
            </summary>
        </member>
        <member name="P:Amazon.PowerShell.Cmdlets.AWSB.GetAWSBBillingViewListCmdlet.ActiveTimeRange_ActiveAfterInclusive">
            <summary>
            <para>
            <para>The inclusive time range start date.</para>
            </para>
            </summary>
        </member>
        <member name="P:Amazon.PowerShell.Cmdlets.AWSB.GetAWSBBillingViewListCmdlet.ActiveTimeRange_ActiveBeforeInclusive">
            <summary>
            <para>
            <para> The inclusive time range end date. </para>
            </para>
            </summary>
        </member>
        <member name="P:Amazon.PowerShell.Cmdlets.AWSB.GetAWSBBillingViewListCmdlet.Arn">
            <summary>
            <para>
            <para>The Amazon Resource Name (ARN) that can be used to uniquely identify the billing view.
            </para>
            </para>
            </summary>
        </member>
        <member name="P:Amazon.PowerShell.Cmdlets.AWSB.GetAWSBBillingViewListCmdlet.BillingViewType">
            <summary>
            <para>
            <para>The type of billing view.</para>
            </para>
            </summary>
        </member>
        <member name="P:Amazon.PowerShell.Cmdlets.AWSB.GetAWSBBillingViewListCmdlet.OwnerAccountId">
            <summary>
            <para>
            <para> The list of owners of the billing view. </para>
            </para>
            </summary>
        </member>
        <member name="P:Amazon.PowerShell.Cmdlets.AWSB.GetAWSBBillingViewListCmdlet.MaxResult">
            <summary>
            <para>
            <para>The maximum number of billing views to retrieve. Default is 100. </para>
            </para>
            </summary>
        </member>
        <member name="P:Amazon.PowerShell.Cmdlets.AWSB.GetAWSBBillingViewListCmdlet.NextToken">
            <summary>
            <para>
            <para>The pagination token that is used on subsequent calls to list billing views.</para>
            </para>
            <para>
            <br/><b>Note:</b> This parameter is only used if you are manually controlling output pagination of the service API call.
            <br/>'NextToken' is only returned by the cmdlet when '-Select *' is specified. In order to manually control output pagination, set '-NextToken' to null for the first call then set the 'NextToken' using the same property output from the previous call for subsequent calls.
            </para>
            </summary>
        </member>
        <member name="P:Amazon.PowerShell.Cmdlets.AWSB.GetAWSBBillingViewListCmdlet.Select">
            <summary>
            Use the -Select parameter to control the cmdlet output. The default value is 'BillingViews'.
            Specifying -Select '*' will result in the cmdlet returning the whole service response (Amazon.Billing.Model.ListBillingViewsResponse).
            Specifying the name of a property of type Amazon.Billing.Model.ListBillingViewsResponse will result in that property being returned.
            Specifying -Select '^ParameterName' will result in the cmdlet returning the selected cmdlet parameter value.
            </summary>
        </member>
        <member name="P:Amazon.PowerShell.Cmdlets.AWSB.GetAWSBBillingViewListCmdlet.NoAutoIteration">
            <summary>
            By default the cmdlet will auto-iterate and retrieve all results to the pipeline by performing multiple
            service calls. If set, the cmdlet will retrieve only the next 'page' of results using the value of NextToken
            as the start point.
            </summary>
        </member>
        <member name="T:Amazon.PowerShell.Cmdlets.AWSB.GetAWSBResourcePolicyCmdlet">
            <summary>
            Returns the resource-based policy document attached to the resource in <c>JSON</c>
            format.
            </summary>
        </member>
        <member name="P:Amazon.PowerShell.Cmdlets.AWSB.GetAWSBResourcePolicyCmdlet.ResourceArn">
            <summary>
            <para>
            <para>The Amazon Resource Name (ARN) of the billing view resource to which the policy is
            attached to. </para>
            </para>
            </summary>
        </member>
        <member name="P:Amazon.PowerShell.Cmdlets.AWSB.GetAWSBResourcePolicyCmdlet.Select">
            <summary>
            Use the -Select parameter to control the cmdlet output. The default value is '*'.
            Specifying -Select '*' will result in the cmdlet returning the whole service response (Amazon.Billing.Model.GetResourcePolicyResponse).
            Specifying the name of a property of type Amazon.Billing.Model.GetResourcePolicyResponse will result in that property being returned.
            Specifying -Select '^ParameterName' will result in the cmdlet returning the selected cmdlet parameter value.
            </summary>
        </member>
        <member name="P:Amazon.PowerShell.Cmdlets.AWSB.GetAWSBResourcePolicyCmdlet.PassThru">
            <summary>
            Changes the cmdlet behavior to return the value passed to the ResourceArn parameter.
            The -PassThru parameter is deprecated, use -Select '^ResourceArn' instead. This parameter will be removed in a future version.
            </summary>
        </member>
        <member name="T:Amazon.PowerShell.Cmdlets.AWSB.GetAWSBResourceTagCmdlet">
            <summary>
            Lists tags associated with the billing view resource.
            </summary>
        </member>
        <member name="P:Amazon.PowerShell.Cmdlets.AWSB.GetAWSBResourceTagCmdlet.ResourceArn">
            <summary>
            <para>
            <para> The Amazon Resource Name (ARN) of the resource. </para>
            </para>
            </summary>
        </member>
        <member name="P:Amazon.PowerShell.Cmdlets.AWSB.GetAWSBResourceTagCmdlet.Select">
            <summary>
            Use the -Select parameter to control the cmdlet output. The default value is 'ResourceTags'.
            Specifying -Select '*' will result in the cmdlet returning the whole service response (Amazon.Billing.Model.ListTagsForResourceResponse).
            Specifying the name of a property of type Amazon.Billing.Model.ListTagsForResourceResponse will result in that property being returned.
            Specifying -Select '^ParameterName' will result in the cmdlet returning the selected cmdlet parameter value.
            </summary>
        </member>
        <member name="P:Amazon.PowerShell.Cmdlets.AWSB.GetAWSBResourceTagCmdlet.PassThru">
            <summary>
            Changes the cmdlet behavior to return the value passed to the ResourceArn parameter.
            The -PassThru parameter is deprecated, use -Select '^ResourceArn' instead. This parameter will be removed in a future version.
            </summary>
        </member>
        <member name="T:Amazon.PowerShell.Cmdlets.AWSB.GetAWSBSourceViewsForBillingViewListCmdlet">
            <summary>
            Lists the source views (managed Amazon Web Services billing views) associated with
            the billing view.<br/><br/>This cmdlet automatically pages all available results to the pipeline - parameters related to iteration are only needed if you want to manually control the paginated output. To disable autopagination, use -NoAutoIteration.
            </summary>
        </member>
        <member name="P:Amazon.PowerShell.Cmdlets.AWSB.GetAWSBSourceViewsForBillingViewListCmdlet.Arn">
            <summary>
            <para>
            <para> The Amazon Resource Name (ARN) that can be used to uniquely identify the billing
            view. </para>
            </para>
            </summary>
        </member>
        <member name="P:Amazon.PowerShell.Cmdlets.AWSB.GetAWSBSourceViewsForBillingViewListCmdlet.MaxResult">
            <summary>
            <para>
            <para> The number of entries a paginated response contains. </para>
            </para>
            </summary>
        </member>
        <member name="P:Amazon.PowerShell.Cmdlets.AWSB.GetAWSBSourceViewsForBillingViewListCmdlet.NextToken">
            <summary>
            <para>
            <para> The pagination token that is used on subsequent calls to list billing views. </para>
            </para>
            <para>
            <br/><b>Note:</b> This parameter is only used if you are manually controlling output pagination of the service API call.
            <br/>'NextToken' is only returned by the cmdlet when '-Select *' is specified. In order to manually control output pagination, set '-NextToken' to null for the first call then set the 'NextToken' using the same property output from the previous call for subsequent calls.
            </para>
            </summary>
        </member>
        <member name="P:Amazon.PowerShell.Cmdlets.AWSB.GetAWSBSourceViewsForBillingViewListCmdlet.Select">
            <summary>
            Use the -Select parameter to control the cmdlet output. The default value is 'SourceViews'.
            Specifying -Select '*' will result in the cmdlet returning the whole service response (Amazon.Billing.Model.ListSourceViewsForBillingViewResponse).
            Specifying the name of a property of type Amazon.Billing.Model.ListSourceViewsForBillingViewResponse will result in that property being returned.
            Specifying -Select '^ParameterName' will result in the cmdlet returning the selected cmdlet parameter value.
            </summary>
        </member>
        <member name="P:Amazon.PowerShell.Cmdlets.AWSB.GetAWSBSourceViewsForBillingViewListCmdlet.PassThru">
            <summary>
            Changes the cmdlet behavior to return the value passed to the Arn parameter.
            The -PassThru parameter is deprecated, use -Select '^Arn' instead. This parameter will be removed in a future version.
            </summary>
        </member>
        <member name="P:Amazon.PowerShell.Cmdlets.AWSB.GetAWSBSourceViewsForBillingViewListCmdlet.NoAutoIteration">
            <summary>
            By default the cmdlet will auto-iterate and retrieve all results to the pipeline by performing multiple
            service calls. If set, the cmdlet will retrieve only the next 'page' of results using the value of NextToken
            as the start point.
            </summary>
        </member>
        <member name="T:Amazon.PowerShell.Cmdlets.AWSB.NewAWSBBillingViewCmdlet">
            <summary>
            Creates a billing view with the specified billing view attributes.
            </summary>
        </member>
        <member name="P:Amazon.PowerShell.Cmdlets.AWSB.NewAWSBBillingViewCmdlet.Description">
            <summary>
            <para>
            <para> The description of the billing view. </para>
            </para>
            </summary>
        </member>
        <member name="P:Amazon.PowerShell.Cmdlets.AWSB.NewAWSBBillingViewCmdlet.Dimensions_Key">
            <summary>
            <para>
            <para> The names of the metadata types that you can use to filter and group your results.
            </para>
            </para>
            </summary>
        </member>
        <member name="P:Amazon.PowerShell.Cmdlets.AWSB.NewAWSBBillingViewCmdlet.Tags_Key">
            <summary>
            <para>
            <para> The key for the tag. </para>
            </para>
            </summary>
        </member>
        <member name="P:Amazon.PowerShell.Cmdlets.AWSB.NewAWSBBillingViewCmdlet.Name">
            <summary>
            <para>
            <para> The name of the billing view. </para>
            </para>
            </summary>
        </member>
        <member name="P:Amazon.PowerShell.Cmdlets.AWSB.NewAWSBBillingViewCmdlet.ResourceTag">
            <summary>
            <para>
            <para>A list of key value map specifying tags associated to the billing view being created.
            </para>
            </para>
            </summary>
        </member>
        <member name="P:Amazon.PowerShell.Cmdlets.AWSB.NewAWSBBillingViewCmdlet.SourceView">
            <summary>
            <para>
            <para>A list of billing views used as the data source for the custom billing view.</para>
            </para>
            </summary>
        </member>
        <member name="P:Amazon.PowerShell.Cmdlets.AWSB.NewAWSBBillingViewCmdlet.Dimensions_Value">
            <summary>
            <para>
            <para> The metadata values that you can use to filter and group your results. </para>
            </para>
            </summary>
        </member>
        <member name="P:Amazon.PowerShell.Cmdlets.AWSB.NewAWSBBillingViewCmdlet.Tags_Value">
            <summary>
            <para>
            <para> The specific value of the tag. </para>
            </para>
            </summary>
        </member>
        <member name="P:Amazon.PowerShell.Cmdlets.AWSB.NewAWSBBillingViewCmdlet.ClientToken">
            <summary>
            <para>
            <para>A unique, case-sensitive identifier you specify to ensure idempotency of the request.
            Idempotency ensures that an API request completes no more than one time. If the original
            request completes successfully, any subsequent retries complete successfully without
            performing any further actions with an idempotent request. </para>
            </para>
            </summary>
        </member>
        <member name="P:Amazon.PowerShell.Cmdlets.AWSB.NewAWSBBillingViewCmdlet.Select">
            <summary>
            Use the -Select parameter to control the cmdlet output. The default value is '*'.
            Specifying -Select '*' will result in the cmdlet returning the whole service response (Amazon.Billing.Model.CreateBillingViewResponse).
            Specifying the name of a property of type Amazon.Billing.Model.CreateBillingViewResponse will result in that property being returned.
            Specifying -Select '^ParameterName' will result in the cmdlet returning the selected cmdlet parameter value.
            </summary>
        </member>
        <member name="P:Amazon.PowerShell.Cmdlets.AWSB.NewAWSBBillingViewCmdlet.PassThru">
            <summary>
            Changes the cmdlet behavior to return the value passed to the Name parameter.
            The -PassThru parameter is deprecated, use -Select '^Name' instead. This parameter will be removed in a future version.
            </summary>
        </member>
        <member name="P:Amazon.PowerShell.Cmdlets.AWSB.NewAWSBBillingViewCmdlet.Force">
            <summary>
            This parameter overrides confirmation prompts to force 
            the cmdlet to continue its operation. This parameter should always
            be used with caution.
            </summary>
        </member>
        <member name="T:Amazon.PowerShell.Cmdlets.AWSB.RemoveAWSBBillingViewCmdlet">
            <summary>
            Deletes the specified billing view.
            </summary>
        </member>
        <member name="P:Amazon.PowerShell.Cmdlets.AWSB.RemoveAWSBBillingViewCmdlet.Arn">
            <summary>
            <para>
            <para> The Amazon Resource Name (ARN) that can be used to uniquely identify the billing
            view. </para>
            </para>
            </summary>
        </member>
        <member name="P:Amazon.PowerShell.Cmdlets.AWSB.RemoveAWSBBillingViewCmdlet.Select">
            <summary>
            Use the -Select parameter to control the cmdlet output. The default value is 'Arn'.
            Specifying -Select '*' will result in the cmdlet returning the whole service response (Amazon.Billing.Model.DeleteBillingViewResponse).
            Specifying the name of a property of type Amazon.Billing.Model.DeleteBillingViewResponse will result in that property being returned.
            Specifying -Select '^ParameterName' will result in the cmdlet returning the selected cmdlet parameter value.
            </summary>
        </member>
        <member name="P:Amazon.PowerShell.Cmdlets.AWSB.RemoveAWSBBillingViewCmdlet.PassThru">
            <summary>
            Changes the cmdlet behavior to return the value passed to the Arn parameter.
            The -PassThru parameter is deprecated, use -Select '^Arn' instead. This parameter will be removed in a future version.
            </summary>
        </member>
        <member name="P:Amazon.PowerShell.Cmdlets.AWSB.RemoveAWSBBillingViewCmdlet.Force">
            <summary>
            This parameter overrides confirmation prompts to force 
            the cmdlet to continue its operation. This parameter should always
            be used with caution.
            </summary>
        </member>
        <member name="T:Amazon.PowerShell.Cmdlets.AWSB.RemoveAWSBResourceTagCmdlet">
            <summary>
            Removes one or more tags from a resource. Specify only tag keys in your request.
            Don't specify the value.
            </summary>
        </member>
        <member name="P:Amazon.PowerShell.Cmdlets.AWSB.RemoveAWSBResourceTagCmdlet.ResourceArn">
            <summary>
            <para>
            <para> The Amazon Resource Name (ARN) of the resource. </para>
            </para>
            </summary>
        </member>
        <member name="P:Amazon.PowerShell.Cmdlets.AWSB.RemoveAWSBResourceTagCmdlet.ResourceTagKey">
            <summary>
            <para>
            <para> A list of tag key value pairs that are associated with the resource. </para>
            </para>
            </summary>
        </member>
        <member name="P:Amazon.PowerShell.Cmdlets.AWSB.RemoveAWSBResourceTagCmdlet.Select">
            <summary>
            Use the -Select parameter to control the cmdlet output. The cmdlet doesn't have a return value by default.
            Specifying -Select '*' will result in the cmdlet returning the whole service response (Amazon.Billing.Model.UntagResourceResponse).
            Specifying -Select '^ParameterName' will result in the cmdlet returning the selected cmdlet parameter value.
            </summary>
        </member>
        <member name="P:Amazon.PowerShell.Cmdlets.AWSB.RemoveAWSBResourceTagCmdlet.PassThru">
            <summary>
            Changes the cmdlet behavior to return the value passed to the ResourceArn parameter.
            The -PassThru parameter is deprecated, use -Select '^ResourceArn' instead. This parameter will be removed in a future version.
            </summary>
        </member>
        <member name="P:Amazon.PowerShell.Cmdlets.AWSB.RemoveAWSBResourceTagCmdlet.Force">
            <summary>
            This parameter overrides confirmation prompts to force 
            the cmdlet to continue its operation. This parameter should always
            be used with caution.
            </summary>
        </member>
        <member name="T:Amazon.PowerShell.Cmdlets.AWSB.UpdateAWSBBillingViewCmdlet">
            <summary>
            An API to update the attributes of the billing view.
            </summary>
        </member>
        <member name="P:Amazon.PowerShell.Cmdlets.AWSB.UpdateAWSBBillingViewCmdlet.Arn">
            <summary>
            <para>
            <para> The Amazon Resource Name (ARN) that can be used to uniquely identify the billing
            view. </para>
            </para>
            </summary>
        </member>
        <member name="P:Amazon.PowerShell.Cmdlets.AWSB.UpdateAWSBBillingViewCmdlet.Description">
            <summary>
            <para>
            <para> The description of the billing view. </para>
            </para>
            </summary>
        </member>
        <member name="P:Amazon.PowerShell.Cmdlets.AWSB.UpdateAWSBBillingViewCmdlet.Dimensions_Key">
            <summary>
            <para>
            <para> The names of the metadata types that you can use to filter and group your results.
            </para>
            </para>
            </summary>
        </member>
        <member name="P:Amazon.PowerShell.Cmdlets.AWSB.UpdateAWSBBillingViewCmdlet.Tags_Key">
            <summary>
            <para>
            <para> The key for the tag. </para>
            </para>
            </summary>
        </member>
        <member name="P:Amazon.PowerShell.Cmdlets.AWSB.UpdateAWSBBillingViewCmdlet.Name">
            <summary>
            <para>
            <para> The name of the billing view. </para>
            </para>
            </summary>
        </member>
        <member name="P:Amazon.PowerShell.Cmdlets.AWSB.UpdateAWSBBillingViewCmdlet.Dimensions_Value">
            <summary>
            <para>
            <para> The metadata values that you can use to filter and group your results. </para>
            </para>
            </summary>
        </member>
        <member name="P:Amazon.PowerShell.Cmdlets.AWSB.UpdateAWSBBillingViewCmdlet.Tags_Value">
            <summary>
            <para>
            <para> The specific value of the tag. </para>
            </para>
            </summary>
        </member>
        <member name="P:Amazon.PowerShell.Cmdlets.AWSB.UpdateAWSBBillingViewCmdlet.Select">
            <summary>
            Use the -Select parameter to control the cmdlet output. The default value is '*'.
            Specifying -Select '*' will result in the cmdlet returning the whole service response (Amazon.Billing.Model.UpdateBillingViewResponse).
            Specifying the name of a property of type Amazon.Billing.Model.UpdateBillingViewResponse will result in that property being returned.
            Specifying -Select '^ParameterName' will result in the cmdlet returning the selected cmdlet parameter value.
            </summary>
        </member>
        <member name="P:Amazon.PowerShell.Cmdlets.AWSB.UpdateAWSBBillingViewCmdlet.PassThru">
            <summary>
            Changes the cmdlet behavior to return the value passed to the Arn parameter.
            The -PassThru parameter is deprecated, use -Select '^Arn' instead. This parameter will be removed in a future version.
            </summary>
        </member>
        <member name="P:Amazon.PowerShell.Cmdlets.AWSB.UpdateAWSBBillingViewCmdlet.Force">
            <summary>
            This parameter overrides confirmation prompts to force 
            the cmdlet to continue its operation. This parameter should always
            be used with caution.
            </summary>
        </member>
    </members>
</doc>
