<Objs Version="1.1.0.1" xmlns="http://schemas.microsoft.com/powershell/2004/04">
  <Obj RefId="0">
    <TN RefId="0">
      <T>Microsoft.PowerShell.Commands.PSRepositoryItemInfo</T>
      <T>System.Management.Automation.PSCustomObject</T>
      <T>System.Object</T>
    </TN>
    <MS>
      <S N="Name">OCI.PSModules.Dns</S>
      <S N="Version">95.1.0</S>
      <S N="Type">Module</S>
      <S N="Description">This modules provides Cmdlets for OCI Dns Service</S>
      <S N="Author">Oracle Cloud Infrastructure</S>
      <S N="CompanyName">oci-psmodules-grp</S>
      <S N="Copyright">(c) Oracle Cloud Infrastructure. All rights reserved.</S>
      <DT N="PublishedDate">2024-11-12T18:46:57+02:00</DT>
      <Nil N="InstalledDate" />
      <Nil N="UpdatedDate" />
      <URI N="LicenseUri">https://github.com/oracle/oci-powershell-modules/blob/master/LICENSE.txt</URI>
      <URI N="ProjectUri">https://github.com/oracle/oci-powershell-modules/</URI>
      <URI N="IconUri">https://github.com/oracle/oci-powershell-modules/blob/master/icon.png</URI>
      <Obj N="Tags" RefId="1">
        <TN RefId="1">
          <T>System.Object[]</T>
          <T>System.Array</T>
          <T>System.Object</T>
        </TN>
        <LST>
          <S>PSEdition_Core</S>
          <S>Windows</S>
          <S>Linux</S>
          <S>macOS</S>
          <S>Oracle</S>
          <S>OCI</S>
          <S>Cloud</S>
          <S>OracleCloudInfrastructure</S>
          <S>Dns</S>
          <S>PSModule</S>
        </LST>
      </Obj>
      <Obj N="Includes" RefId="2">
        <TN RefId="2">
          <T>System.Collections.Hashtable</T>
          <T>System.Object</T>
        </TN>
        <DCT>
          <En>
            <S N="Key">Function</S>
            <Obj N="Value" RefId="3">
              <TNRef RefId="1" />
              <LST />
            </Obj>
          </En>
          <En>
            <S N="Key">Workflow</S>
            <Ref N="Value" RefId="3" />
          </En>
          <En>
            <S N="Key">DscResource</S>
            <Ref N="Value" RefId="3" />
          </En>
          <En>
            <S N="Key">RoleCapability</S>
            <Ref N="Value" RefId="3" />
          </En>
          <En>
            <S N="Key">Command</S>
            <Obj N="Value" RefId="4">
              <TNRef RefId="1" />
              <LST>
                <S>Get-OCIDnsDomainRecords</S>
                <S>Get-OCIDnsResolver</S>
                <S>Get-OCIDnsResolverEndpoint</S>
                <S>Get-OCIDnsResolverEndpointsList</S>
                <S>Get-OCIDnsResolversList</S>
                <S>Get-OCIDnsRRSet</S>
                <S>Get-OCIDnsSteeringPoliciesList</S>
                <S>Get-OCIDnsSteeringPolicy</S>
                <S>Get-OCIDnsSteeringPolicyAttachment</S>
                <S>Get-OCIDnsSteeringPolicyAttachmentsList</S>
                <S>Get-OCIDnsTsigKey</S>
                <S>Get-OCIDnsTsigKeysList</S>
                <S>Get-OCIDnsView</S>
                <S>Get-OCIDnsViewsList</S>
                <S>Get-OCIDnsZone</S>
                <S>Get-OCIDnsZoneContent</S>
                <S>Get-OCIDnsZoneRecords</S>
                <S>Get-OCIDnsZonesList</S>
                <S>Get-OCIDnsZoneTransferServersList</S>
                <S>Invoke-OCIDnsPatchDomainRecords</S>
                <S>Invoke-OCIDnsPatchRRSet</S>
                <S>Invoke-OCIDnsPatchZoneRecords</S>
                <S>Invoke-OCIDnsPromoteZoneDnssecKeyVersion</S>
                <S>Invoke-OCIDnsStageZoneDnssecKeyVersion</S>
                <S>Move-OCIDnsResolverCompartment</S>
                <S>Move-OCIDnsSteeringPolicyCompartment</S>
                <S>Move-OCIDnsTsigKeyCompartment</S>
                <S>Move-OCIDnsViewCompartment</S>
                <S>Move-OCIDnsZoneCompartment</S>
                <S>New-OCIDnsResolverEndpoint</S>
                <S>New-OCIDnsSteeringPolicy</S>
                <S>New-OCIDnsSteeringPolicyAttachment</S>
                <S>New-OCIDnsTsigKey</S>
                <S>New-OCIDnsView</S>
                <S>New-OCIDnsZone</S>
                <S>New-OCIDnsZoneFromZoneFile</S>
                <S>Remove-OCIDnsDomainRecords</S>
                <S>Remove-OCIDnsResolverEndpoint</S>
                <S>Remove-OCIDnsRRSet</S>
                <S>Remove-OCIDnsSteeringPolicy</S>
                <S>Remove-OCIDnsSteeringPolicyAttachment</S>
                <S>Remove-OCIDnsTsigKey</S>
                <S>Remove-OCIDnsView</S>
                <S>Remove-OCIDnsZone</S>
                <S>Update-OCIDnsDomainRecords</S>
                <S>Update-OCIDnsResolver</S>
                <S>Update-OCIDnsResolverEndpoint</S>
                <S>Update-OCIDnsRRSet</S>
                <S>Update-OCIDnsSteeringPolicy</S>
                <S>Update-OCIDnsSteeringPolicyAttachment</S>
                <S>Update-OCIDnsTsigKey</S>
                <S>Update-OCIDnsView</S>
                <S>Update-OCIDnsZone</S>
                <S>Update-OCIDnsZoneRecords</S>
              </LST>
            </Obj>
          </En>
          <En>
            <S N="Key">Cmdlet</S>
            <Obj N="Value" RefId="5">
              <TNRef RefId="1" />
              <LST>
                <S>Get-OCIDnsDomainRecords</S>
                <S>Get-OCIDnsResolver</S>
                <S>Get-OCIDnsResolverEndpoint</S>
                <S>Get-OCIDnsResolverEndpointsList</S>
                <S>Get-OCIDnsResolversList</S>
                <S>Get-OCIDnsRRSet</S>
                <S>Get-OCIDnsSteeringPoliciesList</S>
                <S>Get-OCIDnsSteeringPolicy</S>
                <S>Get-OCIDnsSteeringPolicyAttachment</S>
                <S>Get-OCIDnsSteeringPolicyAttachmentsList</S>
                <S>Get-OCIDnsTsigKey</S>
                <S>Get-OCIDnsTsigKeysList</S>
                <S>Get-OCIDnsView</S>
                <S>Get-OCIDnsViewsList</S>
                <S>Get-OCIDnsZone</S>
                <S>Get-OCIDnsZoneContent</S>
                <S>Get-OCIDnsZoneRecords</S>
                <S>Get-OCIDnsZonesList</S>
                <S>Get-OCIDnsZoneTransferServersList</S>
                <S>Invoke-OCIDnsPatchDomainRecords</S>
                <S>Invoke-OCIDnsPatchRRSet</S>
                <S>Invoke-OCIDnsPatchZoneRecords</S>
                <S>Invoke-OCIDnsPromoteZoneDnssecKeyVersion</S>
                <S>Invoke-OCIDnsStageZoneDnssecKeyVersion</S>
                <S>Move-OCIDnsResolverCompartment</S>
                <S>Move-OCIDnsSteeringPolicyCompartment</S>
                <S>Move-OCIDnsTsigKeyCompartment</S>
                <S>Move-OCIDnsViewCompartment</S>
                <S>Move-OCIDnsZoneCompartment</S>
                <S>New-OCIDnsResolverEndpoint</S>
                <S>New-OCIDnsSteeringPolicy</S>
                <S>New-OCIDnsSteeringPolicyAttachment</S>
                <S>New-OCIDnsTsigKey</S>
                <S>New-OCIDnsView</S>
                <S>New-OCIDnsZone</S>
                <S>New-OCIDnsZoneFromZoneFile</S>
                <S>Remove-OCIDnsDomainRecords</S>
                <S>Remove-OCIDnsResolverEndpoint</S>
                <S>Remove-OCIDnsRRSet</S>
                <S>Remove-OCIDnsSteeringPolicy</S>
                <S>Remove-OCIDnsSteeringPolicyAttachment</S>
                <S>Remove-OCIDnsTsigKey</S>
                <S>Remove-OCIDnsView</S>
                <S>Remove-OCIDnsZone</S>
                <S>Update-OCIDnsDomainRecords</S>
                <S>Update-OCIDnsResolver</S>
                <S>Update-OCIDnsResolverEndpoint</S>
                <S>Update-OCIDnsRRSet</S>
                <S>Update-OCIDnsSteeringPolicy</S>
                <S>Update-OCIDnsSteeringPolicyAttachment</S>
                <S>Update-OCIDnsTsigKey</S>
                <S>Update-OCIDnsView</S>
                <S>Update-OCIDnsZone</S>
                <S>Update-OCIDnsZoneRecords</S>
              </LST>
            </Obj>
          </En>
        </DCT>
      </Obj>
      <Nil N="PowerShellGetFormatVersion" />
      <S N="ReleaseNotes">https://github.com/oracle/oci-powershell-modules/blob/master/CHANGELOG.md</S>
      <Obj N="Dependencies" RefId="6">
        <TNRef RefId="1" />
        <LST>
          <Obj RefId="7">
            <TN RefId="3">
              <T>System.Collections.Specialized.OrderedDictionary</T>
              <T>System.Object</T>
            </TN>
            <DCT>
              <En>
                <S N="Key">Name</S>
                <S N="Value">OCI.PSModules.Common</S>
              </En>
              <En>
                <S N="Key">RequiredVersion</S>
                <S N="Value">95.1.0</S>
              </En>
              <En>
                <S N="Key">CanonicalId</S>
                <S N="Value">nuget:OCI.PSModules.Common/[95.1.0]</S>
              </En>
            </DCT>
          </Obj>
        </LST>
      </Obj>
      <S N="RepositorySourceLocation">https://www.powershellgallery.com/api/v2</S>
      <S N="Repository">PSGallery</S>
      <S N="PackageManagementProvider">NuGet</S>
      <Obj N="AdditionalMetadata" RefId="8">
        <TN RefId="4">
          <T>System.Management.Automation.PSCustomObject</T>
          <T>System.Object</T>
        </TN>
        <MS>
          <S N="copyright">(c) Oracle Cloud Infrastructure. All rights reserved.</S>
          <S N="description">This modules provides Cmdlets for OCI Dns Service</S>
          <S N="requireLicenseAcceptance">False</S>
          <S N="releaseNotes">https://github.com/oracle/oci-powershell-modules/blob/master/CHANGELOG.md</S>
          <S N="isLatestVersion">True</S>
          <S N="isAbsoluteLatestVersion">True</S>
          <S N="versionDownloadCount">304</S>
          <S N="downloadCount">9335</S>
          <S N="packageSize">273571</S>
          <S N="published">11/12/2024 6:46:57 PM +02:00</S>
          <S N="created">11/12/2024 6:46:57 PM +02:00</S>
          <S N="lastUpdated">12/8/2024 9:30:00 PM +02:00</S>
          <S N="tags">PSEdition_Core Windows Linux macOS Oracle OCI Cloud OracleCloudInfrastructure Dns PSModule PSCmdlet_Get-OCIDnsDomainRecords PSCommand_Get-OCIDnsDomainRecords PSCmdlet_Get-OCIDnsResolver PSCommand_Get-OCIDnsResolver PSCmdlet_Get-OCIDnsResolverEndpoint PSCommand_Get-OCIDnsResolverEndpoint PSCmdlet_Get-OCIDnsResolverEndpointsList PSCommand_Get-OCIDnsResolverEndpointsList PSCmdlet_Get-OCIDnsResolversList PSCommand_Get-OCIDnsResolversList PSCmdlet_Get-OCIDnsRRSet PSCommand_Get-OCIDnsRRSet PSCmdlet_Get-OCIDnsSteeringPoliciesList PSCommand_Get-OCIDnsSteeringPoliciesList PSCmdlet_Get-OCIDnsSteeringPolicy PSCommand_Get-OCIDnsSteeringPolicy PSCmdlet_Get-OCIDnsSteeringPolicyAttachment PSCommand_Get-OCIDnsSteeringPolicyAttachment PSCmdlet_Get-OCIDnsSteeringPolicyAttachmentsList PSCommand_Get-OCIDnsSteeringPolicyAttachmentsList PSCmdlet_Get-OCIDnsTsigKey PSCommand_Get-OCIDnsTsigKey PSCmdlet_Get-OCIDnsTsigKeysList PSCommand_Get-OCIDnsTsigKeysList PSCmdlet_Get-OCIDnsView PSCommand_Get-OCIDnsView PSCmdlet_Get-OCIDnsViewsList PSCommand_Get-OCIDnsViewsList PSCmdlet_Get-OCIDnsZone PSCommand_Get-OCIDnsZone PSCmdlet_Get-OCIDnsZoneContent PSCommand_Get-OCIDnsZoneContent PSCmdlet_Get-OCIDnsZoneRecords PSCommand_Get-OCIDnsZoneRecords PSCmdlet_Get-OCIDnsZonesList PSCommand_Get-OCIDnsZonesList PSCmdlet_Get-OCIDnsZoneTransferServersList PSCommand_Get-OCIDnsZoneTransferServersList PSCmdlet_Invoke-OCIDnsPatchDomainRecords PSCommand_Invoke-OCIDnsPatchDomainRecords PSCmdlet_Invoke-OCIDnsPatchRRSet PSCommand_Invoke-OCIDnsPatchRRSet PSCmdlet_Invoke-OCIDnsPatchZoneRecords PSCommand_Invoke-OCIDnsPatchZoneRecords PSCmdlet_Invoke-OCIDnsPromoteZoneDnssecKeyVersion PSCommand_Invoke-OCIDnsPromoteZoneDnssecKeyVersion PSCmdlet_Invoke-OCIDnsStageZoneDnssecKeyVersion PSCommand_Invoke-OCIDnsStageZoneDnssecKeyVersion PSCmdlet_Move-OCIDnsResolverCompartment PSCommand_Move-OCIDnsResolverCompartment PSCmdlet_Move-OCIDnsSteeringPolicyCompartment PSCommand_Move-OCIDnsSteeringPolicyCompartment PSCmdlet_Move-OCIDnsTsigKeyCompartment PSCommand_Move-OCIDnsTsigKeyCompartment PSCmdlet_Move-OCIDnsViewCompartment PSCommand_Move-OCIDnsViewCompartment PSCmdlet_Move-OCIDnsZoneCompartment PSCommand_Move-OCIDnsZoneCompartment PSCmdlet_New-OCIDnsResolverEndpoint PSCommand_New-OCIDnsResolverEndpoint PSCmdlet_New-OCIDnsSteeringPolicy PSCommand_New-OCIDnsSteeringPolicy PSCmdlet_New-OCIDnsSteeringPolicyAttachment PSCommand_New-OCIDnsSteeringPolicyAttachment PSCmdlet_New-OCIDnsTsigKey PSCommand_New-OCIDnsTsigKey PSCmdlet_New-OCIDnsView PSCommand_New-OCIDnsView PSCmdlet_New-OCIDnsZone PSCommand_New-OCIDnsZone PSCmdlet_New-OCIDnsZoneFromZoneFile PSCommand_New-OCIDnsZoneFromZoneFile PSCmdlet_Remove-OCIDnsDomainRecords PSCommand_Remove-OCIDnsDomainRecords PSCmdlet_Remove-OCIDnsResolverEndpoint PSCommand_Remove-OCIDnsResolverEndpoint PSCmdlet_Remove-OCIDnsRRSet PSCommand_Remove-OCIDnsRRSet PSCmdlet_Remove-OCIDnsSteeringPolicy PSCommand_Remove-OCIDnsSteeringPolicy PSCmdlet_Remove-OCIDnsSteeringPolicyAttachment PSCommand_Remove-OCIDnsSteeringPolicyAttachment PSCmdlet_Remove-OCIDnsTsigKey PSCommand_Remove-OCIDnsTsigKey PSCmdlet_Remove-OCIDnsView PSCommand_Remove-OCIDnsView PSCmdlet_Remove-OCIDnsZone PSCommand_Remove-OCIDnsZone PSCmdlet_Update-OCIDnsDomainRecords PSCommand_Update-OCIDnsDomainRecords PSCmdlet_Update-OCIDnsResolver PSCommand_Update-OCIDnsResolver PSCmdlet_Update-OCIDnsResolverEndpoint PSCommand_Update-OCIDnsResolverEndpoint PSCmdlet_Update-OCIDnsRRSet PSCommand_Update-OCIDnsRRSet PSCmdlet_Update-OCIDnsSteeringPolicy PSCommand_Update-OCIDnsSteeringPolicy PSCmdlet_Update-OCIDnsSteeringPolicyAttachment PSCommand_Update-OCIDnsSteeringPolicyAttachment PSCmdlet_Update-OCIDnsTsigKey PSCommand_Update-OCIDnsTsigKey PSCmdlet_Update-OCIDnsView PSCommand_Update-OCIDnsView PSCmdlet_Update-OCIDnsZone PSCommand_Update-OCIDnsZone PSCmdlet_Update-OCIDnsZoneRecords PSCommand_Update-OCIDnsZoneRecords PSIncludes_Cmdlet</S>
          <S N="developmentDependency">False</S>
          <S N="updated">2024-12-08T21:30:00Z</S>
          <S N="NormalizedVersion">95.1.0</S>
          <S N="Authors">Oracle Cloud Infrastructure</S>
          <S N="IsPrerelease">false</S>
          <S N="ItemType">Module</S>
          <S N="FileList">OCI.PSModules.Dns.nuspec|THIRD_PARTY_LICENSES.txt|OCI.PSModules.Dns.psd1|OCI.PSModules.Dns.dll-Help.xml|LICENSE.txt|assemblies\OCI.PSModules.Dns.dll|assemblies\OCI.DotNetSDK.Workrequests.dll|assemblies\OCI.DotNetSDK.Dns.dll</S>
          <S N="GUID">d69f0172-1c3b-4e1b-97f5-d455d0244e12</S>
          <S N="PowerShellVersion">6.0</S>
          <S N="CompanyName">Oracle Corporation</S>
        </MS>
      </Obj>
      <S N="InstalledLocation">C:\Users\MarcoFekry\Downloads\OCI.PSModules\OCI.PSModules.Dns\95.1.0</S>
    </MS>
  </Obj>
</Objs>
