<Objs Version="1.1.0.1" xmlns="http://schemas.microsoft.com/powershell/2004/04">
  <Obj RefId="0">
    <TN RefId="0">
      <T>Microsoft.PowerShell.Commands.PSRepositoryItemInfo</T>
      <T>System.Management.Automation.PSCustomObject</T>
      <T>System.Object</T>
    </TN>
    <MS>
      <S N="Name">OCI.PSModules.Devops</S>
      <S N="Version">95.1.0</S>
      <S N="Type">Module</S>
      <S N="Description">This modules provides Cmdlets for OCI Devops Service</S>
      <S N="Author">Oracle Cloud Infrastructure</S>
      <S N="CompanyName">oci-psmodules-grp</S>
      <S N="Copyright">(c) Oracle Cloud Infrastructure. All rights reserved.</S>
      <DT N="PublishedDate">2024-11-12T18:46:46+02:00</DT>
      <Nil N="InstalledDate" />
      <Nil N="UpdatedDate" />
      <URI N="LicenseUri">https://github.com/oracle/oci-powershell-modules/blob/master/LICENSE.txt</URI>
      <URI N="ProjectUri">https://github.com/oracle/oci-powershell-modules/</URI>
      <URI N="IconUri">https://github.com/oracle/oci-powershell-modules/blob/master/icon.png</URI>
      <Obj N="Tags" RefId="1">
        <TN RefId="1">
          <T>System.Object[]</T>
          <T>System.Array</T>
          <T>System.Object</T>
        </TN>
        <LST>
          <S>PSEdition_Core</S>
          <S>Windows</S>
          <S>Linux</S>
          <S>macOS</S>
          <S>Oracle</S>
          <S>OCI</S>
          <S>Cloud</S>
          <S>OracleCloudInfrastructure</S>
          <S>Devops</S>
          <S>PSModule</S>
        </LST>
      </Obj>
      <Obj N="Includes" RefId="2">
        <TN RefId="2">
          <T>System.Collections.Hashtable</T>
          <T>System.Object</T>
        </TN>
        <DCT>
          <En>
            <S N="Key">Function</S>
            <Obj N="Value" RefId="3">
              <TNRef RefId="1" />
              <LST />
            </Obj>
          </En>
          <En>
            <S N="Key">Workflow</S>
            <Ref N="Value" RefId="3" />
          </En>
          <En>
            <S N="Key">DscResource</S>
            <Ref N="Value" RefId="3" />
          </En>
          <En>
            <S N="Key">RoleCapability</S>
            <Ref N="Value" RefId="3" />
          </En>
          <En>
            <S N="Key">Command</S>
            <Obj N="Value" RefId="4">
              <TNRef RefId="1" />
              <LST>
                <S>Confirm-OCIDevopsConnection</S>
                <S>Get-OCIDevopsAuthorsList</S>
                <S>Get-OCIDevopsBuildPipeline</S>
                <S>Get-OCIDevopsBuildPipelinesList</S>
                <S>Get-OCIDevopsBuildPipelineStage</S>
                <S>Get-OCIDevopsBuildPipelineStagesList</S>
                <S>Get-OCIDevopsBuildRun</S>
                <S>Get-OCIDevopsBuildRunsList</S>
                <S>Get-OCIDevopsBuildRunSnapshotsList</S>
                <S>Get-OCIDevopsCommit</S>
                <S>Get-OCIDevopsCommitDiff</S>
                <S>Get-OCIDevopsCommitDiffsList</S>
                <S>Get-OCIDevopsCommitsList</S>
                <S>Get-OCIDevopsConnection</S>
                <S>Get-OCIDevopsConnectionsList</S>
                <S>Get-OCIDevopsDeployArtifact</S>
                <S>Get-OCIDevopsDeployArtifactsList</S>
                <S>Get-OCIDevopsDeployEnvironment</S>
                <S>Get-OCIDevopsDeployEnvironmentsList</S>
                <S>Get-OCIDevopsDeployment</S>
                <S>Get-OCIDevopsDeploymentsList</S>
                <S>Get-OCIDevopsDeployPipeline</S>
                <S>Get-OCIDevopsDeployPipelinesList</S>
                <S>Get-OCIDevopsDeployStage</S>
                <S>Get-OCIDevopsDeployStagesList</S>
                <S>Get-OCIDevopsFileDiff</S>
                <S>Get-OCIDevopsForkSyncStatusesList</S>
                <S>Get-OCIDevopsMirrorRecord</S>
                <S>Get-OCIDevopsMirrorRecordsList</S>
                <S>Get-OCIDevopsObject</S>
                <S>Get-OCIDevopsObjectContent</S>
                <S>Get-OCIDevopsPathsList</S>
                <S>Get-OCIDevopsProject</S>
                <S>Get-OCIDevopsProjectCommitAnalyticsAuthorsList</S>
                <S>Get-OCIDevopsProjectNotificationPreference</S>
                <S>Get-OCIDevopsProjectRepositorySettings</S>
                <S>Get-OCIDevopsProjectsList</S>
                <S>Get-OCIDevopsProtectedBranchesList</S>
                <S>Get-OCIDevopsPullRequest</S>
                <S>Get-OCIDevopsPullRequestActivitiesList</S>
                <S>Get-OCIDevopsPullRequestAttachment</S>
                <S>Get-OCIDevopsPullRequestAttachmentContent</S>
                <S>Get-OCIDevopsPullRequestAttachmentsList</S>
                <S>Get-OCIDevopsPullRequestAuthorsList</S>
                <S>Get-OCIDevopsPullRequestChangeSummaryMetrics</S>
                <S>Get-OCIDevopsPullRequestComment</S>
                <S>Get-OCIDevopsPullRequestCommentsList</S>
                <S>Get-OCIDevopsPullRequestCommitsList</S>
                <S>Get-OCIDevopsPullRequestFileChangesList</S>
                <S>Get-OCIDevopsPullRequestNotificationPreference</S>
                <S>Get-OCIDevopsPullRequestsList</S>
                <S>Get-OCIDevopsRef</S>
                <S>Get-OCIDevopsRefsList</S>
                <S>Get-OCIDevopsRepoFileDiff</S>
                <S>Get-OCIDevopsRepoFileLines</S>
                <S>Get-OCIDevopsRepositoriesList</S>
                <S>Get-OCIDevopsRepository</S>
                <S>Get-OCIDevopsRepositoryArchiveContent</S>
                <S>Get-OCIDevopsRepositoryCommitAnalyticsAuthorsList</S>
                <S>Get-OCIDevopsRepositoryFileLines</S>
                <S>Get-OCIDevopsRepositoryNotificationPreference</S>
                <S>Get-OCIDevopsRepositorySettings</S>
                <S>Get-OCIDevopsTrigger</S>
                <S>Get-OCIDevopsTriggersList</S>
                <S>Get-OCIDevopsWorkRequest</S>
                <S>Get-OCIDevopsWorkRequestErrorsList</S>
                <S>Get-OCIDevopsWorkRequestLogsList</S>
                <S>Get-OCIDevopsWorkRequestsList</S>
                <S>Invoke-OCIDevopsApproveDeployment</S>
                <S>Invoke-OCIDevopsDeclinePullRequest</S>
                <S>Invoke-OCIDevopsLikePullRequestComment</S>
                <S>Invoke-OCIDevopsMirrorRepository</S>
                <S>Invoke-OCIDevopsPatchPullRequest</S>
                <S>Invoke-OCIDevopsReopenPullRequest</S>
                <S>Invoke-OCIDevopsReviewPullRequest</S>
                <S>Invoke-OCIDevopsScheduleCascadingProjectDeletion</S>
                <S>Invoke-OCIDevopsSummarizeProjectRepositoryAnalytics</S>
                <S>Invoke-OCIDevopsSummarizeRepositoryAnalytics</S>
                <S>Invoke-OCIDevopsSyncRepository</S>
                <S>Invoke-OCIDevopsUnlikePullRequestComment</S>
                <S>Invoke-OCIDevopsUnsubscribePullRequest</S>
                <S>Merge-OCIDevopsPullRequest</S>
                <S>Move-OCIDevopsProjectCompartment</S>
                <S>New-OCIDevopsBuildPipeline</S>
                <S>New-OCIDevopsBuildPipelineStage</S>
                <S>New-OCIDevopsBuildRun</S>
                <S>New-OCIDevopsConnection</S>
                <S>New-OCIDevopsDeployArtifact</S>
                <S>New-OCIDevopsDeployEnvironment</S>
                <S>New-OCIDevopsDeployment</S>
                <S>New-OCIDevopsDeployPipeline</S>
                <S>New-OCIDevopsDeployStage</S>
                <S>New-OCIDevopsOrUpdateGitRef</S>
                <S>New-OCIDevopsOrUpdateProtectedBranch</S>
                <S>New-OCIDevopsProject</S>
                <S>New-OCIDevopsPullRequest</S>
                <S>New-OCIDevopsPullRequestAttachment</S>
                <S>New-OCIDevopsPullRequestComment</S>
                <S>New-OCIDevopsRepository</S>
                <S>New-OCIDevopsTrigger</S>
                <S>Remove-OCIDevopsBuildPipeline</S>
                <S>Remove-OCIDevopsBuildPipelineStage</S>
                <S>Remove-OCIDevopsConnection</S>
                <S>Remove-OCIDevopsDeployArtifact</S>
                <S>Remove-OCIDevopsDeployEnvironment</S>
                <S>Remove-OCIDevopsDeployPipeline</S>
                <S>Remove-OCIDevopsDeployStage</S>
                <S>Remove-OCIDevopsGitRef</S>
                <S>Remove-OCIDevopsProject</S>
                <S>Remove-OCIDevopsProjectRepositorySettings</S>
                <S>Remove-OCIDevopsProtectedBranch</S>
                <S>Remove-OCIDevopsPullRequest</S>
                <S>Remove-OCIDevopsPullRequestAttachment</S>
                <S>Remove-OCIDevopsPullRequestComment</S>
                <S>Remove-OCIDevopsRef</S>
                <S>Remove-OCIDevopsRepository</S>
                <S>Remove-OCIDevopsRepositorySettings</S>
                <S>Remove-OCIDevopsTrigger</S>
                <S>Stop-OCIDevopsBuildRun</S>
                <S>Stop-OCIDevopsDeployment</S>
                <S>Stop-OCIDevopsScheduledCascadingProjectDeletion</S>
                <S>Update-OCIDevopsBuildPipeline</S>
                <S>Update-OCIDevopsBuildPipelineStage</S>
                <S>Update-OCIDevopsBuildRun</S>
                <S>Update-OCIDevopsConnection</S>
                <S>Update-OCIDevopsDeployArtifact</S>
                <S>Update-OCIDevopsDeployEnvironment</S>
                <S>Update-OCIDevopsDeployment</S>
                <S>Update-OCIDevopsDeployPipeline</S>
                <S>Update-OCIDevopsDeployStage</S>
                <S>Update-OCIDevopsProject</S>
                <S>Update-OCIDevopsProjectNotificationPreference</S>
                <S>Update-OCIDevopsProjectRepositorySettings</S>
                <S>Update-OCIDevopsPullRequest</S>
                <S>Update-OCIDevopsPullRequestComment</S>
                <S>Update-OCIDevopsPullRequestNotificationPreference</S>
                <S>Update-OCIDevopsRepository</S>
                <S>Update-OCIDevopsRepositoryNotificationPreference</S>
                <S>Update-OCIDevopsRepositorySettings</S>
                <S>Update-OCIDevopsTrigger</S>
                <S>Write-OCIDevopsRepositoryRef</S>
              </LST>
            </Obj>
          </En>
          <En>
            <S N="Key">Cmdlet</S>
            <Obj N="Value" RefId="5">
              <TNRef RefId="1" />
              <LST>
                <S>Confirm-OCIDevopsConnection</S>
                <S>Get-OCIDevopsAuthorsList</S>
                <S>Get-OCIDevopsBuildPipeline</S>
                <S>Get-OCIDevopsBuildPipelinesList</S>
                <S>Get-OCIDevopsBuildPipelineStage</S>
                <S>Get-OCIDevopsBuildPipelineStagesList</S>
                <S>Get-OCIDevopsBuildRun</S>
                <S>Get-OCIDevopsBuildRunsList</S>
                <S>Get-OCIDevopsBuildRunSnapshotsList</S>
                <S>Get-OCIDevopsCommit</S>
                <S>Get-OCIDevopsCommitDiff</S>
                <S>Get-OCIDevopsCommitDiffsList</S>
                <S>Get-OCIDevopsCommitsList</S>
                <S>Get-OCIDevopsConnection</S>
                <S>Get-OCIDevopsConnectionsList</S>
                <S>Get-OCIDevopsDeployArtifact</S>
                <S>Get-OCIDevopsDeployArtifactsList</S>
                <S>Get-OCIDevopsDeployEnvironment</S>
                <S>Get-OCIDevopsDeployEnvironmentsList</S>
                <S>Get-OCIDevopsDeployment</S>
                <S>Get-OCIDevopsDeploymentsList</S>
                <S>Get-OCIDevopsDeployPipeline</S>
                <S>Get-OCIDevopsDeployPipelinesList</S>
                <S>Get-OCIDevopsDeployStage</S>
                <S>Get-OCIDevopsDeployStagesList</S>
                <S>Get-OCIDevopsFileDiff</S>
                <S>Get-OCIDevopsForkSyncStatusesList</S>
                <S>Get-OCIDevopsMirrorRecord</S>
                <S>Get-OCIDevopsMirrorRecordsList</S>
                <S>Get-OCIDevopsObject</S>
                <S>Get-OCIDevopsObjectContent</S>
                <S>Get-OCIDevopsPathsList</S>
                <S>Get-OCIDevopsProject</S>
                <S>Get-OCIDevopsProjectCommitAnalyticsAuthorsList</S>
                <S>Get-OCIDevopsProjectNotificationPreference</S>
                <S>Get-OCIDevopsProjectRepositorySettings</S>
                <S>Get-OCIDevopsProjectsList</S>
                <S>Get-OCIDevopsProtectedBranchesList</S>
                <S>Get-OCIDevopsPullRequest</S>
                <S>Get-OCIDevopsPullRequestActivitiesList</S>
                <S>Get-OCIDevopsPullRequestAttachment</S>
                <S>Get-OCIDevopsPullRequestAttachmentContent</S>
                <S>Get-OCIDevopsPullRequestAttachmentsList</S>
                <S>Get-OCIDevopsPullRequestAuthorsList</S>
                <S>Get-OCIDevopsPullRequestChangeSummaryMetrics</S>
                <S>Get-OCIDevopsPullRequestComment</S>
                <S>Get-OCIDevopsPullRequestCommentsList</S>
                <S>Get-OCIDevopsPullRequestCommitsList</S>
                <S>Get-OCIDevopsPullRequestFileChangesList</S>
                <S>Get-OCIDevopsPullRequestNotificationPreference</S>
                <S>Get-OCIDevopsPullRequestsList</S>
                <S>Get-OCIDevopsRef</S>
                <S>Get-OCIDevopsRefsList</S>
                <S>Get-OCIDevopsRepoFileDiff</S>
                <S>Get-OCIDevopsRepoFileLines</S>
                <S>Get-OCIDevopsRepositoriesList</S>
                <S>Get-OCIDevopsRepository</S>
                <S>Get-OCIDevopsRepositoryArchiveContent</S>
                <S>Get-OCIDevopsRepositoryCommitAnalyticsAuthorsList</S>
                <S>Get-OCIDevopsRepositoryFileLines</S>
                <S>Get-OCIDevopsRepositoryNotificationPreference</S>
                <S>Get-OCIDevopsRepositorySettings</S>
                <S>Get-OCIDevopsTrigger</S>
                <S>Get-OCIDevopsTriggersList</S>
                <S>Get-OCIDevopsWorkRequest</S>
                <S>Get-OCIDevopsWorkRequestErrorsList</S>
                <S>Get-OCIDevopsWorkRequestLogsList</S>
                <S>Get-OCIDevopsWorkRequestsList</S>
                <S>Invoke-OCIDevopsApproveDeployment</S>
                <S>Invoke-OCIDevopsDeclinePullRequest</S>
                <S>Invoke-OCIDevopsLikePullRequestComment</S>
                <S>Invoke-OCIDevopsMirrorRepository</S>
                <S>Invoke-OCIDevopsPatchPullRequest</S>
                <S>Invoke-OCIDevopsReopenPullRequest</S>
                <S>Invoke-OCIDevopsReviewPullRequest</S>
                <S>Invoke-OCIDevopsScheduleCascadingProjectDeletion</S>
                <S>Invoke-OCIDevopsSummarizeProjectRepositoryAnalytics</S>
                <S>Invoke-OCIDevopsSummarizeRepositoryAnalytics</S>
                <S>Invoke-OCIDevopsSyncRepository</S>
                <S>Invoke-OCIDevopsUnlikePullRequestComment</S>
                <S>Invoke-OCIDevopsUnsubscribePullRequest</S>
                <S>Merge-OCIDevopsPullRequest</S>
                <S>Move-OCIDevopsProjectCompartment</S>
                <S>New-OCIDevopsBuildPipeline</S>
                <S>New-OCIDevopsBuildPipelineStage</S>
                <S>New-OCIDevopsBuildRun</S>
                <S>New-OCIDevopsConnection</S>
                <S>New-OCIDevopsDeployArtifact</S>
                <S>New-OCIDevopsDeployEnvironment</S>
                <S>New-OCIDevopsDeployment</S>
                <S>New-OCIDevopsDeployPipeline</S>
                <S>New-OCIDevopsDeployStage</S>
                <S>New-OCIDevopsOrUpdateGitRef</S>
                <S>New-OCIDevopsOrUpdateProtectedBranch</S>
                <S>New-OCIDevopsProject</S>
                <S>New-OCIDevopsPullRequest</S>
                <S>New-OCIDevopsPullRequestAttachment</S>
                <S>New-OCIDevopsPullRequestComment</S>
                <S>New-OCIDevopsRepository</S>
                <S>New-OCIDevopsTrigger</S>
                <S>Remove-OCIDevopsBuildPipeline</S>
                <S>Remove-OCIDevopsBuildPipelineStage</S>
                <S>Remove-OCIDevopsConnection</S>
                <S>Remove-OCIDevopsDeployArtifact</S>
                <S>Remove-OCIDevopsDeployEnvironment</S>
                <S>Remove-OCIDevopsDeployPipeline</S>
                <S>Remove-OCIDevopsDeployStage</S>
                <S>Remove-OCIDevopsGitRef</S>
                <S>Remove-OCIDevopsProject</S>
                <S>Remove-OCIDevopsProjectRepositorySettings</S>
                <S>Remove-OCIDevopsProtectedBranch</S>
                <S>Remove-OCIDevopsPullRequest</S>
                <S>Remove-OCIDevopsPullRequestAttachment</S>
                <S>Remove-OCIDevopsPullRequestComment</S>
                <S>Remove-OCIDevopsRef</S>
                <S>Remove-OCIDevopsRepository</S>
                <S>Remove-OCIDevopsRepositorySettings</S>
                <S>Remove-OCIDevopsTrigger</S>
                <S>Stop-OCIDevopsBuildRun</S>
                <S>Stop-OCIDevopsDeployment</S>
                <S>Stop-OCIDevopsScheduledCascadingProjectDeletion</S>
                <S>Update-OCIDevopsBuildPipeline</S>
                <S>Update-OCIDevopsBuildPipelineStage</S>
                <S>Update-OCIDevopsBuildRun</S>
                <S>Update-OCIDevopsConnection</S>
                <S>Update-OCIDevopsDeployArtifact</S>
                <S>Update-OCIDevopsDeployEnvironment</S>
                <S>Update-OCIDevopsDeployment</S>
                <S>Update-OCIDevopsDeployPipeline</S>
                <S>Update-OCIDevopsDeployStage</S>
                <S>Update-OCIDevopsProject</S>
                <S>Update-OCIDevopsProjectNotificationPreference</S>
                <S>Update-OCIDevopsProjectRepositorySettings</S>
                <S>Update-OCIDevopsPullRequest</S>
                <S>Update-OCIDevopsPullRequestComment</S>
                <S>Update-OCIDevopsPullRequestNotificationPreference</S>
                <S>Update-OCIDevopsRepository</S>
                <S>Update-OCIDevopsRepositoryNotificationPreference</S>
                <S>Update-OCIDevopsRepositorySettings</S>
                <S>Update-OCIDevopsTrigger</S>
                <S>Write-OCIDevopsRepositoryRef</S>
              </LST>
            </Obj>
          </En>
        </DCT>
      </Obj>
      <Nil N="PowerShellGetFormatVersion" />
      <S N="ReleaseNotes">https://github.com/oracle/oci-powershell-modules/blob/master/CHANGELOG.md</S>
      <Obj N="Dependencies" RefId="6">
        <TNRef RefId="1" />
        <LST>
          <Obj RefId="7">
            <TN RefId="3">
              <T>System.Collections.Specialized.OrderedDictionary</T>
              <T>System.Object</T>
            </TN>
            <DCT>
              <En>
                <S N="Key">Name</S>
                <S N="Value">OCI.PSModules.Common</S>
              </En>
              <En>
                <S N="Key">RequiredVersion</S>
                <S N="Value">95.1.0</S>
              </En>
              <En>
                <S N="Key">CanonicalId</S>
                <S N="Value">nuget:OCI.PSModules.Common/[95.1.0]</S>
              </En>
            </DCT>
          </Obj>
        </LST>
      </Obj>
      <S N="RepositorySourceLocation">https://www.powershellgallery.com/api/v2</S>
      <S N="Repository">PSGallery</S>
      <S N="PackageManagementProvider">NuGet</S>
      <Obj N="AdditionalMetadata" RefId="8">
        <TN RefId="4">
          <T>System.Management.Automation.PSCustomObject</T>
          <T>System.Object</T>
        </TN>
        <MS>
          <S N="copyright">(c) Oracle Cloud Infrastructure. All rights reserved.</S>
          <S N="description">This modules provides Cmdlets for OCI Devops Service</S>
          <S N="requireLicenseAcceptance">False</S>
          <S N="releaseNotes">https://github.com/oracle/oci-powershell-modules/blob/master/CHANGELOG.md</S>
          <S N="isLatestVersion">True</S>
          <S N="isAbsoluteLatestVersion">True</S>
          <S N="versionDownloadCount">302</S>
          <S N="downloadCount">8308</S>
          <S N="packageSize">472216</S>
          <S N="published">11/12/2024 6:46:46 PM +02:00</S>
          <S N="created">11/12/2024 6:46:46 PM +02:00</S>
          <S N="lastUpdated">12/8/2024 9:30:00 PM +02:00</S>
          <S N="tags">PSEdition_Core Windows Linux macOS Oracle OCI Cloud OracleCloudInfrastructure Devops PSModule PSCmdlet_Confirm-OCIDevopsConnection PSCommand_Confirm-OCIDevopsConnection PSCmdlet_Get-OCIDevopsAuthorsList PSCommand_Get-OCIDevopsAuthorsList PSCmdlet_Get-OCIDevopsBuildPipeline PSCommand_Get-OCIDevopsBuildPipeline PSCmdlet_Get-OCIDevopsBuildPipelinesList PSCommand_Get-OCIDevopsBuildPipelinesList PSCmdlet_Get-OCIDevopsBuildPipelineStage PSCommand_Get-OCIDevopsBuildPipelineStage PSCmdlet_Get-OCIDevopsBuildPipelineStagesList PSCommand_Get-OCIDevopsBuildPipelineStagesList PSCmdlet_Get-OCIDevopsBuildRun PSCommand_Get-OCIDevopsBuildRun PSCmdlet_Get-OCIDevopsBuildRunsList PSCommand_Get-OCIDevopsBuildRunsList PSCmdlet_Get-OCIDevopsBuildRunSnapshotsList PSCommand_Get-OCIDevopsBuildRunSnapshotsList PSCmdlet_Get-OCIDevopsCommit PSCommand_Get-OCIDevopsCommit PSCmdlet_Get-OCIDevopsCommitDiff PSCommand_Get-OCIDevopsCommitDiff PSCmdlet_Get-OCIDevopsCommitDiffsList PSCommand_Get-OCIDevopsCommitDiffsList PSCmdlet_Get-OCIDevopsCommitsList PSCommand_Get-OCIDevopsCommitsList PSCmdlet_Get-OCIDevopsConnection PSCommand_Get-OCIDevopsConnection PSCmdlet_Get-OCIDevopsConnectionsList PSCommand_Get-OCIDevopsConnectionsList PSCmdlet_Get-OCIDevopsDeployArtifact PSCommand_Get-OCIDevopsDeployArtifact PSCmdlet_Get-OCIDevopsDeployArtifactsList PSCommand_Get-OCIDevopsDeployArtifactsList PSCmdlet_Get-OCIDevopsDeployEnvironment PSCommand_Get-OCIDevopsDeployEnvironment PSCmdlet_Get-OCIDevopsDeployEnvironmentsList PSCommand_Get-OCIDevopsDeployEnvironmentsList PSCmdlet_Get-OCIDevopsDeployment PSCommand_Get-OCIDevopsDeployment PSCmdlet_Get-OCIDevopsDeploymentsList PSCommand_Get-OCIDevopsDeploymentsList PSCmdlet_Get-OCIDevopsDeployPipeline PSCommand_Get-OCIDevopsDeployPipeline PSCmdlet_Get-OCIDevopsDeployPipelinesList PSCommand_Get-OCIDevopsDeployPipelinesList PSCmdlet_Get-OCIDevopsDeployStage PSCommand_Get-OCIDevopsDeployStage PSCmdlet_Get-OCIDevopsDeployStagesList PSCommand_Get-OCIDevopsDeployStagesList PSCmdlet_Get-OCIDevopsFileDiff PSCommand_Get-OCIDevopsFileDiff PSCmdlet_Get-OCIDevopsForkSyncStatusesList PSCommand_Get-OCIDevopsForkSyncStatusesList PSCmdlet_Get-OCIDevopsMirrorRecord PSCommand_Get-OCIDevopsMirrorRecord PSCmdlet_Get-OCIDevopsMirrorRecordsList PSCommand_Get-OCIDevopsMirrorRecordsList PSCmdlet_Get-OCIDevopsObject PSCommand_Get-OCIDevopsObject PSCmdlet_Get-OCIDevopsObjectContent PSCommand_Get-OCIDevopsObjectContent PSCmdlet_Get-OCIDevopsPathsList PSCommand_Get-OCIDevopsPathsList PSCmdlet_Get-OCIDevopsProject PSCommand_Get-OCIDevopsProject PSCmdlet_Get-OCIDevopsProjectCommitAnalyticsAuthorsList PSCommand_Get-OCIDevopsProjectCommitAnalyticsAuthorsList PSCmdlet_Get-OCIDevopsProjectNotificationPreference PSCommand_Get-OCIDevopsProjectNotificationPreference PSCmdlet_Get-OCIDevopsProjectRepositorySettings PSCommand_Get-OCIDevopsProjectRepositorySettings PSCmdlet_Get-OCIDevopsProjectsList PSCommand_Get-OCIDevopsProjectsList PSCmdlet_Get-OCIDevopsProtectedBranchesList PSCommand_Get-OCIDevopsProtectedBranchesList PSCmdlet_Get-OCIDevopsPullRequest PSCommand_Get-OCIDevopsPullRequest PSCmdlet_Get-OCIDevopsPullRequestActivitiesList PSCommand_Get-OCIDevopsPullRequestActivitiesList PSCmdlet_Get-OCIDevopsPullRequestAttachment PSCommand_Get-OCIDevopsPullRequestAttachment PSCmdlet_Get-OCIDevopsPullRequestAttachmentContent PSCommand_Get-OCIDevopsPullRequestAttachmentContent PSCmdlet_Get-OCIDevopsPullRequestAttachmentsList PSCommand_Get-OCIDevopsPullRequestAttachmentsList PSCmdlet_Get-OCIDevopsPullRequestAuthorsList PSCommand_Get-OCIDevopsPullRequestAuthorsList PSCmdlet_Get-OCIDevopsPullRequestChangeSummaryMetrics PSCommand_Get-OCIDevopsPullRequestChangeSummaryMetrics PSCmdlet_Get-OCIDevopsPullRequestComment PSCommand_Get-OCIDevopsPullRequestComment PSCmdlet_Get-OCIDevopsPullRequestCommentsList PSCommand_Get-OCIDevopsPullRequestCommentsList PSCmdlet_Get-OCIDevopsPullRequestCommitsList PSCommand_Get-OCIDevopsPullRequestCommitsList PSCmdlet_Get-OCIDevopsPullRequestFileChangesList PSCommand_Get-OCIDevopsPullRequestFileChangesList PSCmdlet_Get-OCIDevopsPullRequestNotificationPreference PSCommand_Get-OCIDevopsPullRequestNotificationPreference PSCmdlet_Get-OCIDevopsPullRequestsList PSCommand_Get-OCIDevopsPullRequestsList PSCmdlet_Get-OCIDevopsRef PSCommand_Get-OCIDevopsRef PSCmdlet_Get-OCIDevopsRefsList PSCommand_Get-OCIDevopsRefsList PSCmdlet_Get-OCIDevopsRepoFileDiff PSCommand_Get-OCIDevopsRepoFileDiff PSCmdlet_Get-OCIDevopsRepoFileLines PSCommand_Get-OCIDevopsRepoFileLines PSCmdlet_Get-OCIDevopsRepositoriesList PSCommand_Get-OCIDevopsRepositoriesList PSCmdlet_Get-OCIDevopsRepository PSCommand_Get-OCIDevopsRepository PSCmdlet_Get-OCIDevopsRepositoryArchiveContent PSCommand_Get-OCIDevopsRepositoryArchiveContent PSCmdlet_Get-OCIDevopsRepositoryCommitAnalyticsAuthorsList PSCommand_Get-OCIDevopsRepositoryCommitAnalyticsAuthorsList PSCmdlet_Get-OCIDevopsRepositoryFileLines PSCommand_Get-OCIDevopsRepositoryFileLines PSCmdlet_Get-OCIDevopsRepositoryNotificationPreference PSCommand_Get-OCIDevopsRepositoryNotificationPreference PSCmdlet_Get-OCIDevopsRepositorySettings PSCommand_Get-OCIDevopsRepositorySettings PSCmdlet_Get-OCIDevopsTrigger PSCommand_Get-OCIDevopsTrigger PSCmdlet_Get-OCIDevopsTriggersList PSCommand_Get-OCIDevopsTriggersList PSCmdlet_Get-OCIDevopsWorkRequest PSCommand_Get-OCIDevopsWorkRequest PSCmdlet_Get-OCIDevopsWorkRequestErrorsList PSCommand_Get-OCIDevopsWorkRequestErrorsList PSCmdlet_Get-OCIDevopsWorkRequestLogsList PSCommand_Get-OCIDevopsWorkRequestLogsList PSCmdlet_Get-OCIDevopsWorkRequestsList PSCommand_Get-OCIDevopsWorkRequestsList PSCmdlet_Invoke-OCIDevopsApproveDeployment PSCommand_Invoke-OCIDevopsApproveDeployment PSCmdlet_Invoke-OCIDevopsDeclinePullRequest PSCommand_Invoke-OCIDevopsDeclinePullRequest PSCmdlet_Invoke-OCIDevopsLikePullRequestComment PSCommand_Invoke-OCIDevopsLikePullRequestComment PSCmdlet_Invoke-OCIDevopsMirrorRepository PSCommand_Invoke-OCIDevopsMirrorRepository PSCmdlet_Invoke-OCIDevopsPatchPullRequest PSCommand_Invoke-OCIDevopsPatchPullRequest PSCmdlet_Invoke-OCIDevopsReopenPullRequest PSCommand_Invoke-OCIDevopsReopenPullRequest PSCmdlet_Invoke-OCIDevopsReviewPullRequest PSCommand_Invoke-OCIDevopsReviewPullRequest PSCmdlet_Invoke-OCIDevopsScheduleCascadingProjectDeletion PSCommand_Invoke-OCIDevopsScheduleCascadingProjectDeletion PSCmdlet_Invoke-OCIDevopsSummarizeProjectRepositoryAnalytics PSCommand_Invoke-OCIDevopsSummarizeProjectRepositoryAnalytics PSCmdlet_Invoke-OCIDevopsSummarizeRepositoryAnalytics PSCommand_Invoke-OCIDevopsSummarizeRepositoryAnalytics PSCmdlet_Invoke-OCIDevopsSyncRepository PSCommand_Invoke-OCIDevopsSyncRepository PSCmdlet_Invoke-OCIDevopsUnlikePullRequestComment PSCommand_Invoke-OCIDevopsUnlikePullRequestComment PSCmdlet_Invoke-OCIDevopsUnsubscribePullRequest PSCommand_Invoke-OCIDevopsUnsubscribePullRequest PSCmdlet_Merge-OCIDevopsPullRequest PSCommand_Merge-OCIDevopsPullRequest PSCmdlet_Move-OCIDevopsProjectCompartment PSCommand_Move-OCIDevopsProjectCompartment PSCmdlet_New-OCIDevopsBuildPipeline PSCommand_New-OCIDevopsBuildPipeline PSCmdlet_New-OCIDevopsBuildPipelineStage PSCommand_New-OCIDevopsBuildPipelineStage PSCmdlet_New-OCIDevopsBuildRun PSCommand_New-OCIDevopsBuildRun PSCmdlet_New-OCIDevopsConnection PSCommand_New-OCIDevopsConnection PSCmdlet_New-OCIDevopsDeployArtifact PSCommand_New-OCIDevopsDeployArtifact PSCmdlet_New-OCIDevopsDeployEnvironment PSCommand_New-OCIDevopsDeployEnvironment PSCmdlet_New-OCIDevopsDeployment PSCommand_New-OCIDevopsDeployment PSCmdlet_New-OCIDevopsDeployPipeline PSCommand_New-OCIDevopsDeployPipeline PSCmdlet_New-OCIDevopsDeployStage PSCommand_New-OCIDevopsDeployStage PSCmdlet_New-OCIDevopsOrUpdateGitRef PSCommand_New-OCIDevopsOrUpdateGitRef PSCmdlet_New-OCIDevopsOrUpdateProtectedBranch PSCommand_New-OCIDevopsOrUpdateProtectedBranch PSCmdlet_New-OCIDevopsProject PSCommand_New-OCIDevopsProject PSCmdlet_New-OCIDevopsPullRequest PSCommand_New-OCIDevopsPullRequest PSCmdlet_New-OCIDevopsPullRequestAttachment PSCommand_New-OCIDevopsPullRequestAttachment PSCmdlet_New-OCIDevopsPullRequestComment PSCommand_New-OCIDevopsPullRequestComment PSCmdlet_New-OCIDevopsRepository PSCommand_New-OCIDevopsRepository PSCmdlet_New-OCIDevopsTrigger PSCommand_New-OCIDevopsTrigger PSCmdlet_Remove-OCIDevopsBuildPipeline PSCommand_Remove-OCIDevopsBuildPipeline PSCmdlet_Remove-OCIDevopsBuildPipelineStage PSCommand_Remove-OCIDevopsBuildPipelineStage PSCmdlet_Remove-OCIDevopsConnection PSCommand_Remove-OCIDevopsConnection PSCmdlet_Remove-OCIDevopsDeployArtifact PSCommand_Remove-OCIDevopsDeployArtifact PSCmdlet_Remove-OCIDevopsDeployEnvironment PSCommand_Remove-OCIDevopsDeployEnvironment PSCmdlet_Remove-OCIDevopsDeployPipeline PSCommand_Remove-OCIDevopsDeployPipeline PSCmdlet_Remove-OCIDevopsDeployStage PSCommand_Remove-OCIDevopsDeployStage PSCmdlet_Remove-OCIDevopsGitRef PSCommand_Remove-OCIDevopsGitRef PSCmdlet_Remove-OCIDevopsProject PSCommand_Remove-OCIDevopsProject PSCmdlet_Remove-OCIDevopsProjectRepositorySettings PSCommand_Remove-OCIDevopsProjectRepositorySettings PSCmdlet_Remove-OCIDevopsProtectedBranch PSCommand_Remove-OCIDevopsProtectedBranch PSCmdlet_Remove-OCIDevopsPullRequest PSCommand_Remove-OCIDevopsPullRequest PSCmdlet_Remove-OCIDevopsPullRequestAttachment PSCommand_Remove-OCIDevopsPullRequestAttachment PSCmdlet_Remove-OCIDevopsPullRequestComment PSCommand_Remove-OCIDevopsPullRequestComment PSCmdlet_Remove-OCIDevopsRef PSCommand_Remove-OCIDevopsRef PSCmdlet_Remove-OCIDevopsRepository PSCommand_Remove-OCIDevopsRepository PSCmdlet_Remove-OCIDevopsRepositorySettings PSCommand_Remove-OCIDevopsRepositorySettings PSCmdlet_Remove-OCIDevopsTrigger PSCommand_Remove-OCIDevopsTrigger PSCmdlet_Stop-OCIDevopsBuildRun PSCommand_Stop-OCIDevopsBuildRun PSCmdlet_Stop-OCIDevopsDeployment PSCommand_Stop-OCIDevopsDeployment PSCmdlet_Stop-OCIDevopsScheduledCascadingProjectDeletion PSCommand_Stop-OCIDevopsScheduledCascadingProjectDeletion PSCmdlet_Update-OCIDevopsBuildPipeline PSCommand_Update-OCIDevopsBuildPipeline PSCmdlet_Update-OCIDevopsBuildPipelineStage PSCommand_Update-OCIDevopsBuildPipelineStage PSCmdlet_Update-OCIDevopsBuildRun PSCommand_Update-OCIDevopsBuildRun PSCmdlet_Update-OCIDevopsConnection PSCommand_Update-OCIDevopsConnection PSCmdlet_Update-OCIDevopsDeployArtifact PSCommand_Update-OCIDevopsDeployArtifact PSCmdlet_Update-OCIDevopsDeployEnvironment PSCommand_Update-OCIDevopsDeployEnvironment PSCmdlet_Update-OCIDevopsDeployment PSCommand_Update-OCIDevopsDeployment PSCmdlet_Update-OCIDevopsDeployPipeline PSCommand_Update-OCIDevopsDeployPipeline PSCmdlet_Update-OCIDevopsDeployStage PSCommand_Update-OCIDevopsDeployStage PSCmdlet_Update-OCIDevopsProject PSCommand_Update-OCIDevopsProject PSCmdlet_Update-OCIDevopsProjectNotificationPreference PSCommand_Update-OCIDevopsProjectNotificationPreference PSCmdlet_Update-OCIDevopsProjectRepositorySettings PSCommand_Update-OCIDevopsProjectRepositorySettings PSCmdlet_Update-OCIDevopsPullRequest PSCommand_Update-OCIDevopsPullRequest PSCmdlet_Update-OCIDevopsPullRequestComment PSCommand_Update-OCIDevopsPullRequestComment PSCmdlet_Update-OCIDevopsPullRequestNotificationPreference PSCommand_Update-OCIDevopsPullRequestNotificationPreference PSCmdlet_Update-OCIDevopsRepository PSCommand_Update-OCIDevopsRepository PSCmdlet_Update-OCIDevopsRepositoryNotificationPreference PSCommand_Update-OCIDevopsRepositoryNotificationPreference PSCmdlet_Update-OCIDevopsRepositorySettings PSCommand_Update-OCIDevopsRepositorySettings PSCmdlet_Update-OCIDevopsTrigger PSCommand_Update-OCIDevopsTrigger PSCmdlet_Write-OCIDevopsRepositoryRef PSCommand_Write-OCIDevopsRepositoryRef PSIncludes_Cmdlet</S>
          <S N="developmentDependency">False</S>
          <S N="updated">2024-12-08T21:30:00Z</S>
          <S N="NormalizedVersion">95.1.0</S>
          <S N="Authors">Oracle Cloud Infrastructure</S>
          <S N="IsPrerelease">false</S>
          <S N="ItemType">Module</S>
          <S N="FileList">OCI.PSModules.Devops.nuspec|THIRD_PARTY_LICENSES.txt|OCI.PSModules.Devops.psd1|OCI.PSModules.Devops.dll-Help.xml|LICENSE.txt|assemblies\OCI.PSModules.Devops.dll|assemblies\OCI.DotNetSDK.Devops.dll</S>
          <S N="GUID">0d3ad8c4-0bd3-4b6f-9da3-3085294e7733</S>
          <S N="PowerShellVersion">6.0</S>
          <S N="CompanyName">Oracle Corporation</S>
        </MS>
      </Obj>
      <S N="InstalledLocation">C:\Users\MarcoFekry\Downloads\OCI.PSModules\OCI.PSModules.Devops\95.1.0</S>
    </MS>
  </Obj>
</Objs>
