<Objs Version="1.1.0.1" xmlns="http://schemas.microsoft.com/powershell/2004/04">
  <Obj RefId="0">
    <TN RefId="0">
      <T>Microsoft.PowerShell.Commands.PSRepositoryItemInfo</T>
      <T>System.Management.Automation.PSCustomObject</T>
      <T>System.Object</T>
    </TN>
    <MS>
      <S N="Name">OCI.PSModules.Apmtraces</S>
      <S N="Version">95.1.0</S>
      <S N="Type">Module</S>
      <S N="Description">This modules provides Cmdlets for OCI Apmtraces Service</S>
      <S N="Author">Oracle Cloud Infrastructure</S>
      <S N="CompanyName">oci-psmodules-grp</S>
      <S N="Copyright">(c) Oracle Cloud Infrastructure. All rights reserved.</S>
      <DT N="PublishedDate">2024-11-12T18:42:55+02:00</DT>
      <Nil N="InstalledDate" />
      <Nil N="UpdatedDate" />
      <URI N="LicenseUri">https://github.com/oracle/oci-powershell-modules/blob/master/LICENSE.txt</URI>
      <URI N="ProjectUri">https://github.com/oracle/oci-powershell-modules/</URI>
      <URI N="IconUri">https://github.com/oracle/oci-powershell-modules/blob/master/icon.png</URI>
      <Obj N="Tags" RefId="1">
        <TN RefId="1">
          <T>System.Object[]</T>
          <T>System.Array</T>
          <T>System.Object</T>
        </TN>
        <LST>
          <S>PSEdition_Core</S>
          <S>Windows</S>
          <S>Linux</S>
          <S>macOS</S>
          <S>Oracle</S>
          <S>OCI</S>
          <S>Cloud</S>
          <S>OracleCloudInfrastructure</S>
          <S>Apmtraces</S>
          <S>PSModule</S>
        </LST>
      </Obj>
      <Obj N="Includes" RefId="2">
        <TN RefId="2">
          <T>System.Collections.Hashtable</T>
          <T>System.Object</T>
        </TN>
        <DCT>
          <En>
            <S N="Key">Cmdlet</S>
            <Obj N="Value" RefId="3">
              <TNRef RefId="1" />
              <LST>
                <S>Get-OCIApmtracesAggregatedSnapshot</S>
                <S>Get-OCIApmtracesQuickPicksList</S>
                <S>Get-OCIApmtracesSpan</S>
                <S>Get-OCIApmtracesStatusAutoActivate</S>
                <S>Get-OCIApmtracesTrace</S>
                <S>Get-OCIApmtracesTraceSnapshot</S>
                <S>Invoke-OCIApmtracesBulkActivateAttribute</S>
                <S>Invoke-OCIApmtracesBulkDeActivateAttribute</S>
                <S>Invoke-OCIApmtracesBulkPinAttribute</S>
                <S>Invoke-OCIApmtracesBulkUnpinAttribute</S>
                <S>Invoke-OCIApmtracesBulkUpdateAttribute</S>
                <S>Invoke-OCIApmtracesBulkUpdateAttributeNotes</S>
                <S>Invoke-OCIApmtracesQuery</S>
                <S>Write-OCIApmtracesToggleAutoActivate</S>
              </LST>
            </Obj>
          </En>
          <En>
            <S N="Key">Command</S>
            <Obj N="Value" RefId="4">
              <TNRef RefId="1" />
              <LST>
                <S>Get-OCIApmtracesAggregatedSnapshot</S>
                <S>Get-OCIApmtracesQuickPicksList</S>
                <S>Get-OCIApmtracesSpan</S>
                <S>Get-OCIApmtracesStatusAutoActivate</S>
                <S>Get-OCIApmtracesTrace</S>
                <S>Get-OCIApmtracesTraceSnapshot</S>
                <S>Invoke-OCIApmtracesBulkActivateAttribute</S>
                <S>Invoke-OCIApmtracesBulkDeActivateAttribute</S>
                <S>Invoke-OCIApmtracesBulkPinAttribute</S>
                <S>Invoke-OCIApmtracesBulkUnpinAttribute</S>
                <S>Invoke-OCIApmtracesBulkUpdateAttribute</S>
                <S>Invoke-OCIApmtracesBulkUpdateAttributeNotes</S>
                <S>Invoke-OCIApmtracesQuery</S>
                <S>Write-OCIApmtracesToggleAutoActivate</S>
              </LST>
            </Obj>
          </En>
          <En>
            <S N="Key">Workflow</S>
            <Obj N="Value" RefId="5">
              <TNRef RefId="1" />
              <LST />
            </Obj>
          </En>
          <En>
            <S N="Key">Function</S>
            <Ref N="Value" RefId="5" />
          </En>
          <En>
            <S N="Key">RoleCapability</S>
            <Ref N="Value" RefId="5" />
          </En>
          <En>
            <S N="Key">DscResource</S>
            <Ref N="Value" RefId="5" />
          </En>
        </DCT>
      </Obj>
      <Nil N="PowerShellGetFormatVersion" />
      <S N="ReleaseNotes">https://github.com/oracle/oci-powershell-modules/blob/master/CHANGELOG.md</S>
      <Obj N="Dependencies" RefId="6">
        <TNRef RefId="1" />
        <LST>
          <Obj RefId="7">
            <TN RefId="3">
              <T>System.Collections.Specialized.OrderedDictionary</T>
              <T>System.Object</T>
            </TN>
            <DCT>
              <En>
                <S N="Key">Name</S>
                <S N="Value">OCI.PSModules.Common</S>
              </En>
              <En>
                <S N="Key">RequiredVersion</S>
                <S N="Value">95.1.0</S>
              </En>
              <En>
                <S N="Key">CanonicalId</S>
                <S N="Value">nuget:OCI.PSModules.Common/[95.1.0]</S>
              </En>
            </DCT>
          </Obj>
        </LST>
      </Obj>
      <S N="RepositorySourceLocation">https://www.powershellgallery.com/api/v2</S>
      <S N="Repository">PSGallery</S>
      <S N="PackageManagementProvider">NuGet</S>
      <Obj N="AdditionalMetadata" RefId="8">
        <TN RefId="4">
          <T>System.Management.Automation.PSCustomObject</T>
          <T>System.Object</T>
        </TN>
        <MS>
          <S N="copyright">(c) Oracle Cloud Infrastructure. All rights reserved.</S>
          <S N="description">This modules provides Cmdlets for OCI Apmtraces Service</S>
          <S N="requireLicenseAcceptance">False</S>
          <S N="releaseNotes">https://github.com/oracle/oci-powershell-modules/blob/master/CHANGELOG.md</S>
          <S N="isLatestVersion">False</S>
          <S N="isAbsoluteLatestVersion">False</S>
          <S N="versionDownloadCount">346</S>
          <S N="downloadCount">15160</S>
          <S N="packageSize">99643</S>
          <S N="published">11/12/2024 6:42:55 PM +02:00</S>
          <S N="created">11/12/2024 6:42:55 PM +02:00</S>
          <S N="lastUpdated">9/5/2025 4:30:00 PM +03:00</S>
          <S N="tags">PSEdition_Core Windows Linux macOS Oracle OCI Cloud OracleCloudInfrastructure Apmtraces PSModule PSCmdlet_Get-OCIApmtracesAggregatedSnapshot PSCommand_Get-OCIApmtracesAggregatedSnapshot PSCmdlet_Get-OCIApmtracesQuickPicksList PSCommand_Get-OCIApmtracesQuickPicksList PSCmdlet_Get-OCIApmtracesSpan PSCommand_Get-OCIApmtracesSpan PSCmdlet_Get-OCIApmtracesStatusAutoActivate PSCommand_Get-OCIApmtracesStatusAutoActivate PSCmdlet_Get-OCIApmtracesTrace PSCommand_Get-OCIApmtracesTrace PSCmdlet_Get-OCIApmtracesTraceSnapshot PSCommand_Get-OCIApmtracesTraceSnapshot PSCmdlet_Invoke-OCIApmtracesBulkActivateAttribute PSCommand_Invoke-OCIApmtracesBulkActivateAttribute PSCmdlet_Invoke-OCIApmtracesBulkDeActivateAttribute PSCommand_Invoke-OCIApmtracesBulkDeActivateAttribute PSCmdlet_Invoke-OCIApmtracesBulkPinAttribute PSCommand_Invoke-OCIApmtracesBulkPinAttribute PSCmdlet_Invoke-OCIApmtracesBulkUnpinAttribute PSCommand_Invoke-OCIApmtracesBulkUnpinAttribute PSCmdlet_Invoke-OCIApmtracesBulkUpdateAttribute PSCommand_Invoke-OCIApmtracesBulkUpdateAttribute PSCmdlet_Invoke-OCIApmtracesBulkUpdateAttributeNotes PSCommand_Invoke-OCIApmtracesBulkUpdateAttributeNotes PSCmdlet_Invoke-OCIApmtracesQuery PSCommand_Invoke-OCIApmtracesQuery PSCmdlet_Write-OCIApmtracesToggleAutoActivate PSCommand_Write-OCIApmtracesToggleAutoActivate PSIncludes_Cmdlet</S>
          <S N="developmentDependency">False</S>
          <S N="updated">2025-09-05T16:30:00Z</S>
          <S N="NormalizedVersion">95.1.0</S>
          <S N="Authors">Oracle Cloud Infrastructure</S>
          <S N="IsPrerelease">false</S>
          <S N="ItemType">Module</S>
          <S N="FileList">OCI.PSModules.Apmtraces.nuspec|THIRD_PARTY_LICENSES.txt|OCI.PSModules.Apmtraces.dll-Help.xml|LICENSE.txt|OCI.PSModules.Apmtraces.psd1|assemblies\OCI.DotNetSDK.Apmtraces.dll|assemblies\OCI.PSModules.Apmtraces.dll</S>
          <S N="GUID">b8a6f9e5-94d6-4c39-9ded-9767df367b9b</S>
          <S N="PowerShellVersion">6.0</S>
          <S N="CompanyName">Oracle Corporation</S>
        </MS>
      </Obj>
      <S N="InstalledLocation">C:\Program Files\PowerShell\Modules1\OCI.PSModules.Apmtraces\95.1.0</S>
    </MS>
  </Obj>
</Objs>
