<Objs Version="1.1.0.1" xmlns="http://schemas.microsoft.com/powershell/2004/04">
  <Obj RefId="0">
    <TN RefId="0">
      <T>Microsoft.PowerShell.Commands.PSRepositoryItemInfo</T>
      <T>System.Management.Automation.PSCustomObject</T>
      <T>System.Object</T>
    </TN>
    <MS>
      <S N="Name">OCI.PSModules.Databasemanagement</S>
      <S N="Version">95.1.0</S>
      <S N="Type">Module</S>
      <S N="Description">This modules provides Cmdlets for OCI Databasemanagement Service</S>
      <S N="Author">Oracle Cloud Infrastructure</S>
      <S N="CompanyName">oci-psmodules-grp</S>
      <S N="Copyright">(c) Oracle Cloud Infrastructure. All rights reserved.</S>
      <DT N="PublishedDate">2024-11-12T18:45:25+02:00</DT>
      <Nil N="InstalledDate" />
      <Nil N="UpdatedDate" />
      <URI N="LicenseUri">https://github.com/oracle/oci-powershell-modules/blob/master/LICENSE.txt</URI>
      <URI N="ProjectUri">https://github.com/oracle/oci-powershell-modules/</URI>
      <URI N="IconUri">https://github.com/oracle/oci-powershell-modules/blob/master/icon.png</URI>
      <Obj N="Tags" RefId="1">
        <TN RefId="1">
          <T>System.Object[]</T>
          <T>System.Array</T>
          <T>System.Object</T>
        </TN>
        <LST>
          <S>PSEdition_Core</S>
          <S>Windows</S>
          <S>Linux</S>
          <S>macOS</S>
          <S>Oracle</S>
          <S>OCI</S>
          <S>Cloud</S>
          <S>OracleCloudInfrastructure</S>
          <S>Databasemanagement</S>
          <S>PSModule</S>
        </LST>
      </Obj>
      <Obj N="Includes" RefId="2">
        <TN RefId="2">
          <T>System.Collections.Hashtable</T>
          <T>System.Object</T>
        </TN>
        <DCT>
          <En>
            <S N="Key">Function</S>
            <Obj N="Value" RefId="3">
              <TNRef RefId="1" />
              <LST />
            </Obj>
          </En>
          <En>
            <S N="Key">Workflow</S>
            <Ref N="Value" RefId="3" />
          </En>
          <En>
            <S N="Key">DscResource</S>
            <Ref N="Value" RefId="3" />
          </En>
          <En>
            <S N="Key">RoleCapability</S>
            <Ref N="Value" RefId="3" />
          </En>
          <En>
            <S N="Key">Command</S>
            <Obj N="Value" RefId="4">
              <TNRef RefId="1" />
              <LST>
                <S>Add-OCIDatabasemanagementDataFiles</S>
                <S>Add-OCIDatabasemanagementManagedDatabaseToManagedDatabaseGroup</S>
                <S>Add-OCIDatabasemanagementmTasks</S>
                <S>Confirm-OCIDatabasemanagementBasicFilter</S>
                <S>Disable-OCIDatabasemanagementAutomaticInitialPlanCapture</S>
                <S>Disable-OCIDatabasemanagementAutomaticSpmEvolveAdvisorTask</S>
                <S>Disable-OCIDatabasemanagementAutonomousDatabaseManagementFeature</S>
                <S>Disable-OCIDatabasemanagementExternalContainerDatabaseManagementFeature</S>
                <S>Disable-OCIDatabasemanagementExternalDbSystemDatabaseManagement</S>
                <S>Disable-OCIDatabasemanagementExternalDbSystemStackMonitoring</S>
                <S>Disable-OCIDatabasemanagementExternalExadataInfrastructureManagement</S>
                <S>Disable-OCIDatabasemanagementExternalNonContainerDatabaseManagementFeature</S>
                <S>Disable-OCIDatabasemanagementExternalPluggableDatabaseManagementFeature</S>
                <S>Disable-OCIDatabasemanagementFeature</S>
                <S>Disable-OCIDatabasemanagementHighFrequencyAutomaticSpmEvolveAdvisorTask</S>
                <S>Disable-OCIDatabasemanagementPluggableDatabaseManagementFeature</S>
                <S>Disable-OCIDatabasemanagementSqlPlanBaselinesUsage</S>
                <S>Edit-OCIDatabasemanagementAutonomousDatabaseManagementFeature</S>
                <S>Edit-OCIDatabasemanagementFeature</S>
                <S>Edit-OCIDatabasemanagementPluggableDatabaseManagementFeature</S>
                <S>Edit-OCIDatabasemanagementSnapshotSettings</S>
                <S>Enable-OCIDatabasemanagementAutomaticInitialPlanCapture</S>
                <S>Enable-OCIDatabasemanagementAutomaticSpmEvolveAdvisorTask</S>
                <S>Enable-OCIDatabasemanagementAutonomousDatabaseManagementFeature</S>
                <S>Enable-OCIDatabasemanagementExternalContainerDatabaseManagementFeature</S>
                <S>Enable-OCIDatabasemanagementExternalDbSystemDatabaseManagement</S>
                <S>Enable-OCIDatabasemanagementExternalDbSystemStackMonitoring</S>
                <S>Enable-OCIDatabasemanagementExternalExadataInfrastructureManagement</S>
                <S>Enable-OCIDatabasemanagementExternalNonContainerDatabaseManagementFeature</S>
                <S>Enable-OCIDatabasemanagementExternalPluggableDatabaseManagementFeature</S>
                <S>Enable-OCIDatabasemanagementFeature</S>
                <S>Enable-OCIDatabasemanagementHighFrequencyAutomaticSpmEvolveAdvisorTask</S>
                <S>Enable-OCIDatabasemanagementPluggableDatabaseManagementFeature</S>
                <S>Enable-OCIDatabasemanagementSqlPlanBaselinesUsage</S>
                <S>Get-OCIDatabasemanagementAlertLogsList</S>
                <S>Get-OCIDatabasemanagementAsmPropertiesList</S>
                <S>Get-OCIDatabasemanagementAssociatedDatabasesList</S>
                <S>Get-OCIDatabasemanagementAttentionLogsList</S>
                <S>Get-OCIDatabasemanagementAwrDbReport</S>
                <S>Get-OCIDatabasemanagementAwrDbsList</S>
                <S>Get-OCIDatabasemanagementAwrDbSnapshotsList</S>
                <S>Get-OCIDatabasemanagementAwrDbSqlReport</S>
                <S>Get-OCIDatabasemanagementClusterCacheMetric</S>
                <S>Get-OCIDatabasemanagementConsumerGroupPrivilegesList</S>
                <S>Get-OCIDatabasemanagementCursorCacheStatementsList</S>
                <S>Get-OCIDatabasemanagementDataAccessContainersList</S>
                <S>Get-OCIDatabasemanagementDatabaseFleetHealthMetrics</S>
                <S>Get-OCIDatabasemanagementDatabaseHomeMetrics</S>
                <S>Get-OCIDatabasemanagementDatabaseParametersList</S>
                <S>Get-OCIDatabasemanagementDataguardPerformanceMetrics</S>
                <S>Get-OCIDatabasemanagementDbManagementPrivateEndpoint</S>
                <S>Get-OCIDatabasemanagementDbManagementPrivateEndpointsList</S>
                <S>Get-OCIDatabasemanagementExecutionPlanStatsComparision</S>
                <S>Get-OCIDatabasemanagementExternalAsm</S>
                <S>Get-OCIDatabasemanagementExternalAsmConfiguration</S>
                <S>Get-OCIDatabasemanagementExternalAsmDiskGroupsList</S>
                <S>Get-OCIDatabasemanagementExternalAsmInstance</S>
                <S>Get-OCIDatabasemanagementExternalAsmInstancesList</S>
                <S>Get-OCIDatabasemanagementExternalAsmsList</S>
                <S>Get-OCIDatabasemanagementExternalAsmUsersList</S>
                <S>Get-OCIDatabasemanagementExternalCluster</S>
                <S>Get-OCIDatabasemanagementExternalClusterInstance</S>
                <S>Get-OCIDatabasemanagementExternalClusterInstancesList</S>
                <S>Get-OCIDatabasemanagementExternalClustersList</S>
                <S>Get-OCIDatabasemanagementExternalDatabasesList</S>
                <S>Get-OCIDatabasemanagementExternalDbHome</S>
                <S>Get-OCIDatabasemanagementExternalDbHomesList</S>
                <S>Get-OCIDatabasemanagementExternalDbNode</S>
                <S>Get-OCIDatabasemanagementExternalDbNodesList</S>
                <S>Get-OCIDatabasemanagementExternalDbSystem</S>
                <S>Get-OCIDatabasemanagementExternalDbSystemConnector</S>
                <S>Get-OCIDatabasemanagementExternalDbSystemConnectorsList</S>
                <S>Get-OCIDatabasemanagementExternalDbSystemDiscoveriesList</S>
                <S>Get-OCIDatabasemanagementExternalDbSystemDiscovery</S>
                <S>Get-OCIDatabasemanagementExternalDbSystemsList</S>
                <S>Get-OCIDatabasemanagementExternalExadataInfrastructure</S>
                <S>Get-OCIDatabasemanagementExternalExadataInfrastructuresList</S>
                <S>Get-OCIDatabasemanagementExternalExadataStorageConnector</S>
                <S>Get-OCIDatabasemanagementExternalExadataStorageConnectorsList</S>
                <S>Get-OCIDatabasemanagementExternalExadataStorageGrid</S>
                <S>Get-OCIDatabasemanagementExternalExadataStorageServer</S>
                <S>Get-OCIDatabasemanagementExternalExadataStorageServersList</S>
                <S>Get-OCIDatabasemanagementExternalListener</S>
                <S>Get-OCIDatabasemanagementExternalListenerServicesList</S>
                <S>Get-OCIDatabasemanagementExternalListenersList</S>
                <S>Get-OCIDatabasemanagementHeatWaveFleetMetric</S>
                <S>Get-OCIDatabasemanagementIormPlan</S>
                <S>Get-OCIDatabasemanagementJob</S>
                <S>Get-OCIDatabasemanagementJobExecution</S>
                <S>Get-OCIDatabasemanagementJobExecutionsList</S>
                <S>Get-OCIDatabasemanagementJobRun</S>
                <S>Get-OCIDatabasemanagementJobRunsList</S>
                <S>Get-OCIDatabasemanagementJobsList</S>
                <S>Get-OCIDatabasemanagementManagedDatabase</S>
                <S>Get-OCIDatabasemanagementManagedDatabaseGroup</S>
                <S>Get-OCIDatabasemanagementManagedDatabaseGroupsList</S>
                <S>Get-OCIDatabasemanagementManagedDatabasesList</S>
                <S>Get-OCIDatabasemanagementManagedMySqlDatabase</S>
                <S>Get-OCIDatabasemanagementManagedMySqlDatabaseConfigurationDataList</S>
                <S>Get-OCIDatabasemanagementManagedMySqlDatabasesList</S>
                <S>Get-OCIDatabasemanagementManagedMySqlDatabaseSqlDataList</S>
                <S>Get-OCIDatabasemanagementMySqlFleetMetric</S>
                <S>Get-OCIDatabasemanagementNamedCredential</S>
                <S>Get-OCIDatabasemanagementNamedCredentialsList</S>
                <S>Get-OCIDatabasemanagementObjectPrivilegesList</S>
                <S>Get-OCIDatabasemanagementOpenAlertHistory</S>
                <S>Get-OCIDatabasemanagementOptimizerStatisticsAdvisorExecution</S>
                <S>Get-OCIDatabasemanagementOptimizerStatisticsAdvisorExecutionScript</S>
                <S>Get-OCIDatabasemanagementOptimizerStatisticsAdvisorExecutionsList</S>
                <S>Get-OCIDatabasemanagementOptimizerStatisticsCollectionAggregationsList</S>
                <S>Get-OCIDatabasemanagementOptimizerStatisticsCollectionOperation</S>
                <S>Get-OCIDatabasemanagementOptimizerStatisticsCollectionOperationsList</S>
                <S>Get-OCIDatabasemanagementPdbMetrics</S>
                <S>Get-OCIDatabasemanagementPeerDatabaseMetrics</S>
                <S>Get-OCIDatabasemanagementPreferredCredential</S>
                <S>Get-OCIDatabasemanagementPreferredCredentialsList</S>
                <S>Get-OCIDatabasemanagementProxiedForUsersList</S>
                <S>Get-OCIDatabasemanagementProxyUsersList</S>
                <S>Get-OCIDatabasemanagementRolesList</S>
                <S>Get-OCIDatabasemanagementSqlExecutionPlan</S>
                <S>Get-OCIDatabasemanagementSqlPlanBaseline</S>
                <S>Get-OCIDatabasemanagementSqlPlanBaselineConfiguration</S>
                <S>Get-OCIDatabasemanagementSqlPlanBaselineJobsList</S>
                <S>Get-OCIDatabasemanagementSqlPlanBaselinesList</S>
                <S>Get-OCIDatabasemanagementSqlTuningAdvisorTaskFindingsList</S>
                <S>Get-OCIDatabasemanagementSqlTuningAdvisorTaskRecommendationsList</S>
                <S>Get-OCIDatabasemanagementSqlTuningAdvisorTasksList</S>
                <S>Get-OCIDatabasemanagementSqlTuningAdvisorTaskSummaryReport</S>
                <S>Get-OCIDatabasemanagementSqlTuningSetsList</S>
                <S>Get-OCIDatabasemanagementSystemPrivilegesList</S>
                <S>Get-OCIDatabasemanagementTablespace</S>
                <S>Get-OCIDatabasemanagementTablespacesList</S>
                <S>Get-OCIDatabasemanagementTableStatisticsList</S>
                <S>Get-OCIDatabasemanagementTopSqlCpuActivity</S>
                <S>Get-OCIDatabasemanagementUser</S>
                <S>Get-OCIDatabasemanagementUsersList</S>
                <S>Get-OCIDatabasemanagementWorkRequest</S>
                <S>Get-OCIDatabasemanagementWorkRequestErrorsList</S>
                <S>Get-OCIDatabasemanagementWorkRequestLogsList</S>
                <S>Get-OCIDatabasemanagementWorkRequestsList</S>
                <S>Invoke-OCIDatabasemanagementCheckExternalDbSystemConnectorConnectionStatus</S>
                <S>Invoke-OCIDatabasemanagementCheckExternalExadataStorageConnector</S>
                <S>Invoke-OCIDatabasemanagementCloneSqlTuningTask</S>
                <S>Invoke-OCIDatabasemanagementConfigureAutomaticCaptureFilters</S>
                <S>Invoke-OCIDatabasemanagementConfigureAutomaticSpmEvolveAdvisorTask</S>
                <S>Invoke-OCIDatabasemanagementDiscoverExternalExadataInfrastructure</S>
                <S>Invoke-OCIDatabasemanagementDropSqlPlanBaselines</S>
                <S>Invoke-OCIDatabasemanagementDropSqlsInSqlTuningSet</S>
                <S>Invoke-OCIDatabasemanagementDropSqlTuningSet</S>
                <S>Invoke-OCIDatabasemanagementDropSqlTuningTask</S>
                <S>Invoke-OCIDatabasemanagementDropTablespace</S>
                <S>Invoke-OCIDatabasemanagementFetchSqlTuningSet</S>
                <S>Invoke-OCIDatabasemanagementImplementOptimizerStatisticsAdvisorRecommendations</S>
                <S>Invoke-OCIDatabasemanagementLoadSqlPlanBaselinesFromAwr</S>
                <S>Invoke-OCIDatabasemanagementLoadSqlPlanBaselinesFromCursorCache</S>
                <S>Invoke-OCIDatabasemanagementLoadSqlTuningSet</S>
                <S>Invoke-OCIDatabasemanagementPatchExternalDbSystemDiscovery</S>
                <S>Invoke-OCIDatabasemanagementResizeDataFile</S>
                <S>Invoke-OCIDatabasemanagementRunHistoricAddm</S>
                <S>Invoke-OCIDatabasemanagementSaveSqlTuningSetAs</S>
                <S>Invoke-OCIDatabasemanagementSummarizeAlertLogCounts</S>
                <S>Invoke-OCIDatabasemanagementSummarizeAttentionLogCounts</S>
                <S>Invoke-OCIDatabasemanagementSummarizeAwrDbCpuUsages</S>
                <S>Invoke-OCIDatabasemanagementSummarizeAwrDbMetrics</S>
                <S>Invoke-OCIDatabasemanagementSummarizeAwrDbParameterChanges</S>
                <S>Invoke-OCIDatabasemanagementSummarizeAwrDbParameters</S>
                <S>Invoke-OCIDatabasemanagementSummarizeAwrDbSnapshotRanges</S>
                <S>Invoke-OCIDatabasemanagementSummarizeAwrDbSysstats</S>
                <S>Invoke-OCIDatabasemanagementSummarizeAwrDbTopWaitEvents</S>
                <S>Invoke-OCIDatabasemanagementSummarizeAwrDbWaitEventBuckets</S>
                <S>Invoke-OCIDatabasemanagementSummarizeAwrDbWaitEvents</S>
                <S>Invoke-OCIDatabasemanagementSummarizeExternalAsmMetrics</S>
                <S>Invoke-OCIDatabasemanagementSummarizeExternalClusterMetrics</S>
                <S>Invoke-OCIDatabasemanagementSummarizeExternalDbNodeMetrics</S>
                <S>Invoke-OCIDatabasemanagementSummarizeExternalDbSystemAvailabilityMetrics</S>
                <S>Invoke-OCIDatabasemanagementSummarizeExternalListenerMetrics</S>
                <S>Invoke-OCIDatabasemanagementSummarizeJobExecutionsStatuses</S>
                <S>Invoke-OCIDatabasemanagementSummarizeManagedDatabaseAvailabilityMetrics</S>
                <S>Invoke-OCIDatabasemanagementSummarizeManagedMySqlDatabaseAvailabilityMetrics</S>
                <S>Invoke-OCIDatabasemanagementSummarizeSqlPlanBaselines</S>
                <S>Invoke-OCIDatabasemanagementSummarizeSqlPlanBaselinesByLastExecution</S>
                <S>Invoke-OCIDatabasemanagementTestNamedCredential</S>
                <S>Invoke-OCIDatabasemanagementTestPreferredCredential</S>
                <S>Move-OCIDatabasemanagementDatabaseParameters</S>
                <S>Move-OCIDatabasemanagementDbManagementPrivateEndpointCompartment</S>
                <S>Move-OCIDatabasemanagementExternalDbSystemCompartment</S>
                <S>Move-OCIDatabasemanagementExternalExadataInfrastructureCompartment</S>
                <S>Move-OCIDatabasemanagementJobCompartment</S>
                <S>Move-OCIDatabasemanagementManagedDatabaseGroupCompartment</S>
                <S>Move-OCIDatabasemanagementNamedCredentialCompartment</S>
                <S>Move-OCIDatabasemanagementPlanRetention</S>
                <S>Move-OCIDatabasemanagementSpaceBudget</S>
                <S>Move-OCIDatabasemanagementSqlPlanBaselinesAttributes</S>
                <S>New-OCIDatabasemanagementAwrSnapshot</S>
                <S>New-OCIDatabasemanagementDbManagementPrivateEndpoint</S>
                <S>New-OCIDatabasemanagementExternalDbSystem</S>
                <S>New-OCIDatabasemanagementExternalDbSystemConnector</S>
                <S>New-OCIDatabasemanagementExternalDbSystemDiscovery</S>
                <S>New-OCIDatabasemanagementExternalExadataInfrastructure</S>
                <S>New-OCIDatabasemanagementExternalExadataStorageConnector</S>
                <S>New-OCIDatabasemanagementJob</S>
                <S>New-OCIDatabasemanagementManagedDatabaseGroup</S>
                <S>New-OCIDatabasemanagementNamedCredential</S>
                <S>New-OCIDatabasemanagementSqlTuningSet</S>
                <S>New-OCIDatabasemanagementTablespace</S>
                <S>Remove-OCIDatabasemanagementDataFile</S>
                <S>Remove-OCIDatabasemanagementDbManagementPrivateEndpoint</S>
                <S>Remove-OCIDatabasemanagementExternalDbSystem</S>
                <S>Remove-OCIDatabasemanagementExternalDbSystemConnector</S>
                <S>Remove-OCIDatabasemanagementExternalDbSystemDiscovery</S>
                <S>Remove-OCIDatabasemanagementExternalExadataInfrastructure</S>
                <S>Remove-OCIDatabasemanagementExternalExadataStorageConnector</S>
                <S>Remove-OCIDatabasemanagementJob</S>
                <S>Remove-OCIDatabasemanagementManagedDatabaseFromManagedDatabaseGroup</S>
                <S>Remove-OCIDatabasemanagementManagedDatabaseGroup</S>
                <S>Remove-OCIDatabasemanagementNamedCredential</S>
                <S>Remove-OCIDatabasemanagementPreferredCredential</S>
                <S>Reset-OCIDatabasemanagementDatabaseParameters</S>
                <S>Start-OCIDatabasemanagementSqlTuningTask</S>
                <S>Update-OCIDatabasemanagementDbManagementPrivateEndpoint</S>
                <S>Update-OCIDatabasemanagementExternalAsm</S>
                <S>Update-OCIDatabasemanagementExternalAsmInstance</S>
                <S>Update-OCIDatabasemanagementExternalCluster</S>
                <S>Update-OCIDatabasemanagementExternalClusterInstance</S>
                <S>Update-OCIDatabasemanagementExternalDbHome</S>
                <S>Update-OCIDatabasemanagementExternalDbNode</S>
                <S>Update-OCIDatabasemanagementExternalDbSystem</S>
                <S>Update-OCIDatabasemanagementExternalDbSystemConnector</S>
                <S>Update-OCIDatabasemanagementExternalDbSystemDiscovery</S>
                <S>Update-OCIDatabasemanagementExternalExadataInfrastructure</S>
                <S>Update-OCIDatabasemanagementExternalExadataStorageConnector</S>
                <S>Update-OCIDatabasemanagementExternalExadataStorageGrid</S>
                <S>Update-OCIDatabasemanagementExternalExadataStorageServer</S>
                <S>Update-OCIDatabasemanagementExternalListener</S>
                <S>Update-OCIDatabasemanagementJob</S>
                <S>Update-OCIDatabasemanagementManagedDatabase</S>
                <S>Update-OCIDatabasemanagementManagedDatabaseGroup</S>
                <S>Update-OCIDatabasemanagementNamedCredential</S>
                <S>Update-OCIDatabasemanagementPreferredCredential</S>
                <S>Update-OCIDatabasemanagementTablespace</S>
              </LST>
            </Obj>
          </En>
          <En>
            <S N="Key">Cmdlet</S>
            <Obj N="Value" RefId="5">
              <TNRef RefId="1" />
              <LST>
                <S>Add-OCIDatabasemanagementDataFiles</S>
                <S>Add-OCIDatabasemanagementManagedDatabaseToManagedDatabaseGroup</S>
                <S>Add-OCIDatabasemanagementmTasks</S>
                <S>Confirm-OCIDatabasemanagementBasicFilter</S>
                <S>Disable-OCIDatabasemanagementAutomaticInitialPlanCapture</S>
                <S>Disable-OCIDatabasemanagementAutomaticSpmEvolveAdvisorTask</S>
                <S>Disable-OCIDatabasemanagementAutonomousDatabaseManagementFeature</S>
                <S>Disable-OCIDatabasemanagementExternalContainerDatabaseManagementFeature</S>
                <S>Disable-OCIDatabasemanagementExternalDbSystemDatabaseManagement</S>
                <S>Disable-OCIDatabasemanagementExternalDbSystemStackMonitoring</S>
                <S>Disable-OCIDatabasemanagementExternalExadataInfrastructureManagement</S>
                <S>Disable-OCIDatabasemanagementExternalNonContainerDatabaseManagementFeature</S>
                <S>Disable-OCIDatabasemanagementExternalPluggableDatabaseManagementFeature</S>
                <S>Disable-OCIDatabasemanagementFeature</S>
                <S>Disable-OCIDatabasemanagementHighFrequencyAutomaticSpmEvolveAdvisorTask</S>
                <S>Disable-OCIDatabasemanagementPluggableDatabaseManagementFeature</S>
                <S>Disable-OCIDatabasemanagementSqlPlanBaselinesUsage</S>
                <S>Edit-OCIDatabasemanagementAutonomousDatabaseManagementFeature</S>
                <S>Edit-OCIDatabasemanagementFeature</S>
                <S>Edit-OCIDatabasemanagementPluggableDatabaseManagementFeature</S>
                <S>Edit-OCIDatabasemanagementSnapshotSettings</S>
                <S>Enable-OCIDatabasemanagementAutomaticInitialPlanCapture</S>
                <S>Enable-OCIDatabasemanagementAutomaticSpmEvolveAdvisorTask</S>
                <S>Enable-OCIDatabasemanagementAutonomousDatabaseManagementFeature</S>
                <S>Enable-OCIDatabasemanagementExternalContainerDatabaseManagementFeature</S>
                <S>Enable-OCIDatabasemanagementExternalDbSystemDatabaseManagement</S>
                <S>Enable-OCIDatabasemanagementExternalDbSystemStackMonitoring</S>
                <S>Enable-OCIDatabasemanagementExternalExadataInfrastructureManagement</S>
                <S>Enable-OCIDatabasemanagementExternalNonContainerDatabaseManagementFeature</S>
                <S>Enable-OCIDatabasemanagementExternalPluggableDatabaseManagementFeature</S>
                <S>Enable-OCIDatabasemanagementFeature</S>
                <S>Enable-OCIDatabasemanagementHighFrequencyAutomaticSpmEvolveAdvisorTask</S>
                <S>Enable-OCIDatabasemanagementPluggableDatabaseManagementFeature</S>
                <S>Enable-OCIDatabasemanagementSqlPlanBaselinesUsage</S>
                <S>Get-OCIDatabasemanagementAlertLogsList</S>
                <S>Get-OCIDatabasemanagementAsmPropertiesList</S>
                <S>Get-OCIDatabasemanagementAssociatedDatabasesList</S>
                <S>Get-OCIDatabasemanagementAttentionLogsList</S>
                <S>Get-OCIDatabasemanagementAwrDbReport</S>
                <S>Get-OCIDatabasemanagementAwrDbsList</S>
                <S>Get-OCIDatabasemanagementAwrDbSnapshotsList</S>
                <S>Get-OCIDatabasemanagementAwrDbSqlReport</S>
                <S>Get-OCIDatabasemanagementClusterCacheMetric</S>
                <S>Get-OCIDatabasemanagementConsumerGroupPrivilegesList</S>
                <S>Get-OCIDatabasemanagementCursorCacheStatementsList</S>
                <S>Get-OCIDatabasemanagementDataAccessContainersList</S>
                <S>Get-OCIDatabasemanagementDatabaseFleetHealthMetrics</S>
                <S>Get-OCIDatabasemanagementDatabaseHomeMetrics</S>
                <S>Get-OCIDatabasemanagementDatabaseParametersList</S>
                <S>Get-OCIDatabasemanagementDataguardPerformanceMetrics</S>
                <S>Get-OCIDatabasemanagementDbManagementPrivateEndpoint</S>
                <S>Get-OCIDatabasemanagementDbManagementPrivateEndpointsList</S>
                <S>Get-OCIDatabasemanagementExecutionPlanStatsComparision</S>
                <S>Get-OCIDatabasemanagementExternalAsm</S>
                <S>Get-OCIDatabasemanagementExternalAsmConfiguration</S>
                <S>Get-OCIDatabasemanagementExternalAsmDiskGroupsList</S>
                <S>Get-OCIDatabasemanagementExternalAsmInstance</S>
                <S>Get-OCIDatabasemanagementExternalAsmInstancesList</S>
                <S>Get-OCIDatabasemanagementExternalAsmsList</S>
                <S>Get-OCIDatabasemanagementExternalAsmUsersList</S>
                <S>Get-OCIDatabasemanagementExternalCluster</S>
                <S>Get-OCIDatabasemanagementExternalClusterInstance</S>
                <S>Get-OCIDatabasemanagementExternalClusterInstancesList</S>
                <S>Get-OCIDatabasemanagementExternalClustersList</S>
                <S>Get-OCIDatabasemanagementExternalDatabasesList</S>
                <S>Get-OCIDatabasemanagementExternalDbHome</S>
                <S>Get-OCIDatabasemanagementExternalDbHomesList</S>
                <S>Get-OCIDatabasemanagementExternalDbNode</S>
                <S>Get-OCIDatabasemanagementExternalDbNodesList</S>
                <S>Get-OCIDatabasemanagementExternalDbSystem</S>
                <S>Get-OCIDatabasemanagementExternalDbSystemConnector</S>
                <S>Get-OCIDatabasemanagementExternalDbSystemConnectorsList</S>
                <S>Get-OCIDatabasemanagementExternalDbSystemDiscoveriesList</S>
                <S>Get-OCIDatabasemanagementExternalDbSystemDiscovery</S>
                <S>Get-OCIDatabasemanagementExternalDbSystemsList</S>
                <S>Get-OCIDatabasemanagementExternalExadataInfrastructure</S>
                <S>Get-OCIDatabasemanagementExternalExadataInfrastructuresList</S>
                <S>Get-OCIDatabasemanagementExternalExadataStorageConnector</S>
                <S>Get-OCIDatabasemanagementExternalExadataStorageConnectorsList</S>
                <S>Get-OCIDatabasemanagementExternalExadataStorageGrid</S>
                <S>Get-OCIDatabasemanagementExternalExadataStorageServer</S>
                <S>Get-OCIDatabasemanagementExternalExadataStorageServersList</S>
                <S>Get-OCIDatabasemanagementExternalListener</S>
                <S>Get-OCIDatabasemanagementExternalListenerServicesList</S>
                <S>Get-OCIDatabasemanagementExternalListenersList</S>
                <S>Get-OCIDatabasemanagementHeatWaveFleetMetric</S>
                <S>Get-OCIDatabasemanagementIormPlan</S>
                <S>Get-OCIDatabasemanagementJob</S>
                <S>Get-OCIDatabasemanagementJobExecution</S>
                <S>Get-OCIDatabasemanagementJobExecutionsList</S>
                <S>Get-OCIDatabasemanagementJobRun</S>
                <S>Get-OCIDatabasemanagementJobRunsList</S>
                <S>Get-OCIDatabasemanagementJobsList</S>
                <S>Get-OCIDatabasemanagementManagedDatabase</S>
                <S>Get-OCIDatabasemanagementManagedDatabaseGroup</S>
                <S>Get-OCIDatabasemanagementManagedDatabaseGroupsList</S>
                <S>Get-OCIDatabasemanagementManagedDatabasesList</S>
                <S>Get-OCIDatabasemanagementManagedMySqlDatabase</S>
                <S>Get-OCIDatabasemanagementManagedMySqlDatabaseConfigurationDataList</S>
                <S>Get-OCIDatabasemanagementManagedMySqlDatabasesList</S>
                <S>Get-OCIDatabasemanagementManagedMySqlDatabaseSqlDataList</S>
                <S>Get-OCIDatabasemanagementMySqlFleetMetric</S>
                <S>Get-OCIDatabasemanagementNamedCredential</S>
                <S>Get-OCIDatabasemanagementNamedCredentialsList</S>
                <S>Get-OCIDatabasemanagementObjectPrivilegesList</S>
                <S>Get-OCIDatabasemanagementOpenAlertHistory</S>
                <S>Get-OCIDatabasemanagementOptimizerStatisticsAdvisorExecution</S>
                <S>Get-OCIDatabasemanagementOptimizerStatisticsAdvisorExecutionScript</S>
                <S>Get-OCIDatabasemanagementOptimizerStatisticsAdvisorExecutionsList</S>
                <S>Get-OCIDatabasemanagementOptimizerStatisticsCollectionAggregationsList</S>
                <S>Get-OCIDatabasemanagementOptimizerStatisticsCollectionOperation</S>
                <S>Get-OCIDatabasemanagementOptimizerStatisticsCollectionOperationsList</S>
                <S>Get-OCIDatabasemanagementPdbMetrics</S>
                <S>Get-OCIDatabasemanagementPeerDatabaseMetrics</S>
                <S>Get-OCIDatabasemanagementPreferredCredential</S>
                <S>Get-OCIDatabasemanagementPreferredCredentialsList</S>
                <S>Get-OCIDatabasemanagementProxiedForUsersList</S>
                <S>Get-OCIDatabasemanagementProxyUsersList</S>
                <S>Get-OCIDatabasemanagementRolesList</S>
                <S>Get-OCIDatabasemanagementSqlExecutionPlan</S>
                <S>Get-OCIDatabasemanagementSqlPlanBaseline</S>
                <S>Get-OCIDatabasemanagementSqlPlanBaselineConfiguration</S>
                <S>Get-OCIDatabasemanagementSqlPlanBaselineJobsList</S>
                <S>Get-OCIDatabasemanagementSqlPlanBaselinesList</S>
                <S>Get-OCIDatabasemanagementSqlTuningAdvisorTaskFindingsList</S>
                <S>Get-OCIDatabasemanagementSqlTuningAdvisorTaskRecommendationsList</S>
                <S>Get-OCIDatabasemanagementSqlTuningAdvisorTasksList</S>
                <S>Get-OCIDatabasemanagementSqlTuningAdvisorTaskSummaryReport</S>
                <S>Get-OCIDatabasemanagementSqlTuningSetsList</S>
                <S>Get-OCIDatabasemanagementSystemPrivilegesList</S>
                <S>Get-OCIDatabasemanagementTablespace</S>
                <S>Get-OCIDatabasemanagementTablespacesList</S>
                <S>Get-OCIDatabasemanagementTableStatisticsList</S>
                <S>Get-OCIDatabasemanagementTopSqlCpuActivity</S>
                <S>Get-OCIDatabasemanagementUser</S>
                <S>Get-OCIDatabasemanagementUsersList</S>
                <S>Get-OCIDatabasemanagementWorkRequest</S>
                <S>Get-OCIDatabasemanagementWorkRequestErrorsList</S>
                <S>Get-OCIDatabasemanagementWorkRequestLogsList</S>
                <S>Get-OCIDatabasemanagementWorkRequestsList</S>
                <S>Invoke-OCIDatabasemanagementCheckExternalDbSystemConnectorConnectionStatus</S>
                <S>Invoke-OCIDatabasemanagementCheckExternalExadataStorageConnector</S>
                <S>Invoke-OCIDatabasemanagementCloneSqlTuningTask</S>
                <S>Invoke-OCIDatabasemanagementConfigureAutomaticCaptureFilters</S>
                <S>Invoke-OCIDatabasemanagementConfigureAutomaticSpmEvolveAdvisorTask</S>
                <S>Invoke-OCIDatabasemanagementDiscoverExternalExadataInfrastructure</S>
                <S>Invoke-OCIDatabasemanagementDropSqlPlanBaselines</S>
                <S>Invoke-OCIDatabasemanagementDropSqlsInSqlTuningSet</S>
                <S>Invoke-OCIDatabasemanagementDropSqlTuningSet</S>
                <S>Invoke-OCIDatabasemanagementDropSqlTuningTask</S>
                <S>Invoke-OCIDatabasemanagementDropTablespace</S>
                <S>Invoke-OCIDatabasemanagementFetchSqlTuningSet</S>
                <S>Invoke-OCIDatabasemanagementImplementOptimizerStatisticsAdvisorRecommendations</S>
                <S>Invoke-OCIDatabasemanagementLoadSqlPlanBaselinesFromAwr</S>
                <S>Invoke-OCIDatabasemanagementLoadSqlPlanBaselinesFromCursorCache</S>
                <S>Invoke-OCIDatabasemanagementLoadSqlTuningSet</S>
                <S>Invoke-OCIDatabasemanagementPatchExternalDbSystemDiscovery</S>
                <S>Invoke-OCIDatabasemanagementResizeDataFile</S>
                <S>Invoke-OCIDatabasemanagementRunHistoricAddm</S>
                <S>Invoke-OCIDatabasemanagementSaveSqlTuningSetAs</S>
                <S>Invoke-OCIDatabasemanagementSummarizeAlertLogCounts</S>
                <S>Invoke-OCIDatabasemanagementSummarizeAttentionLogCounts</S>
                <S>Invoke-OCIDatabasemanagementSummarizeAwrDbCpuUsages</S>
                <S>Invoke-OCIDatabasemanagementSummarizeAwrDbMetrics</S>
                <S>Invoke-OCIDatabasemanagementSummarizeAwrDbParameterChanges</S>
                <S>Invoke-OCIDatabasemanagementSummarizeAwrDbParameters</S>
                <S>Invoke-OCIDatabasemanagementSummarizeAwrDbSnapshotRanges</S>
                <S>Invoke-OCIDatabasemanagementSummarizeAwrDbSysstats</S>
                <S>Invoke-OCIDatabasemanagementSummarizeAwrDbTopWaitEvents</S>
                <S>Invoke-OCIDatabasemanagementSummarizeAwrDbWaitEventBuckets</S>
                <S>Invoke-OCIDatabasemanagementSummarizeAwrDbWaitEvents</S>
                <S>Invoke-OCIDatabasemanagementSummarizeExternalAsmMetrics</S>
                <S>Invoke-OCIDatabasemanagementSummarizeExternalClusterMetrics</S>
                <S>Invoke-OCIDatabasemanagementSummarizeExternalDbNodeMetrics</S>
                <S>Invoke-OCIDatabasemanagementSummarizeExternalDbSystemAvailabilityMetrics</S>
                <S>Invoke-OCIDatabasemanagementSummarizeExternalListenerMetrics</S>
                <S>Invoke-OCIDatabasemanagementSummarizeJobExecutionsStatuses</S>
                <S>Invoke-OCIDatabasemanagementSummarizeManagedDatabaseAvailabilityMetrics</S>
                <S>Invoke-OCIDatabasemanagementSummarizeManagedMySqlDatabaseAvailabilityMetrics</S>
                <S>Invoke-OCIDatabasemanagementSummarizeSqlPlanBaselines</S>
                <S>Invoke-OCIDatabasemanagementSummarizeSqlPlanBaselinesByLastExecution</S>
                <S>Invoke-OCIDatabasemanagementTestNamedCredential</S>
                <S>Invoke-OCIDatabasemanagementTestPreferredCredential</S>
                <S>Move-OCIDatabasemanagementDatabaseParameters</S>
                <S>Move-OCIDatabasemanagementDbManagementPrivateEndpointCompartment</S>
                <S>Move-OCIDatabasemanagementExternalDbSystemCompartment</S>
                <S>Move-OCIDatabasemanagementExternalExadataInfrastructureCompartment</S>
                <S>Move-OCIDatabasemanagementJobCompartment</S>
                <S>Move-OCIDatabasemanagementManagedDatabaseGroupCompartment</S>
                <S>Move-OCIDatabasemanagementNamedCredentialCompartment</S>
                <S>Move-OCIDatabasemanagementPlanRetention</S>
                <S>Move-OCIDatabasemanagementSpaceBudget</S>
                <S>Move-OCIDatabasemanagementSqlPlanBaselinesAttributes</S>
                <S>New-OCIDatabasemanagementAwrSnapshot</S>
                <S>New-OCIDatabasemanagementDbManagementPrivateEndpoint</S>
                <S>New-OCIDatabasemanagementExternalDbSystem</S>
                <S>New-OCIDatabasemanagementExternalDbSystemConnector</S>
                <S>New-OCIDatabasemanagementExternalDbSystemDiscovery</S>
                <S>New-OCIDatabasemanagementExternalExadataInfrastructure</S>
                <S>New-OCIDatabasemanagementExternalExadataStorageConnector</S>
                <S>New-OCIDatabasemanagementJob</S>
                <S>New-OCIDatabasemanagementManagedDatabaseGroup</S>
                <S>New-OCIDatabasemanagementNamedCredential</S>
                <S>New-OCIDatabasemanagementSqlTuningSet</S>
                <S>New-OCIDatabasemanagementTablespace</S>
                <S>Remove-OCIDatabasemanagementDataFile</S>
                <S>Remove-OCIDatabasemanagementDbManagementPrivateEndpoint</S>
                <S>Remove-OCIDatabasemanagementExternalDbSystem</S>
                <S>Remove-OCIDatabasemanagementExternalDbSystemConnector</S>
                <S>Remove-OCIDatabasemanagementExternalDbSystemDiscovery</S>
                <S>Remove-OCIDatabasemanagementExternalExadataInfrastructure</S>
                <S>Remove-OCIDatabasemanagementExternalExadataStorageConnector</S>
                <S>Remove-OCIDatabasemanagementJob</S>
                <S>Remove-OCIDatabasemanagementManagedDatabaseFromManagedDatabaseGroup</S>
                <S>Remove-OCIDatabasemanagementManagedDatabaseGroup</S>
                <S>Remove-OCIDatabasemanagementNamedCredential</S>
                <S>Remove-OCIDatabasemanagementPreferredCredential</S>
                <S>Reset-OCIDatabasemanagementDatabaseParameters</S>
                <S>Start-OCIDatabasemanagementSqlTuningTask</S>
                <S>Update-OCIDatabasemanagementDbManagementPrivateEndpoint</S>
                <S>Update-OCIDatabasemanagementExternalAsm</S>
                <S>Update-OCIDatabasemanagementExternalAsmInstance</S>
                <S>Update-OCIDatabasemanagementExternalCluster</S>
                <S>Update-OCIDatabasemanagementExternalClusterInstance</S>
                <S>Update-OCIDatabasemanagementExternalDbHome</S>
                <S>Update-OCIDatabasemanagementExternalDbNode</S>
                <S>Update-OCIDatabasemanagementExternalDbSystem</S>
                <S>Update-OCIDatabasemanagementExternalDbSystemConnector</S>
                <S>Update-OCIDatabasemanagementExternalDbSystemDiscovery</S>
                <S>Update-OCIDatabasemanagementExternalExadataInfrastructure</S>
                <S>Update-OCIDatabasemanagementExternalExadataStorageConnector</S>
                <S>Update-OCIDatabasemanagementExternalExadataStorageGrid</S>
                <S>Update-OCIDatabasemanagementExternalExadataStorageServer</S>
                <S>Update-OCIDatabasemanagementExternalListener</S>
                <S>Update-OCIDatabasemanagementJob</S>
                <S>Update-OCIDatabasemanagementManagedDatabase</S>
                <S>Update-OCIDatabasemanagementManagedDatabaseGroup</S>
                <S>Update-OCIDatabasemanagementNamedCredential</S>
                <S>Update-OCIDatabasemanagementPreferredCredential</S>
                <S>Update-OCIDatabasemanagementTablespace</S>
              </LST>
            </Obj>
          </En>
        </DCT>
      </Obj>
      <Nil N="PowerShellGetFormatVersion" />
      <S N="ReleaseNotes">https://github.com/oracle/oci-powershell-modules/blob/master/CHANGELOG.md</S>
      <Obj N="Dependencies" RefId="6">
        <TNRef RefId="1" />
        <LST>
          <Obj RefId="7">
            <TN RefId="3">
              <T>System.Collections.Specialized.OrderedDictionary</T>
              <T>System.Object</T>
            </TN>
            <DCT>
              <En>
                <S N="Key">Name</S>
                <S N="Value">OCI.PSModules.Common</S>
              </En>
              <En>
                <S N="Key">RequiredVersion</S>
                <S N="Value">95.1.0</S>
              </En>
              <En>
                <S N="Key">CanonicalId</S>
                <S N="Value">nuget:OCI.PSModules.Common/[95.1.0]</S>
              </En>
            </DCT>
          </Obj>
        </LST>
      </Obj>
      <S N="RepositorySourceLocation">https://www.powershellgallery.com/api/v2</S>
      <S N="Repository">PSGallery</S>
      <S N="PackageManagementProvider">NuGet</S>
      <Obj N="AdditionalMetadata" RefId="8">
        <TN RefId="4">
          <T>System.Management.Automation.PSCustomObject</T>
          <T>System.Object</T>
        </TN>
        <MS>
          <S N="copyright">(c) Oracle Cloud Infrastructure. All rights reserved.</S>
          <S N="description">This modules provides Cmdlets for OCI Databasemanagement Service</S>
          <S N="requireLicenseAcceptance">False</S>
          <S N="releaseNotes">https://github.com/oracle/oci-powershell-modules/blob/master/CHANGELOG.md</S>
          <S N="isLatestVersion">True</S>
          <S N="isAbsoluteLatestVersion">True</S>
          <S N="versionDownloadCount">302</S>
          <S N="downloadCount">8956</S>
          <S N="packageSize">770358</S>
          <S N="published">11/12/2024 6:45:25 PM +02:00</S>
          <S N="created">11/12/2024 6:45:25 PM +02:00</S>
          <S N="lastUpdated">12/8/2024 9:30:00 PM +02:00</S>
          <S N="tags">PSEdition_Core Windows Linux macOS Oracle OCI Cloud OracleCloudInfrastructure Databasemanagement PSModule PSCmdlet_Add-OCIDatabasemanagementDataFiles PSCommand_Add-OCIDatabasemanagementDataFiles PSCmdlet_Add-OCIDatabasemanagementManagedDatabaseToManagedDatabaseGroup PSCommand_Add-OCIDatabasemanagementManagedDatabaseToManagedDatabaseGroup PSCmdlet_Add-OCIDatabasemanagementmTasks PSCommand_Add-OCIDatabasemanagementmTasks PSCmdlet_Confirm-OCIDatabasemanagementBasicFilter PSCommand_Confirm-OCIDatabasemanagementBasicFilter PSCmdlet_Disable-OCIDatabasemanagementAutomaticInitialPlanCapture PSCommand_Disable-OCIDatabasemanagementAutomaticInitialPlanCapture PSCmdlet_Disable-OCIDatabasemanagementAutomaticSpmEvolveAdvisorTask PSCommand_Disable-OCIDatabasemanagementAutomaticSpmEvolveAdvisorTask PSCmdlet_Disable-OCIDatabasemanagementAutonomousDatabaseManagementFeature PSCommand_Disable-OCIDatabasemanagementAutonomousDatabaseManagementFeature PSCmdlet_Disable-OCIDatabasemanagementExternalContainerDatabaseManagementFeature PSCommand_Disable-OCIDatabasemanagementExternalContainerDatabaseManagementFeature PSCmdlet_Disable-OCIDatabasemanagementExternalDbSystemDatabaseManagement PSCommand_Disable-OCIDatabasemanagementExternalDbSystemDatabaseManagement PSCmdlet_Disable-OCIDatabasemanagementExternalDbSystemStackMonitoring PSCommand_Disable-OCIDatabasemanagementExternalDbSystemStackMonitoring PSCmdlet_Disable-OCIDatabasemanagementExternalExadataInfrastructureManagement PSCommand_Disable-OCIDatabasemanagementExternalExadataInfrastructureManagement PSCmdlet_Disable-OCIDatabasemanagementExternalNonContainerDatabaseManagementFeature PSCommand_Disable-OCIDatabasemanagementExternalNonContainerDatabaseManagementFeature PSCmdlet_Disable-OCIDatabasemanagementExternalPluggableDatabaseManagementFeature PSCommand_Disable-OCIDatabasemanagementExternalPluggableDatabaseManagementFeature PSCmdlet_Disable-OCIDatabasemanagementFeature PSCommand_Disable-OCIDatabasemanagementFeature PSCmdlet_Disable-OCIDatabasemanagementHighFrequencyAutomaticSpmEvolveAdvisorTask PSCommand_Disable-OCIDatabasemanagementHighFrequencyAutomaticSpmEvolveAdvisorTask PSCmdlet_Disable-OCIDatabasemanagementPluggableDatabaseManagementFeature PSCommand_Disable-OCIDatabasemanagementPluggableDatabaseManagementFeature PSCmdlet_Disable-OCIDatabasemanagementSqlPlanBaselinesUsage PSCommand_Disable-OCIDatabasemanagementSqlPlanBaselinesUsage PSCmdlet_Edit-OCIDatabasemanagementAutonomousDatabaseManagementFeature PSCommand_Edit-OCIDatabasemanagementAutonomousDatabaseManagementFeature PSCmdlet_Edit-OCIDatabasemanagementFeature PSCommand_Edit-OCIDatabasemanagementFeature PSCmdlet_Edit-OCIDatabasemanagementPluggableDatabaseManagementFeature PSCommand_Edit-OCIDatabasemanagementPluggableDatabaseManagementFeature PSCmdlet_Edit-OCIDatabasemanagementSnapshotSettings PSCommand_Edit-OCIDatabasemanagementSnapshotSettings PSCmdlet_Enable-OCIDatabasemanagementAutomaticInitialPlanCapture PSCommand_Enable-OCIDatabasemanagementAutomaticInitialPlanCapture PSCmdlet_Enable-OCIDatabasemanagementAutomaticSpmEvolveAdvisorTask PSCommand_Enable-OCIDatabasemanagementAutomaticSpmEvolveAdvisorTask PSCmdlet_Enable-OCIDatabasemanagementAutonomousDatabaseManagementFeature PSCommand_Enable-OCIDatabasemanagementAutonomousDatabaseManagementFeature PSCmdlet_Enable-OCIDatabasemanagementExternalContainerDatabaseManagementFeature PSCommand_Enable-OCIDatabasemanagementExternalContainerDatabaseManagementFeature PSCmdlet_Enable-OCIDatabasemanagementExternalDbSystemDatabaseManagement PSCommand_Enable-OCIDatabasemanagementExternalDbSystemDatabaseManagement PSCmdlet_Enable-OCIDatabasemanagementExternalDbSystemStackMonitoring PSCommand_Enable-OCIDatabasemanagementExternalDbSystemStackMonitoring PSCmdlet_Enable-OCIDatabasemanagementExternalExadataInfrastructureManagement PSCommand_Enable-OCIDatabasemanagementExternalExadataInfrastructureManagement PSCmdlet_Enable-OCIDatabasemanagementExternalNonContainerDatabaseManagementFeature PSCommand_Enable-OCIDatabasemanagementExternalNonContainerDatabaseManagementFeature PSCmdlet_Enable-OCIDatabasemanagementExternalPluggableDatabaseManagementFeature PSCommand_Enable-OCIDatabasemanagementExternalPluggableDatabaseManagementFeature PSCmdlet_Enable-OCIDatabasemanagementFeature PSCommand_Enable-OCIDatabasemanagementFeature PSCmdlet_Enable-OCIDatabasemanagementHighFrequencyAutomaticSpmEvolveAdvisorTask PSCommand_Enable-OCIDatabasemanagementHighFrequencyAutomaticSpmEvolveAdvisorTask PSCmdlet_Enable-OCIDatabasemanagementPluggableDatabaseManagementFeature PSCommand_Enable-OCIDatabasemanagementPluggableDatabaseManagementFeature PSCmdlet_Enable-OCIDatabasemanagementSqlPlanBaselinesUsage PSCommand_Enable-OCIDatabasemanagementSqlPlanBaselinesUsage PSCmdlet_Get-OCIDatabasemanagementAlertLogsList PSCommand_Get-OCIDatabasemanagementAlertLogsList PSCmdlet_Get-OCIDatabasemanagementAsmPropertiesList PSCommand_Get-OCIDatabasemanagementAsmPropertiesList PSCmdlet_Get-OCIDatabasemanagementAssociatedDatabasesList PSCommand_Get-OCIDatabasemanagementAssociatedDatabasesList PSCmdlet_Get-OCIDatabasemanagementAttentionLogsList PSCommand_Get-OCIDatabasemanagementAttentionLogsList PSCmdlet_Get-OCIDatabasemanagementAwrDbReport PSCommand_Get-OCIDatabasemanagementAwrDbReport PSCmdlet_Get-OCIDatabasemanagementAwrDbsList PSCommand_Get-OCIDatabasemanagementAwrDbsList PSCmdlet_Get-OCIDatabasemanagementAwrDbSnapshotsList PSCommand_Get-OCIDatabasemanagementAwrDbSnapshotsList PSCmdlet_Get-OCIDatabasemanagementAwrDbSqlReport PSCommand_Get-OCIDatabasemanagementAwrDbSqlReport PSCmdlet_Get-OCIDatabasemanagementClusterCacheMetric PSCommand_Get-OCIDatabasemanagementClusterCacheMetric PSCmdlet_Get-OCIDatabasemanagementConsumerGroupPrivilegesList PSCommand_Get-OCIDatabasemanagementConsumerGroupPrivilegesList PSCmdlet_Get-OCIDatabasemanagementCursorCacheStatementsList PSCommand_Get-OCIDatabasemanagementCursorCacheStatementsList PSCmdlet_Get-OCIDatabasemanagementDataAccessContainersList PSCommand_Get-OCIDatabasemanagementDataAccessContainersList PSCmdlet_Get-OCIDatabasemanagementDatabaseFleetHealthMetrics PSCommand_Get-OCIDatabasemanagementDatabaseFleetHealthMetrics PSCmdlet_Get-OCIDatabasemanagementDatabaseHomeMetrics PSCommand_Get-OCIDatabasemanagementDatabaseHomeMetrics PSCmdlet_Get-OCIDatabasemanagementDatabaseParametersList PSCommand_Get-OCIDatabasemanagementDatabaseParametersList PSCmdlet_Get-OCIDatabasemanagementDataguardPerformanceMetrics PSCommand_Get-OCIDatabasemanagementDataguardPerformanceMetrics PSCmdlet_Get-OCIDatabasemanagementDbManagementPrivateEndpoint PSCommand_Get-OCIDatabasemanagementDbManagementPrivateEndpoint PSCmdlet_Get-OCIDatabasemanagementDbManagementPrivateEndpointsList PSCommand_Get-OCIDatabasemanagementDbManagementPrivateEndpointsList PSCmdlet_Get-OCIDatabasemanagementExecutionPlanStatsComparision PSCommand_Get-OCIDatabasemanagementExecutionPlanStatsComparision PSCmdlet_Get-OCIDatabasemanagementExternalAsm PSCommand_Get-OCIDatabasemanagementExternalAsm PSCmdlet_Get-OCIDatabasemanagementExternalAsmConfiguration PSCommand_Get-OCIDatabasemanagementExternalAsmConfiguration PSCmdlet_Get-OCIDatabasemanagementExternalAsmDiskGroupsList PSCommand_Get-OCIDatabasemanagementExternalAsmDiskGroupsList PSCmdlet_Get-OCIDatabasemanagementExternalAsmInstance PSCommand_Get-OCIDatabasemanagementExternalAsmInstance PSCmdlet_Get-OCIDatabasemanagementExternalAsmInstancesList PSCommand_Get-OCIDatabasemanagementExternalAsmInstancesList PSCmdlet_Get-OCIDatabasemanagementExternalAsmsList PSCommand_Get-OCIDatabasemanagementExternalAsmsList PSCmdlet_Get-OCIDatabasemanagementExternalAsmUsersList PSCommand_Get-OCIDatabasemanagementExternalAsmUsersList PSCmdlet_Get-OCIDatabasemanagementExternalCluster PSCommand_Get-OCIDatabasemanagementExternalCluster PSCmdlet_Get-OCIDatabasemanagementExternalClusterInstance PSCommand_Get-OCIDatabasemanagementExternalClusterInstance PSCmdlet_Get-OCIDatabasemanagementExternalClusterInstancesList PSCommand_Get-OCIDatabasemanagementExternalClusterInstancesList PSCmdlet_Get-OCIDatabasemanagementExternalClustersList PSCommand_Get-OCIDatabasemanagementExternalClustersList PSCmdlet_Get-OCIDatabasemanagementExternalDatabasesList PSCommand_Get-OCIDatabasemanagementExternalDatabasesList PSCmdlet_Get-OCIDatabasemanagementExternalDbHome PSCommand_Get-OCIDatabasemanagementExternalDbHome PSCmdlet_Get-OCIDatabasemanagementExternalDbHomesList PSCommand_Get-OCIDatabasemanagementExternalDbHomesList PSCmdlet_Get-OCIDatabasemanagementExternalDbNode PSCommand_Get-OCIDatabasemanagementExternalDbNode PSCmdlet_Get-OCIDatabasemanagementExternalDbNodesList PSCommand_Get-OCIDatabasemanagementExternalDbNodesList PSCmdlet_Get-OCIDatabasemanagementExternalDbSystem PSCommand_Get-OCIDatabasemanagementExternalDbSystem PSCmdlet_Get-OCIDatabasemanagementExternalDbSystemConnector PSCommand_Get-OCIDatabasemanagementExternalDbSystemConnector PSCmdlet_Get-OCIDatabasemanagementExternalDbSystemConnectorsList PSCommand_Get-OCIDatabasemanagementExternalDbSystemConnectorsList PSCmdlet_Get-OCIDatabasemanagementExternalDbSystemDiscoveriesList PSCommand_Get-OCIDatabasemanagementExternalDbSystemDiscoveriesList PSCmdlet_Get-OCIDatabasemanagementExternalDbSystemDiscovery PSCommand_Get-OCIDatabasemanagementExternalDbSystemDiscovery PSCmdlet_Get-OCIDatabasemanagementExternalDbSystemsList PSCommand_Get-OCIDatabasemanagementExternalDbSystemsList PSCmdlet_Get-OCIDatabasemanagementExternalExadataInfrastructure PSCommand_Get-OCIDatabasemanagementExternalExadataInfrastructure PSCmdlet_Get-OCIDatabasemanagementExternalExadataInfrastructuresList PSCommand_Get-OCIDatabasemanagementExternalExadataInfrastructuresList PSCmdlet_Get-OCIDatabasemanagementExternalExadataStorageConnector PSCommand_Get-OCIDatabasemanagementExternalExadataStorageConnector PSCmdlet_Get-OCIDatabasemanagementExternalExadataStorageConnectorsList PSCommand_Get-OCIDatabasemanagementExternalExadataStorageConnectorsList PSCmdlet_Get-OCIDatabasemanagementExternalExadataStorageGrid PSCommand_Get-OCIDatabasemanagementExternalExadataStorageGrid PSCmdlet_Get-OCIDatabasemanagementExternalExadataStorageServer PSCommand_Get-OCIDatabasemanagementExternalExadataStorageServer PSCmdlet_Get-OCIDatabasemanagementExternalExadataStorageServersList PSCommand_Get-OCIDatabasemanagementExternalExadataStorageServersList PSCmdlet_Get-OCIDatabasemanagementExternalListener PSCommand_Get-OCIDatabasemanagementExternalListener PSCmdlet_Get-OCIDatabasemanagementExternalListenerServicesList PSCommand_Get-OCIDatabasemanagementExternalListenerServicesList PSCmdlet_Get-OCIDatabasemanagementExternalListenersList PSCommand_Get-OCIDatabasemanagementExternalListenersList PSCmdlet_Get-OCIDatabasemanagementHeatWaveFleetMetric PSCommand_Get-OCIDatabasemanagementHeatWaveFleetMetric PSCmdlet_Get-OCIDatabasemanagementIormPlan PSCommand_Get-OCIDatabasemanagementIormPlan PSCmdlet_Get-OCIDatabasemanagementJob PSCommand_Get-OCIDatabasemanagementJob PSCmdlet_Get-OCIDatabasemanagementJobExecution PSCommand_Get-OCIDatabasemanagementJobExecution PSCmdlet_Get-OCIDatabasemanagementJobExecutionsList PSCommand_Get-OCIDatabasemanagementJobExecutionsList PSCmdlet_Get-OCIDatabasemanagementJobRun PSCommand_Get-OCIDatabasemanagementJobRun PSCmdlet_Get-OCIDatabasemanagementJobRunsList PSCommand_Get-OCIDatabasemanagementJobRunsList PSCmdlet_Get-OCIDatabasemanagementJobsList PSCommand_Get-OCIDatabasemanagementJobsList PSCmdlet_Get-OCIDatabasemanagementManagedDatabase PSCommand_Get-OCIDatabasemanagementManagedDatabase PSCmdlet_Get-OCIDatabasemanagementManagedDatabaseGroup PSCommand_Get-OCIDatabasemanagementManagedDatabaseGroup PSCmdlet_Get-OCIDatabasemanagementManagedDatabaseGroupsList PSCommand_Get-OCIDatabasemanagementManagedDatabaseGroupsList PSCmdlet_Get-OCIDatabasemanagementManagedDatabasesList PSCommand_Get-OCIDatabasemanagementManagedDatabasesList PSCmdlet_Get-OCIDatabasemanagementManagedMySqlDatabase PSCommand_Get-OCIDatabasemanagementManagedMySqlDatabase PSCmdlet_Get-OCIDatabasemanagementManagedMySqlDatabaseConfigurationDataList PSCommand_Get-OCIDatabasemanagementManagedMySqlDatabaseConfigurationDataList PSCmdlet_Get-OCIDatabasemanagementManagedMySqlDatabasesList PSCommand_Get-OCIDatabasemanagementManagedMySqlDatabasesList PSCmdlet_Get-OCIDatabasemanagementManagedMySqlDatabaseSqlDataList PSCommand_Get-OCIDatabasemanagementManagedMySqlDatabaseSqlDataList PSCmdlet_Get-OCIDatabasemanagementMySqlFleetMetric PSCommand_Get-OCIDatabasemanagementMySqlFleetMetric PSCmdlet_Get-OCIDatabasemanagementNamedCredential PSCommand_Get-OCIDatabasemanagementNamedCredential PSCmdlet_Get-OCIDatabasemanagementNamedCredentialsList PSCommand_Get-OCIDatabasemanagementNamedCredentialsList PSCmdlet_Get-OCIDatabasemanagementObjectPrivilegesList PSCommand_Get-OCIDatabasemanagementObjectPrivilegesList PSCmdlet_Get-OCIDatabasemanagementOpenAlertHistory PSCommand_Get-OCIDatabasemanagementOpenAlertHistory PSCmdlet_Get-OCIDatabasemanagementOptimizerStatisticsAdvisorExecution PSCommand_Get-OCIDatabasemanagementOptimizerStatisticsAdvisorExecution PSCmdlet_Get-OCIDatabasemanagementOptimizerStatisticsAdvisorExecutionScript PSCommand_Get-OCIDatabasemanagementOptimizerStatisticsAdvisorExecutionScript PSCmdlet_Get-OCIDatabasemanagementOptimizerStatisticsAdvisorExecutionsList PSCommand_Get-OCIDatabasemanagementOptimizerStatisticsAdvisorExecutionsList PSCmdlet_Get-OCIDatabasemanagementOptimizerStatisticsCollectionAggregationsList PSCommand_Get-OCIDatabasemanagementOptimizerStatisticsCollectionAggregationsList PSCmdlet_Get-OCIDatabasemanagementOptimizerStatisticsCollectionOperation PSCommand_Get-OCIDatabasemanagementOptimizerStatisticsCollectionOperation PSCmdlet_Get-OCIDatabasemanagementOptimizerStatisticsCollectionOperationsList PSCommand_Get-OCIDatabasemanagementOptimizerStatisticsCollectionOperationsList PSCmdlet_Get-OCIDatabasemanagementPdbMetrics PSCommand_Get-OCIDatabasemanagementPdbMetrics PSCmdlet_Get-OCIDatabasemanagementPeerDatabaseMetrics PSCommand_Get-OCIDatabasemanagementPeerDatabaseMetrics PSCmdlet_Get-OCIDatabasemanagementPreferredCredential PSCommand_Get-OCIDatabasemanagementPreferredCredential PSCmdlet_Get-OCIDatabasemanagementPreferredCredentialsList PSCommand_Get-OCIDatabasemanagementPreferredCredentialsList PSCmdlet_Get-OCIDatabasemanagementProxiedForUsersList PSCommand_Get-OCIDatabasemanagementProxiedForUsersList PSCmdlet_Get-OCIDatabasemanagementProxyUsersList PSCommand_Get-OCIDatabasemanagementProxyUsersList PSCmdlet_Get-OCIDatabasemanagementRolesList PSCommand_Get-OCIDatabasemanagementRolesList PSCmdlet_Get-OCIDatabasemanagementSqlExecutionPlan PSCommand_Get-OCIDatabasemanagementSqlExecutionPlan PSCmdlet_Get-OCIDatabasemanagementSqlPlanBaseline PSCommand_Get-OCIDatabasemanagementSqlPlanBaseline PSCmdlet_Get-OCIDatabasemanagementSqlPlanBaselineConfiguration PSCommand_Get-OCIDatabasemanagementSqlPlanBaselineConfiguration PSCmdlet_Get-OCIDatabasemanagementSqlPlanBaselineJobsList PSCommand_Get-OCIDatabasemanagementSqlPlanBaselineJobsList PSCmdlet_Get-OCIDatabasemanagementSqlPlanBaselinesList PSCommand_Get-OCIDatabasemanagementSqlPlanBaselinesList PSCmdlet_Get-OCIDatabasemanagementSqlTuningAdvisorTaskFindingsList PSCommand_Get-OCIDatabasemanagementSqlTuningAdvisorTaskFindingsList PSCmdlet_Get-OCIDatabasemanagementSqlTuningAdvisorTaskRecommendationsList PSCommand_Get-OCIDatabasemanagementSqlTuningAdvisorTaskRecommendationsList PSCmdlet_Get-OCIDatabasemanagementSqlTuningAdvisorTasksList PSCommand_Get-OCIDatabasemanagementSqlTuningAdvisorTasksList PSCmdlet_Get-OCIDatabasemanagementSqlTuningAdvisorTaskSummaryReport PSCommand_Get-OCIDatabasemanagementSqlTuningAdvisorTaskSummaryReport PSCmdlet_Get-OCIDatabasemanagementSqlTuningSetsList PSCommand_Get-OCIDatabasemanagementSqlTuningSetsList PSCmdlet_Get-OCIDatabasemanagementSystemPrivilegesList PSCommand_Get-OCIDatabasemanagementSystemPrivilegesList PSCmdlet_Get-OCIDatabasemanagementTablespace PSCommand_Get-OCIDatabasemanagementTablespace PSCmdlet_Get-OCIDatabasemanagementTablespacesList PSCommand_Get-OCIDatabasemanagementTablespacesList PSCmdlet_Get-OCIDatabasemanagementTableStatisticsList PSCommand_Get-OCIDatabasemanagementTableStatisticsList PSCmdlet_Get-OCIDatabasemanagementTopSqlCpuActivity PSCommand_Get-OCIDatabasemanagementTopSqlCpuActivity PSCmdlet_Get-OCIDatabasemanagementUser PSCommand_Get-OCIDatabasemanagementUser PSCmdlet_Get-OCIDatabasemanagementUsersList PSCommand_Get-OCIDatabasemanagementUsersList PSCmdlet_Get-OCIDatabasemanagementWorkRequest PSCommand_Get-OCIDatabasemanagementWorkRequest PSCmdlet_Get-OCIDatabasemanagementWorkRequestErrorsList PSCommand_Get-OCIDatabasemanagementWorkRequestErrorsList PSCmdlet_Get-OCIDatabasemanagementWorkRequestLogsList PSCommand_Get-OCIDatabasemanagementWorkRequestLogsList PSCmdlet_Get-OCIDatabasemanagementWorkRequestsList PSCommand_Get-OCIDatabasemanagementWorkRequestsList PSCmdlet_Invoke-OCIDatabasemanagementCheckExternalDbSystemConnectorConnectionStatus PSCommand_Invoke-OCIDatabasemanagementCheckExternalDbSystemConnectorConnectionStatus PSCmdlet_Invoke-OCIDatabasemanagementCheckExternalExadataStorageConnector PSCommand_Invoke-OCIDatabasemanagementCheckExternalExadataStorageConnector PSCmdlet_Invoke-OCIDatabasemanagementCloneSqlTuningTask PSCommand_Invoke-OCIDatabasemanagementCloneSqlTuningTask PSCmdlet_Invoke-OCIDatabasemanagementConfigureAutomaticCaptureFilters PSCommand_Invoke-OCIDatabasemanagementConfigureAutomaticCaptureFilters PSCmdlet_Invoke-OCIDatabasemanagementConfigureAutomaticSpmEvolveAdvisorTask PSCommand_Invoke-OCIDatabasemanagementConfigureAutomaticSpmEvolveAdvisorTask PSCmdlet_Invoke-OCIDatabasemanagementDiscoverExternalExadataInfrastructure PSCommand_Invoke-OCIDatabasemanagementDiscoverExternalExadataInfrastructure PSCmdlet_Invoke-OCIDatabasemanagementDropSqlPlanBaselines PSCommand_Invoke-OCIDatabasemanagementDropSqlPlanBaselines PSCmdlet_Invoke-OCIDatabasemanagementDropSqlsInSqlTuningSet PSCommand_Invoke-OCIDatabasemanagementDropSqlsInSqlTuningSet PSCmdlet_Invoke-OCIDatabasemanagementDropSqlTuningSet PSCommand_Invoke-OCIDatabasemanagementDropSqlTuningSet PSCmdlet_Invoke-OCIDatabasemanagementDropSqlTuningTask PSCommand_Invoke-OCIDatabasemanagementDropSqlTuningTask PSCmdlet_Invoke-OCIDatabasemanagementDropTablespace PSCommand_Invoke-OCIDatabasemanagementDropTablespace PSCmdlet_Invoke-OCIDatabasemanagementFetchSqlTuningSet PSCommand_Invoke-OCIDatabasemanagementFetchSqlTuningSet PSCmdlet_Invoke-OCIDatabasemanagementImplementOptimizerStatisticsAdvisorRecommendations PSCommand_Invoke-OCIDatabasemanagementImplementOptimizerStatisticsAdvisorRecommendations PSCmdlet_Invoke-OCIDatabasemanagementLoadSqlPlanBaselinesFromAwr PSCommand_Invoke-OCIDatabasemanagementLoadSqlPlanBaselinesFromAwr PSCmdlet_Invoke-OCIDatabasemanagementLoadSqlPlanBaselinesFromCursorCache PSCommand_Invoke-OCIDatabasemanagementLoadSqlPlanBaselinesFromCursorCache PSCmdlet_Invoke-OCIDatabasemanagementLoadSqlTuningSet PSCommand_Invoke-OCIDatabasemanagementLoadSqlTuningSet PSCmdlet_Invoke-OCIDatabasemanagementPatchExternalDbSystemDiscovery PSCommand_Invoke-OCIDatabasemanagementPatchExternalDbSystemDiscovery PSCmdlet_Invoke-OCIDatabasemanagementResizeDataFile PSCommand_Invoke-OCIDatabasemanagementResizeDataFile PSCmdlet_Invoke-OCIDatabasemanagementRunHistoricAddm PSCommand_Invoke-OCIDatabasemanagementRunHistoricAddm PSCmdlet_Invoke-OCIDatabasemanagementSaveSqlTuningSetAs PSCommand_Invoke-OCIDatabasemanagementSaveSqlTuningSetAs PSCmdlet_Invoke-OCIDatabasemanagementSummarizeAlertLogCounts PSCommand_Invoke-OCIDatabasemanagementSummarizeAlertLogCounts PSCmdlet_Invoke-OCIDatabasemanagementSummarizeAttentionLogCounts PSCommand_Invoke-OCIDatabasemanagementSummarizeAttentionLogCounts PSCmdlet_Invoke-OCIDatabasemanagementSummarizeAwrDbCpuUsages PSCommand_Invoke-OCIDatabasemanagementSummarizeAwrDbCpuUsages PSCmdlet_Invoke-OCIDatabasemanagementSummarizeAwrDbMetrics PSCommand_Invoke-OCIDatabasemanagementSummarizeAwrDbMetrics PSCmdlet_Invoke-OCIDatabasemanagementSummarizeAwrDbParameterChanges PSCommand_Invoke-OCIDatabasemanagementSummarizeAwrDbParameterChanges PSCmdlet_Invoke-OCIDatabasemanagementSummarizeAwrDbParameters PSCommand_Invoke-OCIDatabasemanagementSummarizeAwrDbParameters PSCmdlet_Invoke-OCIDatabasemanagementSummarizeAwrDbSnapshotRanges PSCommand_Invoke-OCIDatabasemanagementSummarizeAwrDbSnapshotRanges PSCmdlet_Invoke-OCIDatabasemanagementSummarizeAwrDbSysstats PSCommand_Invoke-OCIDatabasemanagementSummarizeAwrDbSysstats PSCmdlet_Invoke-OCIDatabasemanagementSummarizeAwrDbTopWaitEvents PSCommand_Invoke-OCIDatabasemanagementSummarizeAwrDbTopWaitEvents PSCmdlet_Invoke-OCIDatabasemanagementSummarizeAwrDbWaitEventBuckets PSCommand_Invoke-OCIDatabasemanagementSummarizeAwrDbWaitEventBuckets PSCmdlet_Invoke-OCIDatabasemanagementSummarizeAwrDbWaitEvents PSCommand_Invoke-OCIDatabasemanagementSummarizeAwrDbWaitEvents PSCmdlet_Invoke-OCIDatabasemanagementSummarizeExternalAsmMetrics PSCommand_Invoke-OCIDatabasemanagementSummarizeExternalAsmMetrics PSCmdlet_Invoke-OCIDatabasemanagementSummarizeExternalClusterMetrics PSCommand_Invoke-OCIDatabasemanagementSummarizeExternalClusterMetrics PSCmdlet_Invoke-OCIDatabasemanagementSummarizeExternalDbNodeMetrics PSCommand_Invoke-OCIDatabasemanagementSummarizeExternalDbNodeMetrics PSCmdlet_Invoke-OCIDatabasemanagementSummarizeExternalDbSystemAvailabilityMetrics PSCommand_Invoke-OCIDatabasemanagementSummarizeExternalDbSystemAvailabilityMetrics PSCmdlet_Invoke-OCIDatabasemanagementSummarizeExternalListenerMetrics PSCommand_Invoke-OCIDatabasemanagementSummarizeExternalListenerMetrics PSCmdlet_Invoke-OCIDatabasemanagementSummarizeJobExecutionsStatuses PSCommand_Invoke-OCIDatabasemanagementSummarizeJobExecutionsStatuses PSCmdlet_Invoke-OCIDatabasemanagementSummarizeManagedDatabaseAvailabilityMetrics PSCommand_Invoke-OCIDatabasemanagementSummarizeManagedDatabaseAvailabilityMetrics PSCmdlet_Invoke-OCIDatabasemanagementSummarizeManagedMySqlDatabaseAvailabilityMetrics PSCommand_Invoke-OCIDatabasemanagementSummarizeManagedMySqlDatabaseAvailabilityMetrics PSCmdlet_Invoke-OCIDatabasemanagementSummarizeSqlPlanBaselines PSCommand_Invoke-OCIDatabasemanagementSummarizeSqlPlanBaselines PSCmdlet_Invoke-OCIDatabasemanagementSummarizeSqlPlanBaselinesByLastExecution PSCommand_Invoke-OCIDatabasemanagementSummarizeSqlPlanBaselinesByLastExecution PSCmdlet_Invoke-OCIDatabasemanagementTestNamedCredential PSCommand_Invoke-OCIDatabasemanagementTestNamedCredential PSCmdlet_Invoke-OCIDatabasemanagementTestPreferredCredential PSCommand_Invoke-OCIDatabasemanagementTestPreferredCredential PSCmdlet_Move-OCIDatabasemanagementDatabaseParameters PSCommand_Move-OCIDatabasemanagementDatabaseParameters PSCmdlet_Move-OCIDatabasemanagementDbManagementPrivateEndpointCompartment PSCommand_Move-OCIDatabasemanagementDbManagementPrivateEndpointCompartment PSCmdlet_Move-OCIDatabasemanagementExternalDbSystemCompartment PSCommand_Move-OCIDatabasemanagementExternalDbSystemCompartment PSCmdlet_Move-OCIDatabasemanagementExternalExadataInfrastructureCompartment PSCommand_Move-OCIDatabasemanagementExternalExadataInfrastructureCompartment PSCmdlet_Move-OCIDatabasemanagementJobCompartment PSCommand_Move-OCIDatabasemanagementJobCompartment PSCmdlet_Move-OCIDatabasemanagementManagedDatabaseGroupCompartment PSCommand_Move-OCIDatabasemanagementManagedDatabaseGroupCompartment PSCmdlet_Move-OCIDatabasemanagementNamedCredentialCompartment PSCommand_Move-OCIDatabasemanagementNamedCredentialCompartment PSCmdlet_Move-OCIDatabasemanagementPlanRetention PSCommand_Move-OCIDatabasemanagementPlanRetention PSCmdlet_Move-OCIDatabasemanagementSpaceBudget PSCommand_Move-OCIDatabasemanagementSpaceBudget PSCmdlet_Move-OCIDatabasemanagementSqlPlanBaselinesAttributes PSCommand_Move-OCIDatabasemanagementSqlPlanBaselinesAttributes PSCmdlet_New-OCIDatabasemanagementAwrSnapshot PSCommand_New-OCIDatabasemanagementAwrSnapshot PSCmdlet_New-OCIDatabasemanagementDbManagementPrivateEndpoint PSCommand_New-OCIDatabasemanagementDbManagementPrivateEndpoint PSCmdlet_New-OCIDatabasemanagementExternalDbSystem PSCommand_New-OCIDatabasemanagementExternalDbSystem PSCmdlet_New-OCIDatabasemanagementExternalDbSystemConnector PSCommand_New-OCIDatabasemanagementExternalDbSystemConnector PSCmdlet_New-OCIDatabasemanagementExternalDbSystemDiscovery PSCommand_New-OCIDatabasemanagementExternalDbSystemDiscovery PSCmdlet_New-OCIDatabasemanagementExternalExadataInfrastructure PSCommand_New-OCIDatabasemanagementExternalExadataInfrastructure PSCmdlet_New-OCIDatabasemanagementExternalExadataStorageConnector PSCommand_New-OCIDatabasemanagementExternalExadataStorageConnector PSCmdlet_New-OCIDatabasemanagementJob PSCommand_New-OCIDatabasemanagementJob PSCmdlet_New-OCIDatabasemanagementManagedDatabaseGroup PSCommand_New-OCIDatabasemanagementManagedDatabaseGroup PSCmdlet_New-OCIDatabasemanagementNamedCredential PSCommand_New-OCIDatabasemanagementNamedCredential PSCmdlet_New-OCIDatabasemanagementSqlTuningSet PSCommand_New-OCIDatabasemanagementSqlTuningSet PSCmdlet_New-OCIDatabasemanagementTablespace PSCommand_New-OCIDatabasemanagementTablespace PSCmdlet_Remove-OCIDatabasemanagementDataFile PSCommand_Remove-OCIDatabasemanagementDataFile PSCmdlet_Remove-OCIDatabasemanagementDbManagementPrivateEndpoint PSCommand_Remove-OCIDatabasemanagementDbManagementPrivateEndpoint PSCmdlet_Remove-OCIDatabasemanagementExternalDbSystem PSCommand_Remove-OCIDatabasemanagementExternalDbSystem PSCmdlet_Remove-OCIDatabasemanagementExternalDbSystemConnector PSCommand_Remove-OCIDatabasemanagementExternalDbSystemConnector PSCmdlet_Remove-OCIDatabasemanagementExternalDbSystemDiscovery PSCommand_Remove-OCIDatabasemanagementExternalDbSystemDiscovery PSCmdlet_Remove-OCIDatabasemanagementExternalExadataInfrastructure PSCommand_Remove-OCIDatabasemanagementExternalExadataInfrastructure PSCmdlet_Remove-OCIDatabasemanagementExternalExadataStorageConnector PSCommand_Remove-OCIDatabasemanagementExternalExadataStorageConnector PSCmdlet_Remove-OCIDatabasemanagementJob PSCommand_Remove-OCIDatabasemanagementJob PSCmdlet_Remove-OCIDatabasemanagementManagedDatabaseFromManagedDatabaseGroup PSCommand_Remove-OCIDatabasemanagementManagedDatabaseFromManagedDatabaseGroup PSCmdlet_Remove-OCIDatabasemanagementManagedDatabaseGroup PSCommand_Remove-OCIDatabasemanagementManagedDatabaseGroup PSCmdlet_Remove-OCIDatabasemanagementNamedCredential PSCommand_Remove-OCIDatabasemanagementNamedCredential PSCmdlet_Remove-OCIDatabasemanagementPreferredCredential PSCommand_Remove-OCIDatabasemanagementPreferredCredential PSCmdlet_Reset-OCIDatabasemanagementDatabaseParameters PSCommand_Reset-OCIDatabasemanagementDatabaseParameters PSCmdlet_Start-OCIDatabasemanagementSqlTuningTask PSCommand_Start-OCIDatabasemanagementSqlTuningTask PSCmdlet_Update-OCIDatabasemanagementDbManagementPrivateEndpoint PSCommand_Update-OCIDatabasemanagementDbManagementPrivateEndpoint PSCmdlet_Update-OCIDatabasemanagementExternalAsm PSCommand_Update-OCIDatabasemanagementExternalAsm PSCmdlet_Update-OCIDatabasemanagementExternalAsmInstance PSCommand_Update-OCIDatabasemanagementExternalAsmInstance PSCmdlet_Update-OCIDatabasemanagementExternalCluster PSCommand_Update-OCIDatabasemanagementExternalCluster PSCmdlet_Update-OCIDatabasemanagementExternalClusterInstance PSCommand_Update-OCIDatabasemanagementExternalClusterInstance PSCmdlet_Update-OCIDatabasemanagementExternalDbHome PSCommand_Update-OCIDatabasemanagementExternalDbHome PSCmdlet_Update-OCIDatabasemanagementExternalDbNode PSCommand_Update-OCIDatabasemanagementExternalDbNode PSCmdlet_Update-OCIDatabasemanagementExternalDbSystem PSCommand_Update-OCIDatabasemanagementExternalDbSystem PSCmdlet_Update-OCIDatabasemanagementExternalDbSystemConnector PSCommand_Update-OCIDatabasemanagementExternalDbSystemConnector PSCmdlet_Update-OCIDatabasemanagementExternalDbSystemDiscovery PSCommand_Update-OCIDatabasemanagementExternalDbSystemDiscovery PSCmdlet_Update-OCIDatabasemanagementExternalExadataInfrastructure PSCommand_Update-OCIDatabasemanagementExternalExadataInfrastructure PSCmdlet_Update-OCIDatabasemanagementExternalExadataStorageConnector PSCommand_Update-OCIDatabasemanagementExternalExadataStorageConnector PSCmdlet_Update-OCIDatabasemanagementExternalExadataStorageGrid PSCommand_Update-OCIDatabasemanagementExternalExadataStorageGrid PSCmdlet_Update-OCIDatabasemanagementExternalExadataStorageServer PSCommand_Update-OCIDatabasemanagementExternalExadataStorageServer PSCmdlet_Update-OCIDatabasemanagementExternalListener PSCommand_Update-OCIDatabasemanagementExternalListener PSCmdlet_Update-OCIDatabasemanagementJob PSCommand_Update-OCIDatabasemanagementJob PSCmdlet_Update-OCIDatabasemanagementManagedDatabase PSCommand_Update-OCIDatabasemanagementManagedDatabase PSCmdlet_Update-OCIDatabasemanagementManagedDatabaseGroup PSCommand_Update-OCIDatabasemanagementManagedDatabaseGroup PSCmdlet_Update-OCIDatabasemanagementNamedCredential PSCommand_Update-OCIDatabasemanagementNamedCredential PSCmdlet_Update-OCIDatabasemanagementPreferredCredential PSCommand_Update-OCIDatabasemanagementPreferredCredential PSCmdlet_Update-OCIDatabasemanagementTablespace PSCommand_Update-OCIDatabasemanagementTablespace PSIncludes_Cmdlet</S>
          <S N="developmentDependency">False</S>
          <S N="updated">2024-12-08T21:30:00Z</S>
          <S N="NormalizedVersion">95.1.0</S>
          <S N="Authors">Oracle Cloud Infrastructure</S>
          <S N="IsPrerelease">false</S>
          <S N="ItemType">Module</S>
          <S N="FileList">OCI.PSModules.Databasemanagement.nuspec|THIRD_PARTY_LICENSES.txt|OCI.PSModules.Databasemanagement.psd1|LICENSE.txt|OCI.PSModules.Databasemanagement.dll-Help.xml|assemblies\OCI.PSModules.Databasemanagement.dll|assemblies\OCI.DotNetSDK.Databasemanagement.dll</S>
          <S N="GUID">0faf82fb-82c6-40fe-bbd2-87626481a704</S>
          <S N="PowerShellVersion">6.0</S>
          <S N="CompanyName">Oracle Corporation</S>
        </MS>
      </Obj>
      <S N="InstalledLocation">C:\Users\MarcoFekry\Downloads\OCI.PSModules\OCI.PSModules.Databasemanagement\95.1.0</S>
    </MS>
  </Obj>
</Objs>
