<Objs Version="1.1.0.1" xmlns="http://schemas.microsoft.com/powershell/2004/04">
  <Obj RefId="0">
    <TN RefId="0">
      <T>Microsoft.PowerShell.Commands.PSRepositoryItemInfo</T>
      <T>System.Management.Automation.PSCustomObject</T>
      <T>System.Object</T>
    </TN>
    <MS>
      <S N="Name">OCI.PSModules.Oda</S>
      <S N="Version">95.1.0</S>
      <S N="Type">Module</S>
      <S N="Description">This modules provides Cmdlets for OCI Oda Service</S>
      <S N="Author">Oracle Cloud Infrastructure</S>
      <S N="CompanyName">oci-psmodules-grp</S>
      <S N="Copyright">(c) Oracle Cloud Infrastructure. All rights reserved.</S>
      <DT N="PublishedDate">2024-11-12T18:51:57+02:00</DT>
      <Nil N="InstalledDate" />
      <Nil N="UpdatedDate" />
      <URI N="LicenseUri">https://github.com/oracle/oci-powershell-modules/blob/master/LICENSE.txt</URI>
      <URI N="ProjectUri">https://github.com/oracle/oci-powershell-modules/</URI>
      <URI N="IconUri">https://github.com/oracle/oci-powershell-modules/blob/master/icon.png</URI>
      <Obj N="Tags" RefId="1">
        <TN RefId="1">
          <T>System.Object[]</T>
          <T>System.Array</T>
          <T>System.Object</T>
        </TN>
        <LST>
          <S>PSEdition_Core</S>
          <S>Windows</S>
          <S>Linux</S>
          <S>macOS</S>
          <S>Oracle</S>
          <S>OCI</S>
          <S>Cloud</S>
          <S>OracleCloudInfrastructure</S>
          <S>Oda</S>
          <S>PSModule</S>
        </LST>
      </Obj>
      <Obj N="Includes" RefId="2">
        <TN RefId="2">
          <T>System.Collections.Hashtable</T>
          <T>System.Object</T>
        </TN>
        <DCT>
          <En>
            <S N="Key">Cmdlet</S>
            <Obj N="Value" RefId="3">
              <TNRef RefId="1" />
              <LST>
                <S>Export-OCIOdaDigitalAssistant</S>
                <S>Export-OCIOdaSkill</S>
                <S>Get-OCIOdaAuthenticationProvider</S>
                <S>Get-OCIOdaAuthenticationProvidersList</S>
                <S>Get-OCIOdaChannel</S>
                <S>Get-OCIOdaChannelsList</S>
                <S>Get-OCIOdaDigitalAssistant</S>
                <S>Get-OCIOdaDigitalAssistantParameter</S>
                <S>Get-OCIOdaDigitalAssistantParametersList</S>
                <S>Get-OCIOdaDigitalAssistantsList</S>
                <S>Get-OCIOdaImportedPackage</S>
                <S>Get-OCIOdaImportedPackagesList</S>
                <S>Get-OCIOdaInstance</S>
                <S>Get-OCIOdaInstanceAttachment</S>
                <S>Get-OCIOdaInstanceAttachmentsList</S>
                <S>Get-OCIOdaInstancesList</S>
                <S>Get-OCIOdaPackage</S>
                <S>Get-OCIOdaPackagesList</S>
                <S>Get-OCIOdaPrivateEndpoint</S>
                <S>Get-OCIOdaPrivateEndpointAttachment</S>
                <S>Get-OCIOdaPrivateEndpointAttachmentsList</S>
                <S>Get-OCIOdaPrivateEndpointScanProxiesList</S>
                <S>Get-OCIOdaPrivateEndpointScanProxy</S>
                <S>Get-OCIOdaPrivateEndpointsList</S>
                <S>Get-OCIOdaSkill</S>
                <S>Get-OCIOdaSkillParameter</S>
                <S>Get-OCIOdaSkillParametersList</S>
                <S>Get-OCIOdaSkillsList</S>
                <S>Get-OCIOdaTranslator</S>
                <S>Get-OCIOdaTranslatorsList</S>
                <S>Get-OCIOdaWorkRequest</S>
                <S>Get-OCIOdaWorkRequestErrorsList</S>
                <S>Get-OCIOdaWorkRequestLogsList</S>
                <S>Get-OCIOdaWorkRequestsList</S>
                <S>Import-OCIOdaBot</S>
                <S>Invoke-OCIOdaBulkCreateSkillEntities</S>
                <S>Invoke-OCIOdaCascadingDeleteSkillCustomEntities</S>
                <S>Invoke-OCIOdaConfigureDigitalAssistantParameters</S>
                <S>Invoke-OCIOdaPublishDigitalAssistant</S>
                <S>Invoke-OCIOdaPublishSkill</S>
                <S>Invoke-OCIOdaRotateChannelKeys</S>
                <S>Invoke-OCIOdaTrainSkill</S>
                <S>Move-OCIOdaInstanceCompartment</S>
                <S>Move-OCIOdaPrivateEndpointCompartment</S>
                <S>New-OCIOdaAuthenticationProvider</S>
                <S>New-OCIOdaChannel</S>
                <S>New-OCIOdaDigitalAssistant</S>
                <S>New-OCIOdaImportedPackage</S>
                <S>New-OCIOdaInstance</S>
                <S>New-OCIOdaInstanceAttachment</S>
                <S>New-OCIOdaPrivateEndpoint</S>
                <S>New-OCIOdaPrivateEndpointAttachment</S>
                <S>New-OCIOdaPrivateEndpointScanProxy</S>
                <S>New-OCIOdaSkill</S>
                <S>New-OCIOdaSkillParameter</S>
                <S>New-OCIOdaTranslator</S>
                <S>Remove-OCIOdaAuthenticationProvider</S>
                <S>Remove-OCIOdaChannel</S>
                <S>Remove-OCIOdaDigitalAssistant</S>
                <S>Remove-OCIOdaImportedPackage</S>
                <S>Remove-OCIOdaInstance</S>
                <S>Remove-OCIOdaInstanceAttachment</S>
                <S>Remove-OCIOdaPrivateEndpoint</S>
                <S>Remove-OCIOdaPrivateEndpointAttachment</S>
                <S>Remove-OCIOdaPrivateEndpointScanProxy</S>
                <S>Remove-OCIOdaSkill</S>
                <S>Remove-OCIOdaSkillParameter</S>
                <S>Remove-OCIOdaTranslator</S>
                <S>Start-OCIOdaChannel</S>
                <S>Start-OCIOdaInstance</S>
                <S>Stop-OCIOdaChannel</S>
                <S>Stop-OCIOdaInstance</S>
                <S>Update-OCIOdaAuthenticationProvider</S>
                <S>Update-OCIOdaChannel</S>
                <S>Update-OCIOdaDigitalAssistant</S>
                <S>Update-OCIOdaDigitalAssistantParameter</S>
                <S>Update-OCIOdaImportedPackage</S>
                <S>Update-OCIOdaInstance</S>
                <S>Update-OCIOdaInstanceAttachment</S>
                <S>Update-OCIOdaPrivateEndpoint</S>
                <S>Update-OCIOdaSkill</S>
                <S>Update-OCIOdaSkillParameter</S>
                <S>Update-OCIOdaTranslator</S>
              </LST>
            </Obj>
          </En>
          <En>
            <S N="Key">Command</S>
            <Obj N="Value" RefId="4">
              <TNRef RefId="1" />
              <LST>
                <S>Export-OCIOdaDigitalAssistant</S>
                <S>Export-OCIOdaSkill</S>
                <S>Get-OCIOdaAuthenticationProvider</S>
                <S>Get-OCIOdaAuthenticationProvidersList</S>
                <S>Get-OCIOdaChannel</S>
                <S>Get-OCIOdaChannelsList</S>
                <S>Get-OCIOdaDigitalAssistant</S>
                <S>Get-OCIOdaDigitalAssistantParameter</S>
                <S>Get-OCIOdaDigitalAssistantParametersList</S>
                <S>Get-OCIOdaDigitalAssistantsList</S>
                <S>Get-OCIOdaImportedPackage</S>
                <S>Get-OCIOdaImportedPackagesList</S>
                <S>Get-OCIOdaInstance</S>
                <S>Get-OCIOdaInstanceAttachment</S>
                <S>Get-OCIOdaInstanceAttachmentsList</S>
                <S>Get-OCIOdaInstancesList</S>
                <S>Get-OCIOdaPackage</S>
                <S>Get-OCIOdaPackagesList</S>
                <S>Get-OCIOdaPrivateEndpoint</S>
                <S>Get-OCIOdaPrivateEndpointAttachment</S>
                <S>Get-OCIOdaPrivateEndpointAttachmentsList</S>
                <S>Get-OCIOdaPrivateEndpointScanProxiesList</S>
                <S>Get-OCIOdaPrivateEndpointScanProxy</S>
                <S>Get-OCIOdaPrivateEndpointsList</S>
                <S>Get-OCIOdaSkill</S>
                <S>Get-OCIOdaSkillParameter</S>
                <S>Get-OCIOdaSkillParametersList</S>
                <S>Get-OCIOdaSkillsList</S>
                <S>Get-OCIOdaTranslator</S>
                <S>Get-OCIOdaTranslatorsList</S>
                <S>Get-OCIOdaWorkRequest</S>
                <S>Get-OCIOdaWorkRequestErrorsList</S>
                <S>Get-OCIOdaWorkRequestLogsList</S>
                <S>Get-OCIOdaWorkRequestsList</S>
                <S>Import-OCIOdaBot</S>
                <S>Invoke-OCIOdaBulkCreateSkillEntities</S>
                <S>Invoke-OCIOdaCascadingDeleteSkillCustomEntities</S>
                <S>Invoke-OCIOdaConfigureDigitalAssistantParameters</S>
                <S>Invoke-OCIOdaPublishDigitalAssistant</S>
                <S>Invoke-OCIOdaPublishSkill</S>
                <S>Invoke-OCIOdaRotateChannelKeys</S>
                <S>Invoke-OCIOdaTrainSkill</S>
                <S>Move-OCIOdaInstanceCompartment</S>
                <S>Move-OCIOdaPrivateEndpointCompartment</S>
                <S>New-OCIOdaAuthenticationProvider</S>
                <S>New-OCIOdaChannel</S>
                <S>New-OCIOdaDigitalAssistant</S>
                <S>New-OCIOdaImportedPackage</S>
                <S>New-OCIOdaInstance</S>
                <S>New-OCIOdaInstanceAttachment</S>
                <S>New-OCIOdaPrivateEndpoint</S>
                <S>New-OCIOdaPrivateEndpointAttachment</S>
                <S>New-OCIOdaPrivateEndpointScanProxy</S>
                <S>New-OCIOdaSkill</S>
                <S>New-OCIOdaSkillParameter</S>
                <S>New-OCIOdaTranslator</S>
                <S>Remove-OCIOdaAuthenticationProvider</S>
                <S>Remove-OCIOdaChannel</S>
                <S>Remove-OCIOdaDigitalAssistant</S>
                <S>Remove-OCIOdaImportedPackage</S>
                <S>Remove-OCIOdaInstance</S>
                <S>Remove-OCIOdaInstanceAttachment</S>
                <S>Remove-OCIOdaPrivateEndpoint</S>
                <S>Remove-OCIOdaPrivateEndpointAttachment</S>
                <S>Remove-OCIOdaPrivateEndpointScanProxy</S>
                <S>Remove-OCIOdaSkill</S>
                <S>Remove-OCIOdaSkillParameter</S>
                <S>Remove-OCIOdaTranslator</S>
                <S>Start-OCIOdaChannel</S>
                <S>Start-OCIOdaInstance</S>
                <S>Stop-OCIOdaChannel</S>
                <S>Stop-OCIOdaInstance</S>
                <S>Update-OCIOdaAuthenticationProvider</S>
                <S>Update-OCIOdaChannel</S>
                <S>Update-OCIOdaDigitalAssistant</S>
                <S>Update-OCIOdaDigitalAssistantParameter</S>
                <S>Update-OCIOdaImportedPackage</S>
                <S>Update-OCIOdaInstance</S>
                <S>Update-OCIOdaInstanceAttachment</S>
                <S>Update-OCIOdaPrivateEndpoint</S>
                <S>Update-OCIOdaSkill</S>
                <S>Update-OCIOdaSkillParameter</S>
                <S>Update-OCIOdaTranslator</S>
              </LST>
            </Obj>
          </En>
          <En>
            <S N="Key">Workflow</S>
            <Obj N="Value" RefId="5">
              <TNRef RefId="1" />
              <LST />
            </Obj>
          </En>
          <En>
            <S N="Key">Function</S>
            <Ref N="Value" RefId="5" />
          </En>
          <En>
            <S N="Key">RoleCapability</S>
            <Ref N="Value" RefId="5" />
          </En>
          <En>
            <S N="Key">DscResource</S>
            <Ref N="Value" RefId="5" />
          </En>
        </DCT>
      </Obj>
      <Nil N="PowerShellGetFormatVersion" />
      <S N="ReleaseNotes">https://github.com/oracle/oci-powershell-modules/blob/master/CHANGELOG.md</S>
      <Obj N="Dependencies" RefId="6">
        <TNRef RefId="1" />
        <LST>
          <Obj RefId="7">
            <TN RefId="3">
              <T>System.Collections.Specialized.OrderedDictionary</T>
              <T>System.Object</T>
            </TN>
            <DCT>
              <En>
                <S N="Key">Name</S>
                <S N="Value">OCI.PSModules.Common</S>
              </En>
              <En>
                <S N="Key">RequiredVersion</S>
                <S N="Value">95.1.0</S>
              </En>
              <En>
                <S N="Key">CanonicalId</S>
                <S N="Value">nuget:OCI.PSModules.Common/[95.1.0]</S>
              </En>
            </DCT>
          </Obj>
        </LST>
      </Obj>
      <S N="RepositorySourceLocation">https://www.powershellgallery.com/api/v2</S>
      <S N="Repository">PSGallery</S>
      <S N="PackageManagementProvider">NuGet</S>
      <Obj N="AdditionalMetadata" RefId="8">
        <TN RefId="4">
          <T>System.Management.Automation.PSCustomObject</T>
          <T>System.Object</T>
        </TN>
        <MS>
          <S N="copyright">(c) Oracle Cloud Infrastructure. All rights reserved.</S>
          <S N="description">This modules provides Cmdlets for OCI Oda Service</S>
          <S N="requireLicenseAcceptance">False</S>
          <S N="releaseNotes">https://github.com/oracle/oci-powershell-modules/blob/master/CHANGELOG.md</S>
          <S N="isLatestVersion">False</S>
          <S N="isAbsoluteLatestVersion">False</S>
          <S N="versionDownloadCount">331</S>
          <S N="downloadCount">12979</S>
          <S N="packageSize">292568</S>
          <S N="published">11/12/2024 6:51:57 PM +02:00</S>
          <S N="created">11/12/2024 6:51:57 PM +02:00</S>
          <S N="lastUpdated">9/5/2025 5:10:00 PM +03:00</S>
          <S N="tags">PSEdition_Core Windows Linux macOS Oracle OCI Cloud OracleCloudInfrastructure Oda PSModule PSCmdlet_Export-OCIOdaDigitalAssistant PSCommand_Export-OCIOdaDigitalAssistant PSCmdlet_Export-OCIOdaSkill PSCommand_Export-OCIOdaSkill PSCmdlet_Get-OCIOdaAuthenticationProvider PSCommand_Get-OCIOdaAuthenticationProvider PSCmdlet_Get-OCIOdaAuthenticationProvidersList PSCommand_Get-OCIOdaAuthenticationProvidersList PSCmdlet_Get-OCIOdaChannel PSCommand_Get-OCIOdaChannel PSCmdlet_Get-OCIOdaChannelsList PSCommand_Get-OCIOdaChannelsList PSCmdlet_Get-OCIOdaDigitalAssistant PSCommand_Get-OCIOdaDigitalAssistant PSCmdlet_Get-OCIOdaDigitalAssistantParameter PSCommand_Get-OCIOdaDigitalAssistantParameter PSCmdlet_Get-OCIOdaDigitalAssistantParametersList PSCommand_Get-OCIOdaDigitalAssistantParametersList PSCmdlet_Get-OCIOdaDigitalAssistantsList PSCommand_Get-OCIOdaDigitalAssistantsList PSCmdlet_Get-OCIOdaImportedPackage PSCommand_Get-OCIOdaImportedPackage PSCmdlet_Get-OCIOdaImportedPackagesList PSCommand_Get-OCIOdaImportedPackagesList PSCmdlet_Get-OCIOdaInstance PSCommand_Get-OCIOdaInstance PSCmdlet_Get-OCIOdaInstanceAttachment PSCommand_Get-OCIOdaInstanceAttachment PSCmdlet_Get-OCIOdaInstanceAttachmentsList PSCommand_Get-OCIOdaInstanceAttachmentsList PSCmdlet_Get-OCIOdaInstancesList PSCommand_Get-OCIOdaInstancesList PSCmdlet_Get-OCIOdaPackage PSCommand_Get-OCIOdaPackage PSCmdlet_Get-OCIOdaPackagesList PSCommand_Get-OCIOdaPackagesList PSCmdlet_Get-OCIOdaPrivateEndpoint PSCommand_Get-OCIOdaPrivateEndpoint PSCmdlet_Get-OCIOdaPrivateEndpointAttachment PSCommand_Get-OCIOdaPrivateEndpointAttachment PSCmdlet_Get-OCIOdaPrivateEndpointAttachmentsList PSCommand_Get-OCIOdaPrivateEndpointAttachmentsList PSCmdlet_Get-OCIOdaPrivateEndpointScanProxiesList PSCommand_Get-OCIOdaPrivateEndpointScanProxiesList PSCmdlet_Get-OCIOdaPrivateEndpointScanProxy PSCommand_Get-OCIOdaPrivateEndpointScanProxy PSCmdlet_Get-OCIOdaPrivateEndpointsList PSCommand_Get-OCIOdaPrivateEndpointsList PSCmdlet_Get-OCIOdaSkill PSCommand_Get-OCIOdaSkill PSCmdlet_Get-OCIOdaSkillParameter PSCommand_Get-OCIOdaSkillParameter PSCmdlet_Get-OCIOdaSkillParametersList PSCommand_Get-OCIOdaSkillParametersList PSCmdlet_Get-OCIOdaSkillsList PSCommand_Get-OCIOdaSkillsList PSCmdlet_Get-OCIOdaTranslator PSCommand_Get-OCIOdaTranslator PSCmdlet_Get-OCIOdaTranslatorsList PSCommand_Get-OCIOdaTranslatorsList PSCmdlet_Get-OCIOdaWorkRequest PSCommand_Get-OCIOdaWorkRequest PSCmdlet_Get-OCIOdaWorkRequestErrorsList PSCommand_Get-OCIOdaWorkRequestErrorsList PSCmdlet_Get-OCIOdaWorkRequestLogsList PSCommand_Get-OCIOdaWorkRequestLogsList PSCmdlet_Get-OCIOdaWorkRequestsList PSCommand_Get-OCIOdaWorkRequestsList PSCmdlet_Import-OCIOdaBot PSCommand_Import-OCIOdaBot PSCmdlet_Invoke-OCIOdaBulkCreateSkillEntities PSCommand_Invoke-OCIOdaBulkCreateSkillEntities PSCmdlet_Invoke-OCIOdaCascadingDeleteSkillCustomEntities PSCommand_Invoke-OCIOdaCascadingDeleteSkillCustomEntities PSCmdlet_Invoke-OCIOdaConfigureDigitalAssistantParameters PSCommand_Invoke-OCIOdaConfigureDigitalAssistantParameters PSCmdlet_Invoke-OCIOdaPublishDigitalAssistant PSCommand_Invoke-OCIOdaPublishDigitalAssistant PSCmdlet_Invoke-OCIOdaPublishSkill PSCommand_Invoke-OCIOdaPublishSkill PSCmdlet_Invoke-OCIOdaRotateChannelKeys PSCommand_Invoke-OCIOdaRotateChannelKeys PSCmdlet_Invoke-OCIOdaTrainSkill PSCommand_Invoke-OCIOdaTrainSkill PSCmdlet_Move-OCIOdaInstanceCompartment PSCommand_Move-OCIOdaInstanceCompartment PSCmdlet_Move-OCIOdaPrivateEndpointCompartment PSCommand_Move-OCIOdaPrivateEndpointCompartment PSCmdlet_New-OCIOdaAuthenticationProvider PSCommand_New-OCIOdaAuthenticationProvider PSCmdlet_New-OCIOdaChannel PSCommand_New-OCIOdaChannel PSCmdlet_New-OCIOdaDigitalAssistant PSCommand_New-OCIOdaDigitalAssistant PSCmdlet_New-OCIOdaImportedPackage PSCommand_New-OCIOdaImportedPackage PSCmdlet_New-OCIOdaInstance PSCommand_New-OCIOdaInstance PSCmdlet_New-OCIOdaInstanceAttachment PSCommand_New-OCIOdaInstanceAttachment PSCmdlet_New-OCIOdaPrivateEndpoint PSCommand_New-OCIOdaPrivateEndpoint PSCmdlet_New-OCIOdaPrivateEndpointAttachment PSCommand_New-OCIOdaPrivateEndpointAttachment PSCmdlet_New-OCIOdaPrivateEndpointScanProxy PSCommand_New-OCIOdaPrivateEndpointScanProxy PSCmdlet_New-OCIOdaSkill PSCommand_New-OCIOdaSkill PSCmdlet_New-OCIOdaSkillParameter PSCommand_New-OCIOdaSkillParameter PSCmdlet_New-OCIOdaTranslator PSCommand_New-OCIOdaTranslator PSCmdlet_Remove-OCIOdaAuthenticationProvider PSCommand_Remove-OCIOdaAuthenticationProvider PSCmdlet_Remove-OCIOdaChannel PSCommand_Remove-OCIOdaChannel PSCmdlet_Remove-OCIOdaDigitalAssistant PSCommand_Remove-OCIOdaDigitalAssistant PSCmdlet_Remove-OCIOdaImportedPackage PSCommand_Remove-OCIOdaImportedPackage PSCmdlet_Remove-OCIOdaInstance PSCommand_Remove-OCIOdaInstance PSCmdlet_Remove-OCIOdaInstanceAttachment PSCommand_Remove-OCIOdaInstanceAttachment PSCmdlet_Remove-OCIOdaPrivateEndpoint PSCommand_Remove-OCIOdaPrivateEndpoint PSCmdlet_Remove-OCIOdaPrivateEndpointAttachment PSCommand_Remove-OCIOdaPrivateEndpointAttachment PSCmdlet_Remove-OCIOdaPrivateEndpointScanProxy PSCommand_Remove-OCIOdaPrivateEndpointScanProxy PSCmdlet_Remove-OCIOdaSkill PSCommand_Remove-OCIOdaSkill PSCmdlet_Remove-OCIOdaSkillParameter PSCommand_Remove-OCIOdaSkillParameter PSCmdlet_Remove-OCIOdaTranslator PSCommand_Remove-OCIOdaTranslator PSCmdlet_Start-OCIOdaChannel PSCommand_Start-OCIOdaChannel PSCmdlet_Start-OCIOdaInstance PSCommand_Start-OCIOdaInstance PSCmdlet_Stop-OCIOdaChannel PSCommand_Stop-OCIOdaChannel PSCmdlet_Stop-OCIOdaInstance PSCommand_Stop-OCIOdaInstance PSCmdlet_Update-OCIOdaAuthenticationProvider PSCommand_Update-OCIOdaAuthenticationProvider PSCmdlet_Update-OCIOdaChannel PSCommand_Update-OCIOdaChannel PSCmdlet_Update-OCIOdaDigitalAssistant PSCommand_Update-OCIOdaDigitalAssistant PSCmdlet_Update-OCIOdaDigitalAssistantParameter PSCommand_Update-OCIOdaDigitalAssistantParameter PSCmdlet_Update-OCIOdaImportedPackage PSCommand_Update-OCIOdaImportedPackage PSCmdlet_Update-OCIOdaInstance PSCommand_Update-OCIOdaInstance PSCmdlet_Update-OCIOdaInstanceAttachment PSCommand_Update-OCIOdaInstanceAttachment PSCmdlet_Update-OCIOdaPrivateEndpoint PSCommand_Update-OCIOdaPrivateEndpoint PSCmdlet_Update-OCIOdaSkill PSCommand_Update-OCIOdaSkill PSCmdlet_Update-OCIOdaSkillParameter PSCommand_Update-OCIOdaSkillParameter PSCmdlet_Update-OCIOdaTranslator PSCommand_Update-OCIOdaTranslator PSIncludes_Cmdlet</S>
          <S N="developmentDependency">False</S>
          <S N="updated">2025-09-05T17:10:00Z</S>
          <S N="NormalizedVersion">95.1.0</S>
          <S N="Authors">Oracle Cloud Infrastructure</S>
          <S N="IsPrerelease">false</S>
          <S N="ItemType">Module</S>
          <S N="FileList">OCI.PSModules.Oda.nuspec|OCI.PSModules.Oda.dll-Help.xml|THIRD_PARTY_LICENSES.txt|LICENSE.txt|OCI.PSModules.Oda.psd1|assemblies\OCI.PSModules.Oda.dll|assemblies\OCI.DotNetSDK.Oda.dll</S>
          <S N="GUID">040ef05d-6373-43bf-a0a9-67444099f906</S>
          <S N="PowerShellVersion">6.0</S>
          <S N="CompanyName">Oracle Corporation</S>
        </MS>
      </Obj>
      <S N="InstalledLocation">C:\Program Files\PowerShell\Modules1\OCI.PSModules.Oda\95.1.0</S>
    </MS>
  </Obj>
</Objs>
