<Objs Version="1.1.0.1" xmlns="http://schemas.microsoft.com/powershell/2004/04">
  <Obj RefId="0">
    <TN RefId="0">
      <T>Microsoft.PowerShell.Commands.PSRepositoryItemInfo</T>
      <T>System.Management.Automation.PSCustomObject</T>
      <T>System.Object</T>
    </TN>
    <MS>
      <S N="Name">OCI.PSModules.Analytics</S>
      <S N="Version">95.1.0</S>
      <S N="Type">Module</S>
      <S N="Description">This modules provides Cmdlets for OCI Analytics Service</S>
      <S N="Author">Oracle Cloud Infrastructure</S>
      <S N="CompanyName">oci-psmodules-grp</S>
      <S N="Copyright">(c) Oracle Cloud Infrastructure. All rights reserved.</S>
      <DT N="PublishedDate">2024-11-12T18:41:51+02:00</DT>
      <Nil N="InstalledDate" />
      <Nil N="UpdatedDate" />
      <URI N="LicenseUri">https://github.com/oracle/oci-powershell-modules/blob/master/LICENSE.txt</URI>
      <URI N="ProjectUri">https://github.com/oracle/oci-powershell-modules/</URI>
      <URI N="IconUri">https://github.com/oracle/oci-powershell-modules/blob/master/icon.png</URI>
      <Obj N="Tags" RefId="1">
        <TN RefId="1">
          <T>System.Object[]</T>
          <T>System.Array</T>
          <T>System.Object</T>
        </TN>
        <LST>
          <S>PSEdition_Core</S>
          <S>Windows</S>
          <S>Linux</S>
          <S>macOS</S>
          <S>Oracle</S>
          <S>OCI</S>
          <S>Cloud</S>
          <S>OracleCloudInfrastructure</S>
          <S>Analytics</S>
          <S>PSModule</S>
        </LST>
      </Obj>
      <Obj N="Includes" RefId="2">
        <TN RefId="2">
          <T>System.Collections.Hashtable</T>
          <T>System.Object</T>
        </TN>
        <DCT>
          <En>
            <S N="Key">Function</S>
            <Obj N="Value" RefId="3">
              <TNRef RefId="1" />
              <LST />
            </Obj>
          </En>
          <En>
            <S N="Key">Workflow</S>
            <Ref N="Value" RefId="3" />
          </En>
          <En>
            <S N="Key">DscResource</S>
            <Ref N="Value" RefId="3" />
          </En>
          <En>
            <S N="Key">RoleCapability</S>
            <Ref N="Value" RefId="3" />
          </En>
          <En>
            <S N="Key">Command</S>
            <Obj N="Value" RefId="4">
              <TNRef RefId="1" />
              <LST>
                <S>Get-OCIAnalyticsInstance</S>
                <S>Get-OCIAnalyticsInstancesList</S>
                <S>Get-OCIAnalyticsPrivateAccessChannel</S>
                <S>Get-OCIAnalyticsWorkRequest</S>
                <S>Get-OCIAnalyticsWorkRequestErrorsList</S>
                <S>Get-OCIAnalyticsWorkRequestLogsList</S>
                <S>Get-OCIAnalyticsWorkRequestsList</S>
                <S>Invoke-OCIAnalyticsScaleAnalyticsInstance</S>
                <S>Invoke-OCIAnalyticsSetFeatureBundle</S>
                <S>Invoke-OCIAnalyticsSetKmsKey</S>
                <S>Move-OCIAnalyticsInstanceCompartment</S>
                <S>Move-OCIAnalyticsInstanceNetworkEndpoint</S>
                <S>New-OCIAnalyticsInstance</S>
                <S>New-OCIAnalyticsPrivateAccessChannel</S>
                <S>New-OCIAnalyticsVanityUrl</S>
                <S>Remove-OCIAnalyticsInstance</S>
                <S>Remove-OCIAnalyticsPrivateAccessChannel</S>
                <S>Remove-OCIAnalyticsVanityUrl</S>
                <S>Remove-OCIAnalyticsWorkRequest</S>
                <S>Start-OCIAnalyticsInstance</S>
                <S>Stop-OCIAnalyticsInstance</S>
                <S>Update-OCIAnalyticsInstance</S>
                <S>Update-OCIAnalyticsPrivateAccessChannel</S>
                <S>Update-OCIAnalyticsVanityUrl</S>
              </LST>
            </Obj>
          </En>
          <En>
            <S N="Key">Cmdlet</S>
            <Obj N="Value" RefId="5">
              <TNRef RefId="1" />
              <LST>
                <S>Get-OCIAnalyticsInstance</S>
                <S>Get-OCIAnalyticsInstancesList</S>
                <S>Get-OCIAnalyticsPrivateAccessChannel</S>
                <S>Get-OCIAnalyticsWorkRequest</S>
                <S>Get-OCIAnalyticsWorkRequestErrorsList</S>
                <S>Get-OCIAnalyticsWorkRequestLogsList</S>
                <S>Get-OCIAnalyticsWorkRequestsList</S>
                <S>Invoke-OCIAnalyticsScaleAnalyticsInstance</S>
                <S>Invoke-OCIAnalyticsSetFeatureBundle</S>
                <S>Invoke-OCIAnalyticsSetKmsKey</S>
                <S>Move-OCIAnalyticsInstanceCompartment</S>
                <S>Move-OCIAnalyticsInstanceNetworkEndpoint</S>
                <S>New-OCIAnalyticsInstance</S>
                <S>New-OCIAnalyticsPrivateAccessChannel</S>
                <S>New-OCIAnalyticsVanityUrl</S>
                <S>Remove-OCIAnalyticsInstance</S>
                <S>Remove-OCIAnalyticsPrivateAccessChannel</S>
                <S>Remove-OCIAnalyticsVanityUrl</S>
                <S>Remove-OCIAnalyticsWorkRequest</S>
                <S>Start-OCIAnalyticsInstance</S>
                <S>Stop-OCIAnalyticsInstance</S>
                <S>Update-OCIAnalyticsInstance</S>
                <S>Update-OCIAnalyticsPrivateAccessChannel</S>
                <S>Update-OCIAnalyticsVanityUrl</S>
              </LST>
            </Obj>
          </En>
        </DCT>
      </Obj>
      <Nil N="PowerShellGetFormatVersion" />
      <S N="ReleaseNotes">https://github.com/oracle/oci-powershell-modules/blob/master/CHANGELOG.md</S>
      <Obj N="Dependencies" RefId="6">
        <TNRef RefId="1" />
        <LST>
          <Obj RefId="7">
            <TN RefId="3">
              <T>System.Collections.Specialized.OrderedDictionary</T>
              <T>System.Object</T>
            </TN>
            <DCT>
              <En>
                <S N="Key">Name</S>
                <S N="Value">OCI.PSModules.Common</S>
              </En>
              <En>
                <S N="Key">RequiredVersion</S>
                <S N="Value">95.1.0</S>
              </En>
              <En>
                <S N="Key">CanonicalId</S>
                <S N="Value">nuget:OCI.PSModules.Common/[95.1.0]</S>
              </En>
            </DCT>
          </Obj>
        </LST>
      </Obj>
      <S N="RepositorySourceLocation">https://www.powershellgallery.com/api/v2</S>
      <S N="Repository">PSGallery</S>
      <S N="PackageManagementProvider">NuGet</S>
      <Obj N="AdditionalMetadata" RefId="8">
        <TN RefId="4">
          <T>System.Management.Automation.PSCustomObject</T>
          <T>System.Object</T>
        </TN>
        <MS>
          <S N="copyright">(c) Oracle Cloud Infrastructure. All rights reserved.</S>
          <S N="description">This modules provides Cmdlets for OCI Analytics Service</S>
          <S N="requireLicenseAcceptance">False</S>
          <S N="releaseNotes">https://github.com/oracle/oci-powershell-modules/blob/master/CHANGELOG.md</S>
          <S N="isLatestVersion">True</S>
          <S N="isAbsoluteLatestVersion">True</S>
          <S N="versionDownloadCount">316</S>
          <S N="downloadCount">9530</S>
          <S N="packageSize">114793</S>
          <S N="published">11/12/2024 6:41:51 PM +02:00</S>
          <S N="created">11/12/2024 6:41:51 PM +02:00</S>
          <S N="lastUpdated">12/8/2024 9:50:00 PM +02:00</S>
          <S N="tags">PSEdition_Core Windows Linux macOS Oracle OCI Cloud OracleCloudInfrastructure Analytics PSModule PSCmdlet_Get-OCIAnalyticsInstance PSCommand_Get-OCIAnalyticsInstance PSCmdlet_Get-OCIAnalyticsInstancesList PSCommand_Get-OCIAnalyticsInstancesList PSCmdlet_Get-OCIAnalyticsPrivateAccessChannel PSCommand_Get-OCIAnalyticsPrivateAccessChannel PSCmdlet_Get-OCIAnalyticsWorkRequest PSCommand_Get-OCIAnalyticsWorkRequest PSCmdlet_Get-OCIAnalyticsWorkRequestErrorsList PSCommand_Get-OCIAnalyticsWorkRequestErrorsList PSCmdlet_Get-OCIAnalyticsWorkRequestLogsList PSCommand_Get-OCIAnalyticsWorkRequestLogsList PSCmdlet_Get-OCIAnalyticsWorkRequestsList PSCommand_Get-OCIAnalyticsWorkRequestsList PSCmdlet_Invoke-OCIAnalyticsScaleAnalyticsInstance PSCommand_Invoke-OCIAnalyticsScaleAnalyticsInstance PSCmdlet_Invoke-OCIAnalyticsSetFeatureBundle PSCommand_Invoke-OCIAnalyticsSetFeatureBundle PSCmdlet_Invoke-OCIAnalyticsSetKmsKey PSCommand_Invoke-OCIAnalyticsSetKmsKey PSCmdlet_Move-OCIAnalyticsInstanceCompartment PSCommand_Move-OCIAnalyticsInstanceCompartment PSCmdlet_Move-OCIAnalyticsInstanceNetworkEndpoint PSCommand_Move-OCIAnalyticsInstanceNetworkEndpoint PSCmdlet_New-OCIAnalyticsInstance PSCommand_New-OCIAnalyticsInstance PSCmdlet_New-OCIAnalyticsPrivateAccessChannel PSCommand_New-OCIAnalyticsPrivateAccessChannel PSCmdlet_New-OCIAnalyticsVanityUrl PSCommand_New-OCIAnalyticsVanityUrl PSCmdlet_Remove-OCIAnalyticsInstance PSCommand_Remove-OCIAnalyticsInstance PSCmdlet_Remove-OCIAnalyticsPrivateAccessChannel PSCommand_Remove-OCIAnalyticsPrivateAccessChannel PSCmdlet_Remove-OCIAnalyticsVanityUrl PSCommand_Remove-OCIAnalyticsVanityUrl PSCmdlet_Remove-OCIAnalyticsWorkRequest PSCommand_Remove-OCIAnalyticsWorkRequest PSCmdlet_Start-OCIAnalyticsInstance PSCommand_Start-OCIAnalyticsInstance PSCmdlet_Stop-OCIAnalyticsInstance PSCommand_Stop-OCIAnalyticsInstance PSCmdlet_Update-OCIAnalyticsInstance PSCommand_Update-OCIAnalyticsInstance PSCmdlet_Update-OCIAnalyticsPrivateAccessChannel PSCommand_Update-OCIAnalyticsPrivateAccessChannel PSCmdlet_Update-OCIAnalyticsVanityUrl PSCommand_Update-OCIAnalyticsVanityUrl PSIncludes_Cmdlet</S>
          <S N="developmentDependency">False</S>
          <S N="updated">2024-12-08T21:50:00Z</S>
          <S N="NormalizedVersion">95.1.0</S>
          <S N="Authors">Oracle Cloud Infrastructure</S>
          <S N="IsPrerelease">false</S>
          <S N="ItemType">Module</S>
          <S N="FileList">OCI.PSModules.Analytics.nuspec|THIRD_PARTY_LICENSES.txt|OCI.PSModules.Analytics.dll-Help.xml|OCI.PSModules.Analytics.psd1|LICENSE.txt|assemblies\OCI.PSModules.Analytics.dll|assemblies\OCI.DotNetSDK.Analytics.dll</S>
          <S N="GUID">88b806b7-e2b4-4102-95eb-65f27d654438</S>
          <S N="PowerShellVersion">6.0</S>
          <S N="CompanyName">Oracle Corporation</S>
        </MS>
      </Obj>
      <S N="InstalledLocation">C:\Users\MarcoFekry\Downloads\OCI.PSModules\OCI.PSModules.Analytics\95.1.0</S>
    </MS>
  </Obj>
</Objs>
