<Objs Version="1.1.0.1" xmlns="http://schemas.microsoft.com/powershell/2004/04">
  <Obj RefId="0">
    <TN RefId="0">
      <T>Microsoft.PowerShell.Commands.PSRepositoryItemInfo</T>
      <T>System.Management.Automation.PSCustomObject</T>
      <T>System.Object</T>
    </TN>
    <MS>
      <S N="Name">OCI.PSModules.Fusionapps</S>
      <S N="Version">95.1.0</S>
      <S N="Type">Module</S>
      <S N="Description">This modules provides Cmdlets for OCI Fusionapps Service</S>
      <S N="Author">Oracle Cloud Infrastructure</S>
      <S N="CompanyName">oci-psmodules-grp</S>
      <S N="Copyright">(c) Oracle Cloud Infrastructure. All rights reserved.</S>
      <DT N="PublishedDate">2024-11-12T18:47:55+02:00</DT>
      <Nil N="InstalledDate" />
      <Nil N="UpdatedDate" />
      <URI N="LicenseUri">https://github.com/oracle/oci-powershell-modules/blob/master/LICENSE.txt</URI>
      <URI N="ProjectUri">https://github.com/oracle/oci-powershell-modules/</URI>
      <URI N="IconUri">https://github.com/oracle/oci-powershell-modules/blob/master/icon.png</URI>
      <Obj N="Tags" RefId="1">
        <TN RefId="1">
          <T>System.Object[]</T>
          <T>System.Array</T>
          <T>System.Object</T>
        </TN>
        <LST>
          <S>PSEdition_Core</S>
          <S>Windows</S>
          <S>Linux</S>
          <S>macOS</S>
          <S>Oracle</S>
          <S>OCI</S>
          <S>Cloud</S>
          <S>OracleCloudInfrastructure</S>
          <S>Fusionapps</S>
          <S>PSModule</S>
        </LST>
      </Obj>
      <Obj N="Includes" RefId="2">
        <TN RefId="2">
          <T>System.Collections.Hashtable</T>
          <T>System.Object</T>
        </TN>
        <DCT>
          <En>
            <S N="Key">Function</S>
            <Obj N="Value" RefId="3">
              <TNRef RefId="1" />
              <LST />
            </Obj>
          </En>
          <En>
            <S N="Key">Workflow</S>
            <Ref N="Value" RefId="3" />
          </En>
          <En>
            <S N="Key">DscResource</S>
            <Ref N="Value" RefId="3" />
          </En>
          <En>
            <S N="Key">RoleCapability</S>
            <Ref N="Value" RefId="3" />
          </En>
          <En>
            <S N="Key">Command</S>
            <Obj N="Value" RefId="4">
              <TNRef RefId="1" />
              <LST>
                <S>Get-OCIFusionappsAdminUsersList</S>
                <S>Get-OCIFusionappsDataMaskingActivitiesList</S>
                <S>Get-OCIFusionappsDataMaskingActivity</S>
                <S>Get-OCIFusionappsFusionEnvironment</S>
                <S>Get-OCIFusionappsFusionEnvironmentFamiliesList</S>
                <S>Get-OCIFusionappsFusionEnvironmentFamily</S>
                <S>Get-OCIFusionappsFusionEnvironmentFamilyLimitsAndUsage</S>
                <S>Get-OCIFusionappsFusionEnvironmentFamilySubscriptionDetail</S>
                <S>Get-OCIFusionappsFusionEnvironmentsList</S>
                <S>Get-OCIFusionappsFusionEnvironmentStatus</S>
                <S>Get-OCIFusionappsRefreshActivitiesList</S>
                <S>Get-OCIFusionappsRefreshActivity</S>
                <S>Get-OCIFusionappsScheduledActivitiesList</S>
                <S>Get-OCIFusionappsScheduledActivity</S>
                <S>Get-OCIFusionappsServiceAttachment</S>
                <S>Get-OCIFusionappsServiceAttachmentsList</S>
                <S>Get-OCIFusionappsTimeAvailableForRefreshesList</S>
                <S>Get-OCIFusionappsWorkRequest</S>
                <S>Get-OCIFusionappsWorkRequestErrorsList</S>
                <S>Get-OCIFusionappsWorkRequestLogsList</S>
                <S>Get-OCIFusionappsWorkRequestsList</S>
                <S>Invoke-OCIFusionappsInitiateExtract</S>
                <S>Invoke-OCIFusionappsVerifyServiceAttachment</S>
                <S>Move-OCIFusionappsFusionEnvironmentCompartment</S>
                <S>Move-OCIFusionappsFusionEnvironmentFamilyCompartment</S>
                <S>New-OCIFusionappsDataMaskingActivity</S>
                <S>New-OCIFusionappsExtractDetails</S>
                <S>New-OCIFusionappsFusionEnvironment</S>
                <S>New-OCIFusionappsFusionEnvironmentAdminUser</S>
                <S>New-OCIFusionappsFusionEnvironmentFamily</S>
                <S>New-OCIFusionappsRefreshActivity</S>
                <S>New-OCIFusionappsServiceAttachment</S>
                <S>Remove-OCIFusionappsFusionEnvironment</S>
                <S>Remove-OCIFusionappsFusionEnvironmentAdminUser</S>
                <S>Remove-OCIFusionappsFusionEnvironmentFamily</S>
                <S>Remove-OCIFusionappsRefreshActivity</S>
                <S>Remove-OCIFusionappsServiceAttachment</S>
                <S>Reset-OCIFusionappsFusionEnvironmentPassword</S>
                <S>Update-OCIFusionappsFusionEnvironment</S>
                <S>Update-OCIFusionappsFusionEnvironmentFamily</S>
                <S>Update-OCIFusionappsRefreshActivity</S>
              </LST>
            </Obj>
          </En>
          <En>
            <S N="Key">Cmdlet</S>
            <Obj N="Value" RefId="5">
              <TNRef RefId="1" />
              <LST>
                <S>Get-OCIFusionappsAdminUsersList</S>
                <S>Get-OCIFusionappsDataMaskingActivitiesList</S>
                <S>Get-OCIFusionappsDataMaskingActivity</S>
                <S>Get-OCIFusionappsFusionEnvironment</S>
                <S>Get-OCIFusionappsFusionEnvironmentFamiliesList</S>
                <S>Get-OCIFusionappsFusionEnvironmentFamily</S>
                <S>Get-OCIFusionappsFusionEnvironmentFamilyLimitsAndUsage</S>
                <S>Get-OCIFusionappsFusionEnvironmentFamilySubscriptionDetail</S>
                <S>Get-OCIFusionappsFusionEnvironmentsList</S>
                <S>Get-OCIFusionappsFusionEnvironmentStatus</S>
                <S>Get-OCIFusionappsRefreshActivitiesList</S>
                <S>Get-OCIFusionappsRefreshActivity</S>
                <S>Get-OCIFusionappsScheduledActivitiesList</S>
                <S>Get-OCIFusionappsScheduledActivity</S>
                <S>Get-OCIFusionappsServiceAttachment</S>
                <S>Get-OCIFusionappsServiceAttachmentsList</S>
                <S>Get-OCIFusionappsTimeAvailableForRefreshesList</S>
                <S>Get-OCIFusionappsWorkRequest</S>
                <S>Get-OCIFusionappsWorkRequestErrorsList</S>
                <S>Get-OCIFusionappsWorkRequestLogsList</S>
                <S>Get-OCIFusionappsWorkRequestsList</S>
                <S>Invoke-OCIFusionappsInitiateExtract</S>
                <S>Invoke-OCIFusionappsVerifyServiceAttachment</S>
                <S>Move-OCIFusionappsFusionEnvironmentCompartment</S>
                <S>Move-OCIFusionappsFusionEnvironmentFamilyCompartment</S>
                <S>New-OCIFusionappsDataMaskingActivity</S>
                <S>New-OCIFusionappsExtractDetails</S>
                <S>New-OCIFusionappsFusionEnvironment</S>
                <S>New-OCIFusionappsFusionEnvironmentAdminUser</S>
                <S>New-OCIFusionappsFusionEnvironmentFamily</S>
                <S>New-OCIFusionappsRefreshActivity</S>
                <S>New-OCIFusionappsServiceAttachment</S>
                <S>Remove-OCIFusionappsFusionEnvironment</S>
                <S>Remove-OCIFusionappsFusionEnvironmentAdminUser</S>
                <S>Remove-OCIFusionappsFusionEnvironmentFamily</S>
                <S>Remove-OCIFusionappsRefreshActivity</S>
                <S>Remove-OCIFusionappsServiceAttachment</S>
                <S>Reset-OCIFusionappsFusionEnvironmentPassword</S>
                <S>Update-OCIFusionappsFusionEnvironment</S>
                <S>Update-OCIFusionappsFusionEnvironmentFamily</S>
                <S>Update-OCIFusionappsRefreshActivity</S>
              </LST>
            </Obj>
          </En>
        </DCT>
      </Obj>
      <Nil N="PowerShellGetFormatVersion" />
      <S N="ReleaseNotes">https://github.com/oracle/oci-powershell-modules/blob/master/CHANGELOG.md</S>
      <Obj N="Dependencies" RefId="6">
        <TNRef RefId="1" />
        <LST>
          <Obj RefId="7">
            <TN RefId="3">
              <T>System.Collections.Specialized.OrderedDictionary</T>
              <T>System.Object</T>
            </TN>
            <DCT>
              <En>
                <S N="Key">Name</S>
                <S N="Value">OCI.PSModules.Common</S>
              </En>
              <En>
                <S N="Key">RequiredVersion</S>
                <S N="Value">95.1.0</S>
              </En>
              <En>
                <S N="Key">CanonicalId</S>
                <S N="Value">nuget:OCI.PSModules.Common/[95.1.0]</S>
              </En>
            </DCT>
          </Obj>
        </LST>
      </Obj>
      <S N="RepositorySourceLocation">https://www.powershellgallery.com/api/v2</S>
      <S N="Repository">PSGallery</S>
      <S N="PackageManagementProvider">NuGet</S>
      <Obj N="AdditionalMetadata" RefId="8">
        <TN RefId="4">
          <T>System.Management.Automation.PSCustomObject</T>
          <T>System.Object</T>
        </TN>
        <MS>
          <S N="copyright">(c) Oracle Cloud Infrastructure. All rights reserved.</S>
          <S N="description">This modules provides Cmdlets for OCI Fusionapps Service</S>
          <S N="requireLicenseAcceptance">False</S>
          <S N="releaseNotes">https://github.com/oracle/oci-powershell-modules/blob/master/CHANGELOG.md</S>
          <S N="isLatestVersion">True</S>
          <S N="isAbsoluteLatestVersion">True</S>
          <S N="versionDownloadCount">300</S>
          <S N="downloadCount">6707</S>
          <S N="packageSize">168359</S>
          <S N="published">11/12/2024 6:47:55 PM +02:00</S>
          <S N="created">11/12/2024 6:47:55 PM +02:00</S>
          <S N="lastUpdated">12/8/2024 9:30:00 PM +02:00</S>
          <S N="tags">PSEdition_Core Windows Linux macOS Oracle OCI Cloud OracleCloudInfrastructure Fusionapps PSModule PSCmdlet_Get-OCIFusionappsAdminUsersList PSCommand_Get-OCIFusionappsAdminUsersList PSCmdlet_Get-OCIFusionappsDataMaskingActivitiesList PSCommand_Get-OCIFusionappsDataMaskingActivitiesList PSCmdlet_Get-OCIFusionappsDataMaskingActivity PSCommand_Get-OCIFusionappsDataMaskingActivity PSCmdlet_Get-OCIFusionappsFusionEnvironment PSCommand_Get-OCIFusionappsFusionEnvironment PSCmdlet_Get-OCIFusionappsFusionEnvironmentFamiliesList PSCommand_Get-OCIFusionappsFusionEnvironmentFamiliesList PSCmdlet_Get-OCIFusionappsFusionEnvironmentFamily PSCommand_Get-OCIFusionappsFusionEnvironmentFamily PSCmdlet_Get-OCIFusionappsFusionEnvironmentFamilyLimitsAndUsage PSCommand_Get-OCIFusionappsFusionEnvironmentFamilyLimitsAndUsage PSCmdlet_Get-OCIFusionappsFusionEnvironmentFamilySubscriptionDetail PSCommand_Get-OCIFusionappsFusionEnvironmentFamilySubscriptionDetail PSCmdlet_Get-OCIFusionappsFusionEnvironmentsList PSCommand_Get-OCIFusionappsFusionEnvironmentsList PSCmdlet_Get-OCIFusionappsFusionEnvironmentStatus PSCommand_Get-OCIFusionappsFusionEnvironmentStatus PSCmdlet_Get-OCIFusionappsRefreshActivitiesList PSCommand_Get-OCIFusionappsRefreshActivitiesList PSCmdlet_Get-OCIFusionappsRefreshActivity PSCommand_Get-OCIFusionappsRefreshActivity PSCmdlet_Get-OCIFusionappsScheduledActivitiesList PSCommand_Get-OCIFusionappsScheduledActivitiesList PSCmdlet_Get-OCIFusionappsScheduledActivity PSCommand_Get-OCIFusionappsScheduledActivity PSCmdlet_Get-OCIFusionappsServiceAttachment PSCommand_Get-OCIFusionappsServiceAttachment PSCmdlet_Get-OCIFusionappsServiceAttachmentsList PSCommand_Get-OCIFusionappsServiceAttachmentsList PSCmdlet_Get-OCIFusionappsTimeAvailableForRefreshesList PSCommand_Get-OCIFusionappsTimeAvailableForRefreshesList PSCmdlet_Get-OCIFusionappsWorkRequest PSCommand_Get-OCIFusionappsWorkRequest PSCmdlet_Get-OCIFusionappsWorkRequestErrorsList PSCommand_Get-OCIFusionappsWorkRequestErrorsList PSCmdlet_Get-OCIFusionappsWorkRequestLogsList PSCommand_Get-OCIFusionappsWorkRequestLogsList PSCmdlet_Get-OCIFusionappsWorkRequestsList PSCommand_Get-OCIFusionappsWorkRequestsList PSCmdlet_Invoke-OCIFusionappsInitiateExtract PSCommand_Invoke-OCIFusionappsInitiateExtract PSCmdlet_Invoke-OCIFusionappsVerifyServiceAttachment PSCommand_Invoke-OCIFusionappsVerifyServiceAttachment PSCmdlet_Move-OCIFusionappsFusionEnvironmentCompartment PSCommand_Move-OCIFusionappsFusionEnvironmentCompartment PSCmdlet_Move-OCIFusionappsFusionEnvironmentFamilyCompartment PSCommand_Move-OCIFusionappsFusionEnvironmentFamilyCompartment PSCmdlet_New-OCIFusionappsDataMaskingActivity PSCommand_New-OCIFusionappsDataMaskingActivity PSCmdlet_New-OCIFusionappsExtractDetails PSCommand_New-OCIFusionappsExtractDetails PSCmdlet_New-OCIFusionappsFusionEnvironment PSCommand_New-OCIFusionappsFusionEnvironment PSCmdlet_New-OCIFusionappsFusionEnvironmentAdminUser PSCommand_New-OCIFusionappsFusionEnvironmentAdminUser PSCmdlet_New-OCIFusionappsFusionEnvironmentFamily PSCommand_New-OCIFusionappsFusionEnvironmentFamily PSCmdlet_New-OCIFusionappsRefreshActivity PSCommand_New-OCIFusionappsRefreshActivity PSCmdlet_New-OCIFusionappsServiceAttachment PSCommand_New-OCIFusionappsServiceAttachment PSCmdlet_Remove-OCIFusionappsFusionEnvironment PSCommand_Remove-OCIFusionappsFusionEnvironment PSCmdlet_Remove-OCIFusionappsFusionEnvironmentAdminUser PSCommand_Remove-OCIFusionappsFusionEnvironmentAdminUser PSCmdlet_Remove-OCIFusionappsFusionEnvironmentFamily PSCommand_Remove-OCIFusionappsFusionEnvironmentFamily PSCmdlet_Remove-OCIFusionappsRefreshActivity PSCommand_Remove-OCIFusionappsRefreshActivity PSCmdlet_Remove-OCIFusionappsServiceAttachment PSCommand_Remove-OCIFusionappsServiceAttachment PSCmdlet_Reset-OCIFusionappsFusionEnvironmentPassword PSCommand_Reset-OCIFusionappsFusionEnvironmentPassword PSCmdlet_Update-OCIFusionappsFusionEnvironment PSCommand_Update-OCIFusionappsFusionEnvironment PSCmdlet_Update-OCIFusionappsFusionEnvironmentFamily PSCommand_Update-OCIFusionappsFusionEnvironmentFamily PSCmdlet_Update-OCIFusionappsRefreshActivity PSCommand_Update-OCIFusionappsRefreshActivity PSIncludes_Cmdlet</S>
          <S N="developmentDependency">False</S>
          <S N="updated">2024-12-08T21:30:00Z</S>
          <S N="NormalizedVersion">95.1.0</S>
          <S N="Authors">Oracle Cloud Infrastructure</S>
          <S N="IsPrerelease">false</S>
          <S N="ItemType">Module</S>
          <S N="FileList">OCI.PSModules.Fusionapps.nuspec|THIRD_PARTY_LICENSES.txt|OCI.PSModules.Fusionapps.psd1|OCI.PSModules.Fusionapps.dll-Help.xml|LICENSE.txt|assemblies\OCI.DotNetSDK.Fusionapps.dll|assemblies\OCI.PSModules.Fusionapps.dll</S>
          <S N="GUID">c9914632-5a3e-4af3-a2ca-7e0a4764c70c</S>
          <S N="PowerShellVersion">6.0</S>
          <S N="CompanyName">Oracle Corporation</S>
        </MS>
      </Obj>
      <S N="InstalledLocation">C:\Users\MarcoFekry\Downloads\OCI.PSModules\OCI.PSModules.Fusionapps\95.1.0</S>
    </MS>
  </Obj>
</Objs>
