<Objs Version="1.1.0.1" xmlns="http://schemas.microsoft.com/powershell/2004/04">
  <Obj RefId="0">
    <TN RefId="0">
      <T>Microsoft.PowerShell.Commands.PSRepositoryItemInfo</T>
      <T>System.Management.Automation.PSCustomObject</T>
      <T>System.Object</T>
    </TN>
    <MS>
      <S N="Name">OCI.PSModules.Zpr</S>
      <Version N="Version">120.0.0</Version>
      <S N="Type">Module</S>
      <S N="Description">This modules provides Cmdlets for OCI Zpr Service</S>
      <S N="Author">Oracle Cloud Infrastructure</S>
      <S N="CompanyName">oci-psmodules-grp</S>
      <S N="Copyright">(c) Oracle Cloud Infrastructure. All rights reserved.</S>
      <DT N="PublishedDate">2025-11-18T18:55:30+02:00</DT>
      <Obj N="InstalledDate" RefId="1">
        <DT>2025-11-27T08:23:10.0766702+02:00</DT>
        <MS>
          <Obj N="DisplayHint" RefId="2">
            <TN RefId="1">
              <T>Microsoft.PowerShell.Commands.DisplayHintType</T>
              <T>System.Enum</T>
              <T>System.ValueType</T>
              <T>System.Object</T>
            </TN>
            <ToString>DateTime</ToString>
            <I32>2</I32>
          </Obj>
        </MS>
      </Obj>
      <Nil N="UpdatedDate" />
      <URI N="LicenseUri">https://github.com/oracle/oci-powershell-modules/blob/master/LICENSE.txt</URI>
      <URI N="ProjectUri">https://github.com/oracle/oci-powershell-modules/</URI>
      <URI N="IconUri">https://github.com/oracle/oci-powershell-modules/blob/master/icon.png</URI>
      <Obj N="Tags" RefId="3">
        <TN RefId="2">
          <T>System.Object[]</T>
          <T>System.Array</T>
          <T>System.Object</T>
        </TN>
        <LST>
          <S>PSEdition_Core</S>
          <S>Windows</S>
          <S>Linux</S>
          <S>macOS</S>
          <S>Oracle</S>
          <S>OCI</S>
          <S>Cloud</S>
          <S>OracleCloudInfrastructure</S>
          <S>Zpr</S>
          <S>PSModule</S>
        </LST>
      </Obj>
      <Obj N="Includes" RefId="4">
        <TN RefId="3">
          <T>System.Collections.Hashtable</T>
          <T>System.Object</T>
        </TN>
        <DCT>
          <En>
            <S N="Key">Function</S>
            <Obj N="Value" RefId="5">
              <TNRef RefId="2" />
              <LST />
            </Obj>
          </En>
          <En>
            <S N="Key">RoleCapability</S>
            <Ref N="Value" RefId="5" />
          </En>
          <En>
            <S N="Key">Cmdlet</S>
            <Obj N="Value" RefId="6">
              <TNRef RefId="2" />
              <LST>
                <S>Get-OCIZprConfiguration</S>
                <S>Get-OCIZprConfigurationWorkRequest</S>
                <S>Get-OCIZprConfigurationWorkRequestErrorsList</S>
                <S>Get-OCIZprConfigurationWorkRequestLogsList</S>
                <S>Get-OCIZprConfigurationWorkRequestsList</S>
                <S>Get-OCIZprPoliciesList</S>
                <S>Get-OCIZprPolicy</S>
                <S>Get-OCIZprPolicyWorkRequest</S>
                <S>Get-OCIZprPolicyWorkRequestErrorsList</S>
                <S>Get-OCIZprPolicyWorkRequestLogsList</S>
                <S>Get-OCIZprPolicyWorkRequestsList</S>
                <S>New-OCIZprConfiguration</S>
                <S>New-OCIZprPolicy</S>
                <S>Remove-OCIZprPolicy</S>
                <S>Update-OCIZprPolicy</S>
              </LST>
            </Obj>
          </En>
          <En>
            <S N="Key">DscResource</S>
            <Ref N="Value" RefId="5" />
          </En>
          <En>
            <S N="Key">Command</S>
            <Obj N="Value" RefId="7">
              <TNRef RefId="2" />
              <LST>
                <S>Get-OCIZprConfiguration</S>
                <S>Get-OCIZprConfigurationWorkRequest</S>
                <S>Get-OCIZprConfigurationWorkRequestErrorsList</S>
                <S>Get-OCIZprConfigurationWorkRequestLogsList</S>
                <S>Get-OCIZprConfigurationWorkRequestsList</S>
                <S>Get-OCIZprPoliciesList</S>
                <S>Get-OCIZprPolicy</S>
                <S>Get-OCIZprPolicyWorkRequest</S>
                <S>Get-OCIZprPolicyWorkRequestErrorsList</S>
                <S>Get-OCIZprPolicyWorkRequestLogsList</S>
                <S>Get-OCIZprPolicyWorkRequestsList</S>
                <S>New-OCIZprConfiguration</S>
                <S>New-OCIZprPolicy</S>
                <S>Remove-OCIZprPolicy</S>
                <S>Update-OCIZprPolicy</S>
              </LST>
            </Obj>
          </En>
          <En>
            <S N="Key">Workflow</S>
            <Ref N="Value" RefId="5" />
          </En>
        </DCT>
      </Obj>
      <Nil N="PowerShellGetFormatVersion" />
      <S N="ReleaseNotes">https://github.com/oracle/oci-powershell-modules/blob/master/CHANGELOG.md</S>
      <Obj N="Dependencies" RefId="8">
        <TNRef RefId="2" />
        <LST>
          <Obj RefId="9">
            <TN RefId="4">
              <T>System.Collections.Specialized.OrderedDictionary</T>
              <T>System.Object</T>
            </TN>
            <DCT>
              <En>
                <S N="Key">Name</S>
                <S N="Value">OCI.PSModules.Common</S>
              </En>
              <En>
                <S N="Key">RequiredVersion</S>
                <S N="Value">120.0.0</S>
              </En>
              <En>
                <S N="Key">CanonicalId</S>
                <S N="Value">nuget:OCI.PSModules.Common/[120.0.0]</S>
              </En>
            </DCT>
          </Obj>
        </LST>
      </Obj>
      <S N="RepositorySourceLocation">https://www.powershellgallery.com/api/v2</S>
      <S N="Repository">PSGallery</S>
      <S N="PackageManagementProvider">NuGet</S>
      <Obj N="AdditionalMetadata" RefId="10">
        <TN RefId="5">
          <T>System.Management.Automation.PSCustomObject</T>
          <T>System.Object</T>
        </TN>
        <MS>
          <S N="copyright">(c) Oracle Cloud Infrastructure. All rights reserved.</S>
          <S N="description">This modules provides Cmdlets for OCI Zpr Service</S>
          <S N="requireLicenseAcceptance">False</S>
          <S N="releaseNotes">https://github.com/oracle/oci-powershell-modules/blob/master/CHANGELOG.md</S>
          <S N="isLatestVersion">True</S>
          <S N="isAbsoluteLatestVersion">True</S>
          <S N="versionDownloadCount">45</S>
          <S N="downloadCount">2552</S>
          <S N="packageSize">93587</S>
          <S N="published">11/18/2025 6:55:30 PM +02:00</S>
          <S N="created">11/18/2025 6:55:30 PM +02:00</S>
          <S N="lastUpdated">11/26/2025 9:30:00 PM +02:00</S>
          <S N="tags">PSEdition_Core Windows Linux macOS Oracle OCI Cloud OracleCloudInfrastructure Zpr PSModule PSCmdlet_Get-OCIZprConfiguration PSCommand_Get-OCIZprConfiguration PSCmdlet_Get-OCIZprConfigurationWorkRequest PSCommand_Get-OCIZprConfigurationWorkRequest PSCmdlet_Get-OCIZprConfigurationWorkRequestErrorsList PSCommand_Get-OCIZprConfigurationWorkRequestErrorsList PSCmdlet_Get-OCIZprConfigurationWorkRequestLogsList PSCommand_Get-OCIZprConfigurationWorkRequestLogsList PSCmdlet_Get-OCIZprConfigurationWorkRequestsList PSCommand_Get-OCIZprConfigurationWorkRequestsList PSCmdlet_Get-OCIZprPoliciesList PSCommand_Get-OCIZprPoliciesList PSCmdlet_Get-OCIZprPolicy PSCommand_Get-OCIZprPolicy PSCmdlet_Get-OCIZprPolicyWorkRequest PSCommand_Get-OCIZprPolicyWorkRequest PSCmdlet_Get-OCIZprPolicyWorkRequestErrorsList PSCommand_Get-OCIZprPolicyWorkRequestErrorsList PSCmdlet_Get-OCIZprPolicyWorkRequestLogsList PSCommand_Get-OCIZprPolicyWorkRequestLogsList PSCmdlet_Get-OCIZprPolicyWorkRequestsList PSCommand_Get-OCIZprPolicyWorkRequestsList PSCmdlet_New-OCIZprConfiguration PSCommand_New-OCIZprConfiguration PSCmdlet_New-OCIZprPolicy PSCommand_New-OCIZprPolicy PSCmdlet_Remove-OCIZprPolicy PSCommand_Remove-OCIZprPolicy PSCmdlet_Update-OCIZprPolicy PSCommand_Update-OCIZprPolicy PSIncludes_Cmdlet</S>
          <S N="developmentDependency">False</S>
          <S N="updated">2025-11-26T21:30:00Z</S>
          <S N="NormalizedVersion">120.0.0</S>
          <S N="Authors">Oracle Cloud Infrastructure</S>
          <S N="IsPrerelease">false</S>
          <S N="ItemType">Module</S>
          <S N="FileList">OCI.PSModules.Zpr.nuspec|OCI.PSModules.Zpr.psd1|LICENSE.txt|THIRD_PARTY_LICENSES.txt|OCI.PSModules.Zpr.dll-Help.xml|assemblies\OCI.PSModules.Zpr.dll|assemblies\OCI.DotNetSDK.Zpr.dll</S>
          <S N="GUID">b459ec67-aded-4553-a8d7-3cd77fa65995</S>
          <S N="PowerShellVersion">6.0</S>
          <S N="CompanyName">Oracle Corporation</S>
        </MS>
      </Obj>
      <S N="InstalledLocation">C:\Program Files\PowerShell\Modules\OCI.PSModules.Zpr\120.0.0</S>
    </MS>
  </Obj>
</Objs>
