﻿<helpItems schema="maml"><command xmlns:maml="http://schemas.microsoft.com/maml/2004/10" xmlns:command="http://schemas.microsoft.com/maml/dev/command/2004/10" xmlns:dev="http://schemas.microsoft.com/maml/dev/2004/10"><details><name>Register-MMUsage</name><description><para>Calls the AWS Marketplace Metering RegisterUsage API operation.</para></description><verb>Register</verb><noun>MMUsage</noun><copyright><para>&amp;copy; Copyright Amazon.com, Inc.or its affiliates.All Rights Reserved.</para></copyright></details><description><para>Paid container software products sold through AWS Marketplace must integrate with the AWS Marketplace Metering Service and call the <c>RegisterUsage</c> operation for software entitlement and metering. Free and BYOL products for Amazon ECS or Amazon EKS aren&amp;#39;t required to call <c>RegisterUsage</c>, but you may choose to do so if you would like to receive usage data in your seller reports. The sections below explain the behavior of <c>RegisterUsage</c>. <c>RegisterUsage</c> performs two primary functions: metering and entitlement. 
 - <i>Entitlement</i>: <c>RegisterUsage</c> allows you to verify that the customer running your paid software is subscribed to your product on AWS Marketplace, enabling you to guard against unauthorized use. Your container image that integrates with <c>RegisterUsage</c> is only required to guard against unauthorized use at container startup, as such a <c>CustomerNotSubscribedException</c> or <c>PlatformNotSupportedException</c> will only be thrown on the initial call to <c>RegisterUsage</c>. Subsequent calls from the same Amazon ECS task instance (e.g. task-id) or Amazon EKS pod will not throw a <c>CustomerNotSubscribedException</c>, even if the customer unsubscribes while the Amazon ECS task or Amazon EKS pod is still running. 
 - <i>Metering</i>: <c>RegisterUsage</c> meters software use per ECS task, per hour, or per pod for Amazon EKS with usage prorated to the second. A minimum of 1 minute of usage applies to tasks that are short lived. For example, if a customer has a 10 node Amazon ECS or Amazon EKS cluster and a service configured as a Daemon Set, then Amazon ECS or Amazon EKS will launch a task on all 10 cluster nodes and the customer will be charged: (10 * hourly_rate). Metering for software use is automatically handled by the AWS Marketplace Metering Control Plane -- your software is not required to perform any metering specific actions, other than call <c>RegisterUsage</c> once for metering of software use to commence. The AWS Marketplace Metering Control Plane will also continue to bill customers for running ECS tasks and Amazon EKS pods, regardless of the customers subscription state, removing the need for your software to perform entitlement checks at runtime. </para></description><syntax><syntaxItem><name>Register-MMUsage</name><parameter required="True" variableLength="false" globbing="false" pipelineInput="True (ByValue, ByPropertyName)" position="1"><name>ProductCode</name><description><para>Product code is used to uniquely identify a product in AWS Marketplace. The product code should be the same as the one used during the publishing of a new product. </para></description><parameterValue required="true" variableLength="false">System.String</parameterValue></parameter><parameter required="False" variableLength="false" globbing="false" pipelineInput="True (ByPropertyName)" position="Named"><name>Nonce</name><description><para>(Optional) To scope down the registration to a specific running software instance and guard against replay attacks. </para></description><parameterValue required="true" variableLength="false">System.String</parameterValue></parameter><parameter required="True" variableLength="false" globbing="false" pipelineInput="True (ByPropertyName)" position="Named"><name>PublicKeyVersion</name><description><para>Public Key Version provided by AWS Marketplace </para></description><parameterValue required="true" variableLength="false">System.Int32</parameterValue></parameter><parameter required="False" variableLength="false" globbing="false" pipelineInput="True (ByPropertyName)" position="Named"><name>Select</name><description><para>Use the -Select parameter to control the cmdlet output. The default value is &#39;*&#39;. Specifying -Select &#39;*&#39; will result in the cmdlet returning the whole service response (Amazon.AWSMarketplaceMetering.Model.RegisterUsageResponse). Specifying the name of a property of type Amazon.AWSMarketplaceMetering.Model.RegisterUsageResponse will result in that property being returned. Specifying -Select &#39;^ParameterName&#39; will result in the cmdlet returning the selected cmdlet parameter value. </para></description><parameterValue required="true" variableLength="false">System.String</parameterValue></parameter><parameter required="False" variableLength="false" globbing="false" pipelineInput="True (ByPropertyName)" position="Named"><name>PassThru</name><description><para>Changes the cmdlet behavior to return the value passed to the ProductCode parameter. The -PassThru parameter is deprecated, use -Select &#39;^ProductCode&#39; instead. This parameter will be removed in a future version. </para></description><parameterValue required="true" variableLength="false">System.Management.Automation.SwitchParameter</parameterValue></parameter><parameter required="False" variableLength="false" globbing="false" pipelineInput="True (ByPropertyName)" position="Named"><name>Force</name><description><para>This parameter overrides confirmation prompts to force  the cmdlet to continue its operation. This parameter should always be used with caution. </para></description><parameterValue required="true" variableLength="false">System.Management.Automation.SwitchParameter</parameterValue></parameter><parameter required="False" variableLength="false" globbing="false" pipelineInput="True (ByPropertyName)" position="Named"><name>ClientConfig</name><description><para>Amazon.PowerShell.Cmdlets.MM.AmazonAWSMarketplaceMeteringClientCmdlet.ClientConfig </para></description><parameterValue required="true" variableLength="false">Amazon.AWSMarketplaceMetering.AmazonAWSMarketplaceMeteringConfig</parameterValue></parameter><parameter required="False" variableLength="false" globbing="false" pipelineInput="True (ByPropertyName)" position="Named"><name>EndpointUrl</name><description><para>The endpoint to make the call against. 
<b>Note:</b> This parameter is primarily for internal AWS use and is not required/should not be specified for  normal usage. The cmdlets normally determine which endpoint to call based on the region specified to the -Region parameter or set as default in the shell (via Set-DefaultAWSRegion). Only specify this parameter if you must direct the call to a specific custom endpoint. </para></description><parameterValue required="true" variableLength="false">System.String</parameterValue></parameter><parameter required="False" variableLength="false" globbing="false" pipelineInput="True (ByPropertyName)" position="Named"><name>Region</name><description><para>The system name of an AWS region or an AWSRegion instance. This governs the endpoint that will be used when calling service operations. Note that  the AWS resources referenced in a call are usually region-specific. </para></description><parameterValue required="true" variableLength="false">System.Object</parameterValue></parameter><parameter required="False" variableLength="false" globbing="false" pipelineInput="True (ByPropertyName)" position="Named"><name>AccessKey</name><description><para>The AWS access key for the user account. This can be a temporary access key if the corresponding session token is supplied to the -SessionToken parameter. </para></description><parameterValue required="true" variableLength="false">System.String</parameterValue></parameter><parameter required="False" variableLength="false" globbing="false" pipelineInput="True (ByPropertyName)" position="Named"><name>SecretKey</name><description><para>The AWS secret key for the user account. This can be a temporary secret key if the corresponding session token is supplied to the -SessionToken parameter. </para></description><parameterValue required="true" variableLength="false">System.String</parameterValue></parameter><parameter required="False" variableLength="false" globbing="false" pipelineInput="True (ByPropertyName)" position="Named"><name>SessionToken</name><description><para>The session token if the access and secret keys are temporary session-based credentials. </para></description><parameterValue required="true" variableLength="false">System.String</parameterValue></parameter><parameter required="False" variableLength="false" globbing="false" pipelineInput="True (ByPropertyName)" position="Named"><name>ProfileName</name><description><para>The user-defined name of an AWS credentials or SAML-based role profile containing credential information. The profile is expected to be found in the secure credential file shared with the AWS SDK for .NET and AWS Toolkit for Visual Studio. You can also specify the name of a profile stored in the .ini-format credential file used with  the AWS CLI and other AWS SDKs. </para></description><parameterValue required="true" variableLength="false">System.String</parameterValue></parameter><parameter required="False" variableLength="false" globbing="false" pipelineInput="True (ByPropertyName)" position="Named"><name>ProfileLocation</name><description><para>Used to specify the name and location of the ini-format credential file (shared with the AWS CLI and other AWS SDKs) 
If this optional parameter is omitted this cmdlet will search the encrypted credential file used by the AWS SDK for .NET and AWS Toolkit for Visual Studio first. If the profile is not found then the cmdlet will search in the ini-format credential file at the default location: (user&#39;s home directory)\.aws\credentials. 
If this parameter is specified then this cmdlet will only search the ini-format credential file at the location given. 
As the current folder can vary in a shell or during script execution it is advised that you use specify a fully qualified path instead of a relative path. </para></description><parameterValue required="true" variableLength="false">System.String</parameterValue></parameter><parameter required="False" variableLength="false" globbing="false" pipelineInput="True (ByValue, ByPropertyName)" position="Named"><name>Credential</name><description><para>An AWSCredentials object instance containing access and secret key information, and optionally a token for session-based credentials. </para></description><parameterValue required="true" variableLength="false">Amazon.Runtime.AWSCredentials</parameterValue></parameter><parameter required="False" variableLength="false" globbing="false" pipelineInput="True (ByValue, ByPropertyName)" position="Named"><name>NetworkCredential</name><description><para>Used with SAML-based authentication when ProfileName references a SAML role profile.  Contains the network credentials to be supplied during authentication with the  configured identity provider&#39;s endpoint. This parameter is not required if the user&#39;s default network identity can or should be used during authentication. </para></description><parameterValue required="true" variableLength="false">System.Management.Automation.PSCredential</parameterValue></parameter></syntaxItem></syntax><parameters><parameter required="False" variableLength="false" globbing="false" pipelineInput="True (ByPropertyName)" position="Named"><name>AccessKey</name><description><para>The AWS access key for the user account. This can be a temporary access key if the corresponding session token is supplied to the -SessionToken parameter. </para></description><parameterValue required="true" variableLength="false">System.String</parameterValue><type><name>System.String</name><uri /></type><defaultValue>None</defaultValue></parameter><parameter required="False" variableLength="false" globbing="false" pipelineInput="True (ByPropertyName)" position="Named"><name>ClientConfig</name><description><para>Amazon.PowerShell.Cmdlets.MM.AmazonAWSMarketplaceMeteringClientCmdlet.ClientConfig </para></description><parameterValue required="true" variableLength="false">Amazon.AWSMarketplaceMetering.AmazonAWSMarketplaceMeteringConfig</parameterValue><type><name>Amazon.AWSMarketplaceMetering.AmazonAWSMarketplaceMeteringConfig</name><uri /></type><defaultValue>None</defaultValue></parameter><parameter required="False" variableLength="false" globbing="false" pipelineInput="True (ByValue, ByPropertyName)" position="Named"><name>Credential</name><description><para>An AWSCredentials object instance containing access and secret key information, and optionally a token for session-based credentials. </para></description><parameterValue required="true" variableLength="false">Amazon.Runtime.AWSCredentials</parameterValue><type><name>Amazon.Runtime.AWSCredentials</name><uri /></type><defaultValue>None</defaultValue></parameter><parameter required="False" variableLength="false" globbing="false" pipelineInput="True (ByPropertyName)" position="Named"><name>EndpointUrl</name><description><para>The endpoint to make the call against. 
<b>Note:</b> This parameter is primarily for internal AWS use and is not required/should not be specified for  normal usage. The cmdlets normally determine which endpoint to call based on the region specified to the -Region parameter or set as default in the shell (via Set-DefaultAWSRegion). Only specify this parameter if you must direct the call to a specific custom endpoint. </para></description><parameterValue required="true" variableLength="false">System.String</parameterValue><type><name>System.String</name><uri /></type><defaultValue>None</defaultValue></parameter><parameter required="False" variableLength="false" globbing="false" pipelineInput="True (ByPropertyName)" position="Named"><name>Force</name><description><para>This parameter overrides confirmation prompts to force  the cmdlet to continue its operation. This parameter should always be used with caution. </para></description><parameterValue required="true" variableLength="false">System.Management.Automation.SwitchParameter</parameterValue><type><name>System.Management.Automation.SwitchParameter</name><uri /></type><defaultValue>None</defaultValue></parameter><parameter required="False" variableLength="false" globbing="false" pipelineInput="True (ByValue, ByPropertyName)" position="Named"><name>NetworkCredential</name><description><para>Used with SAML-based authentication when ProfileName references a SAML role profile.  Contains the network credentials to be supplied during authentication with the  configured identity provider&#39;s endpoint. This parameter is not required if the user&#39;s default network identity can or should be used during authentication. </para></description><parameterValue required="true" variableLength="false">System.Management.Automation.PSCredential</parameterValue><type><name>System.Management.Automation.PSCredential</name><uri /></type><defaultValue>None</defaultValue></parameter><parameter required="False" variableLength="false" globbing="false" pipelineInput="True (ByPropertyName)" position="Named"><name>Nonce</name><description><para>(Optional) To scope down the registration to a specific running software instance and guard against replay attacks. </para></description><parameterValue required="true" variableLength="false">System.String</parameterValue><type><name>System.String</name><uri /></type><defaultValue>None</defaultValue></parameter><parameter required="False" variableLength="false" globbing="false" pipelineInput="True (ByPropertyName)" position="Named"><name>PassThru</name><description><para>Changes the cmdlet behavior to return the value passed to the ProductCode parameter. The -PassThru parameter is deprecated, use -Select &#39;^ProductCode&#39; instead. This parameter will be removed in a future version. </para></description><parameterValue required="true" variableLength="false">System.Management.Automation.SwitchParameter</parameterValue><type><name>System.Management.Automation.SwitchParameter</name><uri /></type><defaultValue>None</defaultValue></parameter><parameter required="True" variableLength="false" globbing="false" pipelineInput="True (ByValue, ByPropertyName)" position="1"><name>ProductCode</name><description><para>Product code is used to uniquely identify a product in AWS Marketplace. The product code should be the same as the one used during the publishing of a new product. </para></description><parameterValue required="true" variableLength="false">System.String</parameterValue><type><name>System.String</name><uri /></type><defaultValue>None</defaultValue></parameter><parameter required="False" variableLength="false" globbing="false" pipelineInput="True (ByPropertyName)" position="Named"><name>ProfileLocation</name><description><para>Used to specify the name and location of the ini-format credential file (shared with the AWS CLI and other AWS SDKs) 
If this optional parameter is omitted this cmdlet will search the encrypted credential file used by the AWS SDK for .NET and AWS Toolkit for Visual Studio first. If the profile is not found then the cmdlet will search in the ini-format credential file at the default location: (user&#39;s home directory)\.aws\credentials. 
If this parameter is specified then this cmdlet will only search the ini-format credential file at the location given. 
As the current folder can vary in a shell or during script execution it is advised that you use specify a fully qualified path instead of a relative path. </para></description><parameterValue required="true" variableLength="false">System.String</parameterValue><type><name>System.String</name><uri /></type><defaultValue>None</defaultValue></parameter><parameter required="False" variableLength="false" globbing="false" pipelineInput="True (ByPropertyName)" position="Named"><name>ProfileName</name><description><para>The user-defined name of an AWS credentials or SAML-based role profile containing credential information. The profile is expected to be found in the secure credential file shared with the AWS SDK for .NET and AWS Toolkit for Visual Studio. You can also specify the name of a profile stored in the .ini-format credential file used with  the AWS CLI and other AWS SDKs. </para></description><parameterValue required="true" variableLength="false">System.String</parameterValue><type><name>System.String</name><uri /></type><defaultValue>None</defaultValue></parameter><parameter required="True" variableLength="false" globbing="false" pipelineInput="True (ByPropertyName)" position="Named"><name>PublicKeyVersion</name><description><para>Public Key Version provided by AWS Marketplace </para></description><parameterValue required="true" variableLength="false">System.Int32</parameterValue><type><name>System.Int32</name><uri /></type><defaultValue>None</defaultValue></parameter><parameter required="False" variableLength="false" globbing="false" pipelineInput="True (ByPropertyName)" position="Named"><name>Region</name><description><para>The system name of an AWS region or an AWSRegion instance. This governs the endpoint that will be used when calling service operations. Note that  the AWS resources referenced in a call are usually region-specific. </para></description><parameterValue required="true" variableLength="false">System.Object</parameterValue><type><name>System.Object</name><uri /></type><defaultValue>None</defaultValue></parameter><parameter required="False" variableLength="false" globbing="false" pipelineInput="True (ByPropertyName)" position="Named"><name>SecretKey</name><description><para>The AWS secret key for the user account. This can be a temporary secret key if the corresponding session token is supplied to the -SessionToken parameter. </para></description><parameterValue required="true" variableLength="false">System.String</parameterValue><type><name>System.String</name><uri /></type><defaultValue>None</defaultValue></parameter><parameter required="False" variableLength="false" globbing="false" pipelineInput="True (ByPropertyName)" position="Named"><name>Select</name><description><para>Use the -Select parameter to control the cmdlet output. The default value is &#39;*&#39;. Specifying -Select &#39;*&#39; will result in the cmdlet returning the whole service response (Amazon.AWSMarketplaceMetering.Model.RegisterUsageResponse). Specifying the name of a property of type Amazon.AWSMarketplaceMetering.Model.RegisterUsageResponse will result in that property being returned. Specifying -Select &#39;^ParameterName&#39; will result in the cmdlet returning the selected cmdlet parameter value. </para></description><parameterValue required="true" variableLength="false">System.String</parameterValue><type><name>System.String</name><uri /></type><defaultValue>None</defaultValue></parameter><parameter required="False" variableLength="false" globbing="false" pipelineInput="True (ByPropertyName)" position="Named"><name>SessionToken</name><description><para>The session token if the access and secret keys are temporary session-based credentials. </para></description><parameterValue required="true" variableLength="false">System.String</parameterValue><type><name>System.String</name><uri /></type><defaultValue>None</defaultValue></parameter></parameters><returnValues><returnValue><type><name>Amazon.AWSMarketplaceMetering.Model.RegisterUsageResponse</name><uri /><description /></type><description><para>This cmdlet returns an Amazon.AWSMarketplaceMetering.Model.RegisterUsageResponse object containing multiple properties.</para></description></returnValue></returnValues><relatedLinks><navigationLink><linkText>Online version:</linkText><uri>http://docs.aws.amazon.com/powershell/latest/reference/index.html?page=Register-MMUsage.html&amp;tocid=Register-MMUsage</uri></navigationLink><navigationLink><linkText>Common credential and region parameters: </linkText><uri>http://docs.aws.amazon.com/powershell/latest/reference/items/pstoolsref-commonparams.html</uri></navigationLink></relatedLinks></command><command xmlns:maml="http://schemas.microsoft.com/maml/2004/10" xmlns:command="http://schemas.microsoft.com/maml/dev/command/2004/10" xmlns:dev="http://schemas.microsoft.com/maml/dev/2004/10"><details><name>Send-MMMeteringDataBatch</name><description><para>Calls the AWS Marketplace Metering BatchMeterUsage API operation.</para></description><verb>Send</verb><noun>MMMeteringDataBatch</noun><copyright><para>&amp;copy; Copyright Amazon.com, Inc.or its affiliates.All Rights Reserved.</para></copyright></details><description><para><c>BatchMeterUsage</c> is called from a SaaS application listed on AWS Marketplace to post metering records for a set of customers. 
For identical requests, the API is idempotent; requests can be retried with the same records or a subset of the input records. 
Every request to <c>BatchMeterUsage</c> is for one product. If you need to meter usage for multiple products, you must make multiple calls to <c>BatchMeterUsage</c>. 
Usage records are expected to be submitted as quickly as possible after the event that is being recorded, and are not accepted more than 6 hours after the event. 
<c>BatchMeterUsage</c> can process up to 25 <c>UsageRecords</c> at a time. 
A <c>UsageRecord</c> can optionally include multiple usage allocations, to provide customers with usage data split into buckets by tags that you define (or allow the customer to define). 
<c>BatchMeterUsage</c> returns a list of <c>UsageRecordResult</c> objects, showing the result for each <c>UsageRecord</c>, as well as a list of <c>UnprocessedRecords</c>, indicating errors in the service side that you should retry. 
<c>BatchMeterUsage</c> requests must be less than 1MB in size. 
For an example of using <c>BatchMeterUsage</c>, see <a href="https://docs.aws.amazon.com/marketplace/latest/userguide/saas-code-examples.html#saas-batchmeterusage-example"> BatchMeterUsage code example</a> in the <i>AWS Marketplace Seller Guide</i>. </para></description><syntax><syntaxItem><name>Send-MMMeteringDataBatch</name><parameter required="True" variableLength="false" globbing="false" pipelineInput="True (ByValue, ByPropertyName)" position="1"><name>ProductCode</name><description><para>Product code is used to uniquely identify a product in AWS Marketplace. The product code should be the same as the one used during the publishing of a new product. </para></description><parameterValue required="true" variableLength="false">System.String</parameterValue></parameter><parameter required="True" variableLength="false" globbing="false" pipelineInput="True (ByPropertyName)" position="Named"><name>UsageRecord</name><description><para>The set of <c>UsageRecords</c> to submit. <c>BatchMeterUsage</c> accepts up to 25 <c>UsageRecords</c> at a time. </para></description><parameterValue required="true" variableLength="false">Amazon.AWSMarketplaceMetering.Model.UsageRecord[]</parameterValue></parameter><parameter required="False" variableLength="false" globbing="false" pipelineInput="True (ByPropertyName)" position="Named"><name>Select</name><description><para>Use the -Select parameter to control the cmdlet output. The default value is &#39;*&#39;. Specifying -Select &#39;*&#39; will result in the cmdlet returning the whole service response (Amazon.AWSMarketplaceMetering.Model.BatchMeterUsageResponse). Specifying the name of a property of type Amazon.AWSMarketplaceMetering.Model.BatchMeterUsageResponse will result in that property being returned. Specifying -Select &#39;^ParameterName&#39; will result in the cmdlet returning the selected cmdlet parameter value. </para></description><parameterValue required="true" variableLength="false">System.String</parameterValue></parameter><parameter required="False" variableLength="false" globbing="false" pipelineInput="True (ByPropertyName)" position="Named"><name>PassThru</name><description><para>Changes the cmdlet behavior to return the value passed to the ProductCode parameter. The -PassThru parameter is deprecated, use -Select &#39;^ProductCode&#39; instead. This parameter will be removed in a future version. </para></description><parameterValue required="true" variableLength="false">System.Management.Automation.SwitchParameter</parameterValue></parameter><parameter required="False" variableLength="false" globbing="false" pipelineInput="True (ByPropertyName)" position="Named"><name>Force</name><description><para>This parameter overrides confirmation prompts to force  the cmdlet to continue its operation. This parameter should always be used with caution. </para></description><parameterValue required="true" variableLength="false">System.Management.Automation.SwitchParameter</parameterValue></parameter><parameter required="False" variableLength="false" globbing="false" pipelineInput="True (ByPropertyName)" position="Named"><name>ClientConfig</name><description><para>Amazon.PowerShell.Cmdlets.MM.AmazonAWSMarketplaceMeteringClientCmdlet.ClientConfig </para></description><parameterValue required="true" variableLength="false">Amazon.AWSMarketplaceMetering.AmazonAWSMarketplaceMeteringConfig</parameterValue></parameter><parameter required="False" variableLength="false" globbing="false" pipelineInput="True (ByPropertyName)" position="Named"><name>EndpointUrl</name><description><para>The endpoint to make the call against. 
<b>Note:</b> This parameter is primarily for internal AWS use and is not required/should not be specified for  normal usage. The cmdlets normally determine which endpoint to call based on the region specified to the -Region parameter or set as default in the shell (via Set-DefaultAWSRegion). Only specify this parameter if you must direct the call to a specific custom endpoint. </para></description><parameterValue required="true" variableLength="false">System.String</parameterValue></parameter><parameter required="False" variableLength="false" globbing="false" pipelineInput="True (ByPropertyName)" position="Named"><name>Region</name><description><para>The system name of an AWS region or an AWSRegion instance. This governs the endpoint that will be used when calling service operations. Note that  the AWS resources referenced in a call are usually region-specific. </para></description><parameterValue required="true" variableLength="false">System.Object</parameterValue></parameter><parameter required="False" variableLength="false" globbing="false" pipelineInput="True (ByPropertyName)" position="Named"><name>AccessKey</name><description><para>The AWS access key for the user account. This can be a temporary access key if the corresponding session token is supplied to the -SessionToken parameter. </para></description><parameterValue required="true" variableLength="false">System.String</parameterValue></parameter><parameter required="False" variableLength="false" globbing="false" pipelineInput="True (ByPropertyName)" position="Named"><name>SecretKey</name><description><para>The AWS secret key for the user account. This can be a temporary secret key if the corresponding session token is supplied to the -SessionToken parameter. </para></description><parameterValue required="true" variableLength="false">System.String</parameterValue></parameter><parameter required="False" variableLength="false" globbing="false" pipelineInput="True (ByPropertyName)" position="Named"><name>SessionToken</name><description><para>The session token if the access and secret keys are temporary session-based credentials. </para></description><parameterValue required="true" variableLength="false">System.String</parameterValue></parameter><parameter required="False" variableLength="false" globbing="false" pipelineInput="True (ByPropertyName)" position="Named"><name>ProfileName</name><description><para>The user-defined name of an AWS credentials or SAML-based role profile containing credential information. The profile is expected to be found in the secure credential file shared with the AWS SDK for .NET and AWS Toolkit for Visual Studio. You can also specify the name of a profile stored in the .ini-format credential file used with  the AWS CLI and other AWS SDKs. </para></description><parameterValue required="true" variableLength="false">System.String</parameterValue></parameter><parameter required="False" variableLength="false" globbing="false" pipelineInput="True (ByPropertyName)" position="Named"><name>ProfileLocation</name><description><para>Used to specify the name and location of the ini-format credential file (shared with the AWS CLI and other AWS SDKs) 
If this optional parameter is omitted this cmdlet will search the encrypted credential file used by the AWS SDK for .NET and AWS Toolkit for Visual Studio first. If the profile is not found then the cmdlet will search in the ini-format credential file at the default location: (user&#39;s home directory)\.aws\credentials. 
If this parameter is specified then this cmdlet will only search the ini-format credential file at the location given. 
As the current folder can vary in a shell or during script execution it is advised that you use specify a fully qualified path instead of a relative path. </para></description><parameterValue required="true" variableLength="false">System.String</parameterValue></parameter><parameter required="False" variableLength="false" globbing="false" pipelineInput="True (ByValue, ByPropertyName)" position="Named"><name>Credential</name><description><para>An AWSCredentials object instance containing access and secret key information, and optionally a token for session-based credentials. </para></description><parameterValue required="true" variableLength="false">Amazon.Runtime.AWSCredentials</parameterValue></parameter><parameter required="False" variableLength="false" globbing="false" pipelineInput="True (ByValue, ByPropertyName)" position="Named"><name>NetworkCredential</name><description><para>Used with SAML-based authentication when ProfileName references a SAML role profile.  Contains the network credentials to be supplied during authentication with the  configured identity provider&#39;s endpoint. This parameter is not required if the user&#39;s default network identity can or should be used during authentication. </para></description><parameterValue required="true" variableLength="false">System.Management.Automation.PSCredential</parameterValue></parameter></syntaxItem></syntax><parameters><parameter required="False" variableLength="false" globbing="false" pipelineInput="True (ByPropertyName)" position="Named"><name>AccessKey</name><description><para>The AWS access key for the user account. This can be a temporary access key if the corresponding session token is supplied to the -SessionToken parameter. </para></description><parameterValue required="true" variableLength="false">System.String</parameterValue><type><name>System.String</name><uri /></type><defaultValue>None</defaultValue></parameter><parameter required="False" variableLength="false" globbing="false" pipelineInput="True (ByPropertyName)" position="Named"><name>ClientConfig</name><description><para>Amazon.PowerShell.Cmdlets.MM.AmazonAWSMarketplaceMeteringClientCmdlet.ClientConfig </para></description><parameterValue required="true" variableLength="false">Amazon.AWSMarketplaceMetering.AmazonAWSMarketplaceMeteringConfig</parameterValue><type><name>Amazon.AWSMarketplaceMetering.AmazonAWSMarketplaceMeteringConfig</name><uri /></type><defaultValue>None</defaultValue></parameter><parameter required="False" variableLength="false" globbing="false" pipelineInput="True (ByValue, ByPropertyName)" position="Named"><name>Credential</name><description><para>An AWSCredentials object instance containing access and secret key information, and optionally a token for session-based credentials. </para></description><parameterValue required="true" variableLength="false">Amazon.Runtime.AWSCredentials</parameterValue><type><name>Amazon.Runtime.AWSCredentials</name><uri /></type><defaultValue>None</defaultValue></parameter><parameter required="False" variableLength="false" globbing="false" pipelineInput="True (ByPropertyName)" position="Named"><name>EndpointUrl</name><description><para>The endpoint to make the call against. 
<b>Note:</b> This parameter is primarily for internal AWS use and is not required/should not be specified for  normal usage. The cmdlets normally determine which endpoint to call based on the region specified to the -Region parameter or set as default in the shell (via Set-DefaultAWSRegion). Only specify this parameter if you must direct the call to a specific custom endpoint. </para></description><parameterValue required="true" variableLength="false">System.String</parameterValue><type><name>System.String</name><uri /></type><defaultValue>None</defaultValue></parameter><parameter required="False" variableLength="false" globbing="false" pipelineInput="True (ByPropertyName)" position="Named"><name>Force</name><description><para>This parameter overrides confirmation prompts to force  the cmdlet to continue its operation. This parameter should always be used with caution. </para></description><parameterValue required="true" variableLength="false">System.Management.Automation.SwitchParameter</parameterValue><type><name>System.Management.Automation.SwitchParameter</name><uri /></type><defaultValue>None</defaultValue></parameter><parameter required="False" variableLength="false" globbing="false" pipelineInput="True (ByValue, ByPropertyName)" position="Named"><name>NetworkCredential</name><description><para>Used with SAML-based authentication when ProfileName references a SAML role profile.  Contains the network credentials to be supplied during authentication with the  configured identity provider&#39;s endpoint. This parameter is not required if the user&#39;s default network identity can or should be used during authentication. </para></description><parameterValue required="true" variableLength="false">System.Management.Automation.PSCredential</parameterValue><type><name>System.Management.Automation.PSCredential</name><uri /></type><defaultValue>None</defaultValue></parameter><parameter required="False" variableLength="false" globbing="false" pipelineInput="True (ByPropertyName)" position="Named"><name>PassThru</name><description><para>Changes the cmdlet behavior to return the value passed to the ProductCode parameter. The -PassThru parameter is deprecated, use -Select &#39;^ProductCode&#39; instead. This parameter will be removed in a future version. </para></description><parameterValue required="true" variableLength="false">System.Management.Automation.SwitchParameter</parameterValue><type><name>System.Management.Automation.SwitchParameter</name><uri /></type><defaultValue>None</defaultValue></parameter><parameter required="True" variableLength="false" globbing="false" pipelineInput="True (ByValue, ByPropertyName)" position="1"><name>ProductCode</name><description><para>Product code is used to uniquely identify a product in AWS Marketplace. The product code should be the same as the one used during the publishing of a new product. </para></description><parameterValue required="true" variableLength="false">System.String</parameterValue><type><name>System.String</name><uri /></type><defaultValue>None</defaultValue></parameter><parameter required="False" variableLength="false" globbing="false" pipelineInput="True (ByPropertyName)" position="Named"><name>ProfileLocation</name><description><para>Used to specify the name and location of the ini-format credential file (shared with the AWS CLI and other AWS SDKs) 
If this optional parameter is omitted this cmdlet will search the encrypted credential file used by the AWS SDK for .NET and AWS Toolkit for Visual Studio first. If the profile is not found then the cmdlet will search in the ini-format credential file at the default location: (user&#39;s home directory)\.aws\credentials. 
If this parameter is specified then this cmdlet will only search the ini-format credential file at the location given. 
As the current folder can vary in a shell or during script execution it is advised that you use specify a fully qualified path instead of a relative path. </para></description><parameterValue required="true" variableLength="false">System.String</parameterValue><type><name>System.String</name><uri /></type><defaultValue>None</defaultValue></parameter><parameter required="False" variableLength="false" globbing="false" pipelineInput="True (ByPropertyName)" position="Named"><name>ProfileName</name><description><para>The user-defined name of an AWS credentials or SAML-based role profile containing credential information. The profile is expected to be found in the secure credential file shared with the AWS SDK for .NET and AWS Toolkit for Visual Studio. You can also specify the name of a profile stored in the .ini-format credential file used with  the AWS CLI and other AWS SDKs. </para></description><parameterValue required="true" variableLength="false">System.String</parameterValue><type><name>System.String</name><uri /></type><defaultValue>None</defaultValue></parameter><parameter required="False" variableLength="false" globbing="false" pipelineInput="True (ByPropertyName)" position="Named"><name>Region</name><description><para>The system name of an AWS region or an AWSRegion instance. This governs the endpoint that will be used when calling service operations. Note that  the AWS resources referenced in a call are usually region-specific. </para></description><parameterValue required="true" variableLength="false">System.Object</parameterValue><type><name>System.Object</name><uri /></type><defaultValue>None</defaultValue></parameter><parameter required="False" variableLength="false" globbing="false" pipelineInput="True (ByPropertyName)" position="Named"><name>SecretKey</name><description><para>The AWS secret key for the user account. This can be a temporary secret key if the corresponding session token is supplied to the -SessionToken parameter. </para></description><parameterValue required="true" variableLength="false">System.String</parameterValue><type><name>System.String</name><uri /></type><defaultValue>None</defaultValue></parameter><parameter required="False" variableLength="false" globbing="false" pipelineInput="True (ByPropertyName)" position="Named"><name>Select</name><description><para>Use the -Select parameter to control the cmdlet output. The default value is &#39;*&#39;. Specifying -Select &#39;*&#39; will result in the cmdlet returning the whole service response (Amazon.AWSMarketplaceMetering.Model.BatchMeterUsageResponse). Specifying the name of a property of type Amazon.AWSMarketplaceMetering.Model.BatchMeterUsageResponse will result in that property being returned. Specifying -Select &#39;^ParameterName&#39; will result in the cmdlet returning the selected cmdlet parameter value. </para></description><parameterValue required="true" variableLength="false">System.String</parameterValue><type><name>System.String</name><uri /></type><defaultValue>None</defaultValue></parameter><parameter required="False" variableLength="false" globbing="false" pipelineInput="True (ByPropertyName)" position="Named"><name>SessionToken</name><description><para>The session token if the access and secret keys are temporary session-based credentials. </para></description><parameterValue required="true" variableLength="false">System.String</parameterValue><type><name>System.String</name><uri /></type><defaultValue>None</defaultValue></parameter><parameter required="True" variableLength="false" globbing="false" pipelineInput="True (ByPropertyName)" position="Named"><name>UsageRecord</name><description><para>The set of <c>UsageRecords</c> to submit. <c>BatchMeterUsage</c> accepts up to 25 <c>UsageRecords</c> at a time. </para></description><parameterValue required="true" variableLength="false">Amazon.AWSMarketplaceMetering.Model.UsageRecord[]</parameterValue><type><name>Amazon.AWSMarketplaceMetering.Model.UsageRecord[]</name><uri /></type><defaultValue>None</defaultValue></parameter></parameters><returnValues><returnValue><type><name>Amazon.AWSMarketplaceMetering.Model.BatchMeterUsageResponse</name><uri /><description /></type><description><para>This cmdlet returns an Amazon.AWSMarketplaceMetering.Model.BatchMeterUsageResponse object containing multiple properties.</para></description></returnValue></returnValues><relatedLinks><navigationLink><linkText>Online version:</linkText><uri>http://docs.aws.amazon.com/powershell/latest/reference/index.html?page=Send-MMMeteringDataBatch.html&amp;tocid=Send-MMMeteringDataBatch</uri></navigationLink><navigationLink><linkText>Common credential and region parameters: </linkText><uri>http://docs.aws.amazon.com/powershell/latest/reference/items/pstoolsref-commonparams.html</uri></navigationLink></relatedLinks></command><command xmlns:maml="http://schemas.microsoft.com/maml/2004/10" xmlns:command="http://schemas.microsoft.com/maml/dev/command/2004/10" xmlns:dev="http://schemas.microsoft.com/maml/dev/2004/10"><details><name>Send-MMMeteringData</name><description><para>Calls the AWS Marketplace Metering MeterUsage API operation.</para></description><verb>Send</verb><noun>MMMeteringData</noun><copyright><para>&amp;copy; Copyright Amazon.com, Inc.or its affiliates.All Rights Reserved.</para></copyright></details><description><para>API to emit metering records. For identical requests, the API is idempotent. It simply returns the metering record ID. 
<c>MeterUsage</c> is authenticated on the buyer&amp;#39;s AWS account using credentials from the EC2 instance, ECS task, or EKS pod. 
<c>MeterUsage</c> can optionally include multiple usage allocations, to provide customers with usage data split into buckets by tags that you define (or allow the customer to define). 
Usage records are expected to be submitted as quickly as possible after the event that is being recorded, and are not accepted more than 6 hours after the event. </para></description><syntax><syntaxItem><name>Send-MMMeteringData</name><parameter required="True" variableLength="false" globbing="false" pipelineInput="True (ByValue, ByPropertyName)" position="1"><name>ProductCode</name><description><para>Product code is used to uniquely identify a product in AWS Marketplace. The product code should be the same as the one used during the publishing of a new product. </para></description><parameterValue required="true" variableLength="false">System.String</parameterValue></parameter><parameter required="False" variableLength="false" globbing="false" pipelineInput="True (ByPropertyName)" position="Named"><name>DryRun</name><description><para>Checks whether you have the permissions required for the action, but does not make the request. If you have the permissions, the request returns <c>DryRunOperation</c>; otherwise, it returns <c>UnauthorizedException</c>. Defaults to <c>false</c> if not specified. </para></description><parameterValue required="true" variableLength="false">System.Boolean</parameterValue></parameter><parameter required="True" variableLength="false" globbing="false" pipelineInput="True (ByPropertyName)" position="Named"><name>Timestamp</name><description><para>Timestamp, in UTC, for which the usage is being reported. Your application can meter usage for up to one hour in the past. Make sure the <c>timestamp</c> value is not before the start of the software usage. </para></description><parameterValue required="true" variableLength="false">System.DateTime</parameterValue></parameter><parameter required="False" variableLength="false" globbing="false" pipelineInput="True (ByPropertyName)" position="Named"><name>UsageAllocation</name><description><para>The set of <c>UsageAllocations</c> to submit. 
The sum of all <c>UsageAllocation</c> quantities must equal the <c>UsageQuantity</c> of the <c>MeterUsage</c> request, and each <c>UsageAllocation</c> must have a unique set of tags (include no tags). </para></description><parameterValue required="true" variableLength="false">Amazon.AWSMarketplaceMetering.Model.UsageAllocation[]</parameterValue></parameter><parameter required="True" variableLength="false" globbing="false" pipelineInput="True (ByPropertyName)" position="Named"><name>UsageDimension</name><description><para>It will be one of the fcp dimension name provided during the publishing of the product. </para></description><parameterValue required="true" variableLength="false">System.String</parameterValue></parameter><parameter required="False" variableLength="false" globbing="false" pipelineInput="True (ByPropertyName)" position="Named"><name>UsageQuantity</name><description><para>Consumption value for the hour. Defaults to <c>0</c> if not specified. </para></description><parameterValue required="true" variableLength="false">System.Int32</parameterValue></parameter><parameter required="False" variableLength="false" globbing="false" pipelineInput="True (ByPropertyName)" position="Named"><name>Select</name><description><para>Use the -Select parameter to control the cmdlet output. The default value is &#39;MeteringRecordId&#39;. Specifying -Select &#39;*&#39; will result in the cmdlet returning the whole service response (Amazon.AWSMarketplaceMetering.Model.MeterUsageResponse). Specifying the name of a property of type Amazon.AWSMarketplaceMetering.Model.MeterUsageResponse will result in that property being returned. Specifying -Select &#39;^ParameterName&#39; will result in the cmdlet returning the selected cmdlet parameter value. </para></description><parameterValue required="true" variableLength="false">System.String</parameterValue></parameter><parameter required="False" variableLength="false" globbing="false" pipelineInput="True (ByPropertyName)" position="Named"><name>PassThru</name><description><para>Changes the cmdlet behavior to return the value passed to the ProductCode parameter. The -PassThru parameter is deprecated, use -Select &#39;^ProductCode&#39; instead. This parameter will be removed in a future version. </para></description><parameterValue required="true" variableLength="false">System.Management.Automation.SwitchParameter</parameterValue></parameter><parameter required="False" variableLength="false" globbing="false" pipelineInput="True (ByPropertyName)" position="Named"><name>Force</name><description><para>This parameter overrides confirmation prompts to force  the cmdlet to continue its operation. This parameter should always be used with caution. </para></description><parameterValue required="true" variableLength="false">System.Management.Automation.SwitchParameter</parameterValue></parameter><parameter required="False" variableLength="false" globbing="false" pipelineInput="True (ByPropertyName)" position="Named"><name>ClientConfig</name><description><para>Amazon.PowerShell.Cmdlets.MM.AmazonAWSMarketplaceMeteringClientCmdlet.ClientConfig </para></description><parameterValue required="true" variableLength="false">Amazon.AWSMarketplaceMetering.AmazonAWSMarketplaceMeteringConfig</parameterValue></parameter><parameter required="False" variableLength="false" globbing="false" pipelineInput="True (ByPropertyName)" position="Named"><name>EndpointUrl</name><description><para>The endpoint to make the call against. 
<b>Note:</b> This parameter is primarily for internal AWS use and is not required/should not be specified for  normal usage. The cmdlets normally determine which endpoint to call based on the region specified to the -Region parameter or set as default in the shell (via Set-DefaultAWSRegion). Only specify this parameter if you must direct the call to a specific custom endpoint. </para></description><parameterValue required="true" variableLength="false">System.String</parameterValue></parameter><parameter required="False" variableLength="false" globbing="false" pipelineInput="True (ByPropertyName)" position="Named"><name>Region</name><description><para>The system name of an AWS region or an AWSRegion instance. This governs the endpoint that will be used when calling service operations. Note that  the AWS resources referenced in a call are usually region-specific. </para></description><parameterValue required="true" variableLength="false">System.Object</parameterValue></parameter><parameter required="False" variableLength="false" globbing="false" pipelineInput="True (ByPropertyName)" position="Named"><name>AccessKey</name><description><para>The AWS access key for the user account. This can be a temporary access key if the corresponding session token is supplied to the -SessionToken parameter. </para></description><parameterValue required="true" variableLength="false">System.String</parameterValue></parameter><parameter required="False" variableLength="false" globbing="false" pipelineInput="True (ByPropertyName)" position="Named"><name>SecretKey</name><description><para>The AWS secret key for the user account. This can be a temporary secret key if the corresponding session token is supplied to the -SessionToken parameter. </para></description><parameterValue required="true" variableLength="false">System.String</parameterValue></parameter><parameter required="False" variableLength="false" globbing="false" pipelineInput="True (ByPropertyName)" position="Named"><name>SessionToken</name><description><para>The session token if the access and secret keys are temporary session-based credentials. </para></description><parameterValue required="true" variableLength="false">System.String</parameterValue></parameter><parameter required="False" variableLength="false" globbing="false" pipelineInput="True (ByPropertyName)" position="Named"><name>ProfileName</name><description><para>The user-defined name of an AWS credentials or SAML-based role profile containing credential information. The profile is expected to be found in the secure credential file shared with the AWS SDK for .NET and AWS Toolkit for Visual Studio. You can also specify the name of a profile stored in the .ini-format credential file used with  the AWS CLI and other AWS SDKs. </para></description><parameterValue required="true" variableLength="false">System.String</parameterValue></parameter><parameter required="False" variableLength="false" globbing="false" pipelineInput="True (ByPropertyName)" position="Named"><name>ProfileLocation</name><description><para>Used to specify the name and location of the ini-format credential file (shared with the AWS CLI and other AWS SDKs) 
If this optional parameter is omitted this cmdlet will search the encrypted credential file used by the AWS SDK for .NET and AWS Toolkit for Visual Studio first. If the profile is not found then the cmdlet will search in the ini-format credential file at the default location: (user&#39;s home directory)\.aws\credentials. 
If this parameter is specified then this cmdlet will only search the ini-format credential file at the location given. 
As the current folder can vary in a shell or during script execution it is advised that you use specify a fully qualified path instead of a relative path. </para></description><parameterValue required="true" variableLength="false">System.String</parameterValue></parameter><parameter required="False" variableLength="false" globbing="false" pipelineInput="True (ByValue, ByPropertyName)" position="Named"><name>Credential</name><description><para>An AWSCredentials object instance containing access and secret key information, and optionally a token for session-based credentials. </para></description><parameterValue required="true" variableLength="false">Amazon.Runtime.AWSCredentials</parameterValue></parameter><parameter required="False" variableLength="false" globbing="false" pipelineInput="True (ByValue, ByPropertyName)" position="Named"><name>NetworkCredential</name><description><para>Used with SAML-based authentication when ProfileName references a SAML role profile.  Contains the network credentials to be supplied during authentication with the  configured identity provider&#39;s endpoint. This parameter is not required if the user&#39;s default network identity can or should be used during authentication. </para></description><parameterValue required="true" variableLength="false">System.Management.Automation.PSCredential</parameterValue></parameter></syntaxItem></syntax><parameters><parameter required="False" variableLength="false" globbing="false" pipelineInput="True (ByPropertyName)" position="Named"><name>AccessKey</name><description><para>The AWS access key for the user account. This can be a temporary access key if the corresponding session token is supplied to the -SessionToken parameter. </para></description><parameterValue required="true" variableLength="false">System.String</parameterValue><type><name>System.String</name><uri /></type><defaultValue>None</defaultValue></parameter><parameter required="False" variableLength="false" globbing="false" pipelineInput="True (ByPropertyName)" position="Named"><name>ClientConfig</name><description><para>Amazon.PowerShell.Cmdlets.MM.AmazonAWSMarketplaceMeteringClientCmdlet.ClientConfig </para></description><parameterValue required="true" variableLength="false">Amazon.AWSMarketplaceMetering.AmazonAWSMarketplaceMeteringConfig</parameterValue><type><name>Amazon.AWSMarketplaceMetering.AmazonAWSMarketplaceMeteringConfig</name><uri /></type><defaultValue>None</defaultValue></parameter><parameter required="False" variableLength="false" globbing="false" pipelineInput="True (ByValue, ByPropertyName)" position="Named"><name>Credential</name><description><para>An AWSCredentials object instance containing access and secret key information, and optionally a token for session-based credentials. </para></description><parameterValue required="true" variableLength="false">Amazon.Runtime.AWSCredentials</parameterValue><type><name>Amazon.Runtime.AWSCredentials</name><uri /></type><defaultValue>None</defaultValue></parameter><parameter required="False" variableLength="false" globbing="false" pipelineInput="True (ByPropertyName)" position="Named"><name>DryRun</name><description><para>Checks whether you have the permissions required for the action, but does not make the request. If you have the permissions, the request returns <c>DryRunOperation</c>; otherwise, it returns <c>UnauthorizedException</c>. Defaults to <c>false</c> if not specified. </para></description><parameterValue required="true" variableLength="false">System.Boolean</parameterValue><type><name>System.Boolean</name><uri /></type><defaultValue>None</defaultValue></parameter><parameter required="False" variableLength="false" globbing="false" pipelineInput="True (ByPropertyName)" position="Named"><name>EndpointUrl</name><description><para>The endpoint to make the call against. 
<b>Note:</b> This parameter is primarily for internal AWS use and is not required/should not be specified for  normal usage. The cmdlets normally determine which endpoint to call based on the region specified to the -Region parameter or set as default in the shell (via Set-DefaultAWSRegion). Only specify this parameter if you must direct the call to a specific custom endpoint. </para></description><parameterValue required="true" variableLength="false">System.String</parameterValue><type><name>System.String</name><uri /></type><defaultValue>None</defaultValue></parameter><parameter required="False" variableLength="false" globbing="false" pipelineInput="True (ByPropertyName)" position="Named"><name>Force</name><description><para>This parameter overrides confirmation prompts to force  the cmdlet to continue its operation. This parameter should always be used with caution. </para></description><parameterValue required="true" variableLength="false">System.Management.Automation.SwitchParameter</parameterValue><type><name>System.Management.Automation.SwitchParameter</name><uri /></type><defaultValue>None</defaultValue></parameter><parameter required="False" variableLength="false" globbing="false" pipelineInput="True (ByValue, ByPropertyName)" position="Named"><name>NetworkCredential</name><description><para>Used with SAML-based authentication when ProfileName references a SAML role profile.  Contains the network credentials to be supplied during authentication with the  configured identity provider&#39;s endpoint. This parameter is not required if the user&#39;s default network identity can or should be used during authentication. </para></description><parameterValue required="true" variableLength="false">System.Management.Automation.PSCredential</parameterValue><type><name>System.Management.Automation.PSCredential</name><uri /></type><defaultValue>None</defaultValue></parameter><parameter required="False" variableLength="false" globbing="false" pipelineInput="True (ByPropertyName)" position="Named"><name>PassThru</name><description><para>Changes the cmdlet behavior to return the value passed to the ProductCode parameter. The -PassThru parameter is deprecated, use -Select &#39;^ProductCode&#39; instead. This parameter will be removed in a future version. </para></description><parameterValue required="true" variableLength="false">System.Management.Automation.SwitchParameter</parameterValue><type><name>System.Management.Automation.SwitchParameter</name><uri /></type><defaultValue>None</defaultValue></parameter><parameter required="True" variableLength="false" globbing="false" pipelineInput="True (ByValue, ByPropertyName)" position="1"><name>ProductCode</name><description><para>Product code is used to uniquely identify a product in AWS Marketplace. The product code should be the same as the one used during the publishing of a new product. </para></description><parameterValue required="true" variableLength="false">System.String</parameterValue><type><name>System.String</name><uri /></type><defaultValue>None</defaultValue></parameter><parameter required="False" variableLength="false" globbing="false" pipelineInput="True (ByPropertyName)" position="Named"><name>ProfileLocation</name><description><para>Used to specify the name and location of the ini-format credential file (shared with the AWS CLI and other AWS SDKs) 
If this optional parameter is omitted this cmdlet will search the encrypted credential file used by the AWS SDK for .NET and AWS Toolkit for Visual Studio first. If the profile is not found then the cmdlet will search in the ini-format credential file at the default location: (user&#39;s home directory)\.aws\credentials. 
If this parameter is specified then this cmdlet will only search the ini-format credential file at the location given. 
As the current folder can vary in a shell or during script execution it is advised that you use specify a fully qualified path instead of a relative path. </para></description><parameterValue required="true" variableLength="false">System.String</parameterValue><type><name>System.String</name><uri /></type><defaultValue>None</defaultValue></parameter><parameter required="False" variableLength="false" globbing="false" pipelineInput="True (ByPropertyName)" position="Named"><name>ProfileName</name><description><para>The user-defined name of an AWS credentials or SAML-based role profile containing credential information. The profile is expected to be found in the secure credential file shared with the AWS SDK for .NET and AWS Toolkit for Visual Studio. You can also specify the name of a profile stored in the .ini-format credential file used with  the AWS CLI and other AWS SDKs. </para></description><parameterValue required="true" variableLength="false">System.String</parameterValue><type><name>System.String</name><uri /></type><defaultValue>None</defaultValue></parameter><parameter required="False" variableLength="false" globbing="false" pipelineInput="True (ByPropertyName)" position="Named"><name>Region</name><description><para>The system name of an AWS region or an AWSRegion instance. This governs the endpoint that will be used when calling service operations. Note that  the AWS resources referenced in a call are usually region-specific. </para></description><parameterValue required="true" variableLength="false">System.Object</parameterValue><type><name>System.Object</name><uri /></type><defaultValue>None</defaultValue></parameter><parameter required="False" variableLength="false" globbing="false" pipelineInput="True (ByPropertyName)" position="Named"><name>SecretKey</name><description><para>The AWS secret key for the user account. This can be a temporary secret key if the corresponding session token is supplied to the -SessionToken parameter. </para></description><parameterValue required="true" variableLength="false">System.String</parameterValue><type><name>System.String</name><uri /></type><defaultValue>None</defaultValue></parameter><parameter required="False" variableLength="false" globbing="false" pipelineInput="True (ByPropertyName)" position="Named"><name>Select</name><description><para>Use the -Select parameter to control the cmdlet output. The default value is &#39;MeteringRecordId&#39;. Specifying -Select &#39;*&#39; will result in the cmdlet returning the whole service response (Amazon.AWSMarketplaceMetering.Model.MeterUsageResponse). Specifying the name of a property of type Amazon.AWSMarketplaceMetering.Model.MeterUsageResponse will result in that property being returned. Specifying -Select &#39;^ParameterName&#39; will result in the cmdlet returning the selected cmdlet parameter value. </para></description><parameterValue required="true" variableLength="false">System.String</parameterValue><type><name>System.String</name><uri /></type><defaultValue>None</defaultValue></parameter><parameter required="False" variableLength="false" globbing="false" pipelineInput="True (ByPropertyName)" position="Named"><name>SessionToken</name><description><para>The session token if the access and secret keys are temporary session-based credentials. </para></description><parameterValue required="true" variableLength="false">System.String</parameterValue><type><name>System.String</name><uri /></type><defaultValue>None</defaultValue></parameter><parameter required="True" variableLength="false" globbing="false" pipelineInput="True (ByPropertyName)" position="Named"><name>Timestamp</name><description><para>Timestamp, in UTC, for which the usage is being reported. Your application can meter usage for up to one hour in the past. Make sure the <c>timestamp</c> value is not before the start of the software usage. </para></description><parameterValue required="true" variableLength="false">System.DateTime</parameterValue><type><name>System.DateTime</name><uri /></type><defaultValue>None</defaultValue></parameter><parameter required="False" variableLength="false" globbing="false" pipelineInput="True (ByPropertyName)" position="Named"><name>UsageAllocation</name><description><para>The set of <c>UsageAllocations</c> to submit. 
The sum of all <c>UsageAllocation</c> quantities must equal the <c>UsageQuantity</c> of the <c>MeterUsage</c> request, and each <c>UsageAllocation</c> must have a unique set of tags (include no tags). </para></description><parameterValue required="true" variableLength="false">Amazon.AWSMarketplaceMetering.Model.UsageAllocation[]</parameterValue><type><name>Amazon.AWSMarketplaceMetering.Model.UsageAllocation[]</name><uri /></type><defaultValue>None</defaultValue></parameter><parameter required="True" variableLength="false" globbing="false" pipelineInput="True (ByPropertyName)" position="Named"><name>UsageDimension</name><description><para>It will be one of the fcp dimension name provided during the publishing of the product. </para></description><parameterValue required="true" variableLength="false">System.String</parameterValue><type><name>System.String</name><uri /></type><defaultValue>None</defaultValue></parameter><parameter required="False" variableLength="false" globbing="false" pipelineInput="True (ByPropertyName)" position="Named"><name>UsageQuantity</name><description><para>Consumption value for the hour. Defaults to <c>0</c> if not specified. </para></description><parameterValue required="true" variableLength="false">System.Int32</parameterValue><type><name>System.Int32</name><uri /></type><defaultValue>None</defaultValue></parameter></parameters><returnValues><returnValue><type><name>System.String or Amazon.AWSMarketplaceMetering.Model.MeterUsageResponse</name><uri /><description /></type><description><para>This cmdlet returns a System.String object.
The service call response (type Amazon.AWSMarketplaceMetering.Model.MeterUsageResponse) can be returned by specifying '-Select *'.</para></description></returnValue></returnValues><relatedLinks><navigationLink><linkText>Online version:</linkText><uri>http://docs.aws.amazon.com/powershell/latest/reference/index.html?page=Send-MMMeteringData.html&amp;tocid=Send-MMMeteringData</uri></navigationLink><navigationLink><linkText>Common credential and region parameters: </linkText><uri>http://docs.aws.amazon.com/powershell/latest/reference/items/pstoolsref-commonparams.html</uri></navigationLink></relatedLinks></command><command xmlns:maml="http://schemas.microsoft.com/maml/2004/10" xmlns:command="http://schemas.microsoft.com/maml/dev/command/2004/10" xmlns:dev="http://schemas.microsoft.com/maml/dev/2004/10"><details><name>Get-MMCustomerMetadata</name><description><para>Calls the AWS Marketplace Metering ResolveCustomer API operation.</para></description><verb>Get</verb><noun>MMCustomerMetadata</noun><copyright><para>&amp;copy; Copyright Amazon.com, Inc.or its affiliates.All Rights Reserved.</para></copyright></details><description><para><c>ResolveCustomer</c> is called by a SaaS application during the registration process. When a buyer visits your website during the registration process, the buyer submits a registration token through their browser. The registration token is resolved through this API to obtain a <c>CustomerIdentifier</c> along with the <c>CustomerAWSAccountId</c> and <c>ProductCode</c>. 
The API needs to called from the seller account id used to publish the SaaS application to successfully resolve the token. 
For an example of using <c>ResolveCustomer</c>, see <a href="https://docs.aws.amazon.com/marketplace/latest/userguide/saas-code-examples.html#saas-resolvecustomer-example"> ResolveCustomer code example</a> in the <i>AWS Marketplace Seller Guide</i>. </para></description><syntax><syntaxItem><name>Get-MMCustomerMetadata</name><parameter required="True" variableLength="false" globbing="false" pipelineInput="True (ByValue, ByPropertyName)" position="1"><name>RegistrationToken</name><description><para>When a buyer visits your website during the registration process, the buyer submits a registration token through the browser. The registration token is resolved to obtain a <c>CustomerIdentifier</c> along with the <c>CustomerAWSAccountId</c> and <c>ProductCode</c>. </para></description><parameterValue required="true" variableLength="false">System.String</parameterValue></parameter><parameter required="False" variableLength="false" globbing="false" pipelineInput="True (ByPropertyName)" position="Named"><name>Select</name><description><para>Use the -Select parameter to control the cmdlet output. The default value is &#39;*&#39;. Specifying -Select &#39;*&#39; will result in the cmdlet returning the whole service response (Amazon.AWSMarketplaceMetering.Model.ResolveCustomerResponse). Specifying the name of a property of type Amazon.AWSMarketplaceMetering.Model.ResolveCustomerResponse will result in that property being returned. Specifying -Select &#39;^ParameterName&#39; will result in the cmdlet returning the selected cmdlet parameter value. </para></description><parameterValue required="true" variableLength="false">System.String</parameterValue></parameter><parameter required="False" variableLength="false" globbing="false" pipelineInput="True (ByPropertyName)" position="Named"><name>PassThru</name><description><para>Changes the cmdlet behavior to return the value passed to the RegistrationToken parameter. The -PassThru parameter is deprecated, use -Select &#39;^RegistrationToken&#39; instead. This parameter will be removed in a future version. </para></description><parameterValue required="true" variableLength="false">System.Management.Automation.SwitchParameter</parameterValue></parameter><parameter required="False" variableLength="false" globbing="false" pipelineInput="True (ByPropertyName)" position="Named"><name>ClientConfig</name><description><para>Amazon.PowerShell.Cmdlets.MM.AmazonAWSMarketplaceMeteringClientCmdlet.ClientConfig </para></description><parameterValue required="true" variableLength="false">Amazon.AWSMarketplaceMetering.AmazonAWSMarketplaceMeteringConfig</parameterValue></parameter><parameter required="False" variableLength="false" globbing="false" pipelineInput="True (ByPropertyName)" position="Named"><name>EndpointUrl</name><description><para>The endpoint to make the call against. 
<b>Note:</b> This parameter is primarily for internal AWS use and is not required/should not be specified for  normal usage. The cmdlets normally determine which endpoint to call based on the region specified to the -Region parameter or set as default in the shell (via Set-DefaultAWSRegion). Only specify this parameter if you must direct the call to a specific custom endpoint. </para></description><parameterValue required="true" variableLength="false">System.String</parameterValue></parameter><parameter required="False" variableLength="false" globbing="false" pipelineInput="True (ByPropertyName)" position="Named"><name>Region</name><description><para>The system name of an AWS region or an AWSRegion instance. This governs the endpoint that will be used when calling service operations. Note that  the AWS resources referenced in a call are usually region-specific. </para></description><parameterValue required="true" variableLength="false">System.Object</parameterValue></parameter><parameter required="False" variableLength="false" globbing="false" pipelineInput="True (ByPropertyName)" position="Named"><name>AccessKey</name><description><para>The AWS access key for the user account. This can be a temporary access key if the corresponding session token is supplied to the -SessionToken parameter. </para></description><parameterValue required="true" variableLength="false">System.String</parameterValue></parameter><parameter required="False" variableLength="false" globbing="false" pipelineInput="True (ByPropertyName)" position="Named"><name>SecretKey</name><description><para>The AWS secret key for the user account. This can be a temporary secret key if the corresponding session token is supplied to the -SessionToken parameter. </para></description><parameterValue required="true" variableLength="false">System.String</parameterValue></parameter><parameter required="False" variableLength="false" globbing="false" pipelineInput="True (ByPropertyName)" position="Named"><name>SessionToken</name><description><para>The session token if the access and secret keys are temporary session-based credentials. </para></description><parameterValue required="true" variableLength="false">System.String</parameterValue></parameter><parameter required="False" variableLength="false" globbing="false" pipelineInput="True (ByPropertyName)" position="Named"><name>ProfileName</name><description><para>The user-defined name of an AWS credentials or SAML-based role profile containing credential information. The profile is expected to be found in the secure credential file shared with the AWS SDK for .NET and AWS Toolkit for Visual Studio. You can also specify the name of a profile stored in the .ini-format credential file used with  the AWS CLI and other AWS SDKs. </para></description><parameterValue required="true" variableLength="false">System.String</parameterValue></parameter><parameter required="False" variableLength="false" globbing="false" pipelineInput="True (ByPropertyName)" position="Named"><name>ProfileLocation</name><description><para>Used to specify the name and location of the ini-format credential file (shared with the AWS CLI and other AWS SDKs) 
If this optional parameter is omitted this cmdlet will search the encrypted credential file used by the AWS SDK for .NET and AWS Toolkit for Visual Studio first. If the profile is not found then the cmdlet will search in the ini-format credential file at the default location: (user&#39;s home directory)\.aws\credentials. 
If this parameter is specified then this cmdlet will only search the ini-format credential file at the location given. 
As the current folder can vary in a shell or during script execution it is advised that you use specify a fully qualified path instead of a relative path. </para></description><parameterValue required="true" variableLength="false">System.String</parameterValue></parameter><parameter required="False" variableLength="false" globbing="false" pipelineInput="True (ByValue, ByPropertyName)" position="Named"><name>Credential</name><description><para>An AWSCredentials object instance containing access and secret key information, and optionally a token for session-based credentials. </para></description><parameterValue required="true" variableLength="false">Amazon.Runtime.AWSCredentials</parameterValue></parameter><parameter required="False" variableLength="false" globbing="false" pipelineInput="True (ByValue, ByPropertyName)" position="Named"><name>NetworkCredential</name><description><para>Used with SAML-based authentication when ProfileName references a SAML role profile.  Contains the network credentials to be supplied during authentication with the  configured identity provider&#39;s endpoint. This parameter is not required if the user&#39;s default network identity can or should be used during authentication. </para></description><parameterValue required="true" variableLength="false">System.Management.Automation.PSCredential</parameterValue></parameter></syntaxItem></syntax><parameters><parameter required="False" variableLength="false" globbing="false" pipelineInput="True (ByPropertyName)" position="Named"><name>AccessKey</name><description><para>The AWS access key for the user account. This can be a temporary access key if the corresponding session token is supplied to the -SessionToken parameter. </para></description><parameterValue required="true" variableLength="false">System.String</parameterValue><type><name>System.String</name><uri /></type><defaultValue>None</defaultValue></parameter><parameter required="False" variableLength="false" globbing="false" pipelineInput="True (ByPropertyName)" position="Named"><name>ClientConfig</name><description><para>Amazon.PowerShell.Cmdlets.MM.AmazonAWSMarketplaceMeteringClientCmdlet.ClientConfig </para></description><parameterValue required="true" variableLength="false">Amazon.AWSMarketplaceMetering.AmazonAWSMarketplaceMeteringConfig</parameterValue><type><name>Amazon.AWSMarketplaceMetering.AmazonAWSMarketplaceMeteringConfig</name><uri /></type><defaultValue>None</defaultValue></parameter><parameter required="False" variableLength="false" globbing="false" pipelineInput="True (ByValue, ByPropertyName)" position="Named"><name>Credential</name><description><para>An AWSCredentials object instance containing access and secret key information, and optionally a token for session-based credentials. </para></description><parameterValue required="true" variableLength="false">Amazon.Runtime.AWSCredentials</parameterValue><type><name>Amazon.Runtime.AWSCredentials</name><uri /></type><defaultValue>None</defaultValue></parameter><parameter required="False" variableLength="false" globbing="false" pipelineInput="True (ByPropertyName)" position="Named"><name>EndpointUrl</name><description><para>The endpoint to make the call against. 
<b>Note:</b> This parameter is primarily for internal AWS use and is not required/should not be specified for  normal usage. The cmdlets normally determine which endpoint to call based on the region specified to the -Region parameter or set as default in the shell (via Set-DefaultAWSRegion). Only specify this parameter if you must direct the call to a specific custom endpoint. </para></description><parameterValue required="true" variableLength="false">System.String</parameterValue><type><name>System.String</name><uri /></type><defaultValue>None</defaultValue></parameter><parameter required="False" variableLength="false" globbing="false" pipelineInput="True (ByValue, ByPropertyName)" position="Named"><name>NetworkCredential</name><description><para>Used with SAML-based authentication when ProfileName references a SAML role profile.  Contains the network credentials to be supplied during authentication with the  configured identity provider&#39;s endpoint. This parameter is not required if the user&#39;s default network identity can or should be used during authentication. </para></description><parameterValue required="true" variableLength="false">System.Management.Automation.PSCredential</parameterValue><type><name>System.Management.Automation.PSCredential</name><uri /></type><defaultValue>None</defaultValue></parameter><parameter required="False" variableLength="false" globbing="false" pipelineInput="True (ByPropertyName)" position="Named"><name>PassThru</name><description><para>Changes the cmdlet behavior to return the value passed to the RegistrationToken parameter. The -PassThru parameter is deprecated, use -Select &#39;^RegistrationToken&#39; instead. This parameter will be removed in a future version. </para></description><parameterValue required="true" variableLength="false">System.Management.Automation.SwitchParameter</parameterValue><type><name>System.Management.Automation.SwitchParameter</name><uri /></type><defaultValue>None</defaultValue></parameter><parameter required="False" variableLength="false" globbing="false" pipelineInput="True (ByPropertyName)" position="Named"><name>ProfileLocation</name><description><para>Used to specify the name and location of the ini-format credential file (shared with the AWS CLI and other AWS SDKs) 
If this optional parameter is omitted this cmdlet will search the encrypted credential file used by the AWS SDK for .NET and AWS Toolkit for Visual Studio first. If the profile is not found then the cmdlet will search in the ini-format credential file at the default location: (user&#39;s home directory)\.aws\credentials. 
If this parameter is specified then this cmdlet will only search the ini-format credential file at the location given. 
As the current folder can vary in a shell or during script execution it is advised that you use specify a fully qualified path instead of a relative path. </para></description><parameterValue required="true" variableLength="false">System.String</parameterValue><type><name>System.String</name><uri /></type><defaultValue>None</defaultValue></parameter><parameter required="False" variableLength="false" globbing="false" pipelineInput="True (ByPropertyName)" position="Named"><name>ProfileName</name><description><para>The user-defined name of an AWS credentials or SAML-based role profile containing credential information. The profile is expected to be found in the secure credential file shared with the AWS SDK for .NET and AWS Toolkit for Visual Studio. You can also specify the name of a profile stored in the .ini-format credential file used with  the AWS CLI and other AWS SDKs. </para></description><parameterValue required="true" variableLength="false">System.String</parameterValue><type><name>System.String</name><uri /></type><defaultValue>None</defaultValue></parameter><parameter required="False" variableLength="false" globbing="false" pipelineInput="True (ByPropertyName)" position="Named"><name>Region</name><description><para>The system name of an AWS region or an AWSRegion instance. This governs the endpoint that will be used when calling service operations. Note that  the AWS resources referenced in a call are usually region-specific. </para></description><parameterValue required="true" variableLength="false">System.Object</parameterValue><type><name>System.Object</name><uri /></type><defaultValue>None</defaultValue></parameter><parameter required="True" variableLength="false" globbing="false" pipelineInput="True (ByValue, ByPropertyName)" position="1"><name>RegistrationToken</name><description><para>When a buyer visits your website during the registration process, the buyer submits a registration token through the browser. The registration token is resolved to obtain a <c>CustomerIdentifier</c> along with the <c>CustomerAWSAccountId</c> and <c>ProductCode</c>. </para></description><parameterValue required="true" variableLength="false">System.String</parameterValue><type><name>System.String</name><uri /></type><defaultValue>None</defaultValue></parameter><parameter required="False" variableLength="false" globbing="false" pipelineInput="True (ByPropertyName)" position="Named"><name>SecretKey</name><description><para>The AWS secret key for the user account. This can be a temporary secret key if the corresponding session token is supplied to the -SessionToken parameter. </para></description><parameterValue required="true" variableLength="false">System.String</parameterValue><type><name>System.String</name><uri /></type><defaultValue>None</defaultValue></parameter><parameter required="False" variableLength="false" globbing="false" pipelineInput="True (ByPropertyName)" position="Named"><name>Select</name><description><para>Use the -Select parameter to control the cmdlet output. The default value is &#39;*&#39;. Specifying -Select &#39;*&#39; will result in the cmdlet returning the whole service response (Amazon.AWSMarketplaceMetering.Model.ResolveCustomerResponse). Specifying the name of a property of type Amazon.AWSMarketplaceMetering.Model.ResolveCustomerResponse will result in that property being returned. Specifying -Select &#39;^ParameterName&#39; will result in the cmdlet returning the selected cmdlet parameter value. </para></description><parameterValue required="true" variableLength="false">System.String</parameterValue><type><name>System.String</name><uri /></type><defaultValue>None</defaultValue></parameter><parameter required="False" variableLength="false" globbing="false" pipelineInput="True (ByPropertyName)" position="Named"><name>SessionToken</name><description><para>The session token if the access and secret keys are temporary session-based credentials. </para></description><parameterValue required="true" variableLength="false">System.String</parameterValue><type><name>System.String</name><uri /></type><defaultValue>None</defaultValue></parameter></parameters><returnValues><returnValue><type><name>Amazon.AWSMarketplaceMetering.Model.ResolveCustomerResponse</name><uri /><description /></type><description><para>This cmdlet returns an Amazon.AWSMarketplaceMetering.Model.ResolveCustomerResponse object containing multiple properties.</para></description></returnValue></returnValues><relatedLinks><navigationLink><linkText>Online version:</linkText><uri>http://docs.aws.amazon.com/powershell/latest/reference/index.html?page=Get-MMCustomerMetadata.html&amp;tocid=Get-MMCustomerMetadata</uri></navigationLink><navigationLink><linkText>Common credential and region parameters: </linkText><uri>http://docs.aws.amazon.com/powershell/latest/reference/items/pstoolsref-commonparams.html</uri></navigationLink></relatedLinks></command></helpItems>