<Objs Version="1.1.0.1" xmlns="http://schemas.microsoft.com/powershell/2004/04">
  <Obj RefId="0">
    <TN RefId="0">
      <T>Microsoft.PowerShell.Commands.PSRepositoryItemInfo</T>
      <T>System.Management.Automation.PSCustomObject</T>
      <T>System.Object</T>
    </TN>
    <MS>
      <S N="Name">OCI.PSModules.Accessgovernancecp</S>
      <S N="Version">95.1.0</S>
      <S N="Type">Module</S>
      <S N="Description">This modules provides Cmdlets for OCI Accessgovernancecp Service</S>
      <S N="Author">Oracle Cloud Infrastructure</S>
      <S N="CompanyName">oci-psmodules-grp</S>
      <S N="Copyright">(c) Oracle Cloud Infrastructure. All rights reserved.</S>
      <DT N="PublishedDate">2024-11-12T18:41:07+02:00</DT>
      <Nil N="InstalledDate" />
      <Nil N="UpdatedDate" />
      <URI N="LicenseUri">https://github.com/oracle/oci-powershell-modules/blob/master/LICENSE.txt</URI>
      <URI N="ProjectUri">https://github.com/oracle/oci-powershell-modules/</URI>
      <URI N="IconUri">https://github.com/oracle/oci-powershell-modules/blob/master/icon.png</URI>
      <Obj N="Tags" RefId="1">
        <TN RefId="1">
          <T>System.Object[]</T>
          <T>System.Array</T>
          <T>System.Object</T>
        </TN>
        <LST>
          <S>PSEdition_Core</S>
          <S>Windows</S>
          <S>Linux</S>
          <S>macOS</S>
          <S>Oracle</S>
          <S>OCI</S>
          <S>Cloud</S>
          <S>OracleCloudInfrastructure</S>
          <S>Accessgovernancecp</S>
          <S>PSModule</S>
        </LST>
      </Obj>
      <Obj N="Includes" RefId="2">
        <TN RefId="2">
          <T>System.Collections.Hashtable</T>
          <T>System.Object</T>
        </TN>
        <DCT>
          <En>
            <S N="Key">Cmdlet</S>
            <Obj N="Value" RefId="3">
              <TNRef RefId="1" />
              <LST>
                <S>Get-OCIAccessgovernancecpGovernanceInstance</S>
                <S>Get-OCIAccessgovernancecpGovernanceInstanceConfiguration</S>
                <S>Get-OCIAccessgovernancecpGovernanceInstancesList</S>
                <S>Move-OCIAccessgovernancecpGovernanceInstanceCompartment</S>
                <S>New-OCIAccessgovernancecpGovernanceInstance</S>
                <S>Remove-OCIAccessgovernancecpGovernanceInstance</S>
                <S>Update-OCIAccessgovernancecpGovernanceInstance</S>
                <S>Update-OCIAccessgovernancecpGovernanceInstanceConfiguration</S>
              </LST>
            </Obj>
          </En>
          <En>
            <S N="Key">Command</S>
            <Obj N="Value" RefId="4">
              <TNRef RefId="1" />
              <LST>
                <S>Get-OCIAccessgovernancecpGovernanceInstance</S>
                <S>Get-OCIAccessgovernancecpGovernanceInstanceConfiguration</S>
                <S>Get-OCIAccessgovernancecpGovernanceInstancesList</S>
                <S>Move-OCIAccessgovernancecpGovernanceInstanceCompartment</S>
                <S>New-OCIAccessgovernancecpGovernanceInstance</S>
                <S>Remove-OCIAccessgovernancecpGovernanceInstance</S>
                <S>Update-OCIAccessgovernancecpGovernanceInstance</S>
                <S>Update-OCIAccessgovernancecpGovernanceInstanceConfiguration</S>
              </LST>
            </Obj>
          </En>
          <En>
            <S N="Key">Workflow</S>
            <Obj N="Value" RefId="5">
              <TNRef RefId="1" />
              <LST />
            </Obj>
          </En>
          <En>
            <S N="Key">Function</S>
            <Ref N="Value" RefId="5" />
          </En>
          <En>
            <S N="Key">RoleCapability</S>
            <Ref N="Value" RefId="5" />
          </En>
          <En>
            <S N="Key">DscResource</S>
            <Ref N="Value" RefId="5" />
          </En>
        </DCT>
      </Obj>
      <Nil N="PowerShellGetFormatVersion" />
      <S N="ReleaseNotes">https://github.com/oracle/oci-powershell-modules/blob/master/CHANGELOG.md</S>
      <Obj N="Dependencies" RefId="6">
        <TNRef RefId="1" />
        <LST>
          <Obj RefId="7">
            <TN RefId="3">
              <T>System.Collections.Specialized.OrderedDictionary</T>
              <T>System.Object</T>
            </TN>
            <DCT>
              <En>
                <S N="Key">Name</S>
                <S N="Value">OCI.PSModules.Common</S>
              </En>
              <En>
                <S N="Key">RequiredVersion</S>
                <S N="Value">95.1.0</S>
              </En>
              <En>
                <S N="Key">CanonicalId</S>
                <S N="Value">nuget:OCI.PSModules.Common/[95.1.0]</S>
              </En>
            </DCT>
          </Obj>
        </LST>
      </Obj>
      <S N="RepositorySourceLocation">https://www.powershellgallery.com/api/v2</S>
      <S N="Repository">PSGallery</S>
      <S N="PackageManagementProvider">NuGet</S>
      <Obj N="AdditionalMetadata" RefId="8">
        <TN RefId="4">
          <T>System.Management.Automation.PSCustomObject</T>
          <T>System.Object</T>
        </TN>
        <MS>
          <S N="copyright">(c) Oracle Cloud Infrastructure. All rights reserved.</S>
          <S N="description">This modules provides Cmdlets for OCI Accessgovernancecp Service</S>
          <S N="requireLicenseAcceptance">False</S>
          <S N="releaseNotes">https://github.com/oracle/oci-powershell-modules/blob/master/CHANGELOG.md</S>
          <S N="isLatestVersion">False</S>
          <S N="isAbsoluteLatestVersion">False</S>
          <S N="versionDownloadCount">336</S>
          <S N="downloadCount">9219</S>
          <S N="packageSize">76462</S>
          <S N="published">11/12/2024 6:41:07 PM +02:00</S>
          <S N="created">11/12/2024 6:41:07 PM +02:00</S>
          <S N="lastUpdated">9/3/2025 11:30:00 PM +03:00</S>
          <S N="tags">PSEdition_Core Windows Linux macOS Oracle OCI Cloud OracleCloudInfrastructure Accessgovernancecp PSModule PSCmdlet_Get-OCIAccessgovernancecpGovernanceInstance PSCommand_Get-OCIAccessgovernancecpGovernanceInstance PSCmdlet_Get-OCIAccessgovernancecpGovernanceInstanceConfiguration PSCommand_Get-OCIAccessgovernancecpGovernanceInstanceConfiguration PSCmdlet_Get-OCIAccessgovernancecpGovernanceInstancesList PSCommand_Get-OCIAccessgovernancecpGovernanceInstancesList PSCmdlet_Move-OCIAccessgovernancecpGovernanceInstanceCompartment PSCommand_Move-OCIAccessgovernancecpGovernanceInstanceCompartment PSCmdlet_New-OCIAccessgovernancecpGovernanceInstance PSCommand_New-OCIAccessgovernancecpGovernanceInstance PSCmdlet_Remove-OCIAccessgovernancecpGovernanceInstance PSCommand_Remove-OCIAccessgovernancecpGovernanceInstance PSCmdlet_Update-OCIAccessgovernancecpGovernanceInstance PSCommand_Update-OCIAccessgovernancecpGovernanceInstance PSCmdlet_Update-OCIAccessgovernancecpGovernanceInstanceConfiguration PSCommand_Update-OCIAccessgovernancecpGovernanceInstanceConfiguration PSIncludes_Cmdlet</S>
          <S N="developmentDependency">False</S>
          <S N="updated">2025-09-03T23:30:00Z</S>
          <S N="NormalizedVersion">95.1.0</S>
          <S N="Authors">Oracle Cloud Infrastructure</S>
          <S N="IsPrerelease">false</S>
          <S N="ItemType">Module</S>
          <S N="FileList">OCI.PSModules.Accessgovernancecp.nuspec|OCI.PSModules.Accessgovernancecp.dll-Help.xml|THIRD_PARTY_LICENSES.txt|OCI.PSModules.Accessgovernancecp.psd1|LICENSE.txt|assemblies\OCI.PSModules.Accessgovernancecp.dll|assemblies\OCI.DotNetSDK.Accessgovernancecp.dll</S>
          <S N="GUID">c71dab6b-b390-499f-9d71-506da8082df7</S>
          <S N="PowerShellVersion">6.0</S>
          <S N="CompanyName">Oracle Corporation</S>
        </MS>
      </Obj>
      <S N="InstalledLocation">C:\Program Files\PowerShell\Modules1\OCI.PSModules.Accessgovernancecp\95.1.0</S>
    </MS>
  </Obj>
</Objs>
