<Objs Version="1.1.0.1" xmlns="http://schemas.microsoft.com/powershell/2004/04">
  <Obj RefId="0">
    <TN RefId="0">
      <T>Microsoft.PowerShell.Commands.PSRepositoryItemInfo</T>
      <T>System.Management.Automation.PSCustomObject</T>
      <T>System.Object</T>
    </TN>
    <MS>
      <S N="Name">OCI.PSModules.Dataflow</S>
      <S N="Version">95.1.0</S>
      <S N="Type">Module</S>
      <S N="Description">This modules provides Cmdlets for OCI Dataflow Service</S>
      <S N="Author">Oracle Cloud Infrastructure</S>
      <S N="CompanyName">oci-psmodules-grp</S>
      <S N="Copyright">(c) Oracle Cloud Infrastructure. All rights reserved.</S>
      <DT N="PublishedDate">2024-11-12T18:45:49+02:00</DT>
      <Nil N="InstalledDate" />
      <Nil N="UpdatedDate" />
      <URI N="LicenseUri">https://github.com/oracle/oci-powershell-modules/blob/master/LICENSE.txt</URI>
      <URI N="ProjectUri">https://github.com/oracle/oci-powershell-modules/</URI>
      <URI N="IconUri">https://github.com/oracle/oci-powershell-modules/blob/master/icon.png</URI>
      <Obj N="Tags" RefId="1">
        <TN RefId="1">
          <T>System.Object[]</T>
          <T>System.Array</T>
          <T>System.Object</T>
        </TN>
        <LST>
          <S>PSEdition_Core</S>
          <S>Windows</S>
          <S>Linux</S>
          <S>macOS</S>
          <S>Oracle</S>
          <S>OCI</S>
          <S>Cloud</S>
          <S>OracleCloudInfrastructure</S>
          <S>Dataflow</S>
          <S>PSModule</S>
        </LST>
      </Obj>
      <Obj N="Includes" RefId="2">
        <TN RefId="2">
          <T>System.Collections.Hashtable</T>
          <T>System.Object</T>
        </TN>
        <DCT>
          <En>
            <S N="Key">Cmdlet</S>
            <Obj N="Value" RefId="3">
              <TNRef RefId="1" />
              <LST>
                <S>Get-OCIDataflowApplication</S>
                <S>Get-OCIDataflowApplicationsList</S>
                <S>Get-OCIDataflowPool</S>
                <S>Get-OCIDataflowPoolsList</S>
                <S>Get-OCIDataflowPrivateEndpoint</S>
                <S>Get-OCIDataflowPrivateEndpointsList</S>
                <S>Get-OCIDataflowRun</S>
                <S>Get-OCIDataflowRunLog</S>
                <S>Get-OCIDataflowRunLogsList</S>
                <S>Get-OCIDataflowRunsList</S>
                <S>Get-OCIDataflowSqlEndpoint</S>
                <S>Get-OCIDataflowSqlEndpointsList</S>
                <S>Get-OCIDataflowStatement</S>
                <S>Get-OCIDataflowStatementsList</S>
                <S>Get-OCIDataflowWorkRequest</S>
                <S>Get-OCIDataflowWorkRequestErrorsList</S>
                <S>Get-OCIDataflowWorkRequestLogsList</S>
                <S>Get-OCIDataflowWorkRequestsList</S>
                <S>Move-OCIDataflowApplicationCompartment</S>
                <S>Move-OCIDataflowPoolCompartment</S>
                <S>Move-OCIDataflowPrivateEndpointCompartment</S>
                <S>Move-OCIDataflowRunCompartment</S>
                <S>Move-OCIDataflowSqlEndpointCompartment</S>
                <S>New-OCIDataflowApplication</S>
                <S>New-OCIDataflowPool</S>
                <S>New-OCIDataflowPrivateEndpoint</S>
                <S>New-OCIDataflowRun</S>
                <S>New-OCIDataflowSqlEndpoint</S>
                <S>New-OCIDataflowStatement</S>
                <S>Remove-OCIDataflowApplication</S>
                <S>Remove-OCIDataflowPool</S>
                <S>Remove-OCIDataflowPrivateEndpoint</S>
                <S>Remove-OCIDataflowRun</S>
                <S>Remove-OCIDataflowSqlEndpoint</S>
                <S>Remove-OCIDataflowStatement</S>
                <S>Start-OCIDataflowPool</S>
                <S>Start-OCIDataflowSqlEndpoint</S>
                <S>Stop-OCIDataflowPool</S>
                <S>Stop-OCIDataflowSqlEndpoint</S>
                <S>Update-OCIDataflowApplication</S>
                <S>Update-OCIDataflowPool</S>
                <S>Update-OCIDataflowPrivateEndpoint</S>
                <S>Update-OCIDataflowRun</S>
                <S>Update-OCIDataflowSqlEndpoint</S>
              </LST>
            </Obj>
          </En>
          <En>
            <S N="Key">Command</S>
            <Obj N="Value" RefId="4">
              <TNRef RefId="1" />
              <LST>
                <S>Get-OCIDataflowApplication</S>
                <S>Get-OCIDataflowApplicationsList</S>
                <S>Get-OCIDataflowPool</S>
                <S>Get-OCIDataflowPoolsList</S>
                <S>Get-OCIDataflowPrivateEndpoint</S>
                <S>Get-OCIDataflowPrivateEndpointsList</S>
                <S>Get-OCIDataflowRun</S>
                <S>Get-OCIDataflowRunLog</S>
                <S>Get-OCIDataflowRunLogsList</S>
                <S>Get-OCIDataflowRunsList</S>
                <S>Get-OCIDataflowSqlEndpoint</S>
                <S>Get-OCIDataflowSqlEndpointsList</S>
                <S>Get-OCIDataflowStatement</S>
                <S>Get-OCIDataflowStatementsList</S>
                <S>Get-OCIDataflowWorkRequest</S>
                <S>Get-OCIDataflowWorkRequestErrorsList</S>
                <S>Get-OCIDataflowWorkRequestLogsList</S>
                <S>Get-OCIDataflowWorkRequestsList</S>
                <S>Move-OCIDataflowApplicationCompartment</S>
                <S>Move-OCIDataflowPoolCompartment</S>
                <S>Move-OCIDataflowPrivateEndpointCompartment</S>
                <S>Move-OCIDataflowRunCompartment</S>
                <S>Move-OCIDataflowSqlEndpointCompartment</S>
                <S>New-OCIDataflowApplication</S>
                <S>New-OCIDataflowPool</S>
                <S>New-OCIDataflowPrivateEndpoint</S>
                <S>New-OCIDataflowRun</S>
                <S>New-OCIDataflowSqlEndpoint</S>
                <S>New-OCIDataflowStatement</S>
                <S>Remove-OCIDataflowApplication</S>
                <S>Remove-OCIDataflowPool</S>
                <S>Remove-OCIDataflowPrivateEndpoint</S>
                <S>Remove-OCIDataflowRun</S>
                <S>Remove-OCIDataflowSqlEndpoint</S>
                <S>Remove-OCIDataflowStatement</S>
                <S>Start-OCIDataflowPool</S>
                <S>Start-OCIDataflowSqlEndpoint</S>
                <S>Stop-OCIDataflowPool</S>
                <S>Stop-OCIDataflowSqlEndpoint</S>
                <S>Update-OCIDataflowApplication</S>
                <S>Update-OCIDataflowPool</S>
                <S>Update-OCIDataflowPrivateEndpoint</S>
                <S>Update-OCIDataflowRun</S>
                <S>Update-OCIDataflowSqlEndpoint</S>
              </LST>
            </Obj>
          </En>
          <En>
            <S N="Key">Workflow</S>
            <Obj N="Value" RefId="5">
              <TNRef RefId="1" />
              <LST />
            </Obj>
          </En>
          <En>
            <S N="Key">Function</S>
            <Ref N="Value" RefId="5" />
          </En>
          <En>
            <S N="Key">RoleCapability</S>
            <Ref N="Value" RefId="5" />
          </En>
          <En>
            <S N="Key">DscResource</S>
            <Ref N="Value" RefId="5" />
          </En>
        </DCT>
      </Obj>
      <Nil N="PowerShellGetFormatVersion" />
      <S N="ReleaseNotes">https://github.com/oracle/oci-powershell-modules/blob/master/CHANGELOG.md</S>
      <Obj N="Dependencies" RefId="6">
        <TNRef RefId="1" />
        <LST>
          <Obj RefId="7">
            <TN RefId="3">
              <T>System.Collections.Specialized.OrderedDictionary</T>
              <T>System.Object</T>
            </TN>
            <DCT>
              <En>
                <S N="Key">Name</S>
                <S N="Value">OCI.PSModules.Common</S>
              </En>
              <En>
                <S N="Key">RequiredVersion</S>
                <S N="Value">95.1.0</S>
              </En>
              <En>
                <S N="Key">CanonicalId</S>
                <S N="Value">nuget:OCI.PSModules.Common/[95.1.0]</S>
              </En>
            </DCT>
          </Obj>
        </LST>
      </Obj>
      <S N="RepositorySourceLocation">https://www.powershellgallery.com/api/v2</S>
      <S N="Repository">PSGallery</S>
      <S N="PackageManagementProvider">NuGet</S>
      <Obj N="AdditionalMetadata" RefId="8">
        <TN RefId="4">
          <T>System.Management.Automation.PSCustomObject</T>
          <T>System.Object</T>
        </TN>
        <MS>
          <S N="copyright">(c) Oracle Cloud Infrastructure. All rights reserved.</S>
          <S N="description">This modules provides Cmdlets for OCI Dataflow Service</S>
          <S N="requireLicenseAcceptance">False</S>
          <S N="releaseNotes">https://github.com/oracle/oci-powershell-modules/blob/master/CHANGELOG.md</S>
          <S N="isLatestVersion">False</S>
          <S N="isAbsoluteLatestVersion">False</S>
          <S N="versionDownloadCount">337</S>
          <S N="downloadCount">17822</S>
          <S N="packageSize">174679</S>
          <S N="published">11/12/2024 6:45:49 PM +02:00</S>
          <S N="created">11/12/2024 6:45:49 PM +02:00</S>
          <S N="lastUpdated">9/5/2025 4:40:00 PM +03:00</S>
          <S N="tags">PSEdition_Core Windows Linux macOS Oracle OCI Cloud OracleCloudInfrastructure Dataflow PSModule PSCmdlet_Get-OCIDataflowApplication PSCommand_Get-OCIDataflowApplication PSCmdlet_Get-OCIDataflowApplicationsList PSCommand_Get-OCIDataflowApplicationsList PSCmdlet_Get-OCIDataflowPool PSCommand_Get-OCIDataflowPool PSCmdlet_Get-OCIDataflowPoolsList PSCommand_Get-OCIDataflowPoolsList PSCmdlet_Get-OCIDataflowPrivateEndpoint PSCommand_Get-OCIDataflowPrivateEndpoint PSCmdlet_Get-OCIDataflowPrivateEndpointsList PSCommand_Get-OCIDataflowPrivateEndpointsList PSCmdlet_Get-OCIDataflowRun PSCommand_Get-OCIDataflowRun PSCmdlet_Get-OCIDataflowRunLog PSCommand_Get-OCIDataflowRunLog PSCmdlet_Get-OCIDataflowRunLogsList PSCommand_Get-OCIDataflowRunLogsList PSCmdlet_Get-OCIDataflowRunsList PSCommand_Get-OCIDataflowRunsList PSCmdlet_Get-OCIDataflowSqlEndpoint PSCommand_Get-OCIDataflowSqlEndpoint PSCmdlet_Get-OCIDataflowSqlEndpointsList PSCommand_Get-OCIDataflowSqlEndpointsList PSCmdlet_Get-OCIDataflowStatement PSCommand_Get-OCIDataflowStatement PSCmdlet_Get-OCIDataflowStatementsList PSCommand_Get-OCIDataflowStatementsList PSCmdlet_Get-OCIDataflowWorkRequest PSCommand_Get-OCIDataflowWorkRequest PSCmdlet_Get-OCIDataflowWorkRequestErrorsList PSCommand_Get-OCIDataflowWorkRequestErrorsList PSCmdlet_Get-OCIDataflowWorkRequestLogsList PSCommand_Get-OCIDataflowWorkRequestLogsList PSCmdlet_Get-OCIDataflowWorkRequestsList PSCommand_Get-OCIDataflowWorkRequestsList PSCmdlet_Move-OCIDataflowApplicationCompartment PSCommand_Move-OCIDataflowApplicationCompartment PSCmdlet_Move-OCIDataflowPoolCompartment PSCommand_Move-OCIDataflowPoolCompartment PSCmdlet_Move-OCIDataflowPrivateEndpointCompartment PSCommand_Move-OCIDataflowPrivateEndpointCompartment PSCmdlet_Move-OCIDataflowRunCompartment PSCommand_Move-OCIDataflowRunCompartment PSCmdlet_Move-OCIDataflowSqlEndpointCompartment PSCommand_Move-OCIDataflowSqlEndpointCompartment PSCmdlet_New-OCIDataflowApplication PSCommand_New-OCIDataflowApplication PSCmdlet_New-OCIDataflowPool PSCommand_New-OCIDataflowPool PSCmdlet_New-OCIDataflowPrivateEndpoint PSCommand_New-OCIDataflowPrivateEndpoint PSCmdlet_New-OCIDataflowRun PSCommand_New-OCIDataflowRun PSCmdlet_New-OCIDataflowSqlEndpoint PSCommand_New-OCIDataflowSqlEndpoint PSCmdlet_New-OCIDataflowStatement PSCommand_New-OCIDataflowStatement PSCmdlet_Remove-OCIDataflowApplication PSCommand_Remove-OCIDataflowApplication PSCmdlet_Remove-OCIDataflowPool PSCommand_Remove-OCIDataflowPool PSCmdlet_Remove-OCIDataflowPrivateEndpoint PSCommand_Remove-OCIDataflowPrivateEndpoint PSCmdlet_Remove-OCIDataflowRun PSCommand_Remove-OCIDataflowRun PSCmdlet_Remove-OCIDataflowSqlEndpoint PSCommand_Remove-OCIDataflowSqlEndpoint PSCmdlet_Remove-OCIDataflowStatement PSCommand_Remove-OCIDataflowStatement PSCmdlet_Start-OCIDataflowPool PSCommand_Start-OCIDataflowPool PSCmdlet_Start-OCIDataflowSqlEndpoint PSCommand_Start-OCIDataflowSqlEndpoint PSCmdlet_Stop-OCIDataflowPool PSCommand_Stop-OCIDataflowPool PSCmdlet_Stop-OCIDataflowSqlEndpoint PSCommand_Stop-OCIDataflowSqlEndpoint PSCmdlet_Update-OCIDataflowApplication PSCommand_Update-OCIDataflowApplication PSCmdlet_Update-OCIDataflowPool PSCommand_Update-OCIDataflowPool PSCmdlet_Update-OCIDataflowPrivateEndpoint PSCommand_Update-OCIDataflowPrivateEndpoint PSCmdlet_Update-OCIDataflowRun PSCommand_Update-OCIDataflowRun PSCmdlet_Update-OCIDataflowSqlEndpoint PSCommand_Update-OCIDataflowSqlEndpoint PSIncludes_Cmdlet</S>
          <S N="developmentDependency">False</S>
          <S N="updated">2025-09-05T16:40:00Z</S>
          <S N="NormalizedVersion">95.1.0</S>
          <S N="Authors">Oracle Cloud Infrastructure</S>
          <S N="IsPrerelease">false</S>
          <S N="ItemType">Module</S>
          <S N="FileList">OCI.PSModules.Dataflow.nuspec|THIRD_PARTY_LICENSES.txt|OCI.PSModules.Dataflow.psd1|LICENSE.txt|OCI.PSModules.Dataflow.dll-Help.xml|assemblies\OCI.PSModules.Dataflow.dll|assemblies\OCI.DotNetSDK.Dataflow.dll</S>
          <S N="GUID">60441277-1663-4d77-af11-39ab99c7ac41</S>
          <S N="PowerShellVersion">6.0</S>
          <S N="CompanyName">Oracle Corporation</S>
        </MS>
      </Obj>
      <S N="InstalledLocation">C:\Program Files\PowerShell\Modules1\OCI.PSModules.Dataflow\95.1.0</S>
    </MS>
  </Obj>
</Objs>
