<Objs Version="1.1.0.1" xmlns="http://schemas.microsoft.com/powershell/2004/04">
  <Obj RefId="0">
    <TN RefId="0">
      <T>Microsoft.PowerShell.Commands.PSRepositoryItemInfo</T>
      <T>System.Management.Automation.PSCustomObject</T>
      <T>System.Object</T>
    </TN>
    <MS>
      <S N="Name">OCI.PSModules.Distributeddatabase</S>
      <Version N="Version">120.0.0</Version>
      <S N="Type">Module</S>
      <S N="Description">This modules provides Cmdlets for OCI Distributeddatabase Service</S>
      <S N="Author">Oracle Cloud Infrastructure</S>
      <S N="CompanyName">oci-psmodules-grp</S>
      <S N="Copyright">(c) Oracle Cloud Infrastructure. All rights reserved.</S>
      <DT N="PublishedDate">2025-11-18T18:41:41+02:00</DT>
      <Obj N="InstalledDate" RefId="1">
        <DT>2025-11-27T08:12:46.9042248+02:00</DT>
        <MS>
          <Obj N="DisplayHint" RefId="2">
            <TN RefId="1">
              <T>Microsoft.PowerShell.Commands.DisplayHintType</T>
              <T>System.Enum</T>
              <T>System.ValueType</T>
              <T>System.Object</T>
            </TN>
            <ToString>DateTime</ToString>
            <I32>2</I32>
          </Obj>
        </MS>
      </Obj>
      <Nil N="UpdatedDate" />
      <URI N="LicenseUri">https://github.com/oracle/oci-powershell-modules/blob/master/LICENSE.txt</URI>
      <URI N="ProjectUri">https://github.com/oracle/oci-powershell-modules/</URI>
      <URI N="IconUri">https://github.com/oracle/oci-powershell-modules/blob/master/icon.png</URI>
      <Obj N="Tags" RefId="3">
        <TN RefId="2">
          <T>System.Object[]</T>
          <T>System.Array</T>
          <T>System.Object</T>
        </TN>
        <LST>
          <S>PSEdition_Core</S>
          <S>Windows</S>
          <S>Linux</S>
          <S>macOS</S>
          <S>Oracle</S>
          <S>OCI</S>
          <S>Cloud</S>
          <S>OracleCloudInfrastructure</S>
          <S>Distributeddatabase</S>
          <S>PSModule</S>
        </LST>
      </Obj>
      <Obj N="Includes" RefId="4">
        <TN RefId="3">
          <T>System.Collections.Hashtable</T>
          <T>System.Object</T>
        </TN>
        <DCT>
          <En>
            <S N="Key">Function</S>
            <Obj N="Value" RefId="5">
              <TNRef RefId="2" />
              <LST />
            </Obj>
          </En>
          <En>
            <S N="Key">RoleCapability</S>
            <Ref N="Value" RefId="5" />
          </En>
          <En>
            <S N="Key">Cmdlet</S>
            <Obj N="Value" RefId="6">
              <TNRef RefId="2" />
              <LST>
                <S>Add-OCIDistributeddatabaseDistributedAutonomousDatabaseGdsControlNode</S>
                <S>Add-OCIDistributeddatabaseGdsControlNode</S>
                <S>Confirm-OCIDistributeddatabaseDistributedAutonomousDatabaseNetwork</S>
                <S>Confirm-OCIDistributeddatabaseNetwork</S>
                <S>Get-OCIDistributeddatabase</S>
                <S>Get-OCIDistributeddatabaseDistributedAutonomousDatabase</S>
                <S>Get-OCIDistributeddatabaseDistributedAutonomousDatabasesList</S>
                <S>Get-OCIDistributeddatabasePrivateEndpoint</S>
                <S>Get-OCIDistributeddatabasePrivateEndpointsList</S>
                <S>Get-OCIDistributeddatabasesList</S>
                <S>Get-OCIDistributeddatabaseWorkRequest</S>
                <S>Get-OCIDistributeddatabaseWorkRequestErrorsList</S>
                <S>Get-OCIDistributeddatabaseWorkRequestLogsList</S>
                <S>Get-OCIDistributeddatabaseWorkRequestsList</S>
                <S>Invoke-OCIDistributeddatabaseConfigureDistributedAutonomousDatabaseGsms</S>
                <S>Invoke-OCIDistributeddatabaseConfigureDistributedAutonomousDatabaseSharding</S>
                <S>Invoke-OCIDistributeddatabaseConfigureDistributedDatabaseGsms</S>
                <S>Invoke-OCIDistributeddatabaseConfigureDistributedDatabaseSharding</S>
                <S>Invoke-OCIDistributeddatabaseDownloadDistributedAutonomousDatabaseGsmCertificateSigningRequest</S>
                <S>Invoke-OCIDistributeddatabaseDownloadDistributedDatabaseGsmCertificateSigningRequest</S>
                <S>Invoke-OCIDistributeddatabasePatchDistributedAutonomousDatabase</S>
                <S>Invoke-OCIDistributeddatabasePatchDistributedDatabase</S>
                <S>Invoke-OCIDistributeddatabaseReinstateProxyInstance</S>
                <S>Invoke-OCIDistributeddatabaseRotateDistributedAutonomousDatabasePasswords</S>
                <S>Invoke-OCIDistributeddatabaseRotateDistributedDatabasePasswords</S>
                <S>Move-OCIDistributeddatabaseCompartment</S>
                <S>Move-OCIDistributeddatabaseDistributedAutonomousDatabaseCompartment</S>
                <S>Move-OCIDistributeddatabaseDistributedAutonomousDbBackupConfig</S>
                <S>Move-OCIDistributeddatabaseDistributedDbBackupConfig</S>
                <S>Move-OCIDistributeddatabasePrivateEndpointCompartment</S>
                <S>New-OCIDistributeddatabase</S>
                <S>New-OCIDistributeddatabaseDistributedAutonomousDatabase</S>
                <S>New-OCIDistributeddatabaseDistributedAutonomousDatabaseGsmCertificateSigningRequest</S>
                <S>New-OCIDistributeddatabaseDistributedAutonomousDatabaseWallet</S>
                <S>New-OCIDistributeddatabaseGsmCertificateSigningRequest</S>
                <S>New-OCIDistributeddatabasePrivateEndpoint</S>
                <S>New-OCIDistributeddatabaseWallet</S>
                <S>Remove-OCIDistributeddatabase</S>
                <S>Remove-OCIDistributeddatabaseDistributedAutonomousDatabase</S>
                <S>Remove-OCIDistributeddatabasePrivateEndpoint</S>
                <S>Start-OCIDistributeddatabase</S>
                <S>Start-OCIDistributeddatabaseDistributedAutonomousDatabase</S>
                <S>Stop-OCIDistributeddatabase</S>
                <S>Stop-OCIDistributeddatabaseDistributedAutonomousDatabase</S>
                <S>Update-OCIDistributeddatabase</S>
                <S>Update-OCIDistributeddatabaseDistributedAutonomousDatabase</S>
                <S>Update-OCIDistributeddatabasePrivateEndpoint</S>
                <S>Write-OCIDistributeddatabaseDistributedAutonomousDatabaseSignedCertificateAndGenerateWallet</S>
                <S>Write-OCIDistributeddatabaseSignedCertificateAndGenerateWallet</S>
              </LST>
            </Obj>
          </En>
          <En>
            <S N="Key">DscResource</S>
            <Ref N="Value" RefId="5" />
          </En>
          <En>
            <S N="Key">Command</S>
            <Obj N="Value" RefId="7">
              <TNRef RefId="2" />
              <LST>
                <S>Add-OCIDistributeddatabaseDistributedAutonomousDatabaseGdsControlNode</S>
                <S>Add-OCIDistributeddatabaseGdsControlNode</S>
                <S>Confirm-OCIDistributeddatabaseDistributedAutonomousDatabaseNetwork</S>
                <S>Confirm-OCIDistributeddatabaseNetwork</S>
                <S>Get-OCIDistributeddatabase</S>
                <S>Get-OCIDistributeddatabaseDistributedAutonomousDatabase</S>
                <S>Get-OCIDistributeddatabaseDistributedAutonomousDatabasesList</S>
                <S>Get-OCIDistributeddatabasePrivateEndpoint</S>
                <S>Get-OCIDistributeddatabasePrivateEndpointsList</S>
                <S>Get-OCIDistributeddatabasesList</S>
                <S>Get-OCIDistributeddatabaseWorkRequest</S>
                <S>Get-OCIDistributeddatabaseWorkRequestErrorsList</S>
                <S>Get-OCIDistributeddatabaseWorkRequestLogsList</S>
                <S>Get-OCIDistributeddatabaseWorkRequestsList</S>
                <S>Invoke-OCIDistributeddatabaseConfigureDistributedAutonomousDatabaseGsms</S>
                <S>Invoke-OCIDistributeddatabaseConfigureDistributedAutonomousDatabaseSharding</S>
                <S>Invoke-OCIDistributeddatabaseConfigureDistributedDatabaseGsms</S>
                <S>Invoke-OCIDistributeddatabaseConfigureDistributedDatabaseSharding</S>
                <S>Invoke-OCIDistributeddatabaseDownloadDistributedAutonomousDatabaseGsmCertificateSigningRequest</S>
                <S>Invoke-OCIDistributeddatabaseDownloadDistributedDatabaseGsmCertificateSigningRequest</S>
                <S>Invoke-OCIDistributeddatabasePatchDistributedAutonomousDatabase</S>
                <S>Invoke-OCIDistributeddatabasePatchDistributedDatabase</S>
                <S>Invoke-OCIDistributeddatabaseReinstateProxyInstance</S>
                <S>Invoke-OCIDistributeddatabaseRotateDistributedAutonomousDatabasePasswords</S>
                <S>Invoke-OCIDistributeddatabaseRotateDistributedDatabasePasswords</S>
                <S>Move-OCIDistributeddatabaseCompartment</S>
                <S>Move-OCIDistributeddatabaseDistributedAutonomousDatabaseCompartment</S>
                <S>Move-OCIDistributeddatabaseDistributedAutonomousDbBackupConfig</S>
                <S>Move-OCIDistributeddatabaseDistributedDbBackupConfig</S>
                <S>Move-OCIDistributeddatabasePrivateEndpointCompartment</S>
                <S>New-OCIDistributeddatabase</S>
                <S>New-OCIDistributeddatabaseDistributedAutonomousDatabase</S>
                <S>New-OCIDistributeddatabaseDistributedAutonomousDatabaseGsmCertificateSigningRequest</S>
                <S>New-OCIDistributeddatabaseDistributedAutonomousDatabaseWallet</S>
                <S>New-OCIDistributeddatabaseGsmCertificateSigningRequest</S>
                <S>New-OCIDistributeddatabasePrivateEndpoint</S>
                <S>New-OCIDistributeddatabaseWallet</S>
                <S>Remove-OCIDistributeddatabase</S>
                <S>Remove-OCIDistributeddatabaseDistributedAutonomousDatabase</S>
                <S>Remove-OCIDistributeddatabasePrivateEndpoint</S>
                <S>Start-OCIDistributeddatabase</S>
                <S>Start-OCIDistributeddatabaseDistributedAutonomousDatabase</S>
                <S>Stop-OCIDistributeddatabase</S>
                <S>Stop-OCIDistributeddatabaseDistributedAutonomousDatabase</S>
                <S>Update-OCIDistributeddatabase</S>
                <S>Update-OCIDistributeddatabaseDistributedAutonomousDatabase</S>
                <S>Update-OCIDistributeddatabasePrivateEndpoint</S>
                <S>Write-OCIDistributeddatabaseDistributedAutonomousDatabaseSignedCertificateAndGenerateWallet</S>
                <S>Write-OCIDistributeddatabaseSignedCertificateAndGenerateWallet</S>
              </LST>
            </Obj>
          </En>
          <En>
            <S N="Key">Workflow</S>
            <Ref N="Value" RefId="5" />
          </En>
        </DCT>
      </Obj>
      <Nil N="PowerShellGetFormatVersion" />
      <S N="ReleaseNotes">https://github.com/oracle/oci-powershell-modules/blob/master/CHANGELOG.md</S>
      <Obj N="Dependencies" RefId="8">
        <TNRef RefId="2" />
        <LST>
          <Obj RefId="9">
            <TN RefId="4">
              <T>System.Collections.Specialized.OrderedDictionary</T>
              <T>System.Object</T>
            </TN>
            <DCT>
              <En>
                <S N="Key">Name</S>
                <S N="Value">OCI.PSModules.Common</S>
              </En>
              <En>
                <S N="Key">RequiredVersion</S>
                <S N="Value">120.0.0</S>
              </En>
              <En>
                <S N="Key">CanonicalId</S>
                <S N="Value">nuget:OCI.PSModules.Common/[120.0.0]</S>
              </En>
            </DCT>
          </Obj>
        </LST>
      </Obj>
      <S N="RepositorySourceLocation">https://www.powershellgallery.com/api/v2</S>
      <S N="Repository">PSGallery</S>
      <S N="PackageManagementProvider">NuGet</S>
      <Obj N="AdditionalMetadata" RefId="10">
        <TN RefId="5">
          <T>System.Management.Automation.PSCustomObject</T>
          <T>System.Object</T>
        </TN>
        <MS>
          <S N="copyright">(c) Oracle Cloud Infrastructure. All rights reserved.</S>
          <S N="description">This modules provides Cmdlets for OCI Distributeddatabase Service</S>
          <S N="requireLicenseAcceptance">False</S>
          <S N="releaseNotes">https://github.com/oracle/oci-powershell-modules/blob/master/CHANGELOG.md</S>
          <S N="isLatestVersion">True</S>
          <S N="isAbsoluteLatestVersion">True</S>
          <S N="versionDownloadCount">48</S>
          <S N="downloadCount">1164</S>
          <S N="packageSize">180785</S>
          <S N="published">11/18/2025 6:41:41 PM +02:00</S>
          <S N="created">11/18/2025 6:41:41 PM +02:00</S>
          <S N="lastUpdated">11/26/2025 9:30:00 PM +02:00</S>
          <S N="tags">PSEdition_Core Windows Linux macOS Oracle OCI Cloud OracleCloudInfrastructure Distributeddatabase PSModule PSCmdlet_Add-OCIDistributeddatabaseDistributedAutonomousDatabaseGdsControlNode PSCommand_Add-OCIDistributeddatabaseDistributedAutonomousDatabaseGdsControlNode PSCmdlet_Add-OCIDistributeddatabaseGdsControlNode PSCommand_Add-OCIDistributeddatabaseGdsControlNode PSCmdlet_Confirm-OCIDistributeddatabaseDistributedAutonomousDatabaseNetwork PSCommand_Confirm-OCIDistributeddatabaseDistributedAutonomousDatabaseNetwork PSCmdlet_Confirm-OCIDistributeddatabaseNetwork PSCommand_Confirm-OCIDistributeddatabaseNetwork PSCmdlet_Get-OCIDistributeddatabase PSCommand_Get-OCIDistributeddatabase PSCmdlet_Get-OCIDistributeddatabaseDistributedAutonomousDatabase PSCommand_Get-OCIDistributeddatabaseDistributedAutonomousDatabase PSCmdlet_Get-OCIDistributeddatabaseDistributedAutonomousDatabasesList PSCommand_Get-OCIDistributeddatabaseDistributedAutonomousDatabasesList PSCmdlet_Get-OCIDistributeddatabasePrivateEndpoint PSCommand_Get-OCIDistributeddatabasePrivateEndpoint PSCmdlet_Get-OCIDistributeddatabasePrivateEndpointsList PSCommand_Get-OCIDistributeddatabasePrivateEndpointsList PSCmdlet_Get-OCIDistributeddatabasesList PSCommand_Get-OCIDistributeddatabasesList PSCmdlet_Get-OCIDistributeddatabaseWorkRequest PSCommand_Get-OCIDistributeddatabaseWorkRequest PSCmdlet_Get-OCIDistributeddatabaseWorkRequestErrorsList PSCommand_Get-OCIDistributeddatabaseWorkRequestErrorsList PSCmdlet_Get-OCIDistributeddatabaseWorkRequestLogsList PSCommand_Get-OCIDistributeddatabaseWorkRequestLogsList PSCmdlet_Get-OCIDistributeddatabaseWorkRequestsList PSCommand_Get-OCIDistributeddatabaseWorkRequestsList PSCmdlet_Invoke-OCIDistributeddatabaseConfigureDistributedAutonomousDatabaseGsms PSCommand_Invoke-OCIDistributeddatabaseConfigureDistributedAutonomousDatabaseGsms PSCmdlet_Invoke-OCIDistributeddatabaseConfigureDistributedAutonomousDatabaseSharding PSCommand_Invoke-OCIDistributeddatabaseConfigureDistributedAutonomousDatabaseSharding PSCmdlet_Invoke-OCIDistributeddatabaseConfigureDistributedDatabaseGsms PSCommand_Invoke-OCIDistributeddatabaseConfigureDistributedDatabaseGsms PSCmdlet_Invoke-OCIDistributeddatabaseConfigureDistributedDatabaseSharding PSCommand_Invoke-OCIDistributeddatabaseConfigureDistributedDatabaseSharding PSCmdlet_Invoke-OCIDistributeddatabaseDownloadDistributedAutonomousDatabaseGsmCertificateSigningRequest PSCommand_Invoke-OCIDistributeddatabaseDownloadDistributedAutonomousDatabaseGsmCertificateSigningRequest PSCmdlet_Invoke-OCIDistributeddatabaseDownloadDistributedDatabaseGsmCertificateSigningRequest PSCommand_Invoke-OCIDistributeddatabaseDownloadDistributedDatabaseGsmCertificateSigningRequest PSCmdlet_Invoke-OCIDistributeddatabasePatchDistributedAutonomousDatabase PSCommand_Invoke-OCIDistributeddatabasePatchDistributedAutonomousDatabase PSCmdlet_Invoke-OCIDistributeddatabasePatchDistributedDatabase PSCommand_Invoke-OCIDistributeddatabasePatchDistributedDatabase PSCmdlet_Invoke-OCIDistributeddatabaseReinstateProxyInstance PSCommand_Invoke-OCIDistributeddatabaseReinstateProxyInstance PSCmdlet_Invoke-OCIDistributeddatabaseRotateDistributedAutonomousDatabasePasswords PSCommand_Invoke-OCIDistributeddatabaseRotateDistributedAutonomousDatabasePasswords PSCmdlet_Invoke-OCIDistributeddatabaseRotateDistributedDatabasePasswords PSCommand_Invoke-OCIDistributeddatabaseRotateDistributedDatabasePasswords PSCmdlet_Move-OCIDistributeddatabaseCompartment PSCommand_Move-OCIDistributeddatabaseCompartment PSCmdlet_Move-OCIDistributeddatabaseDistributedAutonomousDatabaseCompartment PSCommand_Move-OCIDistributeddatabaseDistributedAutonomousDatabaseCompartment PSCmdlet_Move-OCIDistributeddatabaseDistributedAutonomousDbBackupConfig PSCommand_Move-OCIDistributeddatabaseDistributedAutonomousDbBackupConfig PSCmdlet_Move-OCIDistributeddatabaseDistributedDbBackupConfig PSCommand_Move-OCIDistributeddatabaseDistributedDbBackupConfig PSCmdlet_Move-OCIDistributeddatabasePrivateEndpointCompartment PSCommand_Move-OCIDistributeddatabasePrivateEndpointCompartment PSCmdlet_New-OCIDistributeddatabase PSCommand_New-OCIDistributeddatabase PSCmdlet_New-OCIDistributeddatabaseDistributedAutonomousDatabase PSCommand_New-OCIDistributeddatabaseDistributedAutonomousDatabase PSCmdlet_New-OCIDistributeddatabaseDistributedAutonomousDatabaseGsmCertificateSigningRequest PSCommand_New-OCIDistributeddatabaseDistributedAutonomousDatabaseGsmCertificateSigningRequest PSCmdlet_New-OCIDistributeddatabaseDistributedAutonomousDatabaseWallet PSCommand_New-OCIDistributeddatabaseDistributedAutonomousDatabaseWallet PSCmdlet_New-OCIDistributeddatabaseGsmCertificateSigningRequest PSCommand_New-OCIDistributeddatabaseGsmCertificateSigningRequest PSCmdlet_New-OCIDistributeddatabasePrivateEndpoint PSCommand_New-OCIDistributeddatabasePrivateEndpoint PSCmdlet_New-OCIDistributeddatabaseWallet PSCommand_New-OCIDistributeddatabaseWallet PSCmdlet_Remove-OCIDistributeddatabase PSCommand_Remove-OCIDistributeddatabase PSCmdlet_Remove-OCIDistributeddatabaseDistributedAutonomousDatabase PSCommand_Remove-OCIDistributeddatabaseDistributedAutonomousDatabase PSCmdlet_Remove-OCIDistributeddatabasePrivateEndpoint PSCommand_Remove-OCIDistributeddatabasePrivateEndpoint PSCmdlet_Start-OCIDistributeddatabase PSCommand_Start-OCIDistributeddatabase PSCmdlet_Start-OCIDistributeddatabaseDistributedAutonomousDatabase PSCommand_Start-OCIDistributeddatabaseDistributedAutonomousDatabase PSCmdlet_Stop-OCIDistributeddatabase PSCommand_Stop-OCIDistributeddatabase PSCmdlet_Stop-OCIDistributeddatabaseDistributedAutonomousDatabase PSCommand_Stop-OCIDistributeddatabaseDistributedAutonomousDatabase PSCmdlet_Update-OCIDistributeddatabase PSCommand_Update-OCIDistributeddatabase PSCmdlet_Update-OCIDistributeddatabaseDistributedAutonomousDatabase PSCommand_Update-OCIDistributeddatabaseDistributedAutonomousDatabase PSCmdlet_Update-OCIDistributeddatabasePrivateEndpoint PSCommand_Update-OCIDistributeddatabasePrivateEndpoint PSCmdlet_Write-OCIDistributeddatabaseDistributedAutonomousDatabaseSignedCertificateAndGenerateWallet PSCommand_Write-OCIDistributeddatabaseDistributedAutonomousDatabaseSignedCertificateAndGenerateWallet PSCmdlet_Write-OCIDistributeddatabaseSignedCertificateAndGenerateWallet PSCommand_Write-OCIDistributeddatabaseSignedCertificateAndGenerateWallet PSIncludes_Cmdlet</S>
          <S N="developmentDependency">False</S>
          <S N="updated">2025-11-26T21:30:00Z</S>
          <S N="NormalizedVersion">120.0.0</S>
          <S N="Authors">Oracle Cloud Infrastructure</S>
          <S N="IsPrerelease">false</S>
          <S N="ItemType">Module</S>
          <S N="FileList">OCI.PSModules.Distributeddatabase.nuspec|LICENSE.txt|THIRD_PARTY_LICENSES.txt|OCI.PSModules.Distributeddatabase.psd1|OCI.PSModules.Distributeddatabase.dll-Help.xml|assemblies\OCI.DotNetSDK.Distributeddatabase.dll|assemblies\OCI.PSModules.Distributeddatabase.dll</S>
          <S N="GUID">88755226-aac1-4e74-918f-dc75196aa4a3</S>
          <S N="PowerShellVersion">6.0</S>
          <S N="CompanyName">Oracle Corporation</S>
        </MS>
      </Obj>
      <S N="InstalledLocation">C:\Program Files\PowerShell\Modules\OCI.PSModules.Distributeddatabase\120.0.0</S>
    </MS>
  </Obj>
</Objs>
