﻿<?xml version="1.0" encoding="utf-8"?>
<!--Copyright (c) 2020, 2025, Oracle and/or its affiliates.
This software is dual-licensed to you under the Universal Permissive License (UPL) 1.0 as shown at https://oss.oracle.com/licenses/upl or Apache License 2.0 as shown at http://www.apache.org/licenses/LICENSE-2.0. You may choose either license.-->
<helpItems schema="maml" xmlns="http://msh">
  <command:command xmlns:maml="http://schemas.microsoft.com/maml/2004/10" xmlns:command="http://schemas.microsoft.com/maml/dev/command/2004/10" xmlns:dev="http://schemas.microsoft.com/maml/dev/2004/10" xmlns:MSHelp="http://msdn.microsoft.com/mshelp">
    <command:details>
      <command:name>Get-OCIResourcesearchResourceType</command:name>
      <command:verb>Get</command:verb>
      <command:noun>OCIResourcesearchResourceType</command:noun>
      <maml:description>
        <maml:para>Invokes ResourceSearch service - GetResourceType operation.</maml:para>
      </maml:description>
    </command:details>
    <maml:description>
      <maml:para>Gets detailed information about a resource type by using the resource type name.</maml:para>
    </maml:description>
    <command:syntax>
      <command:syntaxItem>
        <maml:name>Get-OCIResourcesearchResourceType</maml:name>
        <command:parameter required="true" variableLength="true" globbing="false" pipelineInput="True (ByPropertyName)" position="named" aliases="none">
          <maml:name>Name</maml:name>
          <maml:Description>
            <maml:para>The name of the resource type.</maml:para>
          </maml:Description>
          <command:parameterValue required="true" variableLength="false">String</command:parameterValue>
          <dev:type>
            <maml:name>String</maml:name>
            <maml:uri />
          </dev:type>
          <dev:defaultValue>None</dev:defaultValue>
        </command:parameter>
        <command:parameter required="false" variableLength="true" globbing="false" pipelineInput="True (ByPropertyName)" position="named" aliases="none">
          <maml:name>OpcRequestId</maml:name>
          <maml:Description>
            <maml:para>The unique Oracle-assigned identifier for the request. If you need to contact Oracle about a particular request, please provide the complete request ID.</maml:para>
          </maml:Description>
          <command:parameterValue required="true" variableLength="false">String</command:parameterValue>
          <dev:type>
            <maml:name>String</maml:name>
            <maml:uri />
          </dev:type>
          <dev:defaultValue>None</dev:defaultValue>
        </command:parameter>
        <command:parameter required="false" variableLength="true" globbing="false" pipelineInput="False" position="named" aliases="none">
          <maml:name>ConfigFile</maml:name>
          <maml:Description>
            <maml:para>The path to the config file.</maml:para>
          </maml:Description>
          <command:parameterValue required="true" variableLength="false">String</command:parameterValue>
          <dev:type>
            <maml:name>String</maml:name>
            <maml:uri />
          </dev:type>
          <dev:defaultValue>None</dev:defaultValue>
        </command:parameter>
        <command:parameter required="false" variableLength="true" globbing="false" pipelineInput="True (ByPropertyName)" position="named" aliases="none">
          <maml:name>Endpoint</maml:name>
          <maml:Description>
            <maml:para>The value to use as the service endpoint, including any required API version path.</maml:para>
          </maml:Description>
          <command:parameterValue required="true" variableLength="false">String</command:parameterValue>
          <dev:type>
            <maml:name>String</maml:name>
            <maml:uri />
          </dev:type>
          <dev:defaultValue>None</dev:defaultValue>
        </command:parameter>
        <command:parameter required="false" variableLength="true" globbing="false" pipelineInput="False" position="named" aliases="none">
          <maml:name>NoRetry</maml:name>
          <maml:Description>
            <maml:para>Disable retry logic for calls to services.</maml:para>
          </maml:Description>
          <command:parameterValue required="false" variableLength="false">SwitchParameter</command:parameterValue>
          <dev:type>
            <maml:name>SwitchParameter</maml:name>
            <maml:uri />
          </dev:type>
          <dev:defaultValue>False</dev:defaultValue>
        </command:parameter>
        <command:parameter required="false" variableLength="true" globbing="false" pipelineInput="False" position="named" aliases="none">
          <maml:name>Profile</maml:name>
          <maml:Description>
            <maml:para>The profile in the config file to load.</maml:para>
          </maml:Description>
          <command:parameterValue required="true" variableLength="false">String</command:parameterValue>
          <dev:type>
            <maml:name>String</maml:name>
            <maml:uri />
          </dev:type>
          <dev:defaultValue>None</dev:defaultValue>
        </command:parameter>
        <command:parameter required="false" variableLength="true" globbing="false" pipelineInput="True (ByPropertyName)" position="named" aliases="none">
          <maml:name>Region</maml:name>
          <maml:Description>
            <maml:para>Region-id of the region to make calls against. eg) us-phoenix-1, ap-singapore-1</maml:para>
          </maml:Description>
          <command:parameterValue required="true" variableLength="false">String</command:parameterValue>
          <dev:type>
            <maml:name>String</maml:name>
            <maml:uri />
          </dev:type>
          <dev:defaultValue>None</dev:defaultValue>
        </command:parameter>
        <command:parameter required="false" variableLength="true" globbing="false" pipelineInput="True (ByPropertyName)" position="named" aliases="none">
          <maml:name>FullResponse</maml:name>
          <maml:Description>
            <maml:para>Output the complete response returned by the API Operation. Using this switch will make this Cmdlet output an object containing response headers in-addition to an optional response body.</maml:para>
          </maml:Description>
          <command:parameterValue required="false" variableLength="false">SwitchParameter</command:parameterValue>
          <dev:type>
            <maml:name>SwitchParameter</maml:name>
            <maml:uri />
          </dev:type>
          <dev:defaultValue>False</dev:defaultValue>
        </command:parameter>
        <command:parameter required="false" variableLength="true" globbing="false" pipelineInput="False" position="named" aliases="none">
          <maml:name>TimeOutInMillis</maml:name>
          <maml:Description>
            <maml:para>Max wait time in milliseconds for the API request to complete. Default is 100000 millis(100 secs).</maml:para>
          </maml:Description>
          <command:parameterValue required="true" variableLength="false">Int32</command:parameterValue>
          <dev:type>
            <maml:name>Int32</maml:name>
            <maml:uri />
          </dev:type>
          <dev:defaultValue>None</dev:defaultValue>
        </command:parameter>
        <command:parameter required="false" variableLength="true" globbing="false" pipelineInput="False" position="named" aliases="none">
          <maml:name>AuthType</maml:name>
          <maml:Description>
            <maml:para>Type of authentication to use for making API requests. Default is Key based Authentication.</maml:para>
          </maml:Description>
          <command:parameterValue required="true" variableLength="false">AuthenticationType</command:parameterValue>
          <dev:type>
            <maml:name>AuthenticationType</maml:name>
            <maml:uri />
          </dev:type>
          <dev:defaultValue>None</dev:defaultValue>
        </command:parameter>
      </command:syntaxItem>
    </command:syntax>
    <command:parameters>
      <command:parameter required="false" variableLength="true" globbing="false" pipelineInput="False" position="named" aliases="none">
        <maml:name>AuthType</maml:name>
        <maml:Description>
          <maml:para>Type of authentication to use for making API requests. Default is Key based Authentication.</maml:para>
        </maml:Description>
        <command:parameterValue required="true" variableLength="false">AuthenticationType</command:parameterValue>
        <dev:type>
          <maml:name>AuthenticationType</maml:name>
          <maml:uri />
        </dev:type>
        <dev:defaultValue>None</dev:defaultValue>
      </command:parameter>
      <command:parameter required="false" variableLength="true" globbing="false" pipelineInput="False" position="named" aliases="none">
        <maml:name>ConfigFile</maml:name>
        <maml:Description>
          <maml:para>The path to the config file.</maml:para>
        </maml:Description>
        <command:parameterValue required="true" variableLength="false">String</command:parameterValue>
        <dev:type>
          <maml:name>String</maml:name>
          <maml:uri />
        </dev:type>
        <dev:defaultValue>None</dev:defaultValue>
      </command:parameter>
      <command:parameter required="false" variableLength="true" globbing="false" pipelineInput="True (ByPropertyName)" position="named" aliases="none">
        <maml:name>Endpoint</maml:name>
        <maml:Description>
          <maml:para>The value to use as the service endpoint, including any required API version path.</maml:para>
        </maml:Description>
        <command:parameterValue required="true" variableLength="false">String</command:parameterValue>
        <dev:type>
          <maml:name>String</maml:name>
          <maml:uri />
        </dev:type>
        <dev:defaultValue>None</dev:defaultValue>
      </command:parameter>
      <command:parameter required="false" variableLength="true" globbing="false" pipelineInput="True (ByPropertyName)" position="named" aliases="none">
        <maml:name>FullResponse</maml:name>
        <maml:Description>
          <maml:para>Output the complete response returned by the API Operation. Using this switch will make this Cmdlet output an object containing response headers in-addition to an optional response body.</maml:para>
        </maml:Description>
        <command:parameterValue required="false" variableLength="false">SwitchParameter</command:parameterValue>
        <dev:type>
          <maml:name>SwitchParameter</maml:name>
          <maml:uri />
        </dev:type>
        <dev:defaultValue>False</dev:defaultValue>
      </command:parameter>
      <command:parameter required="true" variableLength="true" globbing="false" pipelineInput="True (ByPropertyName)" position="named" aliases="none">
        <maml:name>Name</maml:name>
        <maml:Description>
          <maml:para>The name of the resource type.</maml:para>
        </maml:Description>
        <command:parameterValue required="true" variableLength="false">String</command:parameterValue>
        <dev:type>
          <maml:name>String</maml:name>
          <maml:uri />
        </dev:type>
        <dev:defaultValue>None</dev:defaultValue>
      </command:parameter>
      <command:parameter required="false" variableLength="true" globbing="false" pipelineInput="False" position="named" aliases="none">
        <maml:name>NoRetry</maml:name>
        <maml:Description>
          <maml:para>Disable retry logic for calls to services.</maml:para>
        </maml:Description>
        <command:parameterValue required="false" variableLength="false">SwitchParameter</command:parameterValue>
        <dev:type>
          <maml:name>SwitchParameter</maml:name>
          <maml:uri />
        </dev:type>
        <dev:defaultValue>False</dev:defaultValue>
      </command:parameter>
      <command:parameter required="false" variableLength="true" globbing="false" pipelineInput="True (ByPropertyName)" position="named" aliases="none">
        <maml:name>OpcRequestId</maml:name>
        <maml:Description>
          <maml:para>The unique Oracle-assigned identifier for the request. If you need to contact Oracle about a particular request, please provide the complete request ID.</maml:para>
        </maml:Description>
        <command:parameterValue required="true" variableLength="false">String</command:parameterValue>
        <dev:type>
          <maml:name>String</maml:name>
          <maml:uri />
        </dev:type>
        <dev:defaultValue>None</dev:defaultValue>
      </command:parameter>
      <command:parameter required="false" variableLength="true" globbing="false" pipelineInput="False" position="named" aliases="none">
        <maml:name>Profile</maml:name>
        <maml:Description>
          <maml:para>The profile in the config file to load.</maml:para>
        </maml:Description>
        <command:parameterValue required="true" variableLength="false">String</command:parameterValue>
        <dev:type>
          <maml:name>String</maml:name>
          <maml:uri />
        </dev:type>
        <dev:defaultValue>None</dev:defaultValue>
      </command:parameter>
      <command:parameter required="false" variableLength="true" globbing="false" pipelineInput="True (ByPropertyName)" position="named" aliases="none">
        <maml:name>Region</maml:name>
        <maml:Description>
          <maml:para>Region-id of the region to make calls against. eg) us-phoenix-1, ap-singapore-1</maml:para>
        </maml:Description>
        <command:parameterValue required="true" variableLength="false">String</command:parameterValue>
        <dev:type>
          <maml:name>String</maml:name>
          <maml:uri />
        </dev:type>
        <dev:defaultValue>None</dev:defaultValue>
      </command:parameter>
      <command:parameter required="false" variableLength="true" globbing="false" pipelineInput="False" position="named" aliases="none">
        <maml:name>TimeOutInMillis</maml:name>
        <maml:Description>
          <maml:para>Max wait time in milliseconds for the API request to complete. Default is 100000 millis(100 secs).</maml:para>
        </maml:Description>
        <command:parameterValue required="true" variableLength="false">Int32</command:parameterValue>
        <dev:type>
          <maml:name>Int32</maml:name>
          <maml:uri />
        </dev:type>
        <dev:defaultValue>None</dev:defaultValue>
      </command:parameter>
    </command:parameters>
    <command:inputTypes />
    <command:returnValues>
      <command:returnValue>
        <dev:type>
          <maml:name>Oci.ResourcesearchService.Models.ResourceType</maml:name>
        </dev:type>
        <maml:description>
          <maml:para>
          </maml:para>
        </maml:description>
      </command:returnValue>
      <command:returnValue>
        <dev:type>
          <maml:name>Oci.ResourcesearchService.Responses.GetResourceTypeResponse</maml:name>
        </dev:type>
        <maml:description>
          <maml:para>
          </maml:para>
        </maml:description>
      </command:returnValue>
    </command:returnValues>
    <maml:alertSet>
      <maml:alert />
    </maml:alertSet>
    <command:examples />
    <command:relatedLinks>
      <maml:navigationLink>
        <maml:linkText>APIReference</maml:linkText>
        <maml:uri>https://docs.cloud.oracle.com/en-us/iaas/api/</maml:uri>
      </maml:navigationLink>
      <maml:navigationLink>
        <maml:linkText>DotnetSDKAPI</maml:linkText>
        <maml:uri>https://docs.cloud.oracle.com/en-us/iaas/tools/dotnet/latest/api/index.html</maml:uri>
      </maml:navigationLink>
      <maml:navigationLink>
        <maml:linkText>OCIModulesDocs</maml:linkText>
        <maml:uri>https://docs.oracle.com/en-us/iaas/Content/API/SDKDocs/powershell.htm</maml:uri>
      </maml:navigationLink>
      <maml:navigationLink>
        <maml:linkText>OCIServiceConcepts</maml:linkText>
        <maml:uri>https://docs.cloud.oracle.com/en-us/iaas/Content/services.htm</maml:uri>
      </maml:navigationLink>
      <maml:navigationLink>
        <maml:linkText>Examples</maml:linkText>
        <maml:uri>https://github.com/oracle/oci-powershell-modules/tree/master/Examples</maml:uri>
      </maml:navigationLink>
    </command:relatedLinks>
  </command:command>
  <command:command xmlns:maml="http://schemas.microsoft.com/maml/2004/10" xmlns:command="http://schemas.microsoft.com/maml/dev/command/2004/10" xmlns:dev="http://schemas.microsoft.com/maml/dev/2004/10" xmlns:MSHelp="http://msdn.microsoft.com/mshelp">
    <command:details>
      <command:name>Get-OCIResourcesearchResourceTypesList</command:name>
      <command:verb>Get</command:verb>
      <command:noun>OCIResourcesearchResourceTypesList</command:noun>
      <maml:description>
        <maml:para>Invokes ResourceSearch service - ListResourceTypes operation.</maml:para>
      </maml:description>
    </command:details>
    <maml:description>
      <maml:para>Lists all resource types that you can search or query for.</maml:para>
    </maml:description>
    <command:syntax>
      <command:syntaxItem>
        <maml:name>Get-OCIResourcesearchResourceTypesList</maml:name>
        <command:parameter required="false" variableLength="true" globbing="false" pipelineInput="True (ByPropertyName)" position="named" aliases="none">
          <maml:name>Limit</maml:name>
          <maml:Description>
            <maml:para>The maximum number of items to return. The value must be between 1 and 1000.</maml:para>
          </maml:Description>
          <command:parameterValue required="true" variableLength="false">Int32</command:parameterValue>
          <dev:type>
            <maml:name>Int32</maml:name>
            <maml:uri />
          </dev:type>
          <dev:defaultValue>None</dev:defaultValue>
        </command:parameter>
        <command:parameter required="false" variableLength="true" globbing="false" pipelineInput="True (ByPropertyName)" position="named" aliases="none">
          <maml:name>Page</maml:name>
          <maml:Description>
            <maml:para>The page at which to start retrieving results.</maml:para>
          </maml:Description>
          <command:parameterValue required="true" variableLength="false">String</command:parameterValue>
          <dev:type>
            <maml:name>String</maml:name>
            <maml:uri />
          </dev:type>
          <dev:defaultValue>None</dev:defaultValue>
        </command:parameter>
        <command:parameter required="false" variableLength="true" globbing="false" pipelineInput="True (ByPropertyName)" position="named" aliases="none">
          <maml:name>OpcRequestId</maml:name>
          <maml:Description>
            <maml:para>The unique Oracle-assigned identifier for the request. If you need to contact Oracle about a particular request, please provide the complete request ID.</maml:para>
          </maml:Description>
          <command:parameterValue required="true" variableLength="false">String</command:parameterValue>
          <dev:type>
            <maml:name>String</maml:name>
            <maml:uri />
          </dev:type>
          <dev:defaultValue>None</dev:defaultValue>
        </command:parameter>
        <command:parameter required="false" variableLength="true" globbing="false" pipelineInput="False" position="named" aliases="none">
          <maml:name>ConfigFile</maml:name>
          <maml:Description>
            <maml:para>The path to the config file.</maml:para>
          </maml:Description>
          <command:parameterValue required="true" variableLength="false">String</command:parameterValue>
          <dev:type>
            <maml:name>String</maml:name>
            <maml:uri />
          </dev:type>
          <dev:defaultValue>None</dev:defaultValue>
        </command:parameter>
        <command:parameter required="false" variableLength="true" globbing="false" pipelineInput="True (ByPropertyName)" position="named" aliases="none">
          <maml:name>Endpoint</maml:name>
          <maml:Description>
            <maml:para>The value to use as the service endpoint, including any required API version path.</maml:para>
          </maml:Description>
          <command:parameterValue required="true" variableLength="false">String</command:parameterValue>
          <dev:type>
            <maml:name>String</maml:name>
            <maml:uri />
          </dev:type>
          <dev:defaultValue>None</dev:defaultValue>
        </command:parameter>
        <command:parameter required="false" variableLength="true" globbing="false" pipelineInput="False" position="named" aliases="none">
          <maml:name>NoRetry</maml:name>
          <maml:Description>
            <maml:para>Disable retry logic for calls to services.</maml:para>
          </maml:Description>
          <command:parameterValue required="false" variableLength="false">SwitchParameter</command:parameterValue>
          <dev:type>
            <maml:name>SwitchParameter</maml:name>
            <maml:uri />
          </dev:type>
          <dev:defaultValue>False</dev:defaultValue>
        </command:parameter>
        <command:parameter required="false" variableLength="true" globbing="false" pipelineInput="False" position="named" aliases="none">
          <maml:name>Profile</maml:name>
          <maml:Description>
            <maml:para>The profile in the config file to load.</maml:para>
          </maml:Description>
          <command:parameterValue required="true" variableLength="false">String</command:parameterValue>
          <dev:type>
            <maml:name>String</maml:name>
            <maml:uri />
          </dev:type>
          <dev:defaultValue>None</dev:defaultValue>
        </command:parameter>
        <command:parameter required="false" variableLength="true" globbing="false" pipelineInput="True (ByPropertyName)" position="named" aliases="none">
          <maml:name>Region</maml:name>
          <maml:Description>
            <maml:para>Region-id of the region to make calls against. eg) us-phoenix-1, ap-singapore-1</maml:para>
          </maml:Description>
          <command:parameterValue required="true" variableLength="false">String</command:parameterValue>
          <dev:type>
            <maml:name>String</maml:name>
            <maml:uri />
          </dev:type>
          <dev:defaultValue>None</dev:defaultValue>
        </command:parameter>
        <command:parameter required="false" variableLength="true" globbing="false" pipelineInput="True (ByPropertyName)" position="named" aliases="none">
          <maml:name>FullResponse</maml:name>
          <maml:Description>
            <maml:para>Output the complete response returned by the API Operation. Using this switch will make this Cmdlet output an object containing response headers in-addition to an optional response body.</maml:para>
          </maml:Description>
          <command:parameterValue required="false" variableLength="false">SwitchParameter</command:parameterValue>
          <dev:type>
            <maml:name>SwitchParameter</maml:name>
            <maml:uri />
          </dev:type>
          <dev:defaultValue>False</dev:defaultValue>
        </command:parameter>
        <command:parameter required="false" variableLength="true" globbing="false" pipelineInput="False" position="named" aliases="none">
          <maml:name>TimeOutInMillis</maml:name>
          <maml:Description>
            <maml:para>Max wait time in milliseconds for the API request to complete. Default is 100000 millis(100 secs).</maml:para>
          </maml:Description>
          <command:parameterValue required="true" variableLength="false">Int32</command:parameterValue>
          <dev:type>
            <maml:name>Int32</maml:name>
            <maml:uri />
          </dev:type>
          <dev:defaultValue>None</dev:defaultValue>
        </command:parameter>
        <command:parameter required="false" variableLength="true" globbing="false" pipelineInput="False" position="named" aliases="none">
          <maml:name>AuthType</maml:name>
          <maml:Description>
            <maml:para>Type of authentication to use for making API requests. Default is Key based Authentication.</maml:para>
          </maml:Description>
          <command:parameterValue required="true" variableLength="false">AuthenticationType</command:parameterValue>
          <dev:type>
            <maml:name>AuthenticationType</maml:name>
            <maml:uri />
          </dev:type>
          <dev:defaultValue>None</dev:defaultValue>
        </command:parameter>
      </command:syntaxItem>
      <command:syntaxItem>
        <maml:name>Get-OCIResourcesearchResourceTypesList</maml:name>
        <command:parameter required="false" variableLength="true" globbing="false" pipelineInput="True (ByPropertyName)" position="named" aliases="none">
          <maml:name>Page</maml:name>
          <maml:Description>
            <maml:para>The page at which to start retrieving results.</maml:para>
          </maml:Description>
          <command:parameterValue required="true" variableLength="false">String</command:parameterValue>
          <dev:type>
            <maml:name>String</maml:name>
            <maml:uri />
          </dev:type>
          <dev:defaultValue>None</dev:defaultValue>
        </command:parameter>
        <command:parameter required="false" variableLength="true" globbing="false" pipelineInput="True (ByPropertyName)" position="named" aliases="none">
          <maml:name>OpcRequestId</maml:name>
          <maml:Description>
            <maml:para>The unique Oracle-assigned identifier for the request. If you need to contact Oracle about a particular request, please provide the complete request ID.</maml:para>
          </maml:Description>
          <command:parameterValue required="true" variableLength="false">String</command:parameterValue>
          <dev:type>
            <maml:name>String</maml:name>
            <maml:uri />
          </dev:type>
          <dev:defaultValue>None</dev:defaultValue>
        </command:parameter>
        <command:parameter required="false" variableLength="true" globbing="false" pipelineInput="True (ByPropertyName)" position="named" aliases="none">
          <maml:name>All</maml:name>
          <maml:Description>
            <maml:para>Fetches all pages of results.</maml:para>
          </maml:Description>
          <command:parameterValue required="false" variableLength="false">SwitchParameter</command:parameterValue>
          <dev:type>
            <maml:name>SwitchParameter</maml:name>
            <maml:uri />
          </dev:type>
          <dev:defaultValue>False</dev:defaultValue>
        </command:parameter>
        <command:parameter required="false" variableLength="true" globbing="false" pipelineInput="False" position="named" aliases="none">
          <maml:name>ConfigFile</maml:name>
          <maml:Description>
            <maml:para>The path to the config file.</maml:para>
          </maml:Description>
          <command:parameterValue required="true" variableLength="false">String</command:parameterValue>
          <dev:type>
            <maml:name>String</maml:name>
            <maml:uri />
          </dev:type>
          <dev:defaultValue>None</dev:defaultValue>
        </command:parameter>
        <command:parameter required="false" variableLength="true" globbing="false" pipelineInput="True (ByPropertyName)" position="named" aliases="none">
          <maml:name>Endpoint</maml:name>
          <maml:Description>
            <maml:para>The value to use as the service endpoint, including any required API version path.</maml:para>
          </maml:Description>
          <command:parameterValue required="true" variableLength="false">String</command:parameterValue>
          <dev:type>
            <maml:name>String</maml:name>
            <maml:uri />
          </dev:type>
          <dev:defaultValue>None</dev:defaultValue>
        </command:parameter>
        <command:parameter required="false" variableLength="true" globbing="false" pipelineInput="False" position="named" aliases="none">
          <maml:name>NoRetry</maml:name>
          <maml:Description>
            <maml:para>Disable retry logic for calls to services.</maml:para>
          </maml:Description>
          <command:parameterValue required="false" variableLength="false">SwitchParameter</command:parameterValue>
          <dev:type>
            <maml:name>SwitchParameter</maml:name>
            <maml:uri />
          </dev:type>
          <dev:defaultValue>False</dev:defaultValue>
        </command:parameter>
        <command:parameter required="false" variableLength="true" globbing="false" pipelineInput="False" position="named" aliases="none">
          <maml:name>Profile</maml:name>
          <maml:Description>
            <maml:para>The profile in the config file to load.</maml:para>
          </maml:Description>
          <command:parameterValue required="true" variableLength="false">String</command:parameterValue>
          <dev:type>
            <maml:name>String</maml:name>
            <maml:uri />
          </dev:type>
          <dev:defaultValue>None</dev:defaultValue>
        </command:parameter>
        <command:parameter required="false" variableLength="true" globbing="false" pipelineInput="True (ByPropertyName)" position="named" aliases="none">
          <maml:name>Region</maml:name>
          <maml:Description>
            <maml:para>Region-id of the region to make calls against. eg) us-phoenix-1, ap-singapore-1</maml:para>
          </maml:Description>
          <command:parameterValue required="true" variableLength="false">String</command:parameterValue>
          <dev:type>
            <maml:name>String</maml:name>
            <maml:uri />
          </dev:type>
          <dev:defaultValue>None</dev:defaultValue>
        </command:parameter>
        <command:parameter required="false" variableLength="true" globbing="false" pipelineInput="True (ByPropertyName)" position="named" aliases="none">
          <maml:name>FullResponse</maml:name>
          <maml:Description>
            <maml:para>Output the complete response returned by the API Operation. Using this switch will make this Cmdlet output an object containing response headers in-addition to an optional response body.</maml:para>
          </maml:Description>
          <command:parameterValue required="false" variableLength="false">SwitchParameter</command:parameterValue>
          <dev:type>
            <maml:name>SwitchParameter</maml:name>
            <maml:uri />
          </dev:type>
          <dev:defaultValue>False</dev:defaultValue>
        </command:parameter>
        <command:parameter required="false" variableLength="true" globbing="false" pipelineInput="False" position="named" aliases="none">
          <maml:name>TimeOutInMillis</maml:name>
          <maml:Description>
            <maml:para>Max wait time in milliseconds for the API request to complete. Default is 100000 millis(100 secs).</maml:para>
          </maml:Description>
          <command:parameterValue required="true" variableLength="false">Int32</command:parameterValue>
          <dev:type>
            <maml:name>Int32</maml:name>
            <maml:uri />
          </dev:type>
          <dev:defaultValue>None</dev:defaultValue>
        </command:parameter>
        <command:parameter required="false" variableLength="true" globbing="false" pipelineInput="False" position="named" aliases="none">
          <maml:name>AuthType</maml:name>
          <maml:Description>
            <maml:para>Type of authentication to use for making API requests. Default is Key based Authentication.</maml:para>
          </maml:Description>
          <command:parameterValue required="true" variableLength="false">AuthenticationType</command:parameterValue>
          <dev:type>
            <maml:name>AuthenticationType</maml:name>
            <maml:uri />
          </dev:type>
          <dev:defaultValue>None</dev:defaultValue>
        </command:parameter>
      </command:syntaxItem>
    </command:syntax>
    <command:parameters>
      <command:parameter required="false" variableLength="true" globbing="false" pipelineInput="True (ByPropertyName)" position="named" aliases="none">
        <maml:name>All</maml:name>
        <maml:Description>
          <maml:para>Fetches all pages of results.</maml:para>
        </maml:Description>
        <command:parameterValue required="false" variableLength="false">SwitchParameter</command:parameterValue>
        <dev:type>
          <maml:name>SwitchParameter</maml:name>
          <maml:uri />
        </dev:type>
        <dev:defaultValue>False</dev:defaultValue>
      </command:parameter>
      <command:parameter required="false" variableLength="true" globbing="false" pipelineInput="False" position="named" aliases="none">
        <maml:name>AuthType</maml:name>
        <maml:Description>
          <maml:para>Type of authentication to use for making API requests. Default is Key based Authentication.</maml:para>
        </maml:Description>
        <command:parameterValue required="true" variableLength="false">AuthenticationType</command:parameterValue>
        <dev:type>
          <maml:name>AuthenticationType</maml:name>
          <maml:uri />
        </dev:type>
        <dev:defaultValue>None</dev:defaultValue>
      </command:parameter>
      <command:parameter required="false" variableLength="true" globbing="false" pipelineInput="False" position="named" aliases="none">
        <maml:name>ConfigFile</maml:name>
        <maml:Description>
          <maml:para>The path to the config file.</maml:para>
        </maml:Description>
        <command:parameterValue required="true" variableLength="false">String</command:parameterValue>
        <dev:type>
          <maml:name>String</maml:name>
          <maml:uri />
        </dev:type>
        <dev:defaultValue>None</dev:defaultValue>
      </command:parameter>
      <command:parameter required="false" variableLength="true" globbing="false" pipelineInput="True (ByPropertyName)" position="named" aliases="none">
        <maml:name>Endpoint</maml:name>
        <maml:Description>
          <maml:para>The value to use as the service endpoint, including any required API version path.</maml:para>
        </maml:Description>
        <command:parameterValue required="true" variableLength="false">String</command:parameterValue>
        <dev:type>
          <maml:name>String</maml:name>
          <maml:uri />
        </dev:type>
        <dev:defaultValue>None</dev:defaultValue>
      </command:parameter>
      <command:parameter required="false" variableLength="true" globbing="false" pipelineInput="True (ByPropertyName)" position="named" aliases="none">
        <maml:name>FullResponse</maml:name>
        <maml:Description>
          <maml:para>Output the complete response returned by the API Operation. Using this switch will make this Cmdlet output an object containing response headers in-addition to an optional response body.</maml:para>
        </maml:Description>
        <command:parameterValue required="false" variableLength="false">SwitchParameter</command:parameterValue>
        <dev:type>
          <maml:name>SwitchParameter</maml:name>
          <maml:uri />
        </dev:type>
        <dev:defaultValue>False</dev:defaultValue>
      </command:parameter>
      <command:parameter required="false" variableLength="true" globbing="false" pipelineInput="True (ByPropertyName)" position="named" aliases="none">
        <maml:name>Limit</maml:name>
        <maml:Description>
          <maml:para>The maximum number of items to return. The value must be between 1 and 1000.</maml:para>
        </maml:Description>
        <command:parameterValue required="true" variableLength="false">Int32</command:parameterValue>
        <dev:type>
          <maml:name>Int32</maml:name>
          <maml:uri />
        </dev:type>
        <dev:defaultValue>None</dev:defaultValue>
      </command:parameter>
      <command:parameter required="false" variableLength="true" globbing="false" pipelineInput="False" position="named" aliases="none">
        <maml:name>NoRetry</maml:name>
        <maml:Description>
          <maml:para>Disable retry logic for calls to services.</maml:para>
        </maml:Description>
        <command:parameterValue required="false" variableLength="false">SwitchParameter</command:parameterValue>
        <dev:type>
          <maml:name>SwitchParameter</maml:name>
          <maml:uri />
        </dev:type>
        <dev:defaultValue>False</dev:defaultValue>
      </command:parameter>
      <command:parameter required="false" variableLength="true" globbing="false" pipelineInput="True (ByPropertyName)" position="named" aliases="none">
        <maml:name>OpcRequestId</maml:name>
        <maml:Description>
          <maml:para>The unique Oracle-assigned identifier for the request. If you need to contact Oracle about a particular request, please provide the complete request ID.</maml:para>
        </maml:Description>
        <command:parameterValue required="true" variableLength="false">String</command:parameterValue>
        <dev:type>
          <maml:name>String</maml:name>
          <maml:uri />
        </dev:type>
        <dev:defaultValue>None</dev:defaultValue>
      </command:parameter>
      <command:parameter required="false" variableLength="true" globbing="false" pipelineInput="True (ByPropertyName)" position="named" aliases="none">
        <maml:name>Page</maml:name>
        <maml:Description>
          <maml:para>The page at which to start retrieving results.</maml:para>
        </maml:Description>
        <command:parameterValue required="true" variableLength="false">String</command:parameterValue>
        <dev:type>
          <maml:name>String</maml:name>
          <maml:uri />
        </dev:type>
        <dev:defaultValue>None</dev:defaultValue>
      </command:parameter>
      <command:parameter required="false" variableLength="true" globbing="false" pipelineInput="False" position="named" aliases="none">
        <maml:name>Profile</maml:name>
        <maml:Description>
          <maml:para>The profile in the config file to load.</maml:para>
        </maml:Description>
        <command:parameterValue required="true" variableLength="false">String</command:parameterValue>
        <dev:type>
          <maml:name>String</maml:name>
          <maml:uri />
        </dev:type>
        <dev:defaultValue>None</dev:defaultValue>
      </command:parameter>
      <command:parameter required="false" variableLength="true" globbing="false" pipelineInput="True (ByPropertyName)" position="named" aliases="none">
        <maml:name>Region</maml:name>
        <maml:Description>
          <maml:para>Region-id of the region to make calls against. eg) us-phoenix-1, ap-singapore-1</maml:para>
        </maml:Description>
        <command:parameterValue required="true" variableLength="false">String</command:parameterValue>
        <dev:type>
          <maml:name>String</maml:name>
          <maml:uri />
        </dev:type>
        <dev:defaultValue>None</dev:defaultValue>
      </command:parameter>
      <command:parameter required="false" variableLength="true" globbing="false" pipelineInput="False" position="named" aliases="none">
        <maml:name>TimeOutInMillis</maml:name>
        <maml:Description>
          <maml:para>Max wait time in milliseconds for the API request to complete. Default is 100000 millis(100 secs).</maml:para>
        </maml:Description>
        <command:parameterValue required="true" variableLength="false">Int32</command:parameterValue>
        <dev:type>
          <maml:name>Int32</maml:name>
          <maml:uri />
        </dev:type>
        <dev:defaultValue>None</dev:defaultValue>
      </command:parameter>
    </command:parameters>
    <command:inputTypes />
    <command:returnValues>
      <command:returnValue>
        <dev:type>
          <maml:name>Oci.ResourcesearchService.Models.ResourceType</maml:name>
        </dev:type>
        <maml:description>
          <maml:para>
          </maml:para>
        </maml:description>
      </command:returnValue>
      <command:returnValue>
        <dev:type>
          <maml:name>Oci.ResourcesearchService.Responses.ListResourceTypesResponse</maml:name>
        </dev:type>
        <maml:description>
          <maml:para>
          </maml:para>
        </maml:description>
      </command:returnValue>
    </command:returnValues>
    <maml:alertSet>
      <maml:alert />
    </maml:alertSet>
    <command:examples />
    <command:relatedLinks>
      <maml:navigationLink>
        <maml:linkText>APIReference</maml:linkText>
        <maml:uri>https://docs.cloud.oracle.com/en-us/iaas/api/</maml:uri>
      </maml:navigationLink>
      <maml:navigationLink>
        <maml:linkText>DotnetSDKAPI</maml:linkText>
        <maml:uri>https://docs.cloud.oracle.com/en-us/iaas/tools/dotnet/latest/api/index.html</maml:uri>
      </maml:navigationLink>
      <maml:navigationLink>
        <maml:linkText>OCIModulesDocs</maml:linkText>
        <maml:uri>https://docs.oracle.com/en-us/iaas/Content/API/SDKDocs/powershell.htm</maml:uri>
      </maml:navigationLink>
      <maml:navigationLink>
        <maml:linkText>OCIServiceConcepts</maml:linkText>
        <maml:uri>https://docs.cloud.oracle.com/en-us/iaas/Content/services.htm</maml:uri>
      </maml:navigationLink>
      <maml:navigationLink>
        <maml:linkText>Examples</maml:linkText>
        <maml:uri>https://github.com/oracle/oci-powershell-modules/tree/master/Examples</maml:uri>
      </maml:navigationLink>
    </command:relatedLinks>
  </command:command>
  <command:command xmlns:maml="http://schemas.microsoft.com/maml/2004/10" xmlns:command="http://schemas.microsoft.com/maml/dev/command/2004/10" xmlns:dev="http://schemas.microsoft.com/maml/dev/2004/10" xmlns:MSHelp="http://msdn.microsoft.com/mshelp">
    <command:details>
      <command:name>Invoke-OCIResourcesearchSearchResources</command:name>
      <command:verb>Invoke</command:verb>
      <command:noun>OCIResourcesearchSearchResources</command:noun>
      <maml:description>
        <maml:para>Invokes ResourceSearch service - SearchResources operation.</maml:para>
      </maml:description>
    </command:details>
    <maml:description>
      <maml:para>Queries any and all compartments in the specified tenancy to find resources that match the specified criteria.   Results include resources that you have permission to view and can span different resource types.    You can also sort results based on a specified resource attribute.</maml:para>
    </maml:description>
    <command:syntax>
      <command:syntaxItem>
        <maml:name>Invoke-OCIResourcesearchSearchResources</maml:name>
        <command:parameter required="true" variableLength="true" globbing="false" pipelineInput="True (ByPropertyName)" position="named" aliases="none">
          <maml:name>SearchDetails</maml:name>
          <maml:Description>
            <maml:para>Request parameters that describe query criteria. For more information, see SearchDetails. This parameter also accepts subtypes &lt;Oci.ResourcesearchService.Models.StructuredSearchDetails&gt;, &lt;Oci.ResourcesearchService.Models.FreeTextSearchDetails&gt; of type &lt;Oci.ResourcesearchService.Models.SearchDetails&gt;.</maml:para>
          </maml:Description>
          <command:parameterValue required="true" variableLength="false">Oci.ResourcesearchService.Models.SearchDetails</command:parameterValue>
          <dev:type>
            <maml:name>SearchDetails</maml:name>
            <maml:uri />
          </dev:type>
          <dev:defaultValue>None</dev:defaultValue>
        </command:parameter>
        <command:parameter required="false" variableLength="true" globbing="false" pipelineInput="True (ByPropertyName)" position="named" aliases="none">
          <maml:name>Limit</maml:name>
          <maml:Description>
            <maml:para>The maximum number of items to return. The value must be between 1 and 1000.</maml:para>
          </maml:Description>
          <command:parameterValue required="true" variableLength="false">Int32</command:parameterValue>
          <dev:type>
            <maml:name>Int32</maml:name>
            <maml:uri />
          </dev:type>
          <dev:defaultValue>None</dev:defaultValue>
        </command:parameter>
        <command:parameter required="false" variableLength="true" globbing="false" pipelineInput="True (ByPropertyName)" position="named" aliases="none">
          <maml:name>Page</maml:name>
          <maml:Description>
            <maml:para>The page at which to start retrieving results.</maml:para>
          </maml:Description>
          <command:parameterValue required="true" variableLength="false">String</command:parameterValue>
          <dev:type>
            <maml:name>String</maml:name>
            <maml:uri />
          </dev:type>
          <dev:defaultValue>None</dev:defaultValue>
        </command:parameter>
        <command:parameter required="false" variableLength="true" globbing="false" pipelineInput="True (ByPropertyName)" position="named" aliases="none">
          <maml:name>TenantId</maml:name>
          <maml:Description>
            <maml:para>The tenancy ID, which can be used to specify a different tenancy (for cross-tenancy authorization) when searching for resources in a different tenancy.</maml:para>
          </maml:Description>
          <command:parameterValue required="true" variableLength="false">String</command:parameterValue>
          <dev:type>
            <maml:name>String</maml:name>
            <maml:uri />
          </dev:type>
          <dev:defaultValue>None</dev:defaultValue>
        </command:parameter>
        <command:parameter required="false" variableLength="true" globbing="false" pipelineInput="True (ByPropertyName)" position="named" aliases="none">
          <maml:name>OpcRequestId</maml:name>
          <maml:Description>
            <maml:para>The unique Oracle-assigned identifier for the request. If you need to contact Oracle about a particular request, please provide the complete request ID.</maml:para>
          </maml:Description>
          <command:parameterValue required="true" variableLength="false">String</command:parameterValue>
          <dev:type>
            <maml:name>String</maml:name>
            <maml:uri />
          </dev:type>
          <dev:defaultValue>None</dev:defaultValue>
        </command:parameter>
        <command:parameter required="false" variableLength="true" globbing="false" pipelineInput="False" position="named" aliases="none">
          <maml:name>ConfigFile</maml:name>
          <maml:Description>
            <maml:para>The path to the config file.</maml:para>
          </maml:Description>
          <command:parameterValue required="true" variableLength="false">String</command:parameterValue>
          <dev:type>
            <maml:name>String</maml:name>
            <maml:uri />
          </dev:type>
          <dev:defaultValue>None</dev:defaultValue>
        </command:parameter>
        <command:parameter required="false" variableLength="true" globbing="false" pipelineInput="True (ByPropertyName)" position="named" aliases="none">
          <maml:name>Endpoint</maml:name>
          <maml:Description>
            <maml:para>The value to use as the service endpoint, including any required API version path.</maml:para>
          </maml:Description>
          <command:parameterValue required="true" variableLength="false">String</command:parameterValue>
          <dev:type>
            <maml:name>String</maml:name>
            <maml:uri />
          </dev:type>
          <dev:defaultValue>None</dev:defaultValue>
        </command:parameter>
        <command:parameter required="false" variableLength="true" globbing="false" pipelineInput="False" position="named" aliases="none">
          <maml:name>NoRetry</maml:name>
          <maml:Description>
            <maml:para>Disable retry logic for calls to services.</maml:para>
          </maml:Description>
          <command:parameterValue required="false" variableLength="false">SwitchParameter</command:parameterValue>
          <dev:type>
            <maml:name>SwitchParameter</maml:name>
            <maml:uri />
          </dev:type>
          <dev:defaultValue>False</dev:defaultValue>
        </command:parameter>
        <command:parameter required="false" variableLength="true" globbing="false" pipelineInput="False" position="named" aliases="none">
          <maml:name>Profile</maml:name>
          <maml:Description>
            <maml:para>The profile in the config file to load.</maml:para>
          </maml:Description>
          <command:parameterValue required="true" variableLength="false">String</command:parameterValue>
          <dev:type>
            <maml:name>String</maml:name>
            <maml:uri />
          </dev:type>
          <dev:defaultValue>None</dev:defaultValue>
        </command:parameter>
        <command:parameter required="false" variableLength="true" globbing="false" pipelineInput="True (ByPropertyName)" position="named" aliases="none">
          <maml:name>Region</maml:name>
          <maml:Description>
            <maml:para>Region-id of the region to make calls against. eg) us-phoenix-1, ap-singapore-1</maml:para>
          </maml:Description>
          <command:parameterValue required="true" variableLength="false">String</command:parameterValue>
          <dev:type>
            <maml:name>String</maml:name>
            <maml:uri />
          </dev:type>
          <dev:defaultValue>None</dev:defaultValue>
        </command:parameter>
        <command:parameter required="false" variableLength="true" globbing="false" pipelineInput="True (ByPropertyName)" position="named" aliases="none">
          <maml:name>FullResponse</maml:name>
          <maml:Description>
            <maml:para>Output the complete response returned by the API Operation. Using this switch will make this Cmdlet output an object containing response headers in-addition to an optional response body.</maml:para>
          </maml:Description>
          <command:parameterValue required="false" variableLength="false">SwitchParameter</command:parameterValue>
          <dev:type>
            <maml:name>SwitchParameter</maml:name>
            <maml:uri />
          </dev:type>
          <dev:defaultValue>False</dev:defaultValue>
        </command:parameter>
        <command:parameter required="false" variableLength="true" globbing="false" pipelineInput="False" position="named" aliases="none">
          <maml:name>TimeOutInMillis</maml:name>
          <maml:Description>
            <maml:para>Max wait time in milliseconds for the API request to complete. Default is 100000 millis(100 secs).</maml:para>
          </maml:Description>
          <command:parameterValue required="true" variableLength="false">Int32</command:parameterValue>
          <dev:type>
            <maml:name>Int32</maml:name>
            <maml:uri />
          </dev:type>
          <dev:defaultValue>None</dev:defaultValue>
        </command:parameter>
        <command:parameter required="false" variableLength="true" globbing="false" pipelineInput="False" position="named" aliases="none">
          <maml:name>AuthType</maml:name>
          <maml:Description>
            <maml:para>Type of authentication to use for making API requests. Default is Key based Authentication.</maml:para>
          </maml:Description>
          <command:parameterValue required="true" variableLength="false">AuthenticationType</command:parameterValue>
          <dev:type>
            <maml:name>AuthenticationType</maml:name>
            <maml:uri />
          </dev:type>
          <dev:defaultValue>None</dev:defaultValue>
        </command:parameter>
      </command:syntaxItem>
    </command:syntax>
    <command:parameters>
      <command:parameter required="false" variableLength="true" globbing="false" pipelineInput="False" position="named" aliases="none">
        <maml:name>AuthType</maml:name>
        <maml:Description>
          <maml:para>Type of authentication to use for making API requests. Default is Key based Authentication.</maml:para>
        </maml:Description>
        <command:parameterValue required="true" variableLength="false">AuthenticationType</command:parameterValue>
        <dev:type>
          <maml:name>AuthenticationType</maml:name>
          <maml:uri />
        </dev:type>
        <dev:defaultValue>None</dev:defaultValue>
      </command:parameter>
      <command:parameter required="false" variableLength="true" globbing="false" pipelineInput="False" position="named" aliases="none">
        <maml:name>ConfigFile</maml:name>
        <maml:Description>
          <maml:para>The path to the config file.</maml:para>
        </maml:Description>
        <command:parameterValue required="true" variableLength="false">String</command:parameterValue>
        <dev:type>
          <maml:name>String</maml:name>
          <maml:uri />
        </dev:type>
        <dev:defaultValue>None</dev:defaultValue>
      </command:parameter>
      <command:parameter required="false" variableLength="true" globbing="false" pipelineInput="True (ByPropertyName)" position="named" aliases="none">
        <maml:name>Endpoint</maml:name>
        <maml:Description>
          <maml:para>The value to use as the service endpoint, including any required API version path.</maml:para>
        </maml:Description>
        <command:parameterValue required="true" variableLength="false">String</command:parameterValue>
        <dev:type>
          <maml:name>String</maml:name>
          <maml:uri />
        </dev:type>
        <dev:defaultValue>None</dev:defaultValue>
      </command:parameter>
      <command:parameter required="false" variableLength="true" globbing="false" pipelineInput="True (ByPropertyName)" position="named" aliases="none">
        <maml:name>FullResponse</maml:name>
        <maml:Description>
          <maml:para>Output the complete response returned by the API Operation. Using this switch will make this Cmdlet output an object containing response headers in-addition to an optional response body.</maml:para>
        </maml:Description>
        <command:parameterValue required="false" variableLength="false">SwitchParameter</command:parameterValue>
        <dev:type>
          <maml:name>SwitchParameter</maml:name>
          <maml:uri />
        </dev:type>
        <dev:defaultValue>False</dev:defaultValue>
      </command:parameter>
      <command:parameter required="false" variableLength="true" globbing="false" pipelineInput="True (ByPropertyName)" position="named" aliases="none">
        <maml:name>Limit</maml:name>
        <maml:Description>
          <maml:para>The maximum number of items to return. The value must be between 1 and 1000.</maml:para>
        </maml:Description>
        <command:parameterValue required="true" variableLength="false">Int32</command:parameterValue>
        <dev:type>
          <maml:name>Int32</maml:name>
          <maml:uri />
        </dev:type>
        <dev:defaultValue>None</dev:defaultValue>
      </command:parameter>
      <command:parameter required="false" variableLength="true" globbing="false" pipelineInput="False" position="named" aliases="none">
        <maml:name>NoRetry</maml:name>
        <maml:Description>
          <maml:para>Disable retry logic for calls to services.</maml:para>
        </maml:Description>
        <command:parameterValue required="false" variableLength="false">SwitchParameter</command:parameterValue>
        <dev:type>
          <maml:name>SwitchParameter</maml:name>
          <maml:uri />
        </dev:type>
        <dev:defaultValue>False</dev:defaultValue>
      </command:parameter>
      <command:parameter required="false" variableLength="true" globbing="false" pipelineInput="True (ByPropertyName)" position="named" aliases="none">
        <maml:name>OpcRequestId</maml:name>
        <maml:Description>
          <maml:para>The unique Oracle-assigned identifier for the request. If you need to contact Oracle about a particular request, please provide the complete request ID.</maml:para>
        </maml:Description>
        <command:parameterValue required="true" variableLength="false">String</command:parameterValue>
        <dev:type>
          <maml:name>String</maml:name>
          <maml:uri />
        </dev:type>
        <dev:defaultValue>None</dev:defaultValue>
      </command:parameter>
      <command:parameter required="false" variableLength="true" globbing="false" pipelineInput="True (ByPropertyName)" position="named" aliases="none">
        <maml:name>Page</maml:name>
        <maml:Description>
          <maml:para>The page at which to start retrieving results.</maml:para>
        </maml:Description>
        <command:parameterValue required="true" variableLength="false">String</command:parameterValue>
        <dev:type>
          <maml:name>String</maml:name>
          <maml:uri />
        </dev:type>
        <dev:defaultValue>None</dev:defaultValue>
      </command:parameter>
      <command:parameter required="false" variableLength="true" globbing="false" pipelineInput="False" position="named" aliases="none">
        <maml:name>Profile</maml:name>
        <maml:Description>
          <maml:para>The profile in the config file to load.</maml:para>
        </maml:Description>
        <command:parameterValue required="true" variableLength="false">String</command:parameterValue>
        <dev:type>
          <maml:name>String</maml:name>
          <maml:uri />
        </dev:type>
        <dev:defaultValue>None</dev:defaultValue>
      </command:parameter>
      <command:parameter required="false" variableLength="true" globbing="false" pipelineInput="True (ByPropertyName)" position="named" aliases="none">
        <maml:name>Region</maml:name>
        <maml:Description>
          <maml:para>Region-id of the region to make calls against. eg) us-phoenix-1, ap-singapore-1</maml:para>
        </maml:Description>
        <command:parameterValue required="true" variableLength="false">String</command:parameterValue>
        <dev:type>
          <maml:name>String</maml:name>
          <maml:uri />
        </dev:type>
        <dev:defaultValue>None</dev:defaultValue>
      </command:parameter>
      <command:parameter required="true" variableLength="true" globbing="false" pipelineInput="True (ByPropertyName)" position="named" aliases="none">
        <maml:name>SearchDetails</maml:name>
        <maml:Description>
          <maml:para>Request parameters that describe query criteria. For more information, see SearchDetails. This parameter also accepts subtypes &lt;Oci.ResourcesearchService.Models.StructuredSearchDetails&gt;, &lt;Oci.ResourcesearchService.Models.FreeTextSearchDetails&gt; of type &lt;Oci.ResourcesearchService.Models.SearchDetails&gt;.</maml:para>
        </maml:Description>
        <command:parameterValue required="true" variableLength="false">Oci.ResourcesearchService.Models.SearchDetails</command:parameterValue>
        <dev:type>
          <maml:name>SearchDetails</maml:name>
          <maml:uri />
        </dev:type>
        <dev:defaultValue>None</dev:defaultValue>
      </command:parameter>
      <command:parameter required="false" variableLength="true" globbing="false" pipelineInput="True (ByPropertyName)" position="named" aliases="none">
        <maml:name>TenantId</maml:name>
        <maml:Description>
          <maml:para>The tenancy ID, which can be used to specify a different tenancy (for cross-tenancy authorization) when searching for resources in a different tenancy.</maml:para>
        </maml:Description>
        <command:parameterValue required="true" variableLength="false">String</command:parameterValue>
        <dev:type>
          <maml:name>String</maml:name>
          <maml:uri />
        </dev:type>
        <dev:defaultValue>None</dev:defaultValue>
      </command:parameter>
      <command:parameter required="false" variableLength="true" globbing="false" pipelineInput="False" position="named" aliases="none">
        <maml:name>TimeOutInMillis</maml:name>
        <maml:Description>
          <maml:para>Max wait time in milliseconds for the API request to complete. Default is 100000 millis(100 secs).</maml:para>
        </maml:Description>
        <command:parameterValue required="true" variableLength="false">Int32</command:parameterValue>
        <dev:type>
          <maml:name>Int32</maml:name>
          <maml:uri />
        </dev:type>
        <dev:defaultValue>None</dev:defaultValue>
      </command:parameter>
    </command:parameters>
    <command:inputTypes />
    <command:returnValues>
      <command:returnValue>
        <dev:type>
          <maml:name>Oci.ResourcesearchService.Models.ResourceSummaryCollection</maml:name>
        </dev:type>
        <maml:description>
          <maml:para>
          </maml:para>
        </maml:description>
      </command:returnValue>
      <command:returnValue>
        <dev:type>
          <maml:name>Oci.ResourcesearchService.Responses.SearchResourcesResponse</maml:name>
        </dev:type>
        <maml:description>
          <maml:para>
          </maml:para>
        </maml:description>
      </command:returnValue>
    </command:returnValues>
    <maml:alertSet>
      <maml:alert />
    </maml:alertSet>
    <command:examples />
    <command:relatedLinks>
      <maml:navigationLink>
        <maml:linkText>APIReference</maml:linkText>
        <maml:uri>https://docs.cloud.oracle.com/en-us/iaas/api/</maml:uri>
      </maml:navigationLink>
      <maml:navigationLink>
        <maml:linkText>DotnetSDKAPI</maml:linkText>
        <maml:uri>https://docs.cloud.oracle.com/en-us/iaas/tools/dotnet/latest/api/index.html</maml:uri>
      </maml:navigationLink>
      <maml:navigationLink>
        <maml:linkText>OCIModulesDocs</maml:linkText>
        <maml:uri>https://docs.oracle.com/en-us/iaas/Content/API/SDKDocs/powershell.htm</maml:uri>
      </maml:navigationLink>
      <maml:navigationLink>
        <maml:linkText>OCIServiceConcepts</maml:linkText>
        <maml:uri>https://docs.cloud.oracle.com/en-us/iaas/Content/services.htm</maml:uri>
      </maml:navigationLink>
      <maml:navigationLink>
        <maml:linkText>Examples</maml:linkText>
        <maml:uri>https://github.com/oracle/oci-powershell-modules/tree/master/Examples</maml:uri>
      </maml:navigationLink>
    </command:relatedLinks>
  </command:command>
</helpItems>