<Objs Version="1.1.0.1" xmlns="http://schemas.microsoft.com/powershell/2004/04">
  <Obj RefId="0">
    <TN RefId="0">
      <T>Microsoft.PowerShell.Commands.PSRepositoryItemInfo</T>
      <T>System.Management.Automation.PSCustomObject</T>
      <T>System.Object</T>
    </TN>
    <MS>
      <S N="Name">OCI.PSModules.Adm</S>
      <S N="Version">95.1.0</S>
      <S N="Type">Module</S>
      <S N="Description">This modules provides Cmdlets for OCI Adm Service</S>
      <S N="Author">Oracle Cloud Infrastructure</S>
      <S N="CompanyName">oci-psmodules-grp</S>
      <S N="Copyright">(c) Oracle Cloud Infrastructure. All rights reserved.</S>
      <DT N="PublishedDate">2024-11-12T18:41:13+02:00</DT>
      <Nil N="InstalledDate" />
      <Nil N="UpdatedDate" />
      <URI N="LicenseUri">https://github.com/oracle/oci-powershell-modules/blob/master/LICENSE.txt</URI>
      <URI N="ProjectUri">https://github.com/oracle/oci-powershell-modules/</URI>
      <URI N="IconUri">https://github.com/oracle/oci-powershell-modules/blob/master/icon.png</URI>
      <Obj N="Tags" RefId="1">
        <TN RefId="1">
          <T>System.Object[]</T>
          <T>System.Array</T>
          <T>System.Object</T>
        </TN>
        <LST>
          <S>PSEdition_Core</S>
          <S>Windows</S>
          <S>Linux</S>
          <S>macOS</S>
          <S>Oracle</S>
          <S>OCI</S>
          <S>Cloud</S>
          <S>OracleCloudInfrastructure</S>
          <S>Adm</S>
          <S>PSModule</S>
        </LST>
      </Obj>
      <Obj N="Includes" RefId="2">
        <TN RefId="2">
          <T>System.Collections.Hashtable</T>
          <T>System.Object</T>
        </TN>
        <DCT>
          <En>
            <S N="Key">Function</S>
            <Obj N="Value" RefId="3">
              <TNRef RefId="1" />
              <LST />
            </Obj>
          </En>
          <En>
            <S N="Key">Workflow</S>
            <Ref N="Value" RefId="3" />
          </En>
          <En>
            <S N="Key">DscResource</S>
            <Ref N="Value" RefId="3" />
          </En>
          <En>
            <S N="Key">RoleCapability</S>
            <Ref N="Value" RefId="3" />
          </En>
          <En>
            <S N="Key">Command</S>
            <Obj N="Value" RefId="4">
              <TNRef RefId="1" />
              <LST>
                <S>Enable-OCIAdmRemediationRecipe</S>
                <S>Get-OCIAdmApplicationDependencyRecommendationsList</S>
                <S>Get-OCIAdmApplicationDependencyVulnerabilitiesList</S>
                <S>Get-OCIAdmKnowledgeBase</S>
                <S>Get-OCIAdmKnowledgeBasesList</S>
                <S>Get-OCIAdmRemediationRecipe</S>
                <S>Get-OCIAdmRemediationRecipesList</S>
                <S>Get-OCIAdmRemediationRun</S>
                <S>Get-OCIAdmRemediationRunsList</S>
                <S>Get-OCIAdmStage</S>
                <S>Get-OCIAdmStagesList</S>
                <S>Get-OCIAdmVulnerabilityAudit</S>
                <S>Get-OCIAdmVulnerabilityAuditsList</S>
                <S>Get-OCIAdmWorkRequest</S>
                <S>Get-OCIAdmWorkRequestErrorsList</S>
                <S>Get-OCIAdmWorkRequestLogsList</S>
                <S>Get-OCIAdmWorkRequestsList</S>
                <S>Invoke-OCIAdmDeactivateRemediationRecipe</S>
                <S>Move-OCIAdmKnowledgeBaseCompartment</S>
                <S>Move-OCIAdmRemediationRecipeCompartment</S>
                <S>Move-OCIAdmRemediationRunCompartment</S>
                <S>Move-OCIAdmVulnerabilityAuditCompartment</S>
                <S>New-OCIAdmKnowledgeBase</S>
                <S>New-OCIAdmRemediationRecipe</S>
                <S>New-OCIAdmRemediationRun</S>
                <S>New-OCIAdmVulnerabilityAudit</S>
                <S>Remove-OCIAdmKnowledgeBase</S>
                <S>Remove-OCIAdmRemediationRecipe</S>
                <S>Remove-OCIAdmRemediationRun</S>
                <S>Remove-OCIAdmVulnerabilityAudit</S>
                <S>Stop-OCIAdmRemediationRun</S>
                <S>Stop-OCIAdmWorkRequest</S>
                <S>Update-OCIAdmKnowledgeBase</S>
                <S>Update-OCIAdmRemediationRecipe</S>
                <S>Update-OCIAdmRemediationRun</S>
                <S>Update-OCIAdmVulnerabilityAudit</S>
              </LST>
            </Obj>
          </En>
          <En>
            <S N="Key">Cmdlet</S>
            <Obj N="Value" RefId="5">
              <TNRef RefId="1" />
              <LST>
                <S>Enable-OCIAdmRemediationRecipe</S>
                <S>Get-OCIAdmApplicationDependencyRecommendationsList</S>
                <S>Get-OCIAdmApplicationDependencyVulnerabilitiesList</S>
                <S>Get-OCIAdmKnowledgeBase</S>
                <S>Get-OCIAdmKnowledgeBasesList</S>
                <S>Get-OCIAdmRemediationRecipe</S>
                <S>Get-OCIAdmRemediationRecipesList</S>
                <S>Get-OCIAdmRemediationRun</S>
                <S>Get-OCIAdmRemediationRunsList</S>
                <S>Get-OCIAdmStage</S>
                <S>Get-OCIAdmStagesList</S>
                <S>Get-OCIAdmVulnerabilityAudit</S>
                <S>Get-OCIAdmVulnerabilityAuditsList</S>
                <S>Get-OCIAdmWorkRequest</S>
                <S>Get-OCIAdmWorkRequestErrorsList</S>
                <S>Get-OCIAdmWorkRequestLogsList</S>
                <S>Get-OCIAdmWorkRequestsList</S>
                <S>Invoke-OCIAdmDeactivateRemediationRecipe</S>
                <S>Move-OCIAdmKnowledgeBaseCompartment</S>
                <S>Move-OCIAdmRemediationRecipeCompartment</S>
                <S>Move-OCIAdmRemediationRunCompartment</S>
                <S>Move-OCIAdmVulnerabilityAuditCompartment</S>
                <S>New-OCIAdmKnowledgeBase</S>
                <S>New-OCIAdmRemediationRecipe</S>
                <S>New-OCIAdmRemediationRun</S>
                <S>New-OCIAdmVulnerabilityAudit</S>
                <S>Remove-OCIAdmKnowledgeBase</S>
                <S>Remove-OCIAdmRemediationRecipe</S>
                <S>Remove-OCIAdmRemediationRun</S>
                <S>Remove-OCIAdmVulnerabilityAudit</S>
                <S>Stop-OCIAdmRemediationRun</S>
                <S>Stop-OCIAdmWorkRequest</S>
                <S>Update-OCIAdmKnowledgeBase</S>
                <S>Update-OCIAdmRemediationRecipe</S>
                <S>Update-OCIAdmRemediationRun</S>
                <S>Update-OCIAdmVulnerabilityAudit</S>
              </LST>
            </Obj>
          </En>
        </DCT>
      </Obj>
      <Nil N="PowerShellGetFormatVersion" />
      <S N="ReleaseNotes">https://github.com/oracle/oci-powershell-modules/blob/master/CHANGELOG.md</S>
      <Obj N="Dependencies" RefId="6">
        <TNRef RefId="1" />
        <LST>
          <Obj RefId="7">
            <TN RefId="3">
              <T>System.Collections.Specialized.OrderedDictionary</T>
              <T>System.Object</T>
            </TN>
            <DCT>
              <En>
                <S N="Key">Name</S>
                <S N="Value">OCI.PSModules.Common</S>
              </En>
              <En>
                <S N="Key">RequiredVersion</S>
                <S N="Value">95.1.0</S>
              </En>
              <En>
                <S N="Key">CanonicalId</S>
                <S N="Value">nuget:OCI.PSModules.Common/[95.1.0]</S>
              </En>
            </DCT>
          </Obj>
        </LST>
      </Obj>
      <S N="RepositorySourceLocation">https://www.powershellgallery.com/api/v2</S>
      <S N="Repository">PSGallery</S>
      <S N="PackageManagementProvider">NuGet</S>
      <Obj N="AdditionalMetadata" RefId="8">
        <TN RefId="4">
          <T>System.Management.Automation.PSCustomObject</T>
          <T>System.Object</T>
        </TN>
        <MS>
          <S N="copyright">(c) Oracle Cloud Infrastructure. All rights reserved.</S>
          <S N="description">This modules provides Cmdlets for OCI Adm Service</S>
          <S N="requireLicenseAcceptance">False</S>
          <S N="releaseNotes">https://github.com/oracle/oci-powershell-modules/blob/master/CHANGELOG.md</S>
          <S N="isLatestVersion">True</S>
          <S N="isAbsoluteLatestVersion">True</S>
          <S N="versionDownloadCount">301</S>
          <S N="downloadCount">7156</S>
          <S N="packageSize">161952</S>
          <S N="published">11/12/2024 6:41:13 PM +02:00</S>
          <S N="created">11/12/2024 6:41:13 PM +02:00</S>
          <S N="lastUpdated">12/8/2024 9:50:00 PM +02:00</S>
          <S N="tags">PSEdition_Core Windows Linux macOS Oracle OCI Cloud OracleCloudInfrastructure Adm PSModule PSCmdlet_Enable-OCIAdmRemediationRecipe PSCommand_Enable-OCIAdmRemediationRecipe PSCmdlet_Get-OCIAdmApplicationDependencyRecommendationsList PSCommand_Get-OCIAdmApplicationDependencyRecommendationsList PSCmdlet_Get-OCIAdmApplicationDependencyVulnerabilitiesList PSCommand_Get-OCIAdmApplicationDependencyVulnerabilitiesList PSCmdlet_Get-OCIAdmKnowledgeBase PSCommand_Get-OCIAdmKnowledgeBase PSCmdlet_Get-OCIAdmKnowledgeBasesList PSCommand_Get-OCIAdmKnowledgeBasesList PSCmdlet_Get-OCIAdmRemediationRecipe PSCommand_Get-OCIAdmRemediationRecipe PSCmdlet_Get-OCIAdmRemediationRecipesList PSCommand_Get-OCIAdmRemediationRecipesList PSCmdlet_Get-OCIAdmRemediationRun PSCommand_Get-OCIAdmRemediationRun PSCmdlet_Get-OCIAdmRemediationRunsList PSCommand_Get-OCIAdmRemediationRunsList PSCmdlet_Get-OCIAdmStage PSCommand_Get-OCIAdmStage PSCmdlet_Get-OCIAdmStagesList PSCommand_Get-OCIAdmStagesList PSCmdlet_Get-OCIAdmVulnerabilityAudit PSCommand_Get-OCIAdmVulnerabilityAudit PSCmdlet_Get-OCIAdmVulnerabilityAuditsList PSCommand_Get-OCIAdmVulnerabilityAuditsList PSCmdlet_Get-OCIAdmWorkRequest PSCommand_Get-OCIAdmWorkRequest PSCmdlet_Get-OCIAdmWorkRequestErrorsList PSCommand_Get-OCIAdmWorkRequestErrorsList PSCmdlet_Get-OCIAdmWorkRequestLogsList PSCommand_Get-OCIAdmWorkRequestLogsList PSCmdlet_Get-OCIAdmWorkRequestsList PSCommand_Get-OCIAdmWorkRequestsList PSCmdlet_Invoke-OCIAdmDeactivateRemediationRecipe PSCommand_Invoke-OCIAdmDeactivateRemediationRecipe PSCmdlet_Move-OCIAdmKnowledgeBaseCompartment PSCommand_Move-OCIAdmKnowledgeBaseCompartment PSCmdlet_Move-OCIAdmRemediationRecipeCompartment PSCommand_Move-OCIAdmRemediationRecipeCompartment PSCmdlet_Move-OCIAdmRemediationRunCompartment PSCommand_Move-OCIAdmRemediationRunCompartment PSCmdlet_Move-OCIAdmVulnerabilityAuditCompartment PSCommand_Move-OCIAdmVulnerabilityAuditCompartment PSCmdlet_New-OCIAdmKnowledgeBase PSCommand_New-OCIAdmKnowledgeBase PSCmdlet_New-OCIAdmRemediationRecipe PSCommand_New-OCIAdmRemediationRecipe PSCmdlet_New-OCIAdmRemediationRun PSCommand_New-OCIAdmRemediationRun PSCmdlet_New-OCIAdmVulnerabilityAudit PSCommand_New-OCIAdmVulnerabilityAudit PSCmdlet_Remove-OCIAdmKnowledgeBase PSCommand_Remove-OCIAdmKnowledgeBase PSCmdlet_Remove-OCIAdmRemediationRecipe PSCommand_Remove-OCIAdmRemediationRecipe PSCmdlet_Remove-OCIAdmRemediationRun PSCommand_Remove-OCIAdmRemediationRun PSCmdlet_Remove-OCIAdmVulnerabilityAudit PSCommand_Remove-OCIAdmVulnerabilityAudit PSCmdlet_Stop-OCIAdmRemediationRun PSCommand_Stop-OCIAdmRemediationRun PSCmdlet_Stop-OCIAdmWorkRequest PSCommand_Stop-OCIAdmWorkRequest PSCmdlet_Update-OCIAdmKnowledgeBase PSCommand_Update-OCIAdmKnowledgeBase PSCmdlet_Update-OCIAdmRemediationRecipe PSCommand_Update-OCIAdmRemediationRecipe PSCmdlet_Update-OCIAdmRemediationRun PSCommand_Update-OCIAdmRemediationRun PSCmdlet_Update-OCIAdmVulnerabilityAudit PSCommand_Update-OCIAdmVulnerabilityAudit PSIncludes_Cmdlet</S>
          <S N="developmentDependency">False</S>
          <S N="updated">2024-12-08T21:50:00Z</S>
          <S N="NormalizedVersion">95.1.0</S>
          <S N="Authors">Oracle Cloud Infrastructure</S>
          <S N="IsPrerelease">false</S>
          <S N="ItemType">Module</S>
          <S N="FileList">OCI.PSModules.Adm.nuspec|THIRD_PARTY_LICENSES.txt|OCI.PSModules.Adm.dll-Help.xml|LICENSE.txt|OCI.PSModules.Adm.psd1|assemblies\OCI.PSModules.Adm.dll|assemblies\OCI.DotNetSDK.Adm.dll</S>
          <S N="GUID">a24e4d09-e598-41cc-b3e9-a1e3c5dce346</S>
          <S N="PowerShellVersion">6.0</S>
          <S N="CompanyName">Oracle Corporation</S>
        </MS>
      </Obj>
      <S N="InstalledLocation">C:\Users\MarcoFekry\Downloads\OCI.PSModules\OCI.PSModules.Adm\95.1.0</S>
    </MS>
  </Obj>
</Objs>
