<Objs Version="1.1.0.1" xmlns="http://schemas.microsoft.com/powershell/2004/04">
  <Obj RefId="0">
    <TN RefId="0">
      <T>Microsoft.PowerShell.Commands.PSRepositoryItemInfo</T>
      <T>System.Management.Automation.PSCustomObject</T>
      <T>System.Object</T>
    </TN>
    <MS>
      <S N="Name">OCI.PSModules.Wlms</S>
      <Version N="Version">120.0.0</Version>
      <S N="Type">Module</S>
      <S N="Description">This modules provides Cmdlets for OCI Wlms Service</S>
      <S N="Author">Oracle Cloud Infrastructure</S>
      <S N="CompanyName">oci-psmodules-grp</S>
      <S N="Copyright">(c) Oracle Cloud Infrastructure. All rights reserved.</S>
      <DT N="PublishedDate">2025-11-18T18:55:15+02:00</DT>
      <Obj N="InstalledDate" RefId="1">
        <DT>2025-11-27T08:22:56.4019031+02:00</DT>
        <MS>
          <Obj N="DisplayHint" RefId="2">
            <TN RefId="1">
              <T>Microsoft.PowerShell.Commands.DisplayHintType</T>
              <T>System.Enum</T>
              <T>System.ValueType</T>
              <T>System.Object</T>
            </TN>
            <ToString>DateTime</ToString>
            <I32>2</I32>
          </Obj>
        </MS>
      </Obj>
      <Nil N="UpdatedDate" />
      <URI N="LicenseUri">https://github.com/oracle/oci-powershell-modules/blob/master/LICENSE.txt</URI>
      <URI N="ProjectUri">https://github.com/oracle/oci-powershell-modules/</URI>
      <URI N="IconUri">https://github.com/oracle/oci-powershell-modules/blob/master/icon.png</URI>
      <Obj N="Tags" RefId="3">
        <TN RefId="2">
          <T>System.Object[]</T>
          <T>System.Array</T>
          <T>System.Object</T>
        </TN>
        <LST>
          <S>PSEdition_Core</S>
          <S>Windows</S>
          <S>Linux</S>
          <S>macOS</S>
          <S>Oracle</S>
          <S>OCI</S>
          <S>Cloud</S>
          <S>OracleCloudInfrastructure</S>
          <S>Wlms</S>
          <S>PSModule</S>
        </LST>
      </Obj>
      <Obj N="Includes" RefId="4">
        <TN RefId="3">
          <T>System.Collections.Hashtable</T>
          <T>System.Object</T>
        </TN>
        <DCT>
          <En>
            <S N="Key">Function</S>
            <Obj N="Value" RefId="5">
              <TNRef RefId="2" />
              <LST />
            </Obj>
          </En>
          <En>
            <S N="Key">RoleCapability</S>
            <Ref N="Value" RefId="5" />
          </En>
          <En>
            <S N="Key">Cmdlet</S>
            <Obj N="Value" RefId="6">
              <TNRef RefId="2" />
              <LST>
                <S>Get-OCIWlmsAgreement</S>
                <S>Get-OCIWlmsAgreementRecordsList</S>
                <S>Get-OCIWlmsApplicablePatchesList</S>
                <S>Get-OCIWlmsConfiguration</S>
                <S>Get-OCIWlmsManagedInstance</S>
                <S>Get-OCIWlmsManagedInstanceScanResultsList</S>
                <S>Get-OCIWlmsManagedInstanceServer</S>
                <S>Get-OCIWlmsManagedInstanceServerInstalledPatchesList</S>
                <S>Get-OCIWlmsManagedInstanceServersList</S>
                <S>Get-OCIWlmsManagedInstancesList</S>
                <S>Get-OCIWlmsRequiredPoliciesList</S>
                <S>Get-OCIWlmsWlsDomain</S>
                <S>Get-OCIWlmsWlsDomainCredential</S>
                <S>Get-OCIWlmsWlsDomainCredentialsList</S>
                <S>Get-OCIWlmsWlsDomainScanResultsList</S>
                <S>Get-OCIWlmsWlsDomainServer</S>
                <S>Get-OCIWlmsWlsDomainServerBackup</S>
                <S>Get-OCIWlmsWlsDomainServerBackupContent</S>
                <S>Get-OCIWlmsWlsDomainServerBackupsList</S>
                <S>Get-OCIWlmsWlsDomainServerInstalledPatchesList</S>
                <S>Get-OCIWlmsWlsDomainServersList</S>
                <S>Get-OCIWlmsWlsDomainsList</S>
                <S>Get-OCIWlmsWlsDomainsSharingMiddlewaresList</S>
                <S>Get-OCIWlmsWorkRequest</S>
                <S>Get-OCIWlmsWorkRequestErrorsList</S>
                <S>Get-OCIWlmsWorkRequestLogsList</S>
                <S>Get-OCIWlmsWorkRequestsList</S>
                <S>Invoke-OCIWlmsInstallLatestPatchesOnWlsDomain</S>
                <S>Invoke-OCIWlmsScanManagedInstance</S>
                <S>Invoke-OCIWlmsScanWlsDomain</S>
                <S>Invoke-OCIWlmsSetRestartOrder</S>
                <S>Invoke-OCIWlmsSummarizeResourceInventory</S>
                <S>Move-OCIWlmsWlsDomainCompartment</S>
                <S>New-OCIWlmsAgreementRecord</S>
                <S>Remove-OCIWlmsWlsDomain</S>
                <S>Restart-OCIWlmsWlsDomain</S>
                <S>Restore-OCIWlmsWlsDomain</S>
                <S>Start-OCIWlmsWlsDomain</S>
                <S>Stop-OCIWlmsWlsDomain</S>
                <S>Update-OCIWlmsConfiguration</S>
                <S>Update-OCIWlmsManagedInstance</S>
                <S>Update-OCIWlmsWlsDomain</S>
                <S>Update-OCIWlmsWlsDomainCredential</S>
              </LST>
            </Obj>
          </En>
          <En>
            <S N="Key">DscResource</S>
            <Ref N="Value" RefId="5" />
          </En>
          <En>
            <S N="Key">Command</S>
            <Obj N="Value" RefId="7">
              <TNRef RefId="2" />
              <LST>
                <S>Get-OCIWlmsAgreement</S>
                <S>Get-OCIWlmsAgreementRecordsList</S>
                <S>Get-OCIWlmsApplicablePatchesList</S>
                <S>Get-OCIWlmsConfiguration</S>
                <S>Get-OCIWlmsManagedInstance</S>
                <S>Get-OCIWlmsManagedInstanceScanResultsList</S>
                <S>Get-OCIWlmsManagedInstanceServer</S>
                <S>Get-OCIWlmsManagedInstanceServerInstalledPatchesList</S>
                <S>Get-OCIWlmsManagedInstanceServersList</S>
                <S>Get-OCIWlmsManagedInstancesList</S>
                <S>Get-OCIWlmsRequiredPoliciesList</S>
                <S>Get-OCIWlmsWlsDomain</S>
                <S>Get-OCIWlmsWlsDomainCredential</S>
                <S>Get-OCIWlmsWlsDomainCredentialsList</S>
                <S>Get-OCIWlmsWlsDomainScanResultsList</S>
                <S>Get-OCIWlmsWlsDomainServer</S>
                <S>Get-OCIWlmsWlsDomainServerBackup</S>
                <S>Get-OCIWlmsWlsDomainServerBackupContent</S>
                <S>Get-OCIWlmsWlsDomainServerBackupsList</S>
                <S>Get-OCIWlmsWlsDomainServerInstalledPatchesList</S>
                <S>Get-OCIWlmsWlsDomainServersList</S>
                <S>Get-OCIWlmsWlsDomainsList</S>
                <S>Get-OCIWlmsWlsDomainsSharingMiddlewaresList</S>
                <S>Get-OCIWlmsWorkRequest</S>
                <S>Get-OCIWlmsWorkRequestErrorsList</S>
                <S>Get-OCIWlmsWorkRequestLogsList</S>
                <S>Get-OCIWlmsWorkRequestsList</S>
                <S>Invoke-OCIWlmsInstallLatestPatchesOnWlsDomain</S>
                <S>Invoke-OCIWlmsScanManagedInstance</S>
                <S>Invoke-OCIWlmsScanWlsDomain</S>
                <S>Invoke-OCIWlmsSetRestartOrder</S>
                <S>Invoke-OCIWlmsSummarizeResourceInventory</S>
                <S>Move-OCIWlmsWlsDomainCompartment</S>
                <S>New-OCIWlmsAgreementRecord</S>
                <S>Remove-OCIWlmsWlsDomain</S>
                <S>Restart-OCIWlmsWlsDomain</S>
                <S>Restore-OCIWlmsWlsDomain</S>
                <S>Start-OCIWlmsWlsDomain</S>
                <S>Stop-OCIWlmsWlsDomain</S>
                <S>Update-OCIWlmsConfiguration</S>
                <S>Update-OCIWlmsManagedInstance</S>
                <S>Update-OCIWlmsWlsDomain</S>
                <S>Update-OCIWlmsWlsDomainCredential</S>
              </LST>
            </Obj>
          </En>
          <En>
            <S N="Key">Workflow</S>
            <Ref N="Value" RefId="5" />
          </En>
        </DCT>
      </Obj>
      <Nil N="PowerShellGetFormatVersion" />
      <S N="ReleaseNotes">https://github.com/oracle/oci-powershell-modules/blob/master/CHANGELOG.md</S>
      <Obj N="Dependencies" RefId="8">
        <TNRef RefId="2" />
        <LST>
          <Obj RefId="9">
            <TN RefId="4">
              <T>System.Collections.Specialized.OrderedDictionary</T>
              <T>System.Object</T>
            </TN>
            <DCT>
              <En>
                <S N="Key">Name</S>
                <S N="Value">OCI.PSModules.Common</S>
              </En>
              <En>
                <S N="Key">RequiredVersion</S>
                <S N="Value">120.0.0</S>
              </En>
              <En>
                <S N="Key">CanonicalId</S>
                <S N="Value">nuget:OCI.PSModules.Common/[120.0.0]</S>
              </En>
            </DCT>
          </Obj>
        </LST>
      </Obj>
      <S N="RepositorySourceLocation">https://www.powershellgallery.com/api/v2</S>
      <S N="Repository">PSGallery</S>
      <S N="PackageManagementProvider">NuGet</S>
      <Obj N="AdditionalMetadata" RefId="10">
        <TN RefId="5">
          <T>System.Management.Automation.PSCustomObject</T>
          <T>System.Object</T>
        </TN>
        <MS>
          <S N="copyright">(c) Oracle Cloud Infrastructure. All rights reserved.</S>
          <S N="description">This modules provides Cmdlets for OCI Wlms Service</S>
          <S N="requireLicenseAcceptance">False</S>
          <S N="releaseNotes">https://github.com/oracle/oci-powershell-modules/blob/master/CHANGELOG.md</S>
          <S N="isLatestVersion">True</S>
          <S N="isAbsoluteLatestVersion">True</S>
          <S N="versionDownloadCount">45</S>
          <S N="downloadCount">991</S>
          <S N="packageSize">162100</S>
          <S N="published">11/18/2025 6:55:15 PM +02:00</S>
          <S N="created">11/18/2025 6:55:15 PM +02:00</S>
          <S N="lastUpdated">11/26/2025 9:30:00 PM +02:00</S>
          <S N="tags">PSEdition_Core Windows Linux macOS Oracle OCI Cloud OracleCloudInfrastructure Wlms PSModule PSCmdlet_Get-OCIWlmsAgreement PSCommand_Get-OCIWlmsAgreement PSCmdlet_Get-OCIWlmsAgreementRecordsList PSCommand_Get-OCIWlmsAgreementRecordsList PSCmdlet_Get-OCIWlmsApplicablePatchesList PSCommand_Get-OCIWlmsApplicablePatchesList PSCmdlet_Get-OCIWlmsConfiguration PSCommand_Get-OCIWlmsConfiguration PSCmdlet_Get-OCIWlmsManagedInstance PSCommand_Get-OCIWlmsManagedInstance PSCmdlet_Get-OCIWlmsManagedInstanceScanResultsList PSCommand_Get-OCIWlmsManagedInstanceScanResultsList PSCmdlet_Get-OCIWlmsManagedInstanceServer PSCommand_Get-OCIWlmsManagedInstanceServer PSCmdlet_Get-OCIWlmsManagedInstanceServerInstalledPatchesList PSCommand_Get-OCIWlmsManagedInstanceServerInstalledPatchesList PSCmdlet_Get-OCIWlmsManagedInstanceServersList PSCommand_Get-OCIWlmsManagedInstanceServersList PSCmdlet_Get-OCIWlmsManagedInstancesList PSCommand_Get-OCIWlmsManagedInstancesList PSCmdlet_Get-OCIWlmsRequiredPoliciesList PSCommand_Get-OCIWlmsRequiredPoliciesList PSCmdlet_Get-OCIWlmsWlsDomain PSCommand_Get-OCIWlmsWlsDomain PSCmdlet_Get-OCIWlmsWlsDomainCredential PSCommand_Get-OCIWlmsWlsDomainCredential PSCmdlet_Get-OCIWlmsWlsDomainCredentialsList PSCommand_Get-OCIWlmsWlsDomainCredentialsList PSCmdlet_Get-OCIWlmsWlsDomainScanResultsList PSCommand_Get-OCIWlmsWlsDomainScanResultsList PSCmdlet_Get-OCIWlmsWlsDomainServer PSCommand_Get-OCIWlmsWlsDomainServer PSCmdlet_Get-OCIWlmsWlsDomainServerBackup PSCommand_Get-OCIWlmsWlsDomainServerBackup PSCmdlet_Get-OCIWlmsWlsDomainServerBackupContent PSCommand_Get-OCIWlmsWlsDomainServerBackupContent PSCmdlet_Get-OCIWlmsWlsDomainServerBackupsList PSCommand_Get-OCIWlmsWlsDomainServerBackupsList PSCmdlet_Get-OCIWlmsWlsDomainServerInstalledPatchesList PSCommand_Get-OCIWlmsWlsDomainServerInstalledPatchesList PSCmdlet_Get-OCIWlmsWlsDomainServersList PSCommand_Get-OCIWlmsWlsDomainServersList PSCmdlet_Get-OCIWlmsWlsDomainsList PSCommand_Get-OCIWlmsWlsDomainsList PSCmdlet_Get-OCIWlmsWlsDomainsSharingMiddlewaresList PSCommand_Get-OCIWlmsWlsDomainsSharingMiddlewaresList PSCmdlet_Get-OCIWlmsWorkRequest PSCommand_Get-OCIWlmsWorkRequest PSCmdlet_Get-OCIWlmsWorkRequestErrorsList PSCommand_Get-OCIWlmsWorkRequestErrorsList PSCmdlet_Get-OCIWlmsWorkRequestLogsList PSCommand_Get-OCIWlmsWorkRequestLogsList PSCmdlet_Get-OCIWlmsWorkRequestsList PSCommand_Get-OCIWlmsWorkRequestsList PSCmdlet_Invoke-OCIWlmsInstallLatestPatchesOnWlsDomain PSCommand_Invoke-OCIWlmsInstallLatestPatchesOnWlsDomain PSCmdlet_Invoke-OCIWlmsScanManagedInstance PSCommand_Invoke-OCIWlmsScanManagedInstance PSCmdlet_Invoke-OCIWlmsScanWlsDomain PSCommand_Invoke-OCIWlmsScanWlsDomain PSCmdlet_Invoke-OCIWlmsSetRestartOrder PSCommand_Invoke-OCIWlmsSetRestartOrder PSCmdlet_Invoke-OCIWlmsSummarizeResourceInventory PSCommand_Invoke-OCIWlmsSummarizeResourceInventory PSCmdlet_Move-OCIWlmsWlsDomainCompartment PSCommand_Move-OCIWlmsWlsDomainCompartment PSCmdlet_New-OCIWlmsAgreementRecord PSCommand_New-OCIWlmsAgreementRecord PSCmdlet_Remove-OCIWlmsWlsDomain PSCommand_Remove-OCIWlmsWlsDomain PSCmdlet_Restart-OCIWlmsWlsDomain PSCommand_Restart-OCIWlmsWlsDomain PSCmdlet_Restore-OCIWlmsWlsDomain PSCommand_Restore-OCIWlmsWlsDomain PSCmdlet_Start-OCIWlmsWlsDomain PSCommand_Start-OCIWlmsWlsDomain PSCmdlet_Stop-OCIWlmsWlsDomain PSCommand_Stop-OCIWlmsWlsDomain PSCmdlet_Update-OCIWlmsConfiguration PSCommand_Update-OCIWlmsConfiguration PSCmdlet_Update-OCIWlmsManagedInstance PSCommand_Update-OCIWlmsManagedInstance PSCmdlet_Update-OCIWlmsWlsDomain PSCommand_Update-OCIWlmsWlsDomain PSCmdlet_Update-OCIWlmsWlsDomainCredential PSCommand_Update-OCIWlmsWlsDomainCredential PSIncludes_Cmdlet</S>
          <S N="developmentDependency">False</S>
          <S N="updated">2025-11-26T21:30:00Z</S>
          <S N="NormalizedVersion">120.0.0</S>
          <S N="Authors">Oracle Cloud Infrastructure</S>
          <S N="IsPrerelease">false</S>
          <S N="ItemType">Module</S>
          <S N="FileList">OCI.PSModules.Wlms.nuspec|OCI.PSModules.Wlms.psd1|OCI.PSModules.Wlms.dll-Help.xml|LICENSE.txt|THIRD_PARTY_LICENSES.txt|assemblies\OCI.PSModules.Wlms.dll|assemblies\OCI.DotNetSDK.Wlms.dll</S>
          <S N="GUID">2d6f1851-3e51-48cf-b88d-288957d64514</S>
          <S N="PowerShellVersion">6.0</S>
          <S N="CompanyName">Oracle Corporation</S>
        </MS>
      </Obj>
      <S N="InstalledLocation">C:\Program Files\PowerShell\Modules\OCI.PSModules.Wlms\120.0.0</S>
    </MS>
  </Obj>
</Objs>
