<Objs Version="1.1.0.1" xmlns="http://schemas.microsoft.com/powershell/2004/04">
  <Obj RefId="0">
    <TN RefId="0">
      <T>Microsoft.PowerShell.Commands.PSRepositoryItemInfo</T>
      <T>System.Management.Automation.PSCustomObject</T>
      <T>System.Object</T>
    </TN>
    <MS>
      <S N="Name">OCI.PSModules.Capacitymanagement</S>
      <S N="Version">95.1.0</S>
      <S N="Type">Module</S>
      <S N="Description">This modules provides Cmdlets for OCI Capacitymanagement Service</S>
      <S N="Author">Oracle Cloud Infrastructure</S>
      <S N="CompanyName">oci-psmodules-grp</S>
      <S N="Copyright">(c) Oracle Cloud Infrastructure. All rights reserved.</S>
      <DT N="PublishedDate">2024-11-12T18:43:51+02:00</DT>
      <Nil N="InstalledDate" />
      <Nil N="UpdatedDate" />
      <URI N="LicenseUri">https://github.com/oracle/oci-powershell-modules/blob/master/LICENSE.txt</URI>
      <URI N="ProjectUri">https://github.com/oracle/oci-powershell-modules/</URI>
      <URI N="IconUri">https://github.com/oracle/oci-powershell-modules/blob/master/icon.png</URI>
      <Obj N="Tags" RefId="1">
        <TN RefId="1">
          <T>System.Object[]</T>
          <T>System.Array</T>
          <T>System.Object</T>
        </TN>
        <LST>
          <S>PSEdition_Core</S>
          <S>Windows</S>
          <S>Linux</S>
          <S>macOS</S>
          <S>Oracle</S>
          <S>OCI</S>
          <S>Cloud</S>
          <S>OracleCloudInfrastructure</S>
          <S>Capacitymanagement</S>
          <S>PSModule</S>
        </LST>
      </Obj>
      <Obj N="Includes" RefId="2">
        <TN RefId="2">
          <T>System.Collections.Hashtable</T>
          <T>System.Object</T>
        </TN>
        <DCT>
          <En>
            <S N="Key">Function</S>
            <Obj N="Value" RefId="3">
              <TNRef RefId="1" />
              <LST />
            </Obj>
          </En>
          <En>
            <S N="Key">Workflow</S>
            <Ref N="Value" RefId="3" />
          </En>
          <En>
            <S N="Key">DscResource</S>
            <Ref N="Value" RefId="3" />
          </En>
          <En>
            <S N="Key">RoleCapability</S>
            <Ref N="Value" RefId="3" />
          </En>
          <En>
            <S N="Key">Command</S>
            <Obj N="Value" RefId="4">
              <TNRef RefId="1" />
              <LST>
                <S>Get-OCICapacitymanagementInternalNamespaceOccOverviewsList</S>
                <S>Get-OCICapacitymanagementInternalOccHandoverResourceBlockDetailsList</S>
                <S>Get-OCICapacitymanagementInternalOccHandoverResourceBlocksList</S>
                <S>Get-OCICapacitymanagementOccAvailabilitiesList</S>
                <S>Get-OCICapacitymanagementOccAvailabilityCatalog</S>
                <S>Get-OCICapacitymanagementOccAvailabilityCatalogContent</S>
                <S>Get-OCICapacitymanagementOccAvailabilityCatalogsInternalList</S>
                <S>Get-OCICapacitymanagementOccAvailabilityCatalogsList</S>
                <S>Get-OCICapacitymanagementOccCapacityRequest</S>
                <S>Get-OCICapacitymanagementOccCapacityRequestsInternalList</S>
                <S>Get-OCICapacitymanagementOccCapacityRequestsList</S>
                <S>Get-OCICapacitymanagementOccCustomerGroup</S>
                <S>Get-OCICapacitymanagementOccCustomerGroupsList</S>
                <S>Get-OCICapacitymanagementOccHandoverResourceBlockDetailsList</S>
                <S>Get-OCICapacitymanagementOccHandoverResourceBlocksList</S>
                <S>Get-OCICapacitymanagementOccOverviewsList</S>
                <S>Invoke-OCICapacitymanagementPatchInternalOccCapacityRequest</S>
                <S>Invoke-OCICapacitymanagementPatchOccCapacityRequest</S>
                <S>Invoke-OCICapacitymanagementPublishOccAvailabilityCatalog</S>
                <S>New-OCICapacitymanagementOccAvailabilityCatalog</S>
                <S>New-OCICapacitymanagementOccCapacityRequest</S>
                <S>New-OCICapacitymanagementOccCustomer</S>
                <S>New-OCICapacitymanagementOccCustomerGroup</S>
                <S>Remove-OCICapacitymanagementOccAvailabilityCatalog</S>
                <S>Remove-OCICapacitymanagementOccCapacityRequest</S>
                <S>Remove-OCICapacitymanagementOccCustomer</S>
                <S>Remove-OCICapacitymanagementOccCustomerGroup</S>
                <S>Update-OCICapacitymanagementInternalOccCapacityRequest</S>
                <S>Update-OCICapacitymanagementOccAvailabilityCatalog</S>
                <S>Update-OCICapacitymanagementOccCapacityRequest</S>
                <S>Update-OCICapacitymanagementOccCustomer</S>
                <S>Update-OCICapacitymanagementOccCustomerGroup</S>
              </LST>
            </Obj>
          </En>
          <En>
            <S N="Key">Cmdlet</S>
            <Obj N="Value" RefId="5">
              <TNRef RefId="1" />
              <LST>
                <S>Get-OCICapacitymanagementInternalNamespaceOccOverviewsList</S>
                <S>Get-OCICapacitymanagementInternalOccHandoverResourceBlockDetailsList</S>
                <S>Get-OCICapacitymanagementInternalOccHandoverResourceBlocksList</S>
                <S>Get-OCICapacitymanagementOccAvailabilitiesList</S>
                <S>Get-OCICapacitymanagementOccAvailabilityCatalog</S>
                <S>Get-OCICapacitymanagementOccAvailabilityCatalogContent</S>
                <S>Get-OCICapacitymanagementOccAvailabilityCatalogsInternalList</S>
                <S>Get-OCICapacitymanagementOccAvailabilityCatalogsList</S>
                <S>Get-OCICapacitymanagementOccCapacityRequest</S>
                <S>Get-OCICapacitymanagementOccCapacityRequestsInternalList</S>
                <S>Get-OCICapacitymanagementOccCapacityRequestsList</S>
                <S>Get-OCICapacitymanagementOccCustomerGroup</S>
                <S>Get-OCICapacitymanagementOccCustomerGroupsList</S>
                <S>Get-OCICapacitymanagementOccHandoverResourceBlockDetailsList</S>
                <S>Get-OCICapacitymanagementOccHandoverResourceBlocksList</S>
                <S>Get-OCICapacitymanagementOccOverviewsList</S>
                <S>Invoke-OCICapacitymanagementPatchInternalOccCapacityRequest</S>
                <S>Invoke-OCICapacitymanagementPatchOccCapacityRequest</S>
                <S>Invoke-OCICapacitymanagementPublishOccAvailabilityCatalog</S>
                <S>New-OCICapacitymanagementOccAvailabilityCatalog</S>
                <S>New-OCICapacitymanagementOccCapacityRequest</S>
                <S>New-OCICapacitymanagementOccCustomer</S>
                <S>New-OCICapacitymanagementOccCustomerGroup</S>
                <S>Remove-OCICapacitymanagementOccAvailabilityCatalog</S>
                <S>Remove-OCICapacitymanagementOccCapacityRequest</S>
                <S>Remove-OCICapacitymanagementOccCustomer</S>
                <S>Remove-OCICapacitymanagementOccCustomerGroup</S>
                <S>Update-OCICapacitymanagementInternalOccCapacityRequest</S>
                <S>Update-OCICapacitymanagementOccAvailabilityCatalog</S>
                <S>Update-OCICapacitymanagementOccCapacityRequest</S>
                <S>Update-OCICapacitymanagementOccCustomer</S>
                <S>Update-OCICapacitymanagementOccCustomerGroup</S>
              </LST>
            </Obj>
          </En>
        </DCT>
      </Obj>
      <Nil N="PowerShellGetFormatVersion" />
      <S N="ReleaseNotes">https://github.com/oracle/oci-powershell-modules/blob/master/CHANGELOG.md</S>
      <Obj N="Dependencies" RefId="6">
        <TNRef RefId="1" />
        <LST>
          <Obj RefId="7">
            <TN RefId="3">
              <T>System.Collections.Specialized.OrderedDictionary</T>
              <T>System.Object</T>
            </TN>
            <DCT>
              <En>
                <S N="Key">Name</S>
                <S N="Value">OCI.PSModules.Common</S>
              </En>
              <En>
                <S N="Key">RequiredVersion</S>
                <S N="Value">95.1.0</S>
              </En>
              <En>
                <S N="Key">CanonicalId</S>
                <S N="Value">nuget:OCI.PSModules.Common/[95.1.0]</S>
              </En>
            </DCT>
          </Obj>
        </LST>
      </Obj>
      <S N="RepositorySourceLocation">https://www.powershellgallery.com/api/v2</S>
      <S N="Repository">PSGallery</S>
      <S N="PackageManagementProvider">NuGet</S>
      <Obj N="AdditionalMetadata" RefId="8">
        <TN RefId="4">
          <T>System.Management.Automation.PSCustomObject</T>
          <T>System.Object</T>
        </TN>
        <MS>
          <S N="copyright">(c) Oracle Cloud Infrastructure. All rights reserved.</S>
          <S N="description">This modules provides Cmdlets for OCI Capacitymanagement Service</S>
          <S N="requireLicenseAcceptance">False</S>
          <S N="releaseNotes">https://github.com/oracle/oci-powershell-modules/blob/master/CHANGELOG.md</S>
          <S N="isLatestVersion">True</S>
          <S N="isAbsoluteLatestVersion">True</S>
          <S N="versionDownloadCount">311</S>
          <S N="downloadCount">4051</S>
          <S N="packageSize">153979</S>
          <S N="published">11/12/2024 6:43:51 PM +02:00</S>
          <S N="created">11/12/2024 6:43:51 PM +02:00</S>
          <S N="lastUpdated">12/8/2024 9:30:00 PM +02:00</S>
          <S N="tags">PSEdition_Core Windows Linux macOS Oracle OCI Cloud OracleCloudInfrastructure Capacitymanagement PSModule PSCmdlet_Get-OCICapacitymanagementInternalNamespaceOccOverviewsList PSCommand_Get-OCICapacitymanagementInternalNamespaceOccOverviewsList PSCmdlet_Get-OCICapacitymanagementInternalOccHandoverResourceBlockDetailsList PSCommand_Get-OCICapacitymanagementInternalOccHandoverResourceBlockDetailsList PSCmdlet_Get-OCICapacitymanagementInternalOccHandoverResourceBlocksList PSCommand_Get-OCICapacitymanagementInternalOccHandoverResourceBlocksList PSCmdlet_Get-OCICapacitymanagementOccAvailabilitiesList PSCommand_Get-OCICapacitymanagementOccAvailabilitiesList PSCmdlet_Get-OCICapacitymanagementOccAvailabilityCatalog PSCommand_Get-OCICapacitymanagementOccAvailabilityCatalog PSCmdlet_Get-OCICapacitymanagementOccAvailabilityCatalogContent PSCommand_Get-OCICapacitymanagementOccAvailabilityCatalogContent PSCmdlet_Get-OCICapacitymanagementOccAvailabilityCatalogsInternalList PSCommand_Get-OCICapacitymanagementOccAvailabilityCatalogsInternalList PSCmdlet_Get-OCICapacitymanagementOccAvailabilityCatalogsList PSCommand_Get-OCICapacitymanagementOccAvailabilityCatalogsList PSCmdlet_Get-OCICapacitymanagementOccCapacityRequest PSCommand_Get-OCICapacitymanagementOccCapacityRequest PSCmdlet_Get-OCICapacitymanagementOccCapacityRequestsInternalList PSCommand_Get-OCICapacitymanagementOccCapacityRequestsInternalList PSCmdlet_Get-OCICapacitymanagementOccCapacityRequestsList PSCommand_Get-OCICapacitymanagementOccCapacityRequestsList PSCmdlet_Get-OCICapacitymanagementOccCustomerGroup PSCommand_Get-OCICapacitymanagementOccCustomerGroup PSCmdlet_Get-OCICapacitymanagementOccCustomerGroupsList PSCommand_Get-OCICapacitymanagementOccCustomerGroupsList PSCmdlet_Get-OCICapacitymanagementOccHandoverResourceBlockDetailsList PSCommand_Get-OCICapacitymanagementOccHandoverResourceBlockDetailsList PSCmdlet_Get-OCICapacitymanagementOccHandoverResourceBlocksList PSCommand_Get-OCICapacitymanagementOccHandoverResourceBlocksList PSCmdlet_Get-OCICapacitymanagementOccOverviewsList PSCommand_Get-OCICapacitymanagementOccOverviewsList PSCmdlet_Invoke-OCICapacitymanagementPatchInternalOccCapacityRequest PSCommand_Invoke-OCICapacitymanagementPatchInternalOccCapacityRequest PSCmdlet_Invoke-OCICapacitymanagementPatchOccCapacityRequest PSCommand_Invoke-OCICapacitymanagementPatchOccCapacityRequest PSCmdlet_Invoke-OCICapacitymanagementPublishOccAvailabilityCatalog PSCommand_Invoke-OCICapacitymanagementPublishOccAvailabilityCatalog PSCmdlet_New-OCICapacitymanagementOccAvailabilityCatalog PSCommand_New-OCICapacitymanagementOccAvailabilityCatalog PSCmdlet_New-OCICapacitymanagementOccCapacityRequest PSCommand_New-OCICapacitymanagementOccCapacityRequest PSCmdlet_New-OCICapacitymanagementOccCustomer PSCommand_New-OCICapacitymanagementOccCustomer PSCmdlet_New-OCICapacitymanagementOccCustomerGroup PSCommand_New-OCICapacitymanagementOccCustomerGroup PSCmdlet_Remove-OCICapacitymanagementOccAvailabilityCatalog PSCommand_Remove-OCICapacitymanagementOccAvailabilityCatalog PSCmdlet_Remove-OCICapacitymanagementOccCapacityRequest PSCommand_Remove-OCICapacitymanagementOccCapacityRequest PSCmdlet_Remove-OCICapacitymanagementOccCustomer PSCommand_Remove-OCICapacitymanagementOccCustomer PSCmdlet_Remove-OCICapacitymanagementOccCustomerGroup PSCommand_Remove-OCICapacitymanagementOccCustomerGroup PSCmdlet_Update-OCICapacitymanagementInternalOccCapacityRequest PSCommand_Update-OCICapacitymanagementInternalOccCapacityRequest PSCmdlet_Update-OCICapacitymanagementOccAvailabilityCatalog PSCommand_Update-OCICapacitymanagementOccAvailabilityCatalog PSCmdlet_Update-OCICapacitymanagementOccCapacityRequest PSCommand_Update-OCICapacitymanagementOccCapacityRequest PSCmdlet_Update-OCICapacitymanagementOccCustomer PSCommand_Update-OCICapacitymanagementOccCustomer PSCmdlet_Update-OCICapacitymanagementOccCustomerGroup PSCommand_Update-OCICapacitymanagementOccCustomerGroup PSIncludes_Cmdlet</S>
          <S N="developmentDependency">False</S>
          <S N="updated">2024-12-08T21:30:00Z</S>
          <S N="NormalizedVersion">95.1.0</S>
          <S N="Authors">Oracle Cloud Infrastructure</S>
          <S N="IsPrerelease">false</S>
          <S N="ItemType">Module</S>
          <S N="FileList">OCI.PSModules.Capacitymanagement.nuspec|THIRD_PARTY_LICENSES.txt|OCI.PSModules.Capacitymanagement.psd1|LICENSE.txt|OCI.PSModules.Capacitymanagement.dll-Help.xml|assemblies\OCI.DotNetSDK.Capacitymanagement.dll|assemblies\OCI.PSModules.Capacitymanagement.dll</S>
          <S N="GUID">847ff9d9-1cd2-4050-8297-31d3b08d96b0</S>
          <S N="PowerShellVersion">6.0</S>
          <S N="CompanyName">Oracle Corporation</S>
        </MS>
      </Obj>
      <S N="InstalledLocation">C:\Users\MarcoFekry\Downloads\OCI.PSModules\OCI.PSModules.Capacitymanagement\95.1.0</S>
    </MS>
  </Obj>
</Objs>
