<Objs Version="1.1.0.1" xmlns="http://schemas.microsoft.com/powershell/2004/04">
  <Obj RefId="0">
    <TN RefId="0">
      <T>Microsoft.PowerShell.Commands.PSRepositoryItemInfo</T>
      <T>System.Management.Automation.PSCustomObject</T>
      <T>System.Object</T>
    </TN>
    <MS>
      <S N="Name">OCI.PSModules.Dataintegration</S>
      <S N="Version">95.1.0</S>
      <S N="Type">Module</S>
      <S N="Description">This modules provides Cmdlets for OCI Dataintegration Service</S>
      <S N="Author">Oracle Cloud Infrastructure</S>
      <S N="CompanyName">oci-psmodules-grp</S>
      <S N="Copyright">(c) Oracle Cloud Infrastructure. All rights reserved.</S>
      <DT N="PublishedDate">2024-11-12T18:45:55+02:00</DT>
      <Nil N="InstalledDate" />
      <Nil N="UpdatedDate" />
      <URI N="LicenseUri">https://github.com/oracle/oci-powershell-modules/blob/master/LICENSE.txt</URI>
      <URI N="ProjectUri">https://github.com/oracle/oci-powershell-modules/</URI>
      <URI N="IconUri">https://github.com/oracle/oci-powershell-modules/blob/master/icon.png</URI>
      <Obj N="Tags" RefId="1">
        <TN RefId="1">
          <T>System.Object[]</T>
          <T>System.Array</T>
          <T>System.Object</T>
        </TN>
        <LST>
          <S>PSEdition_Core</S>
          <S>Windows</S>
          <S>Linux</S>
          <S>macOS</S>
          <S>Oracle</S>
          <S>OCI</S>
          <S>Cloud</S>
          <S>OracleCloudInfrastructure</S>
          <S>Dataintegration</S>
          <S>PSModule</S>
        </LST>
      </Obj>
      <Obj N="Includes" RefId="2">
        <TN RefId="2">
          <T>System.Collections.Hashtable</T>
          <T>System.Object</T>
        </TN>
        <DCT>
          <En>
            <S N="Key">Function</S>
            <Obj N="Value" RefId="3">
              <TNRef RefId="1" />
              <LST />
            </Obj>
          </En>
          <En>
            <S N="Key">Workflow</S>
            <Ref N="Value" RefId="3" />
          </En>
          <En>
            <S N="Key">DscResource</S>
            <Ref N="Value" RefId="3" />
          </En>
          <En>
            <S N="Key">RoleCapability</S>
            <Ref N="Value" RefId="3" />
          </En>
          <En>
            <S N="Key">Command</S>
            <Obj N="Value" RefId="4">
              <TNRef RefId="1" />
              <LST>
                <S>Get-OCIDataintegrationApplication</S>
                <S>Get-OCIDataintegrationApplicationDetailedDescription</S>
                <S>Get-OCIDataintegrationApplicationsList</S>
                <S>Get-OCIDataintegrationCompositeState</S>
                <S>Get-OCIDataintegrationConnection</S>
                <S>Get-OCIDataintegrationConnectionsList</S>
                <S>Get-OCIDataintegrationConnectionValidation</S>
                <S>Get-OCIDataintegrationConnectionValidationsList</S>
                <S>Get-OCIDataintegrationCopyObjectRequest</S>
                <S>Get-OCIDataintegrationCopyObjectRequestsList</S>
                <S>Get-OCIDataintegrationCountStatistic</S>
                <S>Get-OCIDataintegrationDataAsset</S>
                <S>Get-OCIDataintegrationDataAssetsList</S>
                <S>Get-OCIDataintegrationDataEntitiesList</S>
                <S>Get-OCIDataintegrationDataEntity</S>
                <S>Get-OCIDataintegrationDataFlow</S>
                <S>Get-OCIDataintegrationDataFlowsList</S>
                <S>Get-OCIDataintegrationDataFlowValidation</S>
                <S>Get-OCIDataintegrationDataFlowValidationsList</S>
                <S>Get-OCIDataintegrationDependentObject</S>
                <S>Get-OCIDataintegrationDependentObjectsList</S>
                <S>Get-OCIDataintegrationDisApplication</S>
                <S>Get-OCIDataintegrationDisApplicationDetailedDescription</S>
                <S>Get-OCIDataintegrationDisApplicationsList</S>
                <S>Get-OCIDataintegrationDisApplicationTaskRunLineagesList</S>
                <S>Get-OCIDataintegrationExportRequest</S>
                <S>Get-OCIDataintegrationExportRequestsList</S>
                <S>Get-OCIDataintegrationExternalPublication</S>
                <S>Get-OCIDataintegrationExternalPublicationsList</S>
                <S>Get-OCIDataintegrationExternalPublicationValidation</S>
                <S>Get-OCIDataintegrationExternalPublicationValidationsList</S>
                <S>Get-OCIDataintegrationFolder</S>
                <S>Get-OCIDataintegrationFoldersList</S>
                <S>Get-OCIDataintegrationFunctionLibrariesList</S>
                <S>Get-OCIDataintegrationFunctionLibrary</S>
                <S>Get-OCIDataintegrationImportRequest</S>
                <S>Get-OCIDataintegrationImportRequestsList</S>
                <S>Get-OCIDataintegrationPatch</S>
                <S>Get-OCIDataintegrationPatchChangesList</S>
                <S>Get-OCIDataintegrationPatchesList</S>
                <S>Get-OCIDataintegrationPipeline</S>
                <S>Get-OCIDataintegrationPipelinesList</S>
                <S>Get-OCIDataintegrationPipelineValidation</S>
                <S>Get-OCIDataintegrationPipelineValidationsList</S>
                <S>Get-OCIDataintegrationProject</S>
                <S>Get-OCIDataintegrationProjectsList</S>
                <S>Get-OCIDataintegrationPublishedObject</S>
                <S>Get-OCIDataintegrationPublishedObjectsList</S>
                <S>Get-OCIDataintegrationReference</S>
                <S>Get-OCIDataintegrationReferencesList</S>
                <S>Get-OCIDataintegrationRuntimeOperator</S>
                <S>Get-OCIDataintegrationRuntimeOperatorsList</S>
                <S>Get-OCIDataintegrationRuntimePipeline</S>
                <S>Get-OCIDataintegrationRuntimePipelinesList</S>
                <S>Get-OCIDataintegrationSchedule</S>
                <S>Get-OCIDataintegrationSchedulesList</S>
                <S>Get-OCIDataintegrationSchema</S>
                <S>Get-OCIDataintegrationSchemasList</S>
                <S>Get-OCIDataintegrationTask</S>
                <S>Get-OCIDataintegrationTaskRun</S>
                <S>Get-OCIDataintegrationTaskRunLineagesList</S>
                <S>Get-OCIDataintegrationTaskRunLogsList</S>
                <S>Get-OCIDataintegrationTaskRunsList</S>
                <S>Get-OCIDataintegrationTaskSchedule</S>
                <S>Get-OCIDataintegrationTaskSchedulesList</S>
                <S>Get-OCIDataintegrationTasksList</S>
                <S>Get-OCIDataintegrationTaskValidation</S>
                <S>Get-OCIDataintegrationTaskValidationsList</S>
                <S>Get-OCIDataintegrationTemplate</S>
                <S>Get-OCIDataintegrationTemplatesList</S>
                <S>Get-OCIDataintegrationUserDefinedFunction</S>
                <S>Get-OCIDataintegrationUserDefinedFunctionsList</S>
                <S>Get-OCIDataintegrationUserDefinedFunctionValidation</S>
                <S>Get-OCIDataintegrationUserDefinedFunctionValidationsList</S>
                <S>Get-OCIDataintegrationWorkRequest</S>
                <S>Get-OCIDataintegrationWorkRequestErrorsList</S>
                <S>Get-OCIDataintegrationWorkRequestLogsList</S>
                <S>Get-OCIDataintegrationWorkRequestsList</S>
                <S>Get-OCIDataintegrationWorkspace</S>
                <S>Get-OCIDataintegrationWorkspacesList</S>
                <S>Move-OCIDataintegrationCompartment</S>
                <S>Move-OCIDataintegrationDisApplicationCompartment</S>
                <S>New-OCIDataintegrationApplication</S>
                <S>New-OCIDataintegrationApplicationDetailedDescription</S>
                <S>New-OCIDataintegrationConnection</S>
                <S>New-OCIDataintegrationConnectionValidation</S>
                <S>New-OCIDataintegrationCopyObjectRequest</S>
                <S>New-OCIDataintegrationDataAsset</S>
                <S>New-OCIDataintegrationDataFlow</S>
                <S>New-OCIDataintegrationDataFlowValidation</S>
                <S>New-OCIDataintegrationDisApplication</S>
                <S>New-OCIDataintegrationDisApplicationDetailedDescription</S>
                <S>New-OCIDataintegrationEntityShape</S>
                <S>New-OCIDataintegrationExportRequest</S>
                <S>New-OCIDataintegrationExternalPublication</S>
                <S>New-OCIDataintegrationExternalPublicationValidation</S>
                <S>New-OCIDataintegrationFolder</S>
                <S>New-OCIDataintegrationFunctionLibrary</S>
                <S>New-OCIDataintegrationImportRequest</S>
                <S>New-OCIDataintegrationPatch</S>
                <S>New-OCIDataintegrationPipeline</S>
                <S>New-OCIDataintegrationPipelineValidation</S>
                <S>New-OCIDataintegrationProject</S>
                <S>New-OCIDataintegrationSchedule</S>
                <S>New-OCIDataintegrationTask</S>
                <S>New-OCIDataintegrationTaskRun</S>
                <S>New-OCIDataintegrationTaskSchedule</S>
                <S>New-OCIDataintegrationTaskValidation</S>
                <S>New-OCIDataintegrationUserDefinedFunction</S>
                <S>New-OCIDataintegrationUserDefinedFunctionValidation</S>
                <S>New-OCIDataintegrationWorkspace</S>
                <S>Remove-OCIDataintegrationApplication</S>
                <S>Remove-OCIDataintegrationApplicationDetailedDescription</S>
                <S>Remove-OCIDataintegrationConnection</S>
                <S>Remove-OCIDataintegrationConnectionValidation</S>
                <S>Remove-OCIDataintegrationCopyObjectRequest</S>
                <S>Remove-OCIDataintegrationDataAsset</S>
                <S>Remove-OCIDataintegrationDataFlow</S>
                <S>Remove-OCIDataintegrationDataFlowValidation</S>
                <S>Remove-OCIDataintegrationDisApplication</S>
                <S>Remove-OCIDataintegrationDisApplicationDetailedDescription</S>
                <S>Remove-OCIDataintegrationExportRequest</S>
                <S>Remove-OCIDataintegrationExternalPublication</S>
                <S>Remove-OCIDataintegrationExternalPublicationValidation</S>
                <S>Remove-OCIDataintegrationFolder</S>
                <S>Remove-OCIDataintegrationFunctionLibrary</S>
                <S>Remove-OCIDataintegrationImportRequest</S>
                <S>Remove-OCIDataintegrationPatch</S>
                <S>Remove-OCIDataintegrationPipeline</S>
                <S>Remove-OCIDataintegrationPipelineValidation</S>
                <S>Remove-OCIDataintegrationProject</S>
                <S>Remove-OCIDataintegrationSchedule</S>
                <S>Remove-OCIDataintegrationTask</S>
                <S>Remove-OCIDataintegrationTaskRun</S>
                <S>Remove-OCIDataintegrationTaskSchedule</S>
                <S>Remove-OCIDataintegrationTaskValidation</S>
                <S>Remove-OCIDataintegrationUserDefinedFunction</S>
                <S>Remove-OCIDataintegrationUserDefinedFunctionValidation</S>
                <S>Remove-OCIDataintegrationWorkspace</S>
                <S>Start-OCIDataintegrationWorkspace</S>
                <S>Stop-OCIDataintegrationWorkspace</S>
                <S>Update-OCIDataintegrationApplication</S>
                <S>Update-OCIDataintegrationApplicationDetailedDescription</S>
                <S>Update-OCIDataintegrationConnection</S>
                <S>Update-OCIDataintegrationCopyObjectRequest</S>
                <S>Update-OCIDataintegrationDataAsset</S>
                <S>Update-OCIDataintegrationDataFlow</S>
                <S>Update-OCIDataintegrationDisApplication</S>
                <S>Update-OCIDataintegrationDisApplicationDetailedDescription</S>
                <S>Update-OCIDataintegrationExportRequest</S>
                <S>Update-OCIDataintegrationExternalPublication</S>
                <S>Update-OCIDataintegrationFolder</S>
                <S>Update-OCIDataintegrationFunctionLibrary</S>
                <S>Update-OCIDataintegrationImportRequest</S>
                <S>Update-OCIDataintegrationPipeline</S>
                <S>Update-OCIDataintegrationProject</S>
                <S>Update-OCIDataintegrationReference</S>
                <S>Update-OCIDataintegrationSchedule</S>
                <S>Update-OCIDataintegrationTask</S>
                <S>Update-OCIDataintegrationTaskRun</S>
                <S>Update-OCIDataintegrationTaskSchedule</S>
                <S>Update-OCIDataintegrationUserDefinedFunction</S>
                <S>Update-OCIDataintegrationWorkspace</S>
              </LST>
            </Obj>
          </En>
          <En>
            <S N="Key">Cmdlet</S>
            <Obj N="Value" RefId="5">
              <TNRef RefId="1" />
              <LST>
                <S>Get-OCIDataintegrationApplication</S>
                <S>Get-OCIDataintegrationApplicationDetailedDescription</S>
                <S>Get-OCIDataintegrationApplicationsList</S>
                <S>Get-OCIDataintegrationCompositeState</S>
                <S>Get-OCIDataintegrationConnection</S>
                <S>Get-OCIDataintegrationConnectionsList</S>
                <S>Get-OCIDataintegrationConnectionValidation</S>
                <S>Get-OCIDataintegrationConnectionValidationsList</S>
                <S>Get-OCIDataintegrationCopyObjectRequest</S>
                <S>Get-OCIDataintegrationCopyObjectRequestsList</S>
                <S>Get-OCIDataintegrationCountStatistic</S>
                <S>Get-OCIDataintegrationDataAsset</S>
                <S>Get-OCIDataintegrationDataAssetsList</S>
                <S>Get-OCIDataintegrationDataEntitiesList</S>
                <S>Get-OCIDataintegrationDataEntity</S>
                <S>Get-OCIDataintegrationDataFlow</S>
                <S>Get-OCIDataintegrationDataFlowsList</S>
                <S>Get-OCIDataintegrationDataFlowValidation</S>
                <S>Get-OCIDataintegrationDataFlowValidationsList</S>
                <S>Get-OCIDataintegrationDependentObject</S>
                <S>Get-OCIDataintegrationDependentObjectsList</S>
                <S>Get-OCIDataintegrationDisApplication</S>
                <S>Get-OCIDataintegrationDisApplicationDetailedDescription</S>
                <S>Get-OCIDataintegrationDisApplicationsList</S>
                <S>Get-OCIDataintegrationDisApplicationTaskRunLineagesList</S>
                <S>Get-OCIDataintegrationExportRequest</S>
                <S>Get-OCIDataintegrationExportRequestsList</S>
                <S>Get-OCIDataintegrationExternalPublication</S>
                <S>Get-OCIDataintegrationExternalPublicationsList</S>
                <S>Get-OCIDataintegrationExternalPublicationValidation</S>
                <S>Get-OCIDataintegrationExternalPublicationValidationsList</S>
                <S>Get-OCIDataintegrationFolder</S>
                <S>Get-OCIDataintegrationFoldersList</S>
                <S>Get-OCIDataintegrationFunctionLibrariesList</S>
                <S>Get-OCIDataintegrationFunctionLibrary</S>
                <S>Get-OCIDataintegrationImportRequest</S>
                <S>Get-OCIDataintegrationImportRequestsList</S>
                <S>Get-OCIDataintegrationPatch</S>
                <S>Get-OCIDataintegrationPatchChangesList</S>
                <S>Get-OCIDataintegrationPatchesList</S>
                <S>Get-OCIDataintegrationPipeline</S>
                <S>Get-OCIDataintegrationPipelinesList</S>
                <S>Get-OCIDataintegrationPipelineValidation</S>
                <S>Get-OCIDataintegrationPipelineValidationsList</S>
                <S>Get-OCIDataintegrationProject</S>
                <S>Get-OCIDataintegrationProjectsList</S>
                <S>Get-OCIDataintegrationPublishedObject</S>
                <S>Get-OCIDataintegrationPublishedObjectsList</S>
                <S>Get-OCIDataintegrationReference</S>
                <S>Get-OCIDataintegrationReferencesList</S>
                <S>Get-OCIDataintegrationRuntimeOperator</S>
                <S>Get-OCIDataintegrationRuntimeOperatorsList</S>
                <S>Get-OCIDataintegrationRuntimePipeline</S>
                <S>Get-OCIDataintegrationRuntimePipelinesList</S>
                <S>Get-OCIDataintegrationSchedule</S>
                <S>Get-OCIDataintegrationSchedulesList</S>
                <S>Get-OCIDataintegrationSchema</S>
                <S>Get-OCIDataintegrationSchemasList</S>
                <S>Get-OCIDataintegrationTask</S>
                <S>Get-OCIDataintegrationTaskRun</S>
                <S>Get-OCIDataintegrationTaskRunLineagesList</S>
                <S>Get-OCIDataintegrationTaskRunLogsList</S>
                <S>Get-OCIDataintegrationTaskRunsList</S>
                <S>Get-OCIDataintegrationTaskSchedule</S>
                <S>Get-OCIDataintegrationTaskSchedulesList</S>
                <S>Get-OCIDataintegrationTasksList</S>
                <S>Get-OCIDataintegrationTaskValidation</S>
                <S>Get-OCIDataintegrationTaskValidationsList</S>
                <S>Get-OCIDataintegrationTemplate</S>
                <S>Get-OCIDataintegrationTemplatesList</S>
                <S>Get-OCIDataintegrationUserDefinedFunction</S>
                <S>Get-OCIDataintegrationUserDefinedFunctionsList</S>
                <S>Get-OCIDataintegrationUserDefinedFunctionValidation</S>
                <S>Get-OCIDataintegrationUserDefinedFunctionValidationsList</S>
                <S>Get-OCIDataintegrationWorkRequest</S>
                <S>Get-OCIDataintegrationWorkRequestErrorsList</S>
                <S>Get-OCIDataintegrationWorkRequestLogsList</S>
                <S>Get-OCIDataintegrationWorkRequestsList</S>
                <S>Get-OCIDataintegrationWorkspace</S>
                <S>Get-OCIDataintegrationWorkspacesList</S>
                <S>Move-OCIDataintegrationCompartment</S>
                <S>Move-OCIDataintegrationDisApplicationCompartment</S>
                <S>New-OCIDataintegrationApplication</S>
                <S>New-OCIDataintegrationApplicationDetailedDescription</S>
                <S>New-OCIDataintegrationConnection</S>
                <S>New-OCIDataintegrationConnectionValidation</S>
                <S>New-OCIDataintegrationCopyObjectRequest</S>
                <S>New-OCIDataintegrationDataAsset</S>
                <S>New-OCIDataintegrationDataFlow</S>
                <S>New-OCIDataintegrationDataFlowValidation</S>
                <S>New-OCIDataintegrationDisApplication</S>
                <S>New-OCIDataintegrationDisApplicationDetailedDescription</S>
                <S>New-OCIDataintegrationEntityShape</S>
                <S>New-OCIDataintegrationExportRequest</S>
                <S>New-OCIDataintegrationExternalPublication</S>
                <S>New-OCIDataintegrationExternalPublicationValidation</S>
                <S>New-OCIDataintegrationFolder</S>
                <S>New-OCIDataintegrationFunctionLibrary</S>
                <S>New-OCIDataintegrationImportRequest</S>
                <S>New-OCIDataintegrationPatch</S>
                <S>New-OCIDataintegrationPipeline</S>
                <S>New-OCIDataintegrationPipelineValidation</S>
                <S>New-OCIDataintegrationProject</S>
                <S>New-OCIDataintegrationSchedule</S>
                <S>New-OCIDataintegrationTask</S>
                <S>New-OCIDataintegrationTaskRun</S>
                <S>New-OCIDataintegrationTaskSchedule</S>
                <S>New-OCIDataintegrationTaskValidation</S>
                <S>New-OCIDataintegrationUserDefinedFunction</S>
                <S>New-OCIDataintegrationUserDefinedFunctionValidation</S>
                <S>New-OCIDataintegrationWorkspace</S>
                <S>Remove-OCIDataintegrationApplication</S>
                <S>Remove-OCIDataintegrationApplicationDetailedDescription</S>
                <S>Remove-OCIDataintegrationConnection</S>
                <S>Remove-OCIDataintegrationConnectionValidation</S>
                <S>Remove-OCIDataintegrationCopyObjectRequest</S>
                <S>Remove-OCIDataintegrationDataAsset</S>
                <S>Remove-OCIDataintegrationDataFlow</S>
                <S>Remove-OCIDataintegrationDataFlowValidation</S>
                <S>Remove-OCIDataintegrationDisApplication</S>
                <S>Remove-OCIDataintegrationDisApplicationDetailedDescription</S>
                <S>Remove-OCIDataintegrationExportRequest</S>
                <S>Remove-OCIDataintegrationExternalPublication</S>
                <S>Remove-OCIDataintegrationExternalPublicationValidation</S>
                <S>Remove-OCIDataintegrationFolder</S>
                <S>Remove-OCIDataintegrationFunctionLibrary</S>
                <S>Remove-OCIDataintegrationImportRequest</S>
                <S>Remove-OCIDataintegrationPatch</S>
                <S>Remove-OCIDataintegrationPipeline</S>
                <S>Remove-OCIDataintegrationPipelineValidation</S>
                <S>Remove-OCIDataintegrationProject</S>
                <S>Remove-OCIDataintegrationSchedule</S>
                <S>Remove-OCIDataintegrationTask</S>
                <S>Remove-OCIDataintegrationTaskRun</S>
                <S>Remove-OCIDataintegrationTaskSchedule</S>
                <S>Remove-OCIDataintegrationTaskValidation</S>
                <S>Remove-OCIDataintegrationUserDefinedFunction</S>
                <S>Remove-OCIDataintegrationUserDefinedFunctionValidation</S>
                <S>Remove-OCIDataintegrationWorkspace</S>
                <S>Start-OCIDataintegrationWorkspace</S>
                <S>Stop-OCIDataintegrationWorkspace</S>
                <S>Update-OCIDataintegrationApplication</S>
                <S>Update-OCIDataintegrationApplicationDetailedDescription</S>
                <S>Update-OCIDataintegrationConnection</S>
                <S>Update-OCIDataintegrationCopyObjectRequest</S>
                <S>Update-OCIDataintegrationDataAsset</S>
                <S>Update-OCIDataintegrationDataFlow</S>
                <S>Update-OCIDataintegrationDisApplication</S>
                <S>Update-OCIDataintegrationDisApplicationDetailedDescription</S>
                <S>Update-OCIDataintegrationExportRequest</S>
                <S>Update-OCIDataintegrationExternalPublication</S>
                <S>Update-OCIDataintegrationFolder</S>
                <S>Update-OCIDataintegrationFunctionLibrary</S>
                <S>Update-OCIDataintegrationImportRequest</S>
                <S>Update-OCIDataintegrationPipeline</S>
                <S>Update-OCIDataintegrationProject</S>
                <S>Update-OCIDataintegrationReference</S>
                <S>Update-OCIDataintegrationSchedule</S>
                <S>Update-OCIDataintegrationTask</S>
                <S>Update-OCIDataintegrationTaskRun</S>
                <S>Update-OCIDataintegrationTaskSchedule</S>
                <S>Update-OCIDataintegrationUserDefinedFunction</S>
                <S>Update-OCIDataintegrationWorkspace</S>
              </LST>
            </Obj>
          </En>
        </DCT>
      </Obj>
      <Nil N="PowerShellGetFormatVersion" />
      <S N="ReleaseNotes">https://github.com/oracle/oci-powershell-modules/blob/master/CHANGELOG.md</S>
      <Obj N="Dependencies" RefId="6">
        <TNRef RefId="1" />
        <LST>
          <Obj RefId="7">
            <TN RefId="3">
              <T>System.Collections.Specialized.OrderedDictionary</T>
              <T>System.Object</T>
            </TN>
            <DCT>
              <En>
                <S N="Key">Name</S>
                <S N="Value">OCI.PSModules.Common</S>
              </En>
              <En>
                <S N="Key">RequiredVersion</S>
                <S N="Value">95.1.0</S>
              </En>
              <En>
                <S N="Key">CanonicalId</S>
                <S N="Value">nuget:OCI.PSModules.Common/[95.1.0]</S>
              </En>
            </DCT>
          </Obj>
        </LST>
      </Obj>
      <S N="RepositorySourceLocation">https://www.powershellgallery.com/api/v2</S>
      <S N="Repository">PSGallery</S>
      <S N="PackageManagementProvider">NuGet</S>
      <Obj N="AdditionalMetadata" RefId="8">
        <TN RefId="4">
          <T>System.Management.Automation.PSCustomObject</T>
          <T>System.Object</T>
        </TN>
        <MS>
          <S N="copyright">(c) Oracle Cloud Infrastructure. All rights reserved.</S>
          <S N="description">This modules provides Cmdlets for OCI Dataintegration Service</S>
          <S N="requireLicenseAcceptance">False</S>
          <S N="releaseNotes">https://github.com/oracle/oci-powershell-modules/blob/master/CHANGELOG.md</S>
          <S N="isLatestVersion">True</S>
          <S N="isAbsoluteLatestVersion">True</S>
          <S N="versionDownloadCount">303</S>
          <S N="downloadCount">9594</S>
          <S N="packageSize">620333</S>
          <S N="published">11/12/2024 6:45:55 PM +02:00</S>
          <S N="created">11/12/2024 6:45:55 PM +02:00</S>
          <S N="lastUpdated">12/8/2024 9:30:00 PM +02:00</S>
          <S N="tags">PSEdition_Core Windows Linux macOS Oracle OCI Cloud OracleCloudInfrastructure Dataintegration PSModule PSCmdlet_Get-OCIDataintegrationApplication PSCommand_Get-OCIDataintegrationApplication PSCmdlet_Get-OCIDataintegrationApplicationDetailedDescription PSCommand_Get-OCIDataintegrationApplicationDetailedDescription PSCmdlet_Get-OCIDataintegrationApplicationsList PSCommand_Get-OCIDataintegrationApplicationsList PSCmdlet_Get-OCIDataintegrationCompositeState PSCommand_Get-OCIDataintegrationCompositeState PSCmdlet_Get-OCIDataintegrationConnection PSCommand_Get-OCIDataintegrationConnection PSCmdlet_Get-OCIDataintegrationConnectionsList PSCommand_Get-OCIDataintegrationConnectionsList PSCmdlet_Get-OCIDataintegrationConnectionValidation PSCommand_Get-OCIDataintegrationConnectionValidation PSCmdlet_Get-OCIDataintegrationConnectionValidationsList PSCommand_Get-OCIDataintegrationConnectionValidationsList PSCmdlet_Get-OCIDataintegrationCopyObjectRequest PSCommand_Get-OCIDataintegrationCopyObjectRequest PSCmdlet_Get-OCIDataintegrationCopyObjectRequestsList PSCommand_Get-OCIDataintegrationCopyObjectRequestsList PSCmdlet_Get-OCIDataintegrationCountStatistic PSCommand_Get-OCIDataintegrationCountStatistic PSCmdlet_Get-OCIDataintegrationDataAsset PSCommand_Get-OCIDataintegrationDataAsset PSCmdlet_Get-OCIDataintegrationDataAssetsList PSCommand_Get-OCIDataintegrationDataAssetsList PSCmdlet_Get-OCIDataintegrationDataEntitiesList PSCommand_Get-OCIDataintegrationDataEntitiesList PSCmdlet_Get-OCIDataintegrationDataEntity PSCommand_Get-OCIDataintegrationDataEntity PSCmdlet_Get-OCIDataintegrationDataFlow PSCommand_Get-OCIDataintegrationDataFlow PSCmdlet_Get-OCIDataintegrationDataFlowsList PSCommand_Get-OCIDataintegrationDataFlowsList PSCmdlet_Get-OCIDataintegrationDataFlowValidation PSCommand_Get-OCIDataintegrationDataFlowValidation PSCmdlet_Get-OCIDataintegrationDataFlowValidationsList PSCommand_Get-OCIDataintegrationDataFlowValidationsList PSCmdlet_Get-OCIDataintegrationDependentObject PSCommand_Get-OCIDataintegrationDependentObject PSCmdlet_Get-OCIDataintegrationDependentObjectsList PSCommand_Get-OCIDataintegrationDependentObjectsList PSCmdlet_Get-OCIDataintegrationDisApplication PSCommand_Get-OCIDataintegrationDisApplication PSCmdlet_Get-OCIDataintegrationDisApplicationDetailedDescription PSCommand_Get-OCIDataintegrationDisApplicationDetailedDescription PSCmdlet_Get-OCIDataintegrationDisApplicationsList PSCommand_Get-OCIDataintegrationDisApplicationsList PSCmdlet_Get-OCIDataintegrationDisApplicationTaskRunLineagesList PSCommand_Get-OCIDataintegrationDisApplicationTaskRunLineagesList PSCmdlet_Get-OCIDataintegrationExportRequest PSCommand_Get-OCIDataintegrationExportRequest PSCmdlet_Get-OCIDataintegrationExportRequestsList PSCommand_Get-OCIDataintegrationExportRequestsList PSCmdlet_Get-OCIDataintegrationExternalPublication PSCommand_Get-OCIDataintegrationExternalPublication PSCmdlet_Get-OCIDataintegrationExternalPublicationsList PSCommand_Get-OCIDataintegrationExternalPublicationsList PSCmdlet_Get-OCIDataintegrationExternalPublicationValidation PSCommand_Get-OCIDataintegrationExternalPublicationValidation PSCmdlet_Get-OCIDataintegrationExternalPublicationValidationsList PSCommand_Get-OCIDataintegrationExternalPublicationValidationsList PSCmdlet_Get-OCIDataintegrationFolder PSCommand_Get-OCIDataintegrationFolder PSCmdlet_Get-OCIDataintegrationFoldersList PSCommand_Get-OCIDataintegrationFoldersList PSCmdlet_Get-OCIDataintegrationFunctionLibrariesList PSCommand_Get-OCIDataintegrationFunctionLibrariesList PSCmdlet_Get-OCIDataintegrationFunctionLibrary PSCommand_Get-OCIDataintegrationFunctionLibrary PSCmdlet_Get-OCIDataintegrationImportRequest PSCommand_Get-OCIDataintegrationImportRequest PSCmdlet_Get-OCIDataintegrationImportRequestsList PSCommand_Get-OCIDataintegrationImportRequestsList PSCmdlet_Get-OCIDataintegrationPatch PSCommand_Get-OCIDataintegrationPatch PSCmdlet_Get-OCIDataintegrationPatchChangesList PSCommand_Get-OCIDataintegrationPatchChangesList PSCmdlet_Get-OCIDataintegrationPatchesList PSCommand_Get-OCIDataintegrationPatchesList PSCmdlet_Get-OCIDataintegrationPipeline PSCommand_Get-OCIDataintegrationPipeline PSCmdlet_Get-OCIDataintegrationPipelinesList PSCommand_Get-OCIDataintegrationPipelinesList PSCmdlet_Get-OCIDataintegrationPipelineValidation PSCommand_Get-OCIDataintegrationPipelineValidation PSCmdlet_Get-OCIDataintegrationPipelineValidationsList PSCommand_Get-OCIDataintegrationPipelineValidationsList PSCmdlet_Get-OCIDataintegrationProject PSCommand_Get-OCIDataintegrationProject PSCmdlet_Get-OCIDataintegrationProjectsList PSCommand_Get-OCIDataintegrationProjectsList PSCmdlet_Get-OCIDataintegrationPublishedObject PSCommand_Get-OCIDataintegrationPublishedObject PSCmdlet_Get-OCIDataintegrationPublishedObjectsList PSCommand_Get-OCIDataintegrationPublishedObjectsList PSCmdlet_Get-OCIDataintegrationReference PSCommand_Get-OCIDataintegrationReference PSCmdlet_Get-OCIDataintegrationReferencesList PSCommand_Get-OCIDataintegrationReferencesList PSCmdlet_Get-OCIDataintegrationRuntimeOperator PSCommand_Get-OCIDataintegrationRuntimeOperator PSCmdlet_Get-OCIDataintegrationRuntimeOperatorsList PSCommand_Get-OCIDataintegrationRuntimeOperatorsList PSCmdlet_Get-OCIDataintegrationRuntimePipeline PSCommand_Get-OCIDataintegrationRuntimePipeline PSCmdlet_Get-OCIDataintegrationRuntimePipelinesList PSCommand_Get-OCIDataintegrationRuntimePipelinesList PSCmdlet_Get-OCIDataintegrationSchedule PSCommand_Get-OCIDataintegrationSchedule PSCmdlet_Get-OCIDataintegrationSchedulesList PSCommand_Get-OCIDataintegrationSchedulesList PSCmdlet_Get-OCIDataintegrationSchema PSCommand_Get-OCIDataintegrationSchema PSCmdlet_Get-OCIDataintegrationSchemasList PSCommand_Get-OCIDataintegrationSchemasList PSCmdlet_Get-OCIDataintegrationTask PSCommand_Get-OCIDataintegrationTask PSCmdlet_Get-OCIDataintegrationTaskRun PSCommand_Get-OCIDataintegrationTaskRun PSCmdlet_Get-OCIDataintegrationTaskRunLineagesList PSCommand_Get-OCIDataintegrationTaskRunLineagesList PSCmdlet_Get-OCIDataintegrationTaskRunLogsList PSCommand_Get-OCIDataintegrationTaskRunLogsList PSCmdlet_Get-OCIDataintegrationTaskRunsList PSCommand_Get-OCIDataintegrationTaskRunsList PSCmdlet_Get-OCIDataintegrationTaskSchedule PSCommand_Get-OCIDataintegrationTaskSchedule PSCmdlet_Get-OCIDataintegrationTaskSchedulesList PSCommand_Get-OCIDataintegrationTaskSchedulesList PSCmdlet_Get-OCIDataintegrationTasksList PSCommand_Get-OCIDataintegrationTasksList PSCmdlet_Get-OCIDataintegrationTaskValidation PSCommand_Get-OCIDataintegrationTaskValidation PSCmdlet_Get-OCIDataintegrationTaskValidationsList PSCommand_Get-OCIDataintegrationTaskValidationsList PSCmdlet_Get-OCIDataintegrationTemplate PSCommand_Get-OCIDataintegrationTemplate PSCmdlet_Get-OCIDataintegrationTemplatesList PSCommand_Get-OCIDataintegrationTemplatesList PSCmdlet_Get-OCIDataintegrationUserDefinedFunction PSCommand_Get-OCIDataintegrationUserDefinedFunction PSCmdlet_Get-OCIDataintegrationUserDefinedFunctionsList PSCommand_Get-OCIDataintegrationUserDefinedFunctionsList PSCmdlet_Get-OCIDataintegrationUserDefinedFunctionValidation PSCommand_Get-OCIDataintegrationUserDefinedFunctionValidation PSCmdlet_Get-OCIDataintegrationUserDefinedFunctionValidationsList PSCommand_Get-OCIDataintegrationUserDefinedFunctionValidationsList PSCmdlet_Get-OCIDataintegrationWorkRequest PSCommand_Get-OCIDataintegrationWorkRequest PSCmdlet_Get-OCIDataintegrationWorkRequestErrorsList PSCommand_Get-OCIDataintegrationWorkRequestErrorsList PSCmdlet_Get-OCIDataintegrationWorkRequestLogsList PSCommand_Get-OCIDataintegrationWorkRequestLogsList PSCmdlet_Get-OCIDataintegrationWorkRequestsList PSCommand_Get-OCIDataintegrationWorkRequestsList PSCmdlet_Get-OCIDataintegrationWorkspace PSCommand_Get-OCIDataintegrationWorkspace PSCmdlet_Get-OCIDataintegrationWorkspacesList PSCommand_Get-OCIDataintegrationWorkspacesList PSCmdlet_Move-OCIDataintegrationCompartment PSCommand_Move-OCIDataintegrationCompartment PSCmdlet_Move-OCIDataintegrationDisApplicationCompartment PSCommand_Move-OCIDataintegrationDisApplicationCompartment PSCmdlet_New-OCIDataintegrationApplication PSCommand_New-OCIDataintegrationApplication PSCmdlet_New-OCIDataintegrationApplicationDetailedDescription PSCommand_New-OCIDataintegrationApplicationDetailedDescription PSCmdlet_New-OCIDataintegrationConnection PSCommand_New-OCIDataintegrationConnection PSCmdlet_New-OCIDataintegrationConnectionValidation PSCommand_New-OCIDataintegrationConnectionValidation PSCmdlet_New-OCIDataintegrationCopyObjectRequest PSCommand_New-OCIDataintegrationCopyObjectRequest PSCmdlet_New-OCIDataintegrationDataAsset PSCommand_New-OCIDataintegrationDataAsset PSCmdlet_New-OCIDataintegrationDataFlow PSCommand_New-OCIDataintegrationDataFlow PSCmdlet_New-OCIDataintegrationDataFlowValidation PSCommand_New-OCIDataintegrationDataFlowValidation PSCmdlet_New-OCIDataintegrationDisApplication PSCommand_New-OCIDataintegrationDisApplication PSCmdlet_New-OCIDataintegrationDisApplicationDetailedDescription PSCommand_New-OCIDataintegrationDisApplicationDetailedDescription PSCmdlet_New-OCIDataintegrationEntityShape PSCommand_New-OCIDataintegrationEntityShape PSCmdlet_New-OCIDataintegrationExportRequest PSCommand_New-OCIDataintegrationExportRequest PSCmdlet_New-OCIDataintegrationExternalPublication PSCommand_New-OCIDataintegrationExternalPublication PSCmdlet_New-OCIDataintegrationExternalPublicationValidation PSCommand_New-OCIDataintegrationExternalPublicationValidation PSCmdlet_New-OCIDataintegrationFolder PSCommand_New-OCIDataintegrationFolder PSCmdlet_New-OCIDataintegrationFunctionLibrary PSCommand_New-OCIDataintegrationFunctionLibrary PSCmdlet_New-OCIDataintegrationImportRequest PSCommand_New-OCIDataintegrationImportRequest PSCmdlet_New-OCIDataintegrationPatch PSCommand_New-OCIDataintegrationPatch PSCmdlet_New-OCIDataintegrationPipeline PSCommand_New-OCIDataintegrationPipeline PSCmdlet_New-OCIDataintegrationPipelineValidation PSCommand_New-OCIDataintegrationPipelineValidation PSCmdlet_New-OCIDataintegrationProject PSCommand_New-OCIDataintegrationProject PSCmdlet_New-OCIDataintegrationSchedule PSCommand_New-OCIDataintegrationSchedule PSCmdlet_New-OCIDataintegrationTask PSCommand_New-OCIDataintegrationTask PSCmdlet_New-OCIDataintegrationTaskRun PSCommand_New-OCIDataintegrationTaskRun PSCmdlet_New-OCIDataintegrationTaskSchedule PSCommand_New-OCIDataintegrationTaskSchedule PSCmdlet_New-OCIDataintegrationTaskValidation PSCommand_New-OCIDataintegrationTaskValidation PSCmdlet_New-OCIDataintegrationUserDefinedFunction PSCommand_New-OCIDataintegrationUserDefinedFunction PSCmdlet_New-OCIDataintegrationUserDefinedFunctionValidation PSCommand_New-OCIDataintegrationUserDefinedFunctionValidation PSCmdlet_New-OCIDataintegrationWorkspace PSCommand_New-OCIDataintegrationWorkspace PSCmdlet_Remove-OCIDataintegrationApplication PSCommand_Remove-OCIDataintegrationApplication PSCmdlet_Remove-OCIDataintegrationApplicationDetailedDescription PSCommand_Remove-OCIDataintegrationApplicationDetailedDescription PSCmdlet_Remove-OCIDataintegrationConnection PSCommand_Remove-OCIDataintegrationConnection PSCmdlet_Remove-OCIDataintegrationConnectionValidation PSCommand_Remove-OCIDataintegrationConnectionValidation PSCmdlet_Remove-OCIDataintegrationCopyObjectRequest PSCommand_Remove-OCIDataintegrationCopyObjectRequest PSCmdlet_Remove-OCIDataintegrationDataAsset PSCommand_Remove-OCIDataintegrationDataAsset PSCmdlet_Remove-OCIDataintegrationDataFlow PSCommand_Remove-OCIDataintegrationDataFlow PSCmdlet_Remove-OCIDataintegrationDataFlowValidation PSCommand_Remove-OCIDataintegrationDataFlowValidation PSCmdlet_Remove-OCIDataintegrationDisApplication PSCommand_Remove-OCIDataintegrationDisApplication PSCmdlet_Remove-OCIDataintegrationDisApplicationDetailedDescription PSCommand_Remove-OCIDataintegrationDisApplicationDetailedDescription PSCmdlet_Remove-OCIDataintegrationExportRequest PSCommand_Remove-OCIDataintegrationExportRequest PSCmdlet_Remove-OCIDataintegrationExternalPublication PSCommand_Remove-OCIDataintegrationExternalPublication PSCmdlet_Remove-OCIDataintegrationExternalPublicationValidation PSCommand_Remove-OCIDataintegrationExternalPublicationValidation PSCmdlet_Remove-OCIDataintegrationFolder PSCommand_Remove-OCIDataintegrationFolder PSCmdlet_Remove-OCIDataintegrationFunctionLibrary PSCommand_Remove-OCIDataintegrationFunctionLibrary PSCmdlet_Remove-OCIDataintegrationImportRequest PSCommand_Remove-OCIDataintegrationImportRequest PSCmdlet_Remove-OCIDataintegrationPatch PSCommand_Remove-OCIDataintegrationPatch PSCmdlet_Remove-OCIDataintegrationPipeline PSCommand_Remove-OCIDataintegrationPipeline PSCmdlet_Remove-OCIDataintegrationPipelineValidation PSCommand_Remove-OCIDataintegrationPipelineValidation PSCmdlet_Remove-OCIDataintegrationProject PSCommand_Remove-OCIDataintegrationProject PSCmdlet_Remove-OCIDataintegrationSchedule PSCommand_Remove-OCIDataintegrationSchedule PSCmdlet_Remove-OCIDataintegrationTask PSCommand_Remove-OCIDataintegrationTask PSCmdlet_Remove-OCIDataintegrationTaskRun PSCommand_Remove-OCIDataintegrationTaskRun PSCmdlet_Remove-OCIDataintegrationTaskSchedule PSCommand_Remove-OCIDataintegrationTaskSchedule PSCmdlet_Remove-OCIDataintegrationTaskValidation PSCommand_Remove-OCIDataintegrationTaskValidation PSCmdlet_Remove-OCIDataintegrationUserDefinedFunction PSCommand_Remove-OCIDataintegrationUserDefinedFunction PSCmdlet_Remove-OCIDataintegrationUserDefinedFunctionValidation PSCommand_Remove-OCIDataintegrationUserDefinedFunctionValidation PSCmdlet_Remove-OCIDataintegrationWorkspace PSCommand_Remove-OCIDataintegrationWorkspace PSCmdlet_Start-OCIDataintegrationWorkspace PSCommand_Start-OCIDataintegrationWorkspace PSCmdlet_Stop-OCIDataintegrationWorkspace PSCommand_Stop-OCIDataintegrationWorkspace PSCmdlet_Update-OCIDataintegrationApplication PSCommand_Update-OCIDataintegrationApplication PSCmdlet_Update-OCIDataintegrationApplicationDetailedDescription PSCommand_Update-OCIDataintegrationApplicationDetailedDescription PSCmdlet_Update-OCIDataintegrationConnection PSCommand_Update-OCIDataintegrationConnection PSCmdlet_Update-OCIDataintegrationCopyObjectRequest PSCommand_Update-OCIDataintegrationCopyObjectRequest PSCmdlet_Update-OCIDataintegrationDataAsset PSCommand_Update-OCIDataintegrationDataAsset PSCmdlet_Update-OCIDataintegrationDataFlow PSCommand_Update-OCIDataintegrationDataFlow PSCmdlet_Update-OCIDataintegrationDisApplication PSCommand_Update-OCIDataintegrationDisApplication PSCmdlet_Update-OCIDataintegrationDisApplicationDetailedDescription PSCommand_Update-OCIDataintegrationDisApplicationDetailedDescription PSCmdlet_Update-OCIDataintegrationExportRequest PSCommand_Update-OCIDataintegrationExportRequest PSCmdlet_Update-OCIDataintegrationExternalPublication PSCommand_Update-OCIDataintegrationExternalPublication PSCmdlet_Update-OCIDataintegrationFolder PSCommand_Update-OCIDataintegrationFolder PSCmdlet_Update-OCIDataintegrationFunctionLibrary PSCommand_Update-OCIDataintegrationFunctionLibrary PSCmdlet_Update-OCIDataintegrationImportRequest PSCommand_Update-OCIDataintegrationImportRequest PSCmdlet_Update-OCIDataintegrationPipeline PSCommand_Update-OCIDataintegrationPipeline PSCmdlet_Update-OCIDataintegrationProject PSCommand_Update-OCIDataintegrationProject PSCmdlet_Update-OCIDataintegrationReference PSCommand_Update-OCIDataintegrationReference PSCmdlet_Update-OCIDataintegrationSchedule PSCommand_Update-OCIDataintegrationSchedule PSCmdlet_Update-OCIDataintegrationTask PSCommand_Update-OCIDataintegrationTask PSCmdlet_Update-OCIDataintegrationTaskRun PSCommand_Update-OCIDataintegrationTaskRun PSCmdlet_Update-OCIDataintegrationTaskSchedule PSCommand_Update-OCIDataintegrationTaskSchedule PSCmdlet_Update-OCIDataintegrationUserDefinedFunction PSCommand_Update-OCIDataintegrationUserDefinedFunction PSCmdlet_Update-OCIDataintegrationWorkspace PSCommand_Update-OCIDataintegrationWorkspace PSIncludes_Cmdlet</S>
          <S N="developmentDependency">False</S>
          <S N="updated">2024-12-08T21:30:00Z</S>
          <S N="NormalizedVersion">95.1.0</S>
          <S N="Authors">Oracle Cloud Infrastructure</S>
          <S N="IsPrerelease">false</S>
          <S N="ItemType">Module</S>
          <S N="FileList">OCI.PSModules.Dataintegration.nuspec|THIRD_PARTY_LICENSES.txt|OCI.PSModules.Dataintegration.dll-Help.xml|OCI.PSModules.Dataintegration.psd1|LICENSE.txt|assemblies\OCI.PSModules.Dataintegration.dll|assemblies\OCI.DotNetSDK.Dataintegration.dll</S>
          <S N="GUID">769e2e00-1fe3-46af-a9e9-c24a01403239</S>
          <S N="PowerShellVersion">6.0</S>
          <S N="CompanyName">Oracle Corporation</S>
        </MS>
      </Obj>
      <S N="InstalledLocation">C:\Users\MarcoFekry\Downloads\OCI.PSModules\OCI.PSModules.Dataintegration\95.1.0</S>
    </MS>
  </Obj>
</Objs>
