<?xml version="1.0"?>
<doc>
    <assembly>
        <name>AWS.Tools.ConnectCampaignService</name>
    </assembly>
    <members>
        <member name="T:Amazon.PowerShell.Cmdlets.CCS.AddCCSResourceTagCmdlet">
            <summary>
            Tag a resource.
            </summary>
        </member>
        <member name="P:Amazon.PowerShell.Cmdlets.CCS.AddCCSResourceTagCmdlet.Arn">
            <summary>
            <para>
            The service has not provided documentation for this parameter; please refer to the service's API reference documentation for the latest available information.
            </para>
            </summary>
        </member>
        <member name="P:Amazon.PowerShell.Cmdlets.CCS.AddCCSResourceTagCmdlet.Tag">
            <summary>
            <para>
            The service has not provided documentation for this parameter; please refer to the service's API reference documentation for the latest available information.
            </para>
            </summary>
        </member>
        <member name="P:Amazon.PowerShell.Cmdlets.CCS.AddCCSResourceTagCmdlet.Select">
            <summary>
            Use the -Select parameter to control the cmdlet output. The cmdlet doesn't have a return value by default.
            Specifying -Select '*' will result in the cmdlet returning the whole service response (Amazon.ConnectCampaignService.Model.TagResourceResponse).
            Specifying -Select '^ParameterName' will result in the cmdlet returning the selected cmdlet parameter value.
            </summary>
        </member>
        <member name="P:Amazon.PowerShell.Cmdlets.CCS.AddCCSResourceTagCmdlet.PassThru">
            <summary>
            Changes the cmdlet behavior to return the value passed to the Arn parameter.
            The -PassThru parameter is deprecated, use -Select '^Arn' instead. This parameter will be removed in a future version.
            </summary>
        </member>
        <member name="P:Amazon.PowerShell.Cmdlets.CCS.AddCCSResourceTagCmdlet.Force">
            <summary>
            This parameter overrides confirmation prompts to force 
            the cmdlet to continue its operation. This parameter should always
            be used with caution.
            </summary>
        </member>
        <member name="T:Amazon.PowerShell.Cmdlets.CCS.GetCCSCampaignCmdlet">
            <summary>
            Describes the specific campaign.
            </summary>
        </member>
        <member name="P:Amazon.PowerShell.Cmdlets.CCS.GetCCSCampaignCmdlet.Id">
            <summary>
            <para>
            The service has not provided documentation for this parameter; please refer to the service's API reference documentation for the latest available information.
            </para>
            </summary>
        </member>
        <member name="P:Amazon.PowerShell.Cmdlets.CCS.GetCCSCampaignCmdlet.Select">
            <summary>
            Use the -Select parameter to control the cmdlet output. The default value is 'Campaign'.
            Specifying -Select '*' will result in the cmdlet returning the whole service response (Amazon.ConnectCampaignService.Model.DescribeCampaignResponse).
            Specifying the name of a property of type Amazon.ConnectCampaignService.Model.DescribeCampaignResponse will result in that property being returned.
            Specifying -Select '^ParameterName' will result in the cmdlet returning the selected cmdlet parameter value.
            </summary>
        </member>
        <member name="P:Amazon.PowerShell.Cmdlets.CCS.GetCCSCampaignCmdlet.PassThru">
            <summary>
            Changes the cmdlet behavior to return the value passed to the Id parameter.
            The -PassThru parameter is deprecated, use -Select '^Id' instead. This parameter will be removed in a future version.
            </summary>
        </member>
        <member name="T:Amazon.PowerShell.Cmdlets.CCS.GetCCSCampaignListCmdlet">
            <summary>
            Provides summary information about the campaigns under the specified Amazon Connect
            account.
            </summary>
        </member>
        <member name="P:Amazon.PowerShell.Cmdlets.CCS.GetCCSCampaignListCmdlet.InstanceIdFilter_Operator">
            <summary>
            <para>
            The service has not provided documentation for this parameter; please refer to the service's API reference documentation for the latest available information.
            </para>
            </summary>
        </member>
        <member name="P:Amazon.PowerShell.Cmdlets.CCS.GetCCSCampaignListCmdlet.InstanceIdFilter_Value">
            <summary>
            <para>
            The service has not provided documentation for this parameter; please refer to the service's API reference documentation for the latest available information.
            </para>
            </summary>
        </member>
        <member name="P:Amazon.PowerShell.Cmdlets.CCS.GetCCSCampaignListCmdlet.MaxResult">
            <summary>
            <para>
            The service has not provided documentation for this parameter; please refer to the service's API reference documentation for the latest available information.
            </para>
            </summary>
        </member>
        <member name="P:Amazon.PowerShell.Cmdlets.CCS.GetCCSCampaignListCmdlet.NextToken">
            <summary>
            <para>
            The service has not provided documentation for this parameter; please refer to the service's API reference documentation for the latest available information.
            </para>
            </summary>
        </member>
        <member name="P:Amazon.PowerShell.Cmdlets.CCS.GetCCSCampaignListCmdlet.Select">
            <summary>
            Use the -Select parameter to control the cmdlet output. The default value is 'CampaignSummaryList'.
            Specifying -Select '*' will result in the cmdlet returning the whole service response (Amazon.ConnectCampaignService.Model.ListCampaignsResponse).
            Specifying the name of a property of type Amazon.ConnectCampaignService.Model.ListCampaignsResponse will result in that property being returned.
            Specifying -Select '^ParameterName' will result in the cmdlet returning the selected cmdlet parameter value.
            </summary>
        </member>
        <member name="T:Amazon.PowerShell.Cmdlets.CCS.GetCCSCampaignStateCmdlet">
            <summary>
            Get state of a campaign for the specified Amazon Connect account.
            </summary>
        </member>
        <member name="P:Amazon.PowerShell.Cmdlets.CCS.GetCCSCampaignStateCmdlet.Id">
            <summary>
            <para>
            The service has not provided documentation for this parameter; please refer to the service's API reference documentation for the latest available information.
            </para>
            </summary>
        </member>
        <member name="P:Amazon.PowerShell.Cmdlets.CCS.GetCCSCampaignStateCmdlet.Select">
            <summary>
            Use the -Select parameter to control the cmdlet output. The default value is 'State'.
            Specifying -Select '*' will result in the cmdlet returning the whole service response (Amazon.ConnectCampaignService.Model.GetCampaignStateResponse).
            Specifying the name of a property of type Amazon.ConnectCampaignService.Model.GetCampaignStateResponse will result in that property being returned.
            Specifying -Select '^ParameterName' will result in the cmdlet returning the selected cmdlet parameter value.
            </summary>
        </member>
        <member name="P:Amazon.PowerShell.Cmdlets.CCS.GetCCSCampaignStateCmdlet.PassThru">
            <summary>
            Changes the cmdlet behavior to return the value passed to the Id parameter.
            The -PassThru parameter is deprecated, use -Select '^Id' instead. This parameter will be removed in a future version.
            </summary>
        </member>
        <member name="T:Amazon.PowerShell.Cmdlets.CCS.GetCCSCampaignStateBatchCmdlet">
            <summary>
            Get state of campaigns for the specified Amazon Connect account.
            </summary>
        </member>
        <member name="P:Amazon.PowerShell.Cmdlets.CCS.GetCCSCampaignStateBatchCmdlet.CampaignId">
            <summary>
            <para>
            The service has not provided documentation for this parameter; please refer to the service's API reference documentation for the latest available information.
            </para>
            </summary>
        </member>
        <member name="P:Amazon.PowerShell.Cmdlets.CCS.GetCCSCampaignStateBatchCmdlet.Select">
            <summary>
            Use the -Select parameter to control the cmdlet output. The default value is '*'.
            Specifying -Select '*' will result in the cmdlet returning the whole service response (Amazon.ConnectCampaignService.Model.GetCampaignStateBatchResponse).
            Specifying the name of a property of type Amazon.ConnectCampaignService.Model.GetCampaignStateBatchResponse will result in that property being returned.
            Specifying -Select '^ParameterName' will result in the cmdlet returning the selected cmdlet parameter value.
            </summary>
        </member>
        <member name="T:Amazon.PowerShell.Cmdlets.CCS.GetCCSConnectInstanceConfigCmdlet">
            <summary>
            Get the specific Connect instance config.
            </summary>
        </member>
        <member name="P:Amazon.PowerShell.Cmdlets.CCS.GetCCSConnectInstanceConfigCmdlet.ConnectInstanceId">
            <summary>
            <para>
            The service has not provided documentation for this parameter; please refer to the service's API reference documentation for the latest available information.
            </para>
            </summary>
        </member>
        <member name="P:Amazon.PowerShell.Cmdlets.CCS.GetCCSConnectInstanceConfigCmdlet.Select">
            <summary>
            Use the -Select parameter to control the cmdlet output. The default value is 'ConnectInstanceConfig'.
            Specifying -Select '*' will result in the cmdlet returning the whole service response (Amazon.ConnectCampaignService.Model.GetConnectInstanceConfigResponse).
            Specifying the name of a property of type Amazon.ConnectCampaignService.Model.GetConnectInstanceConfigResponse will result in that property being returned.
            Specifying -Select '^ParameterName' will result in the cmdlet returning the selected cmdlet parameter value.
            </summary>
        </member>
        <member name="P:Amazon.PowerShell.Cmdlets.CCS.GetCCSConnectInstanceConfigCmdlet.PassThru">
            <summary>
            Changes the cmdlet behavior to return the value passed to the ConnectInstanceId parameter.
            The -PassThru parameter is deprecated, use -Select '^ConnectInstanceId' instead. This parameter will be removed in a future version.
            </summary>
        </member>
        <member name="T:Amazon.PowerShell.Cmdlets.CCS.GetCCSInstanceOnboardingJobStatusCmdlet">
            <summary>
            Get the specific instance onboarding job status.
            </summary>
        </member>
        <member name="P:Amazon.PowerShell.Cmdlets.CCS.GetCCSInstanceOnboardingJobStatusCmdlet.ConnectInstanceId">
            <summary>
            <para>
            The service has not provided documentation for this parameter; please refer to the service's API reference documentation for the latest available information.
            </para>
            </summary>
        </member>
        <member name="P:Amazon.PowerShell.Cmdlets.CCS.GetCCSInstanceOnboardingJobStatusCmdlet.Select">
            <summary>
            Use the -Select parameter to control the cmdlet output. The default value is 'ConnectInstanceOnboardingJobStatus'.
            Specifying -Select '*' will result in the cmdlet returning the whole service response (Amazon.ConnectCampaignService.Model.GetInstanceOnboardingJobStatusResponse).
            Specifying the name of a property of type Amazon.ConnectCampaignService.Model.GetInstanceOnboardingJobStatusResponse will result in that property being returned.
            Specifying -Select '^ParameterName' will result in the cmdlet returning the selected cmdlet parameter value.
            </summary>
        </member>
        <member name="P:Amazon.PowerShell.Cmdlets.CCS.GetCCSInstanceOnboardingJobStatusCmdlet.PassThru">
            <summary>
            Changes the cmdlet behavior to return the value passed to the ConnectInstanceId parameter.
            The -PassThru parameter is deprecated, use -Select '^ConnectInstanceId' instead. This parameter will be removed in a future version.
            </summary>
        </member>
        <member name="T:Amazon.PowerShell.Cmdlets.CCS.GetCCSResourceTagCmdlet">
            <summary>
            List tags for a resource.
            </summary>
        </member>
        <member name="P:Amazon.PowerShell.Cmdlets.CCS.GetCCSResourceTagCmdlet.Arn">
            <summary>
            <para>
            The service has not provided documentation for this parameter; please refer to the service's API reference documentation for the latest available information.
            </para>
            </summary>
        </member>
        <member name="P:Amazon.PowerShell.Cmdlets.CCS.GetCCSResourceTagCmdlet.Select">
            <summary>
            Use the -Select parameter to control the cmdlet output. The default value is 'Tags'.
            Specifying -Select '*' will result in the cmdlet returning the whole service response (Amazon.ConnectCampaignService.Model.ListTagsForResourceResponse).
            Specifying the name of a property of type Amazon.ConnectCampaignService.Model.ListTagsForResourceResponse will result in that property being returned.
            Specifying -Select '^ParameterName' will result in the cmdlet returning the selected cmdlet parameter value.
            </summary>
        </member>
        <member name="P:Amazon.PowerShell.Cmdlets.CCS.GetCCSResourceTagCmdlet.PassThru">
            <summary>
            Changes the cmdlet behavior to return the value passed to the Arn parameter.
            The -PassThru parameter is deprecated, use -Select '^Arn' instead. This parameter will be removed in a future version.
            </summary>
        </member>
        <member name="T:Amazon.PowerShell.Cmdlets.CCS.NewCCSCampaignCmdlet">
            <summary>
            Creates a campaign for the specified Amazon Connect account. This API is idempotent.
            </summary>
        </member>
        <member name="P:Amazon.PowerShell.Cmdlets.CCS.NewCCSCampaignCmdlet.AnswerMachineDetectionConfig_AwaitAnswerMachinePrompt">
            <summary>
            <para>
            <para>Enable or disable await answer machine prompt</para>
            </para>
            </summary>
        </member>
        <member name="P:Amazon.PowerShell.Cmdlets.CCS.NewCCSCampaignCmdlet.PredictiveDialerConfig_BandwidthAllocation">
            <summary>
            <para>
            The service has not provided documentation for this parameter; please refer to the service's API reference documentation for the latest available information.
            </para>
            </summary>
        </member>
        <member name="P:Amazon.PowerShell.Cmdlets.CCS.NewCCSCampaignCmdlet.ProgressiveDialerConfig_BandwidthAllocation">
            <summary>
            <para>
            The service has not provided documentation for this parameter; please refer to the service's API reference documentation for the latest available information.
            </para>
            </summary>
        </member>
        <member name="P:Amazon.PowerShell.Cmdlets.CCS.NewCCSCampaignCmdlet.OutboundCallConfig_ConnectContactFlowId">
            <summary>
            <para>
            The service has not provided documentation for this parameter; please refer to the service's API reference documentation for the latest available information.
            </para>
            </summary>
        </member>
        <member name="P:Amazon.PowerShell.Cmdlets.CCS.NewCCSCampaignCmdlet.ConnectInstanceId">
            <summary>
            <para>
            The service has not provided documentation for this parameter; please refer to the service's API reference documentation for the latest available information.
            </para>
            </summary>
        </member>
        <member name="P:Amazon.PowerShell.Cmdlets.CCS.NewCCSCampaignCmdlet.OutboundCallConfig_ConnectQueueId">
            <summary>
            <para>
            The service has not provided documentation for this parameter; please refer to the service's API reference documentation for the latest available information.
            </para>
            </summary>
        </member>
        <member name="P:Amazon.PowerShell.Cmdlets.CCS.NewCCSCampaignCmdlet.OutboundCallConfig_ConnectSourcePhoneNumber">
            <summary>
            <para>
            The service has not provided documentation for this parameter; please refer to the service's API reference documentation for the latest available information.
            </para>
            </summary>
        </member>
        <member name="P:Amazon.PowerShell.Cmdlets.CCS.NewCCSCampaignCmdlet.AgentlessDialerConfig_DialingCapacity">
            <summary>
            <para>
            The service has not provided documentation for this parameter; please refer to the service's API reference documentation for the latest available information.
            </para>
            </summary>
        </member>
        <member name="P:Amazon.PowerShell.Cmdlets.CCS.NewCCSCampaignCmdlet.PredictiveDialerConfig_DialingCapacity">
            <summary>
            <para>
            The service has not provided documentation for this parameter; please refer to the service's API reference documentation for the latest available information.
            </para>
            </summary>
        </member>
        <member name="P:Amazon.PowerShell.Cmdlets.CCS.NewCCSCampaignCmdlet.ProgressiveDialerConfig_DialingCapacity">
            <summary>
            <para>
            The service has not provided documentation for this parameter; please refer to the service's API reference documentation for the latest available information.
            </para>
            </summary>
        </member>
        <member name="P:Amazon.PowerShell.Cmdlets.CCS.NewCCSCampaignCmdlet.AnswerMachineDetectionConfig_EnableAnswerMachineDetection">
            <summary>
            <para>
            <para>Enable or disable answering machine detection</para>
            </para>
            </summary>
        </member>
        <member name="P:Amazon.PowerShell.Cmdlets.CCS.NewCCSCampaignCmdlet.Name">
            <summary>
            <para>
            The service has not provided documentation for this parameter; please refer to the service's API reference documentation for the latest available information.
            </para>
            </summary>
        </member>
        <member name="P:Amazon.PowerShell.Cmdlets.CCS.NewCCSCampaignCmdlet.Tag">
            <summary>
            <para>
            The service has not provided documentation for this parameter; please refer to the service's API reference documentation for the latest available information.
            </para>
            </summary>
        </member>
        <member name="P:Amazon.PowerShell.Cmdlets.CCS.NewCCSCampaignCmdlet.Select">
            <summary>
            Use the -Select parameter to control the cmdlet output. The default value is '*'.
            Specifying -Select '*' will result in the cmdlet returning the whole service response (Amazon.ConnectCampaignService.Model.CreateCampaignResponse).
            Specifying the name of a property of type Amazon.ConnectCampaignService.Model.CreateCampaignResponse will result in that property being returned.
            Specifying -Select '^ParameterName' will result in the cmdlet returning the selected cmdlet parameter value.
            </summary>
        </member>
        <member name="P:Amazon.PowerShell.Cmdlets.CCS.NewCCSCampaignCmdlet.Force">
            <summary>
            This parameter overrides confirmation prompts to force 
            the cmdlet to continue its operation. This parameter should always
            be used with caution.
            </summary>
        </member>
        <member name="T:Amazon.PowerShell.Cmdlets.CCS.RemoveCCSCampaignCmdlet">
            <summary>
            Deletes a campaign from the specified Amazon Connect account.
            </summary>
        </member>
        <member name="P:Amazon.PowerShell.Cmdlets.CCS.RemoveCCSCampaignCmdlet.Id">
            <summary>
            <para>
            The service has not provided documentation for this parameter; please refer to the service's API reference documentation for the latest available information.
            </para>
            </summary>
        </member>
        <member name="P:Amazon.PowerShell.Cmdlets.CCS.RemoveCCSCampaignCmdlet.Select">
            <summary>
            Use the -Select parameter to control the cmdlet output. The cmdlet doesn't have a return value by default.
            Specifying -Select '*' will result in the cmdlet returning the whole service response (Amazon.ConnectCampaignService.Model.DeleteCampaignResponse).
            Specifying -Select '^ParameterName' will result in the cmdlet returning the selected cmdlet parameter value.
            </summary>
        </member>
        <member name="P:Amazon.PowerShell.Cmdlets.CCS.RemoveCCSCampaignCmdlet.PassThru">
            <summary>
            Changes the cmdlet behavior to return the value passed to the Id parameter.
            The -PassThru parameter is deprecated, use -Select '^Id' instead. This parameter will be removed in a future version.
            </summary>
        </member>
        <member name="P:Amazon.PowerShell.Cmdlets.CCS.RemoveCCSCampaignCmdlet.Force">
            <summary>
            This parameter overrides confirmation prompts to force 
            the cmdlet to continue its operation. This parameter should always
            be used with caution.
            </summary>
        </member>
        <member name="T:Amazon.PowerShell.Cmdlets.CCS.RemoveCCSConnectInstanceConfigCmdlet">
            <summary>
            Deletes a connect instance config from the specified AWS account.
            </summary>
        </member>
        <member name="P:Amazon.PowerShell.Cmdlets.CCS.RemoveCCSConnectInstanceConfigCmdlet.ConnectInstanceId">
            <summary>
            <para>
            The service has not provided documentation for this parameter; please refer to the service's API reference documentation for the latest available information.
            </para>
            </summary>
        </member>
        <member name="P:Amazon.PowerShell.Cmdlets.CCS.RemoveCCSConnectInstanceConfigCmdlet.Select">
            <summary>
            Use the -Select parameter to control the cmdlet output. The cmdlet doesn't have a return value by default.
            Specifying -Select '*' will result in the cmdlet returning the whole service response (Amazon.ConnectCampaignService.Model.DeleteConnectInstanceConfigResponse).
            Specifying -Select '^ParameterName' will result in the cmdlet returning the selected cmdlet parameter value.
            </summary>
        </member>
        <member name="P:Amazon.PowerShell.Cmdlets.CCS.RemoveCCSConnectInstanceConfigCmdlet.PassThru">
            <summary>
            Changes the cmdlet behavior to return the value passed to the ConnectInstanceId parameter.
            The -PassThru parameter is deprecated, use -Select '^ConnectInstanceId' instead. This parameter will be removed in a future version.
            </summary>
        </member>
        <member name="P:Amazon.PowerShell.Cmdlets.CCS.RemoveCCSConnectInstanceConfigCmdlet.Force">
            <summary>
            This parameter overrides confirmation prompts to force 
            the cmdlet to continue its operation. This parameter should always
            be used with caution.
            </summary>
        </member>
        <member name="T:Amazon.PowerShell.Cmdlets.CCS.RemoveCCSInstanceOnboardingJobCmdlet">
            <summary>
            Delete the Connect Campaigns onboarding job for the specified Amazon Connect instance.
            </summary>
        </member>
        <member name="P:Amazon.PowerShell.Cmdlets.CCS.RemoveCCSInstanceOnboardingJobCmdlet.ConnectInstanceId">
            <summary>
            <para>
            The service has not provided documentation for this parameter; please refer to the service's API reference documentation for the latest available information.
            </para>
            </summary>
        </member>
        <member name="P:Amazon.PowerShell.Cmdlets.CCS.RemoveCCSInstanceOnboardingJobCmdlet.Select">
            <summary>
            Use the -Select parameter to control the cmdlet output. The cmdlet doesn't have a return value by default.
            Specifying -Select '*' will result in the cmdlet returning the whole service response (Amazon.ConnectCampaignService.Model.DeleteInstanceOnboardingJobResponse).
            Specifying -Select '^ParameterName' will result in the cmdlet returning the selected cmdlet parameter value.
            </summary>
        </member>
        <member name="P:Amazon.PowerShell.Cmdlets.CCS.RemoveCCSInstanceOnboardingJobCmdlet.PassThru">
            <summary>
            Changes the cmdlet behavior to return the value passed to the ConnectInstanceId parameter.
            The -PassThru parameter is deprecated, use -Select '^ConnectInstanceId' instead. This parameter will be removed in a future version.
            </summary>
        </member>
        <member name="P:Amazon.PowerShell.Cmdlets.CCS.RemoveCCSInstanceOnboardingJobCmdlet.Force">
            <summary>
            This parameter overrides confirmation prompts to force 
            the cmdlet to continue its operation. This parameter should always
            be used with caution.
            </summary>
        </member>
        <member name="T:Amazon.PowerShell.Cmdlets.CCS.RemoveCCSResourceTagCmdlet">
            <summary>
            Untag a resource.
            </summary>
        </member>
        <member name="P:Amazon.PowerShell.Cmdlets.CCS.RemoveCCSResourceTagCmdlet.Arn">
            <summary>
            <para>
            The service has not provided documentation for this parameter; please refer to the service's API reference documentation for the latest available information.
            </para>
            </summary>
        </member>
        <member name="P:Amazon.PowerShell.Cmdlets.CCS.RemoveCCSResourceTagCmdlet.TagKey">
            <summary>
            <para>
            The service has not provided documentation for this parameter; please refer to the service's API reference documentation for the latest available information.
            </para>
            </summary>
        </member>
        <member name="P:Amazon.PowerShell.Cmdlets.CCS.RemoveCCSResourceTagCmdlet.Select">
            <summary>
            Use the -Select parameter to control the cmdlet output. The cmdlet doesn't have a return value by default.
            Specifying -Select '*' will result in the cmdlet returning the whole service response (Amazon.ConnectCampaignService.Model.UntagResourceResponse).
            Specifying -Select '^ParameterName' will result in the cmdlet returning the selected cmdlet parameter value.
            </summary>
        </member>
        <member name="P:Amazon.PowerShell.Cmdlets.CCS.RemoveCCSResourceTagCmdlet.PassThru">
            <summary>
            Changes the cmdlet behavior to return the value passed to the Arn parameter.
            The -PassThru parameter is deprecated, use -Select '^Arn' instead. This parameter will be removed in a future version.
            </summary>
        </member>
        <member name="P:Amazon.PowerShell.Cmdlets.CCS.RemoveCCSResourceTagCmdlet.Force">
            <summary>
            This parameter overrides confirmation prompts to force 
            the cmdlet to continue its operation. This parameter should always
            be used with caution.
            </summary>
        </member>
        <member name="T:Amazon.PowerShell.Cmdlets.CCS.ResumeCCSCampaignCmdlet">
            <summary>
            Stops a campaign for the specified Amazon Connect account.
            </summary>
        </member>
        <member name="P:Amazon.PowerShell.Cmdlets.CCS.ResumeCCSCampaignCmdlet.Id">
            <summary>
            <para>
            The service has not provided documentation for this parameter; please refer to the service's API reference documentation for the latest available information.
            </para>
            </summary>
        </member>
        <member name="P:Amazon.PowerShell.Cmdlets.CCS.ResumeCCSCampaignCmdlet.Select">
            <summary>
            Use the -Select parameter to control the cmdlet output. The cmdlet doesn't have a return value by default.
            Specifying -Select '*' will result in the cmdlet returning the whole service response (Amazon.ConnectCampaignService.Model.ResumeCampaignResponse).
            Specifying -Select '^ParameterName' will result in the cmdlet returning the selected cmdlet parameter value.
            </summary>
        </member>
        <member name="P:Amazon.PowerShell.Cmdlets.CCS.ResumeCCSCampaignCmdlet.PassThru">
            <summary>
            Changes the cmdlet behavior to return the value passed to the Id parameter.
            The -PassThru parameter is deprecated, use -Select '^Id' instead. This parameter will be removed in a future version.
            </summary>
        </member>
        <member name="P:Amazon.PowerShell.Cmdlets.CCS.ResumeCCSCampaignCmdlet.Force">
            <summary>
            This parameter overrides confirmation prompts to force 
            the cmdlet to continue its operation. This parameter should always
            be used with caution.
            </summary>
        </member>
        <member name="T:Amazon.PowerShell.Cmdlets.CCS.StartCCSCampaignCmdlet">
            <summary>
            Starts a campaign for the specified Amazon Connect account.
            </summary>
        </member>
        <member name="P:Amazon.PowerShell.Cmdlets.CCS.StartCCSCampaignCmdlet.Id">
            <summary>
            <para>
            The service has not provided documentation for this parameter; please refer to the service's API reference documentation for the latest available information.
            </para>
            </summary>
        </member>
        <member name="P:Amazon.PowerShell.Cmdlets.CCS.StartCCSCampaignCmdlet.Select">
            <summary>
            Use the -Select parameter to control the cmdlet output. The cmdlet doesn't have a return value by default.
            Specifying -Select '*' will result in the cmdlet returning the whole service response (Amazon.ConnectCampaignService.Model.StartCampaignResponse).
            Specifying -Select '^ParameterName' will result in the cmdlet returning the selected cmdlet parameter value.
            </summary>
        </member>
        <member name="P:Amazon.PowerShell.Cmdlets.CCS.StartCCSCampaignCmdlet.PassThru">
            <summary>
            Changes the cmdlet behavior to return the value passed to the Id parameter.
            The -PassThru parameter is deprecated, use -Select '^Id' instead. This parameter will be removed in a future version.
            </summary>
        </member>
        <member name="P:Amazon.PowerShell.Cmdlets.CCS.StartCCSCampaignCmdlet.Force">
            <summary>
            This parameter overrides confirmation prompts to force 
            the cmdlet to continue its operation. This parameter should always
            be used with caution.
            </summary>
        </member>
        <member name="T:Amazon.PowerShell.Cmdlets.CCS.StartCCSInstanceOnboardingJobCmdlet">
            <summary>
            Onboard the specific Amazon Connect instance to Connect Campaigns.
            </summary>
        </member>
        <member name="P:Amazon.PowerShell.Cmdlets.CCS.StartCCSInstanceOnboardingJobCmdlet.ConnectInstanceId">
            <summary>
            <para>
            The service has not provided documentation for this parameter; please refer to the service's API reference documentation for the latest available information.
            </para>
            </summary>
        </member>
        <member name="P:Amazon.PowerShell.Cmdlets.CCS.StartCCSInstanceOnboardingJobCmdlet.EncryptionConfig_Enabled">
            <summary>
            <para>
            The service has not provided documentation for this parameter; please refer to the service's API reference documentation for the latest available information.
            </para>
            </summary>
        </member>
        <member name="P:Amazon.PowerShell.Cmdlets.CCS.StartCCSInstanceOnboardingJobCmdlet.EncryptionConfig_EncryptionType">
            <summary>
            <para>
            The service has not provided documentation for this parameter; please refer to the service's API reference documentation for the latest available information.
            </para>
            </summary>
        </member>
        <member name="P:Amazon.PowerShell.Cmdlets.CCS.StartCCSInstanceOnboardingJobCmdlet.EncryptionConfig_KeyArn">
            <summary>
            <para>
            The service has not provided documentation for this parameter; please refer to the service's API reference documentation for the latest available information.
            </para>
            </summary>
        </member>
        <member name="P:Amazon.PowerShell.Cmdlets.CCS.StartCCSInstanceOnboardingJobCmdlet.Select">
            <summary>
            Use the -Select parameter to control the cmdlet output. The default value is 'ConnectInstanceOnboardingJobStatus'.
            Specifying -Select '*' will result in the cmdlet returning the whole service response (Amazon.ConnectCampaignService.Model.StartInstanceOnboardingJobResponse).
            Specifying the name of a property of type Amazon.ConnectCampaignService.Model.StartInstanceOnboardingJobResponse will result in that property being returned.
            Specifying -Select '^ParameterName' will result in the cmdlet returning the selected cmdlet parameter value.
            </summary>
        </member>
        <member name="P:Amazon.PowerShell.Cmdlets.CCS.StartCCSInstanceOnboardingJobCmdlet.PassThru">
            <summary>
            Changes the cmdlet behavior to return the value passed to the ConnectInstanceId parameter.
            The -PassThru parameter is deprecated, use -Select '^ConnectInstanceId' instead. This parameter will be removed in a future version.
            </summary>
        </member>
        <member name="P:Amazon.PowerShell.Cmdlets.CCS.StartCCSInstanceOnboardingJobCmdlet.Force">
            <summary>
            This parameter overrides confirmation prompts to force 
            the cmdlet to continue its operation. This parameter should always
            be used with caution.
            </summary>
        </member>
        <member name="T:Amazon.PowerShell.Cmdlets.CCS.StopCCSCampaignCmdlet">
            <summary>
            Stops a campaign for the specified Amazon Connect account.
            </summary>
        </member>
        <member name="P:Amazon.PowerShell.Cmdlets.CCS.StopCCSCampaignCmdlet.Id">
            <summary>
            <para>
            The service has not provided documentation for this parameter; please refer to the service's API reference documentation for the latest available information.
            </para>
            </summary>
        </member>
        <member name="P:Amazon.PowerShell.Cmdlets.CCS.StopCCSCampaignCmdlet.Select">
            <summary>
            Use the -Select parameter to control the cmdlet output. The cmdlet doesn't have a return value by default.
            Specifying -Select '*' will result in the cmdlet returning the whole service response (Amazon.ConnectCampaignService.Model.StopCampaignResponse).
            Specifying -Select '^ParameterName' will result in the cmdlet returning the selected cmdlet parameter value.
            </summary>
        </member>
        <member name="P:Amazon.PowerShell.Cmdlets.CCS.StopCCSCampaignCmdlet.PassThru">
            <summary>
            Changes the cmdlet behavior to return the value passed to the Id parameter.
            The -PassThru parameter is deprecated, use -Select '^Id' instead. This parameter will be removed in a future version.
            </summary>
        </member>
        <member name="P:Amazon.PowerShell.Cmdlets.CCS.StopCCSCampaignCmdlet.Force">
            <summary>
            This parameter overrides confirmation prompts to force 
            the cmdlet to continue its operation. This parameter should always
            be used with caution.
            </summary>
        </member>
        <member name="T:Amazon.PowerShell.Cmdlets.CCS.SuspendCCSCampaignCmdlet">
            <summary>
            Pauses a campaign for the specified Amazon Connect account.
            </summary>
        </member>
        <member name="P:Amazon.PowerShell.Cmdlets.CCS.SuspendCCSCampaignCmdlet.Id">
            <summary>
            <para>
            The service has not provided documentation for this parameter; please refer to the service's API reference documentation for the latest available information.
            </para>
            </summary>
        </member>
        <member name="P:Amazon.PowerShell.Cmdlets.CCS.SuspendCCSCampaignCmdlet.Select">
            <summary>
            Use the -Select parameter to control the cmdlet output. The cmdlet doesn't have a return value by default.
            Specifying -Select '*' will result in the cmdlet returning the whole service response (Amazon.ConnectCampaignService.Model.PauseCampaignResponse).
            Specifying -Select '^ParameterName' will result in the cmdlet returning the selected cmdlet parameter value.
            </summary>
        </member>
        <member name="P:Amazon.PowerShell.Cmdlets.CCS.SuspendCCSCampaignCmdlet.PassThru">
            <summary>
            Changes the cmdlet behavior to return the value passed to the Id parameter.
            The -PassThru parameter is deprecated, use -Select '^Id' instead. This parameter will be removed in a future version.
            </summary>
        </member>
        <member name="P:Amazon.PowerShell.Cmdlets.CCS.SuspendCCSCampaignCmdlet.Force">
            <summary>
            This parameter overrides confirmation prompts to force 
            the cmdlet to continue its operation. This parameter should always
            be used with caution.
            </summary>
        </member>
        <member name="T:Amazon.PowerShell.Cmdlets.CCS.UpdateCCSCampaignDialerConfigCmdlet">
            <summary>
            Updates the dialer config of a campaign. This API is idempotent.
            </summary>
        </member>
        <member name="P:Amazon.PowerShell.Cmdlets.CCS.UpdateCCSCampaignDialerConfigCmdlet.PredictiveDialerConfig_BandwidthAllocation">
            <summary>
            <para>
            The service has not provided documentation for this parameter; please refer to the service's API reference documentation for the latest available information.
            </para>
            </summary>
        </member>
        <member name="P:Amazon.PowerShell.Cmdlets.CCS.UpdateCCSCampaignDialerConfigCmdlet.ProgressiveDialerConfig_BandwidthAllocation">
            <summary>
            <para>
            The service has not provided documentation for this parameter; please refer to the service's API reference documentation for the latest available information.
            </para>
            </summary>
        </member>
        <member name="P:Amazon.PowerShell.Cmdlets.CCS.UpdateCCSCampaignDialerConfigCmdlet.AgentlessDialerConfig_DialingCapacity">
            <summary>
            <para>
            The service has not provided documentation for this parameter; please refer to the service's API reference documentation for the latest available information.
            </para>
            </summary>
        </member>
        <member name="P:Amazon.PowerShell.Cmdlets.CCS.UpdateCCSCampaignDialerConfigCmdlet.PredictiveDialerConfig_DialingCapacity">
            <summary>
            <para>
            The service has not provided documentation for this parameter; please refer to the service's API reference documentation for the latest available information.
            </para>
            </summary>
        </member>
        <member name="P:Amazon.PowerShell.Cmdlets.CCS.UpdateCCSCampaignDialerConfigCmdlet.ProgressiveDialerConfig_DialingCapacity">
            <summary>
            <para>
            The service has not provided documentation for this parameter; please refer to the service's API reference documentation for the latest available information.
            </para>
            </summary>
        </member>
        <member name="P:Amazon.PowerShell.Cmdlets.CCS.UpdateCCSCampaignDialerConfigCmdlet.Id">
            <summary>
            <para>
            The service has not provided documentation for this parameter; please refer to the service's API reference documentation for the latest available information.
            </para>
            </summary>
        </member>
        <member name="P:Amazon.PowerShell.Cmdlets.CCS.UpdateCCSCampaignDialerConfigCmdlet.Select">
            <summary>
            Use the -Select parameter to control the cmdlet output. The cmdlet doesn't have a return value by default.
            Specifying -Select '*' will result in the cmdlet returning the whole service response (Amazon.ConnectCampaignService.Model.UpdateCampaignDialerConfigResponse).
            Specifying -Select '^ParameterName' will result in the cmdlet returning the selected cmdlet parameter value.
            </summary>
        </member>
        <member name="P:Amazon.PowerShell.Cmdlets.CCS.UpdateCCSCampaignDialerConfigCmdlet.PassThru">
            <summary>
            Changes the cmdlet behavior to return the value passed to the Id parameter.
            The -PassThru parameter is deprecated, use -Select '^Id' instead. This parameter will be removed in a future version.
            </summary>
        </member>
        <member name="P:Amazon.PowerShell.Cmdlets.CCS.UpdateCCSCampaignDialerConfigCmdlet.Force">
            <summary>
            This parameter overrides confirmation prompts to force 
            the cmdlet to continue its operation. This parameter should always
            be used with caution.
            </summary>
        </member>
        <member name="T:Amazon.PowerShell.Cmdlets.CCS.UpdateCCSCampaignNameCmdlet">
            <summary>
            Updates the name of a campaign. This API is idempotent.
            </summary>
        </member>
        <member name="P:Amazon.PowerShell.Cmdlets.CCS.UpdateCCSCampaignNameCmdlet.Id">
            <summary>
            <para>
            The service has not provided documentation for this parameter; please refer to the service's API reference documentation for the latest available information.
            </para>
            </summary>
        </member>
        <member name="P:Amazon.PowerShell.Cmdlets.CCS.UpdateCCSCampaignNameCmdlet.Name">
            <summary>
            <para>
            The service has not provided documentation for this parameter; please refer to the service's API reference documentation for the latest available information.
            </para>
            </summary>
        </member>
        <member name="P:Amazon.PowerShell.Cmdlets.CCS.UpdateCCSCampaignNameCmdlet.Select">
            <summary>
            Use the -Select parameter to control the cmdlet output. The cmdlet doesn't have a return value by default.
            Specifying -Select '*' will result in the cmdlet returning the whole service response (Amazon.ConnectCampaignService.Model.UpdateCampaignNameResponse).
            Specifying -Select '^ParameterName' will result in the cmdlet returning the selected cmdlet parameter value.
            </summary>
        </member>
        <member name="P:Amazon.PowerShell.Cmdlets.CCS.UpdateCCSCampaignNameCmdlet.PassThru">
            <summary>
            Changes the cmdlet behavior to return the value passed to the Id parameter.
            The -PassThru parameter is deprecated, use -Select '^Id' instead. This parameter will be removed in a future version.
            </summary>
        </member>
        <member name="P:Amazon.PowerShell.Cmdlets.CCS.UpdateCCSCampaignNameCmdlet.Force">
            <summary>
            This parameter overrides confirmation prompts to force 
            the cmdlet to continue its operation. This parameter should always
            be used with caution.
            </summary>
        </member>
        <member name="T:Amazon.PowerShell.Cmdlets.CCS.UpdateCCSCampaignOutboundCallConfigCmdlet">
            <summary>
            Updates the outbound call config of a campaign. This API is idempotent.
            </summary>
        </member>
        <member name="P:Amazon.PowerShell.Cmdlets.CCS.UpdateCCSCampaignOutboundCallConfigCmdlet.AnswerMachineDetectionConfig_AwaitAnswerMachinePrompt">
            <summary>
            <para>
            <para>Enable or disable await answer machine prompt</para>
            </para>
            </summary>
        </member>
        <member name="P:Amazon.PowerShell.Cmdlets.CCS.UpdateCCSCampaignOutboundCallConfigCmdlet.ConnectContactFlowId">
            <summary>
            <para>
            The service has not provided documentation for this parameter; please refer to the service's API reference documentation for the latest available information.
            </para>
            </summary>
        </member>
        <member name="P:Amazon.PowerShell.Cmdlets.CCS.UpdateCCSCampaignOutboundCallConfigCmdlet.ConnectSourcePhoneNumber">
            <summary>
            <para>
            The service has not provided documentation for this parameter; please refer to the service's API reference documentation for the latest available information.
            </para>
            </summary>
        </member>
        <member name="P:Amazon.PowerShell.Cmdlets.CCS.UpdateCCSCampaignOutboundCallConfigCmdlet.AnswerMachineDetectionConfig_EnableAnswerMachineDetection">
            <summary>
            <para>
            <para>Enable or disable answering machine detection</para>
            </para>
            </summary>
        </member>
        <member name="P:Amazon.PowerShell.Cmdlets.CCS.UpdateCCSCampaignOutboundCallConfigCmdlet.Id">
            <summary>
            <para>
            The service has not provided documentation for this parameter; please refer to the service's API reference documentation for the latest available information.
            </para>
            </summary>
        </member>
        <member name="P:Amazon.PowerShell.Cmdlets.CCS.UpdateCCSCampaignOutboundCallConfigCmdlet.Select">
            <summary>
            Use the -Select parameter to control the cmdlet output. The cmdlet doesn't have a return value by default.
            Specifying -Select '*' will result in the cmdlet returning the whole service response (Amazon.ConnectCampaignService.Model.UpdateCampaignOutboundCallConfigResponse).
            Specifying -Select '^ParameterName' will result in the cmdlet returning the selected cmdlet parameter value.
            </summary>
        </member>
        <member name="P:Amazon.PowerShell.Cmdlets.CCS.UpdateCCSCampaignOutboundCallConfigCmdlet.PassThru">
            <summary>
            Changes the cmdlet behavior to return the value passed to the Id parameter.
            The -PassThru parameter is deprecated, use -Select '^Id' instead. This parameter will be removed in a future version.
            </summary>
        </member>
        <member name="P:Amazon.PowerShell.Cmdlets.CCS.UpdateCCSCampaignOutboundCallConfigCmdlet.Force">
            <summary>
            This parameter overrides confirmation prompts to force 
            the cmdlet to continue its operation. This parameter should always
            be used with caution.
            </summary>
        </member>
        <member name="T:Amazon.PowerShell.Cmdlets.CCS.WriteCCSDialRequestBatchCmdlet">
            <summary>
            Creates dials requests for the specified campaign Amazon Connect account. This API
            is idempotent.
            </summary>
        </member>
        <member name="P:Amazon.PowerShell.Cmdlets.CCS.WriteCCSDialRequestBatchCmdlet.DialRequest">
            <summary>
            <para>
            The service has not provided documentation for this parameter; please refer to the service's API reference documentation for the latest available information.
            </para>
            </summary>
        </member>
        <member name="P:Amazon.PowerShell.Cmdlets.CCS.WriteCCSDialRequestBatchCmdlet.Id">
            <summary>
            <para>
            The service has not provided documentation for this parameter; please refer to the service's API reference documentation for the latest available information.
            </para>
            </summary>
        </member>
        <member name="P:Amazon.PowerShell.Cmdlets.CCS.WriteCCSDialRequestBatchCmdlet.Select">
            <summary>
            Use the -Select parameter to control the cmdlet output. The default value is '*'.
            Specifying -Select '*' will result in the cmdlet returning the whole service response (Amazon.ConnectCampaignService.Model.PutDialRequestBatchResponse).
            Specifying the name of a property of type Amazon.ConnectCampaignService.Model.PutDialRequestBatchResponse will result in that property being returned.
            Specifying -Select '^ParameterName' will result in the cmdlet returning the selected cmdlet parameter value.
            </summary>
        </member>
        <member name="P:Amazon.PowerShell.Cmdlets.CCS.WriteCCSDialRequestBatchCmdlet.PassThru">
            <summary>
            Changes the cmdlet behavior to return the value passed to the Id parameter.
            The -PassThru parameter is deprecated, use -Select '^Id' instead. This parameter will be removed in a future version.
            </summary>
        </member>
        <member name="P:Amazon.PowerShell.Cmdlets.CCS.WriteCCSDialRequestBatchCmdlet.Force">
            <summary>
            This parameter overrides confirmation prompts to force 
            the cmdlet to continue its operation. This parameter should always
            be used with caution.
            </summary>
        </member>
    </members>
</doc>
