<Objs Version="1.1.0.1" xmlns="http://schemas.microsoft.com/powershell/2004/04">
  <Obj RefId="0">
    <TN RefId="0">
      <T>Microsoft.PowerShell.Commands.PSRepositoryItemInfo</T>
      <T>System.Management.Automation.PSCustomObject</T>
      <T>System.Object</T>
    </TN>
    <MS>
      <S N="Name">OCI.PSModules.Fleetappsmanagement</S>
      <Version N="Version">120.0.0</Version>
      <S N="Type">Module</S>
      <S N="Description">This modules provides Cmdlets for OCI Fleetappsmanagement Service</S>
      <S N="Author">Oracle Cloud Infrastructure</S>
      <S N="CompanyName">oci-psmodules-grp</S>
      <S N="Copyright">(c) Oracle Cloud Infrastructure. All rights reserved.</S>
      <DT N="PublishedDate">2025-11-18T18:42:41+02:00</DT>
      <Obj N="InstalledDate" RefId="1">
        <DT>2025-11-27T08:13:23.5875824+02:00</DT>
        <MS>
          <Obj N="DisplayHint" RefId="2">
            <TN RefId="1">
              <T>Microsoft.PowerShell.Commands.DisplayHintType</T>
              <T>System.Enum</T>
              <T>System.ValueType</T>
              <T>System.Object</T>
            </TN>
            <ToString>DateTime</ToString>
            <I32>2</I32>
          </Obj>
        </MS>
      </Obj>
      <Nil N="UpdatedDate" />
      <URI N="LicenseUri">https://github.com/oracle/oci-powershell-modules/blob/master/LICENSE.txt</URI>
      <URI N="ProjectUri">https://github.com/oracle/oci-powershell-modules/</URI>
      <URI N="IconUri">https://github.com/oracle/oci-powershell-modules/blob/master/icon.png</URI>
      <Obj N="Tags" RefId="3">
        <TN RefId="2">
          <T>System.Object[]</T>
          <T>System.Array</T>
          <T>System.Object</T>
        </TN>
        <LST>
          <S>PSEdition_Core</S>
          <S>Windows</S>
          <S>Linux</S>
          <S>macOS</S>
          <S>Oracle</S>
          <S>OCI</S>
          <S>Cloud</S>
          <S>OracleCloudInfrastructure</S>
          <S>Fleetappsmanagement</S>
          <S>PSModule</S>
        </LST>
      </Obj>
      <Obj N="Includes" RefId="4">
        <TN RefId="3">
          <T>System.Collections.Hashtable</T>
          <T>System.Object</T>
        </TN>
        <DCT>
          <En>
            <S N="Key">Function</S>
            <Obj N="Value" RefId="5">
              <TNRef RefId="2" />
              <LST />
            </Obj>
          </En>
          <En>
            <S N="Key">RoleCapability</S>
            <Ref N="Value" RefId="5" />
          </En>
          <En>
            <S N="Key">Cmdlet</S>
            <Obj N="Value" RefId="6">
              <TNRef RefId="2" />
              <LST>
                <S>Enable-OCIFleetappsmanagementLatestPolicy</S>
                <S>Export-OCIFleetappsmanagementComplianceReport</S>
                <S>Export-OCIFleetappsmanagementRunbook</S>
                <S>Export-OCIFleetappsmanagementRunbookVersion</S>
                <S>Get-OCIFleetappsmanagementAnnouncementsList</S>
                <S>Get-OCIFleetappsmanagementCatalogItem</S>
                <S>Get-OCIFleetappsmanagementCatalogItemsList</S>
                <S>Get-OCIFleetappsmanagementCatalogItemVariablesDefinition</S>
                <S>Get-OCIFleetappsmanagementCompliance</S>
                <S>Get-OCIFleetappsmanagementCompliancePoliciesList</S>
                <S>Get-OCIFleetappsmanagementCompliancePolicy</S>
                <S>Get-OCIFleetappsmanagementCompliancePolicyRule</S>
                <S>Get-OCIFleetappsmanagementCompliancePolicyRulesList</S>
                <S>Get-OCIFleetappsmanagementComplianceRecordsList</S>
                <S>Get-OCIFleetappsmanagementComplianceReport</S>
                <S>Get-OCIFleetappsmanagementExecution</S>
                <S>Get-OCIFleetappsmanagementExecutionsList</S>
                <S>Get-OCIFleetappsmanagementFleet</S>
                <S>Get-OCIFleetappsmanagementFleetCredential</S>
                <S>Get-OCIFleetappsmanagementFleetCredentialsList</S>
                <S>Get-OCIFleetappsmanagementFleetProductsList</S>
                <S>Get-OCIFleetappsmanagementFleetPropertiesList</S>
                <S>Get-OCIFleetappsmanagementFleetProperty</S>
                <S>Get-OCIFleetappsmanagementFleetResource</S>
                <S>Get-OCIFleetappsmanagementFleetResourcesList</S>
                <S>Get-OCIFleetappsmanagementFleetsList</S>
                <S>Get-OCIFleetappsmanagementFleetTargetsList</S>
                <S>Get-OCIFleetappsmanagementInstalledPatchesList</S>
                <S>Get-OCIFleetappsmanagementInventoryRecordsList</S>
                <S>Get-OCIFleetappsmanagementInventoryResourcesList</S>
                <S>Get-OCIFleetappsmanagementJobActivity</S>
                <S>Get-OCIFleetappsmanagementMaintenanceWindow</S>
                <S>Get-OCIFleetappsmanagementMaintenanceWindowsList</S>
                <S>Get-OCIFleetappsmanagementOnboarding</S>
                <S>Get-OCIFleetappsmanagementOnboardingPoliciesList</S>
                <S>Get-OCIFleetappsmanagementOnboardingsList</S>
                <S>Get-OCIFleetappsmanagementPatch</S>
                <S>Get-OCIFleetappsmanagementPatchesList</S>
                <S>Get-OCIFleetappsmanagementPlatformConfiguration</S>
                <S>Get-OCIFleetappsmanagementPlatformConfigurationsList</S>
                <S>Get-OCIFleetappsmanagementPropertiesList</S>
                <S>Get-OCIFleetappsmanagementProperty</S>
                <S>Get-OCIFleetappsmanagementProvision</S>
                <S>Get-OCIFleetappsmanagementProvisionsList</S>
                <S>Get-OCIFleetappsmanagementRecommendedPatchesList</S>
                <S>Get-OCIFleetappsmanagementReportMetadataList</S>
                <S>Get-OCIFleetappsmanagementResourcesList</S>
                <S>Get-OCIFleetappsmanagementRunbook</S>
                <S>Get-OCIFleetappsmanagementRunbookExport</S>
                <S>Get-OCIFleetappsmanagementRunbookExportStatusesList</S>
                <S>Get-OCIFleetappsmanagementRunbookImport</S>
                <S>Get-OCIFleetappsmanagementRunbookImportStatusesList</S>
                <S>Get-OCIFleetappsmanagementRunbooksList</S>
                <S>Get-OCIFleetappsmanagementRunbookVersion</S>
                <S>Get-OCIFleetappsmanagementRunbookVersionsList</S>
                <S>Get-OCIFleetappsmanagementScheduledFleetsList</S>
                <S>Get-OCIFleetappsmanagementSchedulerDefinition</S>
                <S>Get-OCIFleetappsmanagementSchedulerDefinitionsList</S>
                <S>Get-OCIFleetappsmanagementSchedulerExecutionsList</S>
                <S>Get-OCIFleetappsmanagementSchedulerJob</S>
                <S>Get-OCIFleetappsmanagementSchedulerJobsList</S>
                <S>Get-OCIFleetappsmanagementStepsList</S>
                <S>Get-OCIFleetappsmanagementTargetComponentsList</S>
                <S>Get-OCIFleetappsmanagementTargetPropertiesList</S>
                <S>Get-OCIFleetappsmanagementTargetsList</S>
                <S>Get-OCIFleetappsmanagementTaskRecord</S>
                <S>Get-OCIFleetappsmanagementTaskRecordsList</S>
                <S>Get-OCIFleetappsmanagementWorkRequest</S>
                <S>Get-OCIFleetappsmanagementWorkRequestErrorsList</S>
                <S>Get-OCIFleetappsmanagementWorkRequestLogsList</S>
                <S>Get-OCIFleetappsmanagementWorkRequestsList</S>
                <S>Import-OCIFleetappsmanagementRunbook</S>
                <S>Import-OCIFleetappsmanagementRunbookPrecheck</S>
                <S>Import-OCIFleetappsmanagementRunbookVersion</S>
                <S>Invoke-OCIFleetappsmanagementCheckResourceTagging</S>
                <S>Invoke-OCIFleetappsmanagementCloneCatalogItem</S>
                <S>Invoke-OCIFleetappsmanagementConfigureCatalogItem</S>
                <S>Invoke-OCIFleetappsmanagementConfirmTargets</S>
                <S>Invoke-OCIFleetappsmanagementFindRunbookExportDependency</S>
                <S>Invoke-OCIFleetappsmanagementFindRunbookImportDependency</S>
                <S>Invoke-OCIFleetappsmanagementManageJobExecution</S>
                <S>Invoke-OCIFleetappsmanagementManageSettings</S>
                <S>Invoke-OCIFleetappsmanagementPublishRunbook</S>
                <S>Invoke-OCIFleetappsmanagementReport</S>
                <S>Invoke-OCIFleetappsmanagementRequestResourceValidation</S>
                <S>Invoke-OCIFleetappsmanagementRequestTargetDiscovery</S>
                <S>Invoke-OCIFleetappsmanagementSetDefaultRunbook</S>
                <S>Invoke-OCIFleetappsmanagementSummarizeComplianceRecordCounts</S>
                <S>Invoke-OCIFleetappsmanagementSummarizeManagedEntityCounts</S>
                <S>Invoke-OCIFleetappsmanagementSummarizeSchedulerJobCounts</S>
                <S>Move-OCIFleetappsmanagementCatalogItemCompartment</S>
                <S>Move-OCIFleetappsmanagementFleetCompartment</S>
                <S>Move-OCIFleetappsmanagementPatchCompartment</S>
                <S>Move-OCIFleetappsmanagementPlatformConfigurationCompartment</S>
                <S>Move-OCIFleetappsmanagementPropertyCompartment</S>
                <S>Move-OCIFleetappsmanagementProvisionCompartment</S>
                <S>Move-OCIFleetappsmanagementRunbookCompartment</S>
                <S>Move-OCIFleetappsmanagementTaskRecordCompartment</S>
                <S>New-OCIFleetappsmanagementCatalogItem</S>
                <S>New-OCIFleetappsmanagementCompliancePolicyRule</S>
                <S>New-OCIFleetappsmanagementComplianceReport</S>
                <S>New-OCIFleetappsmanagementFleet</S>
                <S>New-OCIFleetappsmanagementFleetCredential</S>
                <S>New-OCIFleetappsmanagementFleetProperty</S>
                <S>New-OCIFleetappsmanagementFleetResource</S>
                <S>New-OCIFleetappsmanagementMaintenanceWindow</S>
                <S>New-OCIFleetappsmanagementOnboarding</S>
                <S>New-OCIFleetappsmanagementPatch</S>
                <S>New-OCIFleetappsmanagementPlatformConfiguration</S>
                <S>New-OCIFleetappsmanagementProperty</S>
                <S>New-OCIFleetappsmanagementProvision</S>
                <S>New-OCIFleetappsmanagementRunbook</S>
                <S>New-OCIFleetappsmanagementRunbookVersion</S>
                <S>New-OCIFleetappsmanagementSchedulerDefinition</S>
                <S>New-OCIFleetappsmanagementTaskRecord</S>
                <S>Remove-OCIFleetappsmanagementCatalogItem</S>
                <S>Remove-OCIFleetappsmanagementCompliancePolicyRule</S>
                <S>Remove-OCIFleetappsmanagementFleet</S>
                <S>Remove-OCIFleetappsmanagementFleetCredential</S>
                <S>Remove-OCIFleetappsmanagementFleetProperty</S>
                <S>Remove-OCIFleetappsmanagementFleetResource</S>
                <S>Remove-OCIFleetappsmanagementMaintenanceWindow</S>
                <S>Remove-OCIFleetappsmanagementOnboarding</S>
                <S>Remove-OCIFleetappsmanagementPatch</S>
                <S>Remove-OCIFleetappsmanagementPlatformConfiguration</S>
                <S>Remove-OCIFleetappsmanagementProperty</S>
                <S>Remove-OCIFleetappsmanagementProvision</S>
                <S>Remove-OCIFleetappsmanagementRunbook</S>
                <S>Remove-OCIFleetappsmanagementRunbookVersion</S>
                <S>Remove-OCIFleetappsmanagementSchedulerDefinition</S>
                <S>Remove-OCIFleetappsmanagementSchedulerJob</S>
                <S>Remove-OCIFleetappsmanagementTaskRecord</S>
                <S>Update-OCIFleetappsmanagementCatalogItem</S>
                <S>Update-OCIFleetappsmanagementCompliancePolicyRule</S>
                <S>Update-OCIFleetappsmanagementFleet</S>
                <S>Update-OCIFleetappsmanagementFleetCredential</S>
                <S>Update-OCIFleetappsmanagementFleetProperty</S>
                <S>Update-OCIFleetappsmanagementFleetResource</S>
                <S>Update-OCIFleetappsmanagementMaintenanceWindow</S>
                <S>Update-OCIFleetappsmanagementOnboarding</S>
                <S>Update-OCIFleetappsmanagementPatch</S>
                <S>Update-OCIFleetappsmanagementPlatformConfiguration</S>
                <S>Update-OCIFleetappsmanagementProperty</S>
                <S>Update-OCIFleetappsmanagementProvision</S>
                <S>Update-OCIFleetappsmanagementRunbook</S>
                <S>Update-OCIFleetappsmanagementRunbookVersion</S>
                <S>Update-OCIFleetappsmanagementSchedulerDefinition</S>
                <S>Update-OCIFleetappsmanagementSchedulerJob</S>
                <S>Update-OCIFleetappsmanagementTaskRecord</S>
              </LST>
            </Obj>
          </En>
          <En>
            <S N="Key">DscResource</S>
            <Ref N="Value" RefId="5" />
          </En>
          <En>
            <S N="Key">Command</S>
            <Obj N="Value" RefId="7">
              <TNRef RefId="2" />
              <LST>
                <S>Enable-OCIFleetappsmanagementLatestPolicy</S>
                <S>Export-OCIFleetappsmanagementComplianceReport</S>
                <S>Export-OCIFleetappsmanagementRunbook</S>
                <S>Export-OCIFleetappsmanagementRunbookVersion</S>
                <S>Get-OCIFleetappsmanagementAnnouncementsList</S>
                <S>Get-OCIFleetappsmanagementCatalogItem</S>
                <S>Get-OCIFleetappsmanagementCatalogItemsList</S>
                <S>Get-OCIFleetappsmanagementCatalogItemVariablesDefinition</S>
                <S>Get-OCIFleetappsmanagementCompliance</S>
                <S>Get-OCIFleetappsmanagementCompliancePoliciesList</S>
                <S>Get-OCIFleetappsmanagementCompliancePolicy</S>
                <S>Get-OCIFleetappsmanagementCompliancePolicyRule</S>
                <S>Get-OCIFleetappsmanagementCompliancePolicyRulesList</S>
                <S>Get-OCIFleetappsmanagementComplianceRecordsList</S>
                <S>Get-OCIFleetappsmanagementComplianceReport</S>
                <S>Get-OCIFleetappsmanagementExecution</S>
                <S>Get-OCIFleetappsmanagementExecutionsList</S>
                <S>Get-OCIFleetappsmanagementFleet</S>
                <S>Get-OCIFleetappsmanagementFleetCredential</S>
                <S>Get-OCIFleetappsmanagementFleetCredentialsList</S>
                <S>Get-OCIFleetappsmanagementFleetProductsList</S>
                <S>Get-OCIFleetappsmanagementFleetPropertiesList</S>
                <S>Get-OCIFleetappsmanagementFleetProperty</S>
                <S>Get-OCIFleetappsmanagementFleetResource</S>
                <S>Get-OCIFleetappsmanagementFleetResourcesList</S>
                <S>Get-OCIFleetappsmanagementFleetsList</S>
                <S>Get-OCIFleetappsmanagementFleetTargetsList</S>
                <S>Get-OCIFleetappsmanagementInstalledPatchesList</S>
                <S>Get-OCIFleetappsmanagementInventoryRecordsList</S>
                <S>Get-OCIFleetappsmanagementInventoryResourcesList</S>
                <S>Get-OCIFleetappsmanagementJobActivity</S>
                <S>Get-OCIFleetappsmanagementMaintenanceWindow</S>
                <S>Get-OCIFleetappsmanagementMaintenanceWindowsList</S>
                <S>Get-OCIFleetappsmanagementOnboarding</S>
                <S>Get-OCIFleetappsmanagementOnboardingPoliciesList</S>
                <S>Get-OCIFleetappsmanagementOnboardingsList</S>
                <S>Get-OCIFleetappsmanagementPatch</S>
                <S>Get-OCIFleetappsmanagementPatchesList</S>
                <S>Get-OCIFleetappsmanagementPlatformConfiguration</S>
                <S>Get-OCIFleetappsmanagementPlatformConfigurationsList</S>
                <S>Get-OCIFleetappsmanagementPropertiesList</S>
                <S>Get-OCIFleetappsmanagementProperty</S>
                <S>Get-OCIFleetappsmanagementProvision</S>
                <S>Get-OCIFleetappsmanagementProvisionsList</S>
                <S>Get-OCIFleetappsmanagementRecommendedPatchesList</S>
                <S>Get-OCIFleetappsmanagementReportMetadataList</S>
                <S>Get-OCIFleetappsmanagementResourcesList</S>
                <S>Get-OCIFleetappsmanagementRunbook</S>
                <S>Get-OCIFleetappsmanagementRunbookExport</S>
                <S>Get-OCIFleetappsmanagementRunbookExportStatusesList</S>
                <S>Get-OCIFleetappsmanagementRunbookImport</S>
                <S>Get-OCIFleetappsmanagementRunbookImportStatusesList</S>
                <S>Get-OCIFleetappsmanagementRunbooksList</S>
                <S>Get-OCIFleetappsmanagementRunbookVersion</S>
                <S>Get-OCIFleetappsmanagementRunbookVersionsList</S>
                <S>Get-OCIFleetappsmanagementScheduledFleetsList</S>
                <S>Get-OCIFleetappsmanagementSchedulerDefinition</S>
                <S>Get-OCIFleetappsmanagementSchedulerDefinitionsList</S>
                <S>Get-OCIFleetappsmanagementSchedulerExecutionsList</S>
                <S>Get-OCIFleetappsmanagementSchedulerJob</S>
                <S>Get-OCIFleetappsmanagementSchedulerJobsList</S>
                <S>Get-OCIFleetappsmanagementStepsList</S>
                <S>Get-OCIFleetappsmanagementTargetComponentsList</S>
                <S>Get-OCIFleetappsmanagementTargetPropertiesList</S>
                <S>Get-OCIFleetappsmanagementTargetsList</S>
                <S>Get-OCIFleetappsmanagementTaskRecord</S>
                <S>Get-OCIFleetappsmanagementTaskRecordsList</S>
                <S>Get-OCIFleetappsmanagementWorkRequest</S>
                <S>Get-OCIFleetappsmanagementWorkRequestErrorsList</S>
                <S>Get-OCIFleetappsmanagementWorkRequestLogsList</S>
                <S>Get-OCIFleetappsmanagementWorkRequestsList</S>
                <S>Import-OCIFleetappsmanagementRunbook</S>
                <S>Import-OCIFleetappsmanagementRunbookPrecheck</S>
                <S>Import-OCIFleetappsmanagementRunbookVersion</S>
                <S>Invoke-OCIFleetappsmanagementCheckResourceTagging</S>
                <S>Invoke-OCIFleetappsmanagementCloneCatalogItem</S>
                <S>Invoke-OCIFleetappsmanagementConfigureCatalogItem</S>
                <S>Invoke-OCIFleetappsmanagementConfirmTargets</S>
                <S>Invoke-OCIFleetappsmanagementFindRunbookExportDependency</S>
                <S>Invoke-OCIFleetappsmanagementFindRunbookImportDependency</S>
                <S>Invoke-OCIFleetappsmanagementManageJobExecution</S>
                <S>Invoke-OCIFleetappsmanagementManageSettings</S>
                <S>Invoke-OCIFleetappsmanagementPublishRunbook</S>
                <S>Invoke-OCIFleetappsmanagementReport</S>
                <S>Invoke-OCIFleetappsmanagementRequestResourceValidation</S>
                <S>Invoke-OCIFleetappsmanagementRequestTargetDiscovery</S>
                <S>Invoke-OCIFleetappsmanagementSetDefaultRunbook</S>
                <S>Invoke-OCIFleetappsmanagementSummarizeComplianceRecordCounts</S>
                <S>Invoke-OCIFleetappsmanagementSummarizeManagedEntityCounts</S>
                <S>Invoke-OCIFleetappsmanagementSummarizeSchedulerJobCounts</S>
                <S>Move-OCIFleetappsmanagementCatalogItemCompartment</S>
                <S>Move-OCIFleetappsmanagementFleetCompartment</S>
                <S>Move-OCIFleetappsmanagementPatchCompartment</S>
                <S>Move-OCIFleetappsmanagementPlatformConfigurationCompartment</S>
                <S>Move-OCIFleetappsmanagementPropertyCompartment</S>
                <S>Move-OCIFleetappsmanagementProvisionCompartment</S>
                <S>Move-OCIFleetappsmanagementRunbookCompartment</S>
                <S>Move-OCIFleetappsmanagementTaskRecordCompartment</S>
                <S>New-OCIFleetappsmanagementCatalogItem</S>
                <S>New-OCIFleetappsmanagementCompliancePolicyRule</S>
                <S>New-OCIFleetappsmanagementComplianceReport</S>
                <S>New-OCIFleetappsmanagementFleet</S>
                <S>New-OCIFleetappsmanagementFleetCredential</S>
                <S>New-OCIFleetappsmanagementFleetProperty</S>
                <S>New-OCIFleetappsmanagementFleetResource</S>
                <S>New-OCIFleetappsmanagementMaintenanceWindow</S>
                <S>New-OCIFleetappsmanagementOnboarding</S>
                <S>New-OCIFleetappsmanagementPatch</S>
                <S>New-OCIFleetappsmanagementPlatformConfiguration</S>
                <S>New-OCIFleetappsmanagementProperty</S>
                <S>New-OCIFleetappsmanagementProvision</S>
                <S>New-OCIFleetappsmanagementRunbook</S>
                <S>New-OCIFleetappsmanagementRunbookVersion</S>
                <S>New-OCIFleetappsmanagementSchedulerDefinition</S>
                <S>New-OCIFleetappsmanagementTaskRecord</S>
                <S>Remove-OCIFleetappsmanagementCatalogItem</S>
                <S>Remove-OCIFleetappsmanagementCompliancePolicyRule</S>
                <S>Remove-OCIFleetappsmanagementFleet</S>
                <S>Remove-OCIFleetappsmanagementFleetCredential</S>
                <S>Remove-OCIFleetappsmanagementFleetProperty</S>
                <S>Remove-OCIFleetappsmanagementFleetResource</S>
                <S>Remove-OCIFleetappsmanagementMaintenanceWindow</S>
                <S>Remove-OCIFleetappsmanagementOnboarding</S>
                <S>Remove-OCIFleetappsmanagementPatch</S>
                <S>Remove-OCIFleetappsmanagementPlatformConfiguration</S>
                <S>Remove-OCIFleetappsmanagementProperty</S>
                <S>Remove-OCIFleetappsmanagementProvision</S>
                <S>Remove-OCIFleetappsmanagementRunbook</S>
                <S>Remove-OCIFleetappsmanagementRunbookVersion</S>
                <S>Remove-OCIFleetappsmanagementSchedulerDefinition</S>
                <S>Remove-OCIFleetappsmanagementSchedulerJob</S>
                <S>Remove-OCIFleetappsmanagementTaskRecord</S>
                <S>Update-OCIFleetappsmanagementCatalogItem</S>
                <S>Update-OCIFleetappsmanagementCompliancePolicyRule</S>
                <S>Update-OCIFleetappsmanagementFleet</S>
                <S>Update-OCIFleetappsmanagementFleetCredential</S>
                <S>Update-OCIFleetappsmanagementFleetProperty</S>
                <S>Update-OCIFleetappsmanagementFleetResource</S>
                <S>Update-OCIFleetappsmanagementMaintenanceWindow</S>
                <S>Update-OCIFleetappsmanagementOnboarding</S>
                <S>Update-OCIFleetappsmanagementPatch</S>
                <S>Update-OCIFleetappsmanagementPlatformConfiguration</S>
                <S>Update-OCIFleetappsmanagementProperty</S>
                <S>Update-OCIFleetappsmanagementProvision</S>
                <S>Update-OCIFleetappsmanagementRunbook</S>
                <S>Update-OCIFleetappsmanagementRunbookVersion</S>
                <S>Update-OCIFleetappsmanagementSchedulerDefinition</S>
                <S>Update-OCIFleetappsmanagementSchedulerJob</S>
                <S>Update-OCIFleetappsmanagementTaskRecord</S>
              </LST>
            </Obj>
          </En>
          <En>
            <S N="Key">Workflow</S>
            <Ref N="Value" RefId="5" />
          </En>
        </DCT>
      </Obj>
      <Nil N="PowerShellGetFormatVersion" />
      <S N="ReleaseNotes">https://github.com/oracle/oci-powershell-modules/blob/master/CHANGELOG.md</S>
      <Obj N="Dependencies" RefId="8">
        <TNRef RefId="2" />
        <LST>
          <Obj RefId="9">
            <TN RefId="4">
              <T>System.Collections.Specialized.OrderedDictionary</T>
              <T>System.Object</T>
            </TN>
            <DCT>
              <En>
                <S N="Key">Name</S>
                <S N="Value">OCI.PSModules.Common</S>
              </En>
              <En>
                <S N="Key">RequiredVersion</S>
                <S N="Value">120.0.0</S>
              </En>
              <En>
                <S N="Key">CanonicalId</S>
                <S N="Value">nuget:OCI.PSModules.Common/[120.0.0]</S>
              </En>
            </DCT>
          </Obj>
        </LST>
      </Obj>
      <S N="RepositorySourceLocation">https://www.powershellgallery.com/api/v2</S>
      <S N="Repository">PSGallery</S>
      <S N="PackageManagementProvider">NuGet</S>
      <Obj N="AdditionalMetadata" RefId="10">
        <TN RefId="5">
          <T>System.Management.Automation.PSCustomObject</T>
          <T>System.Object</T>
        </TN>
        <MS>
          <S N="copyright">(c) Oracle Cloud Infrastructure. All rights reserved.</S>
          <S N="description">This modules provides Cmdlets for OCI Fleetappsmanagement Service</S>
          <S N="requireLicenseAcceptance">False</S>
          <S N="releaseNotes">https://github.com/oracle/oci-powershell-modules/blob/master/CHANGELOG.md</S>
          <S N="isLatestVersion">True</S>
          <S N="isAbsoluteLatestVersion">True</S>
          <S N="versionDownloadCount">47</S>
          <S N="downloadCount">3326</S>
          <S N="packageSize">517562</S>
          <S N="published">11/18/2025 6:42:41 PM +02:00</S>
          <S N="created">11/18/2025 6:42:41 PM +02:00</S>
          <S N="lastUpdated">11/26/2025 9:30:00 PM +02:00</S>
          <S N="tags">PSEdition_Core Windows Linux macOS Oracle OCI Cloud OracleCloudInfrastructure Fleetappsmanagement PSModule PSCmdlet_Enable-OCIFleetappsmanagementLatestPolicy PSCommand_Enable-OCIFleetappsmanagementLatestPolicy PSCmdlet_Export-OCIFleetappsmanagementComplianceReport PSCommand_Export-OCIFleetappsmanagementComplianceReport PSCmdlet_Export-OCIFleetappsmanagementRunbook PSCommand_Export-OCIFleetappsmanagementRunbook PSCmdlet_Export-OCIFleetappsmanagementRunbookVersion PSCommand_Export-OCIFleetappsmanagementRunbookVersion PSCmdlet_Get-OCIFleetappsmanagementAnnouncementsList PSCommand_Get-OCIFleetappsmanagementAnnouncementsList PSCmdlet_Get-OCIFleetappsmanagementCatalogItem PSCommand_Get-OCIFleetappsmanagementCatalogItem PSCmdlet_Get-OCIFleetappsmanagementCatalogItemsList PSCommand_Get-OCIFleetappsmanagementCatalogItemsList PSCmdlet_Get-OCIFleetappsmanagementCatalogItemVariablesDefinition PSCommand_Get-OCIFleetappsmanagementCatalogItemVariablesDefinition PSCmdlet_Get-OCIFleetappsmanagementCompliance PSCommand_Get-OCIFleetappsmanagementCompliance PSCmdlet_Get-OCIFleetappsmanagementCompliancePoliciesList PSCommand_Get-OCIFleetappsmanagementCompliancePoliciesList PSCmdlet_Get-OCIFleetappsmanagementCompliancePolicy PSCommand_Get-OCIFleetappsmanagementCompliancePolicy PSCmdlet_Get-OCIFleetappsmanagementCompliancePolicyRule PSCommand_Get-OCIFleetappsmanagementCompliancePolicyRule PSCmdlet_Get-OCIFleetappsmanagementCompliancePolicyRulesList PSCommand_Get-OCIFleetappsmanagementCompliancePolicyRulesList PSCmdlet_Get-OCIFleetappsmanagementComplianceRecordsList PSCommand_Get-OCIFleetappsmanagementComplianceRecordsList PSCmdlet_Get-OCIFleetappsmanagementComplianceReport PSCommand_Get-OCIFleetappsmanagementComplianceReport PSCmdlet_Get-OCIFleetappsmanagementExecution PSCommand_Get-OCIFleetappsmanagementExecution PSCmdlet_Get-OCIFleetappsmanagementExecutionsList PSCommand_Get-OCIFleetappsmanagementExecutionsList PSCmdlet_Get-OCIFleetappsmanagementFleet PSCommand_Get-OCIFleetappsmanagementFleet PSCmdlet_Get-OCIFleetappsmanagementFleetCredential PSCommand_Get-OCIFleetappsmanagementFleetCredential PSCmdlet_Get-OCIFleetappsmanagementFleetCredentialsList PSCommand_Get-OCIFleetappsmanagementFleetCredentialsList PSCmdlet_Get-OCIFleetappsmanagementFleetProductsList PSCommand_Get-OCIFleetappsmanagementFleetProductsList PSCmdlet_Get-OCIFleetappsmanagementFleetPropertiesList PSCommand_Get-OCIFleetappsmanagementFleetPropertiesList PSCmdlet_Get-OCIFleetappsmanagementFleetProperty PSCommand_Get-OCIFleetappsmanagementFleetProperty PSCmdlet_Get-OCIFleetappsmanagementFleetResource PSCommand_Get-OCIFleetappsmanagementFleetResource PSCmdlet_Get-OCIFleetappsmanagementFleetResourcesList PSCommand_Get-OCIFleetappsmanagementFleetResourcesList PSCmdlet_Get-OCIFleetappsmanagementFleetsList PSCommand_Get-OCIFleetappsmanagementFleetsList PSCmdlet_Get-OCIFleetappsmanagementFleetTargetsList PSCommand_Get-OCIFleetappsmanagementFleetTargetsList PSCmdlet_Get-OCIFleetappsmanagementInstalledPatchesList PSCommand_Get-OCIFleetappsmanagementInstalledPatchesList PSCmdlet_Get-OCIFleetappsmanagementInventoryRecordsList PSCommand_Get-OCIFleetappsmanagementInventoryRecordsList PSCmdlet_Get-OCIFleetappsmanagementInventoryResourcesList PSCommand_Get-OCIFleetappsmanagementInventoryResourcesList PSCmdlet_Get-OCIFleetappsmanagementJobActivity PSCommand_Get-OCIFleetappsmanagementJobActivity PSCmdlet_Get-OCIFleetappsmanagementMaintenanceWindow PSCommand_Get-OCIFleetappsmanagementMaintenanceWindow PSCmdlet_Get-OCIFleetappsmanagementMaintenanceWindowsList PSCommand_Get-OCIFleetappsmanagementMaintenanceWindowsList PSCmdlet_Get-OCIFleetappsmanagementOnboarding PSCommand_Get-OCIFleetappsmanagementOnboarding PSCmdlet_Get-OCIFleetappsmanagementOnboardingPoliciesList PSCommand_Get-OCIFleetappsmanagementOnboardingPoliciesList PSCmdlet_Get-OCIFleetappsmanagementOnboardingsList PSCommand_Get-OCIFleetappsmanagementOnboardingsList PSCmdlet_Get-OCIFleetappsmanagementPatch PSCommand_Get-OCIFleetappsmanagementPatch PSCmdlet_Get-OCIFleetappsmanagementPatchesList PSCommand_Get-OCIFleetappsmanagementPatchesList PSCmdlet_Get-OCIFleetappsmanagementPlatformConfiguration PSCommand_Get-OCIFleetappsmanagementPlatformConfiguration PSCmdlet_Get-OCIFleetappsmanagementPlatformConfigurationsList PSCommand_Get-OCIFleetappsmanagementPlatformConfigurationsList PSCmdlet_Get-OCIFleetappsmanagementPropertiesList PSCommand_Get-OCIFleetappsmanagementPropertiesList PSCmdlet_Get-OCIFleetappsmanagementProperty PSCommand_Get-OCIFleetappsmanagementProperty PSCmdlet_Get-OCIFleetappsmanagementProvision PSCommand_Get-OCIFleetappsmanagementProvision PSCmdlet_Get-OCIFleetappsmanagementProvisionsList PSCommand_Get-OCIFleetappsmanagementProvisionsList PSCmdlet_Get-OCIFleetappsmanagementRecommendedPatchesList PSCommand_Get-OCIFleetappsmanagementRecommendedPatchesList PSCmdlet_Get-OCIFleetappsmanagementReportMetadataList PSCommand_Get-OCIFleetappsmanagementReportMetadataList PSCmdlet_Get-OCIFleetappsmanagementResourcesList PSCommand_Get-OCIFleetappsmanagementResourcesList PSCmdlet_Get-OCIFleetappsmanagementRunbook PSCommand_Get-OCIFleetappsmanagementRunbook PSCmdlet_Get-OCIFleetappsmanagementRunbookExport PSCommand_Get-OCIFleetappsmanagementRunbookExport PSCmdlet_Get-OCIFleetappsmanagementRunbookExportStatusesList PSCommand_Get-OCIFleetappsmanagementRunbookExportStatusesList PSCmdlet_Get-OCIFleetappsmanagementRunbookImport PSCommand_Get-OCIFleetappsmanagementRunbookImport PSCmdlet_Get-OCIFleetappsmanagementRunbookImportStatusesList PSCommand_Get-OCIFleetappsmanagementRunbookImportStatusesList PSCmdlet_Get-OCIFleetappsmanagementRunbooksList PSCommand_Get-OCIFleetappsmanagementRunbooksList PSCmdlet_Get-OCIFleetappsmanagementRunbookVersion PSCommand_Get-OCIFleetappsmanagementRunbookVersion PSCmdlet_Get-OCIFleetappsmanagementRunbookVersionsList PSCommand_Get-OCIFleetappsmanagementRunbookVersionsList PSCmdlet_Get-OCIFleetappsmanagementScheduledFleetsList PSCommand_Get-OCIFleetappsmanagementScheduledFleetsList PSCmdlet_Get-OCIFleetappsmanagementSchedulerDefinition PSCommand_Get-OCIFleetappsmanagementSchedulerDefinition PSCmdlet_Get-OCIFleetappsmanagementSchedulerDefinitionsList PSCommand_Get-OCIFleetappsmanagementSchedulerDefinitionsList PSCmdlet_Get-OCIFleetappsmanagementSchedulerExecutionsList PSCommand_Get-OCIFleetappsmanagementSchedulerExecutionsList PSCmdlet_Get-OCIFleetappsmanagementSchedulerJob PSCommand_Get-OCIFleetappsmanagementSchedulerJob PSCmdlet_Get-OCIFleetappsmanagementSchedulerJobsList PSCommand_Get-OCIFleetappsmanagementSchedulerJobsList PSCmdlet_Get-OCIFleetappsmanagementStepsList PSCommand_Get-OCIFleetappsmanagementStepsList PSCmdlet_Get-OCIFleetappsmanagementTargetComponentsList PSCommand_Get-OCIFleetappsmanagementTargetComponentsList PSCmdlet_Get-OCIFleetappsmanagementTargetPropertiesList PSCommand_Get-OCIFleetappsmanagementTargetPropertiesList PSCmdlet_Get-OCIFleetappsmanagementTargetsList PSCommand_Get-OCIFleetappsmanagementTargetsList PSCmdlet_Get-OCIFleetappsmanagementTaskRecord PSCommand_Get-OCIFleetappsmanagementTaskRecord PSCmdlet_Get-OCIFleetappsmanagementTaskRecordsList PSCommand_Get-OCIFleetappsmanagementTaskRecordsList PSCmdlet_Get-OCIFleetappsmanagementWorkRequest PSCommand_Get-OCIFleetappsmanagementWorkRequest PSCmdlet_Get-OCIFleetappsmanagementWorkRequestErrorsList PSCommand_Get-OCIFleetappsmanagementWorkRequestErrorsList PSCmdlet_Get-OCIFleetappsmanagementWorkRequestLogsList PSCommand_Get-OCIFleetappsmanagementWorkRequestLogsList PSCmdlet_Get-OCIFleetappsmanagementWorkRequestsList PSCommand_Get-OCIFleetappsmanagementWorkRequestsList PSCmdlet_Import-OCIFleetappsmanagementRunbook PSCommand_Import-OCIFleetappsmanagementRunbook PSCmdlet_Import-OCIFleetappsmanagementRunbookPrecheck PSCommand_Import-OCIFleetappsmanagementRunbookPrecheck PSCmdlet_Import-OCIFleetappsmanagementRunbookVersion PSCommand_Import-OCIFleetappsmanagementRunbookVersion PSCmdlet_Invoke-OCIFleetappsmanagementCheckResourceTagging PSCommand_Invoke-OCIFleetappsmanagementCheckResourceTagging PSCmdlet_Invoke-OCIFleetappsmanagementCloneCatalogItem PSCommand_Invoke-OCIFleetappsmanagementCloneCatalogItem PSCmdlet_Invoke-OCIFleetappsmanagementConfigureCatalogItem PSCommand_Invoke-OCIFleetappsmanagementConfigureCatalogItem PSCmdlet_Invoke-OCIFleetappsmanagementConfirmTargets PSCommand_Invoke-OCIFleetappsmanagementConfirmTargets PSCmdlet_Invoke-OCIFleetappsmanagementFindRunbookExportDependency PSCommand_Invoke-OCIFleetappsmanagementFindRunbookExportDependency PSCmdlet_Invoke-OCIFleetappsmanagementFindRunbookImportDependency PSCommand_Invoke-OCIFleetappsmanagementFindRunbookImportDependency PSCmdlet_Invoke-OCIFleetappsmanagementManageJobExecution PSCommand_Invoke-OCIFleetappsmanagementManageJobExecution PSCmdlet_Invoke-OCIFleetappsmanagementManageSettings PSCommand_Invoke-OCIFleetappsmanagementManageSettings PSCmdlet_Invoke-OCIFleetappsmanagementPublishRunbook PSCommand_Invoke-OCIFleetappsmanagementPublishRunbook PSCmdlet_Invoke-OCIFleetappsmanagementReport PSCommand_Invoke-OCIFleetappsmanagementReport PSCmdlet_Invoke-OCIFleetappsmanagementRequestResourceValidation PSCommand_Invoke-OCIFleetappsmanagementRequestResourceValidation PSCmdlet_Invoke-OCIFleetappsmanagementRequestTargetDiscovery PSCommand_Invoke-OCIFleetappsmanagementRequestTargetDiscovery PSCmdlet_Invoke-OCIFleetappsmanagementSetDefaultRunbook PSCommand_Invoke-OCIFleetappsmanagementSetDefaultRunbook PSCmdlet_Invoke-OCIFleetappsmanagementSummarizeComplianceRecordCounts PSCommand_Invoke-OCIFleetappsmanagementSummarizeComplianceRecordCounts PSCmdlet_Invoke-OCIFleetappsmanagementSummarizeManagedEntityCounts PSCommand_Invoke-OCIFleetappsmanagementSummarizeManagedEntityCounts PSCmdlet_Invoke-OCIFleetappsmanagementSummarizeSchedulerJobCounts PSCommand_Invoke-OCIFleetappsmanagementSummarizeSchedulerJobCounts PSCmdlet_Move-OCIFleetappsmanagementCatalogItemCompartment PSCommand_Move-OCIFleetappsmanagementCatalogItemCompartment PSCmdlet_Move-OCIFleetappsmanagementFleetCompartment PSCommand_Move-OCIFleetappsmanagementFleetCompartment PSCmdlet_Move-OCIFleetappsmanagementPatchCompartment PSCommand_Move-OCIFleetappsmanagementPatchCompartment PSCmdlet_Move-OCIFleetappsmanagementPlatformConfigurationCompartment PSCommand_Move-OCIFleetappsmanagementPlatformConfigurationCompartment PSCmdlet_Move-OCIFleetappsmanagementPropertyCompartment PSCommand_Move-OCIFleetappsmanagementPropertyCompartment PSCmdlet_Move-OCIFleetappsmanagementProvisionCompartment PSCommand_Move-OCIFleetappsmanagementProvisionCompartment PSCmdlet_Move-OCIFleetappsmanagementRunbookCompartment PSCommand_Move-OCIFleetappsmanagementRunbookCompartment PSCmdlet_Move-OCIFleetappsmanagementTaskRecordCompartment PSCommand_Move-OCIFleetappsmanagementTaskRecordCompartment PSCmdlet_New-OCIFleetappsmanagementCatalogItem PSCommand_New-OCIFleetappsmanagementCatalogItem PSCmdlet_New-OCIFleetappsmanagementCompliancePolicyRule PSCommand_New-OCIFleetappsmanagementCompliancePolicyRule PSCmdlet_New-OCIFleetappsmanagementComplianceReport PSCommand_New-OCIFleetappsmanagementComplianceReport PSCmdlet_New-OCIFleetappsmanagementFleet PSCommand_New-OCIFleetappsmanagementFleet PSCmdlet_New-OCIFleetappsmanagementFleetCredential PSCommand_New-OCIFleetappsmanagementFleetCredential PSCmdlet_New-OCIFleetappsmanagementFleetProperty PSCommand_New-OCIFleetappsmanagementFleetProperty PSCmdlet_New-OCIFleetappsmanagementFleetResource PSCommand_New-OCIFleetappsmanagementFleetResource PSCmdlet_New-OCIFleetappsmanagementMaintenanceWindow PSCommand_New-OCIFleetappsmanagementMaintenanceWindow PSCmdlet_New-OCIFleetappsmanagementOnboarding PSCommand_New-OCIFleetappsmanagementOnboarding PSCmdlet_New-OCIFleetappsmanagementPatch PSCommand_New-OCIFleetappsmanagementPatch PSCmdlet_New-OCIFleetappsmanagementPlatformConfiguration PSCommand_New-OCIFleetappsmanagementPlatformConfiguration PSCmdlet_New-OCIFleetappsmanagementProperty PSCommand_New-OCIFleetappsmanagementProperty PSCmdlet_New-OCIFleetappsmanagementProvision PSCommand_New-OCIFleetappsmanagementProvision PSCmdlet_New-OCIFleetappsmanagementRunbook PSCommand_New-OCIFleetappsmanagementRunbook PSCmdlet_New-OCIFleetappsmanagementRunbookVersion PSCommand_New-OCIFleetappsmanagementRunbookVersion PSCmdlet_New-OCIFleetappsmanagementSchedulerDefinition PSCommand_New-OCIFleetappsmanagementSchedulerDefinition PSCmdlet_New-OCIFleetappsmanagementTaskRecord PSCommand_New-OCIFleetappsmanagementTaskRecord PSCmdlet_Remove-OCIFleetappsmanagementCatalogItem PSCommand_Remove-OCIFleetappsmanagementCatalogItem PSCmdlet_Remove-OCIFleetappsmanagementCompliancePolicyRule PSCommand_Remove-OCIFleetappsmanagementCompliancePolicyRule PSCmdlet_Remove-OCIFleetappsmanagementFleet PSCommand_Remove-OCIFleetappsmanagementFleet PSCmdlet_Remove-OCIFleetappsmanagementFleetCredential PSCommand_Remove-OCIFleetappsmanagementFleetCredential PSCmdlet_Remove-OCIFleetappsmanagementFleetProperty PSCommand_Remove-OCIFleetappsmanagementFleetProperty PSCmdlet_Remove-OCIFleetappsmanagementFleetResource PSCommand_Remove-OCIFleetappsmanagementFleetResource PSCmdlet_Remove-OCIFleetappsmanagementMaintenanceWindow PSCommand_Remove-OCIFleetappsmanagementMaintenanceWindow PSCmdlet_Remove-OCIFleetappsmanagementOnboarding PSCommand_Remove-OCIFleetappsmanagementOnboarding PSCmdlet_Remove-OCIFleetappsmanagementPatch PSCommand_Remove-OCIFleetappsmanagementPatch PSCmdlet_Remove-OCIFleetappsmanagementPlatformConfiguration PSCommand_Remove-OCIFleetappsmanagementPlatformConfiguration PSCmdlet_Remove-OCIFleetappsmanagementProperty PSCommand_Remove-OCIFleetappsmanagementProperty PSCmdlet_Remove-OCIFleetappsmanagementProvision PSCommand_Remove-OCIFleetappsmanagementProvision PSCmdlet_Remove-OCIFleetappsmanagementRunbook PSCommand_Remove-OCIFleetappsmanagementRunbook PSCmdlet_Remove-OCIFleetappsmanagementRunbookVersion PSCommand_Remove-OCIFleetappsmanagementRunbookVersion PSCmdlet_Remove-OCIFleetappsmanagementSchedulerDefinition PSCommand_Remove-OCIFleetappsmanagementSchedulerDefinition PSCmdlet_Remove-OCIFleetappsmanagementSchedulerJob PSCommand_Remove-OCIFleetappsmanagementSchedulerJob PSCmdlet_Remove-OCIFleetappsmanagementTaskRecord PSCommand_Remove-OCIFleetappsmanagementTaskRecord PSCmdlet_Update-OCIFleetappsmanagementCatalogItem PSCommand_Update-OCIFleetappsmanagementCatalogItem PSCmdlet_Update-OCIFleetappsmanagementCompliancePolicyRule PSCommand_Update-OCIFleetappsmanagementCompliancePolicyRule PSCmdlet_Update-OCIFleetappsmanagementFleet PSCommand_Update-OCIFleetappsmanagementFleet PSCmdlet_Update-OCIFleetappsmanagementFleetCredential PSCommand_Update-OCIFleetappsmanagementFleetCredential PSCmdlet_Update-OCIFleetappsmanagementFleetProperty PSCommand_Update-OCIFleetappsmanagementFleetProperty PSCmdlet_Update-OCIFleetappsmanagementFleetResource PSCommand_Update-OCIFleetappsmanagementFleetResource PSCmdlet_Update-OCIFleetappsmanagementMaintenanceWindow PSCommand_Update-OCIFleetappsmanagementMaintenanceWindow PSCmdlet_Update-OCIFleetappsmanagementOnboarding PSCommand_Update-OCIFleetappsmanagementOnboarding PSCmdlet_Update-OCIFleetappsmanagementPatch PSCommand_Update-OCIFleetappsmanagementPatch PSCmdlet_Update-OCIFleetappsmanagementPlatformConfiguration PSCommand_Update-OCIFleetappsmanagementPlatformConfiguration PSCmdlet_Update-OCIFleetappsmanagementProperty PSCommand_Update-OCIFleetappsmanagementProperty PSCmdlet_Update-OCIFleetappsmanagementProvision PSCommand_Update-OCIFleetappsmanagementProvision PSCmdlet_Update-OCIFleetappsmanagementRunbook PSCommand_Update-OCIFleetappsmanagementRunbook PSCmdlet_Update-OCIFleetappsmanagementRunbookVersion PSCommand_Update-OCIFleetappsmanagementRunbookVersion PSCmdlet_Update-OCIFleetappsmanagementSchedulerDefinition PSCommand_Update-OCIFleetappsmanagementSchedulerDefinition PSCmdlet_Update-OCIFleetappsmanagementSchedulerJob PSCommand_Update-OCIFleetappsmanagementSchedulerJob PSCmdlet_Update-OCIFleetappsmanagementTaskRecord PSCommand_Update-OCIFleetappsmanagementTaskRecord PSIncludes_Cmdlet</S>
          <S N="developmentDependency">False</S>
          <S N="updated">2025-11-26T21:30:00Z</S>
          <S N="NormalizedVersion">120.0.0</S>
          <S N="Authors">Oracle Cloud Infrastructure</S>
          <S N="IsPrerelease">false</S>
          <S N="ItemType">Module</S>
          <S N="FileList">OCI.PSModules.Fleetappsmanagement.nuspec|OCI.PSModules.Fleetappsmanagement.psd1|LICENSE.txt|THIRD_PARTY_LICENSES.txt|OCI.PSModules.Fleetappsmanagement.dll-Help.xml|assemblies\OCI.PSModules.Fleetappsmanagement.dll|assemblies\OCI.DotNetSDK.Fleetappsmanagement.dll</S>
          <S N="GUID">09d9d992-0cf2-428e-b7ef-d30455942e2c</S>
          <S N="PowerShellVersion">6.0</S>
          <S N="CompanyName">Oracle Corporation</S>
        </MS>
      </Obj>
      <S N="InstalledLocation">C:\Program Files\PowerShell\Modules\OCI.PSModules.Fleetappsmanagement\120.0.0</S>
    </MS>
  </Obj>
</Objs>
