<Objs Version="1.1.0.1" xmlns="http://schemas.microsoft.com/powershell/2004/04">
  <Obj RefId="0">
    <TN RefId="0">
      <T>Microsoft.PowerShell.Commands.PSRepositoryItemInfo</T>
      <T>System.Management.Automation.PSCustomObject</T>
      <T>System.Object</T>
    </TN>
    <MS>
      <S N="Name">OCI.PSModules.Aidocument</S>
      <S N="Version">95.1.0</S>
      <S N="Type">Module</S>
      <S N="Description">This modules provides Cmdlets for OCI Aidocument Service</S>
      <S N="Author">Oracle Cloud Infrastructure</S>
      <S N="CompanyName">oci-psmodules-grp</S>
      <S N="Copyright">(c) Oracle Cloud Infrastructure. All rights reserved.</S>
      <DT N="PublishedDate">2024-11-12T18:41:27+02:00</DT>
      <Nil N="InstalledDate" />
      <Nil N="UpdatedDate" />
      <URI N="LicenseUri">https://github.com/oracle/oci-powershell-modules/blob/master/LICENSE.txt</URI>
      <URI N="ProjectUri">https://github.com/oracle/oci-powershell-modules/</URI>
      <URI N="IconUri">https://github.com/oracle/oci-powershell-modules/blob/master/icon.png</URI>
      <Obj N="Tags" RefId="1">
        <TN RefId="1">
          <T>System.Object[]</T>
          <T>System.Array</T>
          <T>System.Object</T>
        </TN>
        <LST>
          <S>PSEdition_Core</S>
          <S>Windows</S>
          <S>Linux</S>
          <S>macOS</S>
          <S>Oracle</S>
          <S>OCI</S>
          <S>Cloud</S>
          <S>OracleCloudInfrastructure</S>
          <S>Aidocument</S>
          <S>PSModule</S>
        </LST>
      </Obj>
      <Obj N="Includes" RefId="2">
        <TN RefId="2">
          <T>System.Collections.Hashtable</T>
          <T>System.Object</T>
        </TN>
        <DCT>
          <En>
            <S N="Key">Cmdlet</S>
            <Obj N="Value" RefId="3">
              <TNRef RefId="1" />
              <LST>
                <S>Add-OCIAidocumentModelLock</S>
                <S>Add-OCIAidocumentProjectLock</S>
                <S>Get-OCIAidocumentModel</S>
                <S>Get-OCIAidocumentModelsList</S>
                <S>Get-OCIAidocumentProcessorJob</S>
                <S>Get-OCIAidocumentProject</S>
                <S>Get-OCIAidocumentProjectsList</S>
                <S>Get-OCIAidocumentWorkRequest</S>
                <S>Get-OCIAidocumentWorkRequestErrorsList</S>
                <S>Get-OCIAidocumentWorkRequestLogsList</S>
                <S>Get-OCIAidocumentWorkRequestsList</S>
                <S>Invoke-OCIAidocumentAnalyzeDocument</S>
                <S>Invoke-OCIAidocumentPatchModel</S>
                <S>Move-OCIAidocumentModelCompartment</S>
                <S>Move-OCIAidocumentProjectCompartment</S>
                <S>New-OCIAidocumentModel</S>
                <S>New-OCIAidocumentProcessorJob</S>
                <S>New-OCIAidocumentProject</S>
                <S>Remove-OCIAidocumentModel</S>
                <S>Remove-OCIAidocumentModelLock</S>
                <S>Remove-OCIAidocumentProject</S>
                <S>Remove-OCIAidocumentProjectLock</S>
                <S>Stop-OCIAidocumentProcessorJob</S>
                <S>Stop-OCIAidocumentWorkRequest</S>
                <S>Update-OCIAidocumentModel</S>
                <S>Update-OCIAidocumentProject</S>
              </LST>
            </Obj>
          </En>
          <En>
            <S N="Key">Command</S>
            <Obj N="Value" RefId="4">
              <TNRef RefId="1" />
              <LST>
                <S>Add-OCIAidocumentModelLock</S>
                <S>Add-OCIAidocumentProjectLock</S>
                <S>Get-OCIAidocumentModel</S>
                <S>Get-OCIAidocumentModelsList</S>
                <S>Get-OCIAidocumentProcessorJob</S>
                <S>Get-OCIAidocumentProject</S>
                <S>Get-OCIAidocumentProjectsList</S>
                <S>Get-OCIAidocumentWorkRequest</S>
                <S>Get-OCIAidocumentWorkRequestErrorsList</S>
                <S>Get-OCIAidocumentWorkRequestLogsList</S>
                <S>Get-OCIAidocumentWorkRequestsList</S>
                <S>Invoke-OCIAidocumentAnalyzeDocument</S>
                <S>Invoke-OCIAidocumentPatchModel</S>
                <S>Move-OCIAidocumentModelCompartment</S>
                <S>Move-OCIAidocumentProjectCompartment</S>
                <S>New-OCIAidocumentModel</S>
                <S>New-OCIAidocumentProcessorJob</S>
                <S>New-OCIAidocumentProject</S>
                <S>Remove-OCIAidocumentModel</S>
                <S>Remove-OCIAidocumentModelLock</S>
                <S>Remove-OCIAidocumentProject</S>
                <S>Remove-OCIAidocumentProjectLock</S>
                <S>Stop-OCIAidocumentProcessorJob</S>
                <S>Stop-OCIAidocumentWorkRequest</S>
                <S>Update-OCIAidocumentModel</S>
                <S>Update-OCIAidocumentProject</S>
              </LST>
            </Obj>
          </En>
          <En>
            <S N="Key">Workflow</S>
            <Obj N="Value" RefId="5">
              <TNRef RefId="1" />
              <LST />
            </Obj>
          </En>
          <En>
            <S N="Key">Function</S>
            <Ref N="Value" RefId="5" />
          </En>
          <En>
            <S N="Key">RoleCapability</S>
            <Ref N="Value" RefId="5" />
          </En>
          <En>
            <S N="Key">DscResource</S>
            <Ref N="Value" RefId="5" />
          </En>
        </DCT>
      </Obj>
      <Nil N="PowerShellGetFormatVersion" />
      <S N="ReleaseNotes">https://github.com/oracle/oci-powershell-modules/blob/master/CHANGELOG.md</S>
      <Obj N="Dependencies" RefId="6">
        <TNRef RefId="1" />
        <LST>
          <Obj RefId="7">
            <TN RefId="3">
              <T>System.Collections.Specialized.OrderedDictionary</T>
              <T>System.Object</T>
            </TN>
            <DCT>
              <En>
                <S N="Key">Name</S>
                <S N="Value">OCI.PSModules.Common</S>
              </En>
              <En>
                <S N="Key">RequiredVersion</S>
                <S N="Value">95.1.0</S>
              </En>
              <En>
                <S N="Key">CanonicalId</S>
                <S N="Value">nuget:OCI.PSModules.Common/[95.1.0]</S>
              </En>
            </DCT>
          </Obj>
        </LST>
      </Obj>
      <S N="RepositorySourceLocation">https://www.powershellgallery.com/api/v2</S>
      <S N="Repository">PSGallery</S>
      <S N="PackageManagementProvider">NuGet</S>
      <Obj N="AdditionalMetadata" RefId="8">
        <TN RefId="4">
          <T>System.Management.Automation.PSCustomObject</T>
          <T>System.Object</T>
        </TN>
        <MS>
          <S N="copyright">(c) Oracle Cloud Infrastructure. All rights reserved.</S>
          <S N="description">This modules provides Cmdlets for OCI Aidocument Service</S>
          <S N="requireLicenseAcceptance">False</S>
          <S N="releaseNotes">https://github.com/oracle/oci-powershell-modules/blob/master/CHANGELOG.md</S>
          <S N="isLatestVersion">False</S>
          <S N="isAbsoluteLatestVersion">False</S>
          <S N="versionDownloadCount">353</S>
          <S N="downloadCount">9955</S>
          <S N="packageSize">134300</S>
          <S N="published">11/12/2024 6:41:27 PM +02:00</S>
          <S N="created">11/12/2024 6:41:27 PM +02:00</S>
          <S N="lastUpdated">9/5/2025 4:20:00 PM +03:00</S>
          <S N="tags">PSEdition_Core Windows Linux macOS Oracle OCI Cloud OracleCloudInfrastructure Aidocument PSModule PSCmdlet_Add-OCIAidocumentModelLock PSCommand_Add-OCIAidocumentModelLock PSCmdlet_Add-OCIAidocumentProjectLock PSCommand_Add-OCIAidocumentProjectLock PSCmdlet_Get-OCIAidocumentModel PSCommand_Get-OCIAidocumentModel PSCmdlet_Get-OCIAidocumentModelsList PSCommand_Get-OCIAidocumentModelsList PSCmdlet_Get-OCIAidocumentProcessorJob PSCommand_Get-OCIAidocumentProcessorJob PSCmdlet_Get-OCIAidocumentProject PSCommand_Get-OCIAidocumentProject PSCmdlet_Get-OCIAidocumentProjectsList PSCommand_Get-OCIAidocumentProjectsList PSCmdlet_Get-OCIAidocumentWorkRequest PSCommand_Get-OCIAidocumentWorkRequest PSCmdlet_Get-OCIAidocumentWorkRequestErrorsList PSCommand_Get-OCIAidocumentWorkRequestErrorsList PSCmdlet_Get-OCIAidocumentWorkRequestLogsList PSCommand_Get-OCIAidocumentWorkRequestLogsList PSCmdlet_Get-OCIAidocumentWorkRequestsList PSCommand_Get-OCIAidocumentWorkRequestsList PSCmdlet_Invoke-OCIAidocumentAnalyzeDocument PSCommand_Invoke-OCIAidocumentAnalyzeDocument PSCmdlet_Invoke-OCIAidocumentPatchModel PSCommand_Invoke-OCIAidocumentPatchModel PSCmdlet_Move-OCIAidocumentModelCompartment PSCommand_Move-OCIAidocumentModelCompartment PSCmdlet_Move-OCIAidocumentProjectCompartment PSCommand_Move-OCIAidocumentProjectCompartment PSCmdlet_New-OCIAidocumentModel PSCommand_New-OCIAidocumentModel PSCmdlet_New-OCIAidocumentProcessorJob PSCommand_New-OCIAidocumentProcessorJob PSCmdlet_New-OCIAidocumentProject PSCommand_New-OCIAidocumentProject PSCmdlet_Remove-OCIAidocumentModel PSCommand_Remove-OCIAidocumentModel PSCmdlet_Remove-OCIAidocumentModelLock PSCommand_Remove-OCIAidocumentModelLock PSCmdlet_Remove-OCIAidocumentProject PSCommand_Remove-OCIAidocumentProject PSCmdlet_Remove-OCIAidocumentProjectLock PSCommand_Remove-OCIAidocumentProjectLock PSCmdlet_Stop-OCIAidocumentProcessorJob PSCommand_Stop-OCIAidocumentProcessorJob PSCmdlet_Stop-OCIAidocumentWorkRequest PSCommand_Stop-OCIAidocumentWorkRequest PSCmdlet_Update-OCIAidocumentModel PSCommand_Update-OCIAidocumentModel PSCmdlet_Update-OCIAidocumentProject PSCommand_Update-OCIAidocumentProject PSIncludes_Cmdlet</S>
          <S N="developmentDependency">False</S>
          <S N="updated">2025-09-05T16:20:00Z</S>
          <S N="NormalizedVersion">95.1.0</S>
          <S N="Authors">Oracle Cloud Infrastructure</S>
          <S N="IsPrerelease">false</S>
          <S N="ItemType">Module</S>
          <S N="FileList">OCI.PSModules.Aidocument.nuspec|THIRD_PARTY_LICENSES.txt|OCI.PSModules.Aidocument.dll-Help.xml|OCI.PSModules.Aidocument.psd1|LICENSE.txt|assemblies\OCI.PSModules.Aidocument.dll|assemblies\OCI.DotNetSDK.Aidocument.dll</S>
          <S N="GUID">48b9296a-b4a7-43bb-8d59-3eaf832baf2a</S>
          <S N="PowerShellVersion">6.0</S>
          <S N="CompanyName">Oracle Corporation</S>
        </MS>
      </Obj>
      <S N="InstalledLocation">C:\Program Files\PowerShell\Modules1\OCI.PSModules.Aidocument\95.1.0</S>
    </MS>
  </Obj>
</Objs>
