<Objs Version="1.1.0.1" xmlns="http://schemas.microsoft.com/powershell/2004/04">
  <Obj RefId="0">
    <TN RefId="0">
      <T>Microsoft.PowerShell.Commands.PSRepositoryItemInfo</T>
      <T>System.Management.Automation.PSCustomObject</T>
      <T>System.Object</T>
    </TN>
    <MS>
      <S N="Name">OCI.PSModules.Delegateaccesscontrol</S>
      <S N="Version">95.1.0</S>
      <S N="Type">Module</S>
      <S N="Description">This modules provides Cmdlets for OCI Delegateaccesscontrol Service</S>
      <S N="Author">Oracle Cloud Infrastructure</S>
      <S N="CompanyName">oci-psmodules-grp</S>
      <S N="Copyright">(c) Oracle Cloud Infrastructure. All rights reserved.</S>
      <DT N="PublishedDate">2024-11-12T18:46:29+02:00</DT>
      <Nil N="InstalledDate" />
      <Nil N="UpdatedDate" />
      <URI N="LicenseUri">https://github.com/oracle/oci-powershell-modules/blob/master/LICENSE.txt</URI>
      <URI N="ProjectUri">https://github.com/oracle/oci-powershell-modules/</URI>
      <URI N="IconUri">https://github.com/oracle/oci-powershell-modules/blob/master/icon.png</URI>
      <Obj N="Tags" RefId="1">
        <TN RefId="1">
          <T>System.Object[]</T>
          <T>System.Array</T>
          <T>System.Object</T>
        </TN>
        <LST>
          <S>PSEdition_Core</S>
          <S>Windows</S>
          <S>Linux</S>
          <S>macOS</S>
          <S>Oracle</S>
          <S>OCI</S>
          <S>Cloud</S>
          <S>OracleCloudInfrastructure</S>
          <S>Delegateaccesscontrol</S>
          <S>PSModule</S>
        </LST>
      </Obj>
      <Obj N="Includes" RefId="2">
        <TN RefId="2">
          <T>System.Collections.Hashtable</T>
          <T>System.Object</T>
        </TN>
        <DCT>
          <En>
            <S N="Key">Function</S>
            <Obj N="Value" RefId="3">
              <TNRef RefId="1" />
              <LST />
            </Obj>
          </En>
          <En>
            <S N="Key">Workflow</S>
            <Ref N="Value" RefId="3" />
          </En>
          <En>
            <S N="Key">DscResource</S>
            <Ref N="Value" RefId="3" />
          </En>
          <En>
            <S N="Key">RoleCapability</S>
            <Ref N="Value" RefId="3" />
          </En>
          <En>
            <S N="Key">Command</S>
            <Obj N="Value" RefId="4">
              <TNRef RefId="1" />
              <LST>
                <S>Get-OCIDelegateaccesscontrolDelegatedResourceAccessRequest</S>
                <S>Get-OCIDelegateaccesscontrolDelegatedResourceAccessRequestAuditLogReport</S>
                <S>Get-OCIDelegateaccesscontrolDelegatedResourceAccessRequestHistoriesList</S>
                <S>Get-OCIDelegateaccesscontrolDelegatedResourceAccessRequestsList</S>
                <S>Get-OCIDelegateaccesscontrolDelegationControl</S>
                <S>Get-OCIDelegateaccesscontrolDelegationControlResourcesList</S>
                <S>Get-OCIDelegateaccesscontrolDelegationControlsList</S>
                <S>Get-OCIDelegateaccesscontrolDelegationSubscription</S>
                <S>Get-OCIDelegateaccesscontrolDelegationSubscriptionsList</S>
                <S>Get-OCIDelegateaccesscontrolServiceProvider</S>
                <S>Get-OCIDelegateaccesscontrolServiceProviderAction</S>
                <S>Get-OCIDelegateaccesscontrolServiceProviderActionsList</S>
                <S>Get-OCIDelegateaccesscontrolServiceProviderInteractionsList</S>
                <S>Get-OCIDelegateaccesscontrolServiceProvidersList</S>
                <S>Get-OCIDelegateaccesscontrolWorkRequest</S>
                <S>Get-OCIDelegateaccesscontrolWorkRequestErrorsList</S>
                <S>Get-OCIDelegateaccesscontrolWorkRequestLogsList</S>
                <S>Get-OCIDelegateaccesscontrolWorkRequestsList</S>
                <S>Invoke-OCIDelegateaccesscontrolApproveDelegatedResourceAccessRequest</S>
                <S>Invoke-OCIDelegateaccesscontrolRejectDelegatedResourceAccessRequest</S>
                <S>Invoke-OCIDelegateaccesscontrolRevokeDelegatedResourceAccessRequest</S>
                <S>Invoke-OCIDelegateaccesscontrolServiceProviderInteractionRequest</S>
                <S>Move-OCIDelegateaccesscontrolDelegationControlCompartment</S>
                <S>Move-OCIDelegateaccesscontrolDelegationSubscriptionCompartment</S>
                <S>New-OCIDelegateaccesscontrolDelegationControl</S>
                <S>New-OCIDelegateaccesscontrolDelegationSubscription</S>
                <S>Remove-OCIDelegateaccesscontrolDelegationControl</S>
                <S>Remove-OCIDelegateaccesscontrolDelegationSubscription</S>
                <S>Update-OCIDelegateaccesscontrolDelegationControl</S>
                <S>Update-OCIDelegateaccesscontrolDelegationSubscription</S>
              </LST>
            </Obj>
          </En>
          <En>
            <S N="Key">Cmdlet</S>
            <Obj N="Value" RefId="5">
              <TNRef RefId="1" />
              <LST>
                <S>Get-OCIDelegateaccesscontrolDelegatedResourceAccessRequest</S>
                <S>Get-OCIDelegateaccesscontrolDelegatedResourceAccessRequestAuditLogReport</S>
                <S>Get-OCIDelegateaccesscontrolDelegatedResourceAccessRequestHistoriesList</S>
                <S>Get-OCIDelegateaccesscontrolDelegatedResourceAccessRequestsList</S>
                <S>Get-OCIDelegateaccesscontrolDelegationControl</S>
                <S>Get-OCIDelegateaccesscontrolDelegationControlResourcesList</S>
                <S>Get-OCIDelegateaccesscontrolDelegationControlsList</S>
                <S>Get-OCIDelegateaccesscontrolDelegationSubscription</S>
                <S>Get-OCIDelegateaccesscontrolDelegationSubscriptionsList</S>
                <S>Get-OCIDelegateaccesscontrolServiceProvider</S>
                <S>Get-OCIDelegateaccesscontrolServiceProviderAction</S>
                <S>Get-OCIDelegateaccesscontrolServiceProviderActionsList</S>
                <S>Get-OCIDelegateaccesscontrolServiceProviderInteractionsList</S>
                <S>Get-OCIDelegateaccesscontrolServiceProvidersList</S>
                <S>Get-OCIDelegateaccesscontrolWorkRequest</S>
                <S>Get-OCIDelegateaccesscontrolWorkRequestErrorsList</S>
                <S>Get-OCIDelegateaccesscontrolWorkRequestLogsList</S>
                <S>Get-OCIDelegateaccesscontrolWorkRequestsList</S>
                <S>Invoke-OCIDelegateaccesscontrolApproveDelegatedResourceAccessRequest</S>
                <S>Invoke-OCIDelegateaccesscontrolRejectDelegatedResourceAccessRequest</S>
                <S>Invoke-OCIDelegateaccesscontrolRevokeDelegatedResourceAccessRequest</S>
                <S>Invoke-OCIDelegateaccesscontrolServiceProviderInteractionRequest</S>
                <S>Move-OCIDelegateaccesscontrolDelegationControlCompartment</S>
                <S>Move-OCIDelegateaccesscontrolDelegationSubscriptionCompartment</S>
                <S>New-OCIDelegateaccesscontrolDelegationControl</S>
                <S>New-OCIDelegateaccesscontrolDelegationSubscription</S>
                <S>Remove-OCIDelegateaccesscontrolDelegationControl</S>
                <S>Remove-OCIDelegateaccesscontrolDelegationSubscription</S>
                <S>Update-OCIDelegateaccesscontrolDelegationControl</S>
                <S>Update-OCIDelegateaccesscontrolDelegationSubscription</S>
              </LST>
            </Obj>
          </En>
        </DCT>
      </Obj>
      <Nil N="PowerShellGetFormatVersion" />
      <S N="ReleaseNotes">https://github.com/oracle/oci-powershell-modules/blob/master/CHANGELOG.md</S>
      <Obj N="Dependencies" RefId="6">
        <TNRef RefId="1" />
        <LST>
          <Obj RefId="7">
            <TN RefId="3">
              <T>System.Collections.Specialized.OrderedDictionary</T>
              <T>System.Object</T>
            </TN>
            <DCT>
              <En>
                <S N="Key">Name</S>
                <S N="Value">OCI.PSModules.Common</S>
              </En>
              <En>
                <S N="Key">RequiredVersion</S>
                <S N="Value">95.1.0</S>
              </En>
              <En>
                <S N="Key">CanonicalId</S>
                <S N="Value">nuget:OCI.PSModules.Common/[95.1.0]</S>
              </En>
            </DCT>
          </Obj>
        </LST>
      </Obj>
      <S N="RepositorySourceLocation">https://www.powershellgallery.com/api/v2</S>
      <S N="Repository">PSGallery</S>
      <S N="PackageManagementProvider">NuGet</S>
      <Obj N="AdditionalMetadata" RefId="8">
        <TN RefId="4">
          <T>System.Management.Automation.PSCustomObject</T>
          <T>System.Object</T>
        </TN>
        <MS>
          <S N="copyright">(c) Oracle Cloud Infrastructure. All rights reserved.</S>
          <S N="description">This modules provides Cmdlets for OCI Delegateaccesscontrol Service</S>
          <S N="requireLicenseAcceptance">False</S>
          <S N="releaseNotes">https://github.com/oracle/oci-powershell-modules/blob/master/CHANGELOG.md</S>
          <S N="isLatestVersion">True</S>
          <S N="isAbsoluteLatestVersion">True</S>
          <S N="versionDownloadCount">123</S>
          <S N="downloadCount">574</S>
          <S N="packageSize">147498</S>
          <S N="published">11/12/2024 6:46:29 PM +02:00</S>
          <S N="created">11/12/2024 6:46:29 PM +02:00</S>
          <S N="lastUpdated">12/8/2024 4:30:00 PM +02:00</S>
          <S N="tags">PSEdition_Core Windows Linux macOS Oracle OCI Cloud OracleCloudInfrastructure Delegateaccesscontrol PSModule PSCmdlet_Get-OCIDelegateaccesscontrolDelegatedResourceAccessRequest PSCommand_Get-OCIDelegateaccesscontrolDelegatedResourceAccessRequest PSCmdlet_Get-OCIDelegateaccesscontrolDelegatedResourceAccessRequestAuditLogReport PSCommand_Get-OCIDelegateaccesscontrolDelegatedResourceAccessRequestAuditLogReport PSCmdlet_Get-OCIDelegateaccesscontrolDelegatedResourceAccessRequestHistoriesList PSCommand_Get-OCIDelegateaccesscontrolDelegatedResourceAccessRequestHistoriesList PSCmdlet_Get-OCIDelegateaccesscontrolDelegatedResourceAccessRequestsList PSCommand_Get-OCIDelegateaccesscontrolDelegatedResourceAccessRequestsList PSCmdlet_Get-OCIDelegateaccesscontrolDelegationControl PSCommand_Get-OCIDelegateaccesscontrolDelegationControl PSCmdlet_Get-OCIDelegateaccesscontrolDelegationControlResourcesList PSCommand_Get-OCIDelegateaccesscontrolDelegationControlResourcesList PSCmdlet_Get-OCIDelegateaccesscontrolDelegationControlsList PSCommand_Get-OCIDelegateaccesscontrolDelegationControlsList PSCmdlet_Get-OCIDelegateaccesscontrolDelegationSubscription PSCommand_Get-OCIDelegateaccesscontrolDelegationSubscription PSCmdlet_Get-OCIDelegateaccesscontrolDelegationSubscriptionsList PSCommand_Get-OCIDelegateaccesscontrolDelegationSubscriptionsList PSCmdlet_Get-OCIDelegateaccesscontrolServiceProvider PSCommand_Get-OCIDelegateaccesscontrolServiceProvider PSCmdlet_Get-OCIDelegateaccesscontrolServiceProviderAction PSCommand_Get-OCIDelegateaccesscontrolServiceProviderAction PSCmdlet_Get-OCIDelegateaccesscontrolServiceProviderActionsList PSCommand_Get-OCIDelegateaccesscontrolServiceProviderActionsList PSCmdlet_Get-OCIDelegateaccesscontrolServiceProviderInteractionsList PSCommand_Get-OCIDelegateaccesscontrolServiceProviderInteractionsList PSCmdlet_Get-OCIDelegateaccesscontrolServiceProvidersList PSCommand_Get-OCIDelegateaccesscontrolServiceProvidersList PSCmdlet_Get-OCIDelegateaccesscontrolWorkRequest PSCommand_Get-OCIDelegateaccesscontrolWorkRequest PSCmdlet_Get-OCIDelegateaccesscontrolWorkRequestErrorsList PSCommand_Get-OCIDelegateaccesscontrolWorkRequestErrorsList PSCmdlet_Get-OCIDelegateaccesscontrolWorkRequestLogsList PSCommand_Get-OCIDelegateaccesscontrolWorkRequestLogsList PSCmdlet_Get-OCIDelegateaccesscontrolWorkRequestsList PSCommand_Get-OCIDelegateaccesscontrolWorkRequestsList PSCmdlet_Invoke-OCIDelegateaccesscontrolApproveDelegatedResourceAccessRequest PSCommand_Invoke-OCIDelegateaccesscontrolApproveDelegatedResourceAccessRequest PSCmdlet_Invoke-OCIDelegateaccesscontrolRejectDelegatedResourceAccessRequest PSCommand_Invoke-OCIDelegateaccesscontrolRejectDelegatedResourceAccessRequest PSCmdlet_Invoke-OCIDelegateaccesscontrolRevokeDelegatedResourceAccessRequest PSCommand_Invoke-OCIDelegateaccesscontrolRevokeDelegatedResourceAccessRequest PSCmdlet_Invoke-OCIDelegateaccesscontrolServiceProviderInteractionRequest PSCommand_Invoke-OCIDelegateaccesscontrolServiceProviderInteractionRequest PSCmdlet_Move-OCIDelegateaccesscontrolDelegationControlCompartment PSCommand_Move-OCIDelegateaccesscontrolDelegationControlCompartment PSCmdlet_Move-OCIDelegateaccesscontrolDelegationSubscriptionCompartment PSCommand_Move-OCIDelegateaccesscontrolDelegationSubscriptionCompartment PSCmdlet_New-OCIDelegateaccesscontrolDelegationControl PSCommand_New-OCIDelegateaccesscontrolDelegationControl PSCmdlet_New-OCIDelegateaccesscontrolDelegationSubscription PSCommand_New-OCIDelegateaccesscontrolDelegationSubscription PSCmdlet_Remove-OCIDelegateaccesscontrolDelegationControl PSCommand_Remove-OCIDelegateaccesscontrolDelegationControl PSCmdlet_Remove-OCIDelegateaccesscontrolDelegationSubscription PSCommand_Remove-OCIDelegateaccesscontrolDelegationSubscription PSCmdlet_Update-OCIDelegateaccesscontrolDelegationControl PSCommand_Update-OCIDelegateaccesscontrolDelegationControl PSCmdlet_Update-OCIDelegateaccesscontrolDelegationSubscription PSCommand_Update-OCIDelegateaccesscontrolDelegationSubscription PSIncludes_Cmdlet</S>
          <S N="developmentDependency">False</S>
          <S N="updated">2024-12-08T16:30:00Z</S>
          <S N="NormalizedVersion">95.1.0</S>
          <S N="Authors">Oracle Cloud Infrastructure</S>
          <S N="IsPrerelease">false</S>
          <S N="ItemType">Module</S>
          <S N="FileList">OCI.PSModules.Delegateaccesscontrol.nuspec|OCI.PSModules.Delegateaccesscontrol.psd1|THIRD_PARTY_LICENSES.txt|OCI.PSModules.Delegateaccesscontrol.dll-Help.xml|LICENSE.txt|assemblies\OCI.DotNetSDK.Delegateaccesscontrol.dll|assemblies\OCI.PSModules.Delegateaccesscontrol.dll</S>
          <S N="GUID">c679b5a9-7701-4d08-86fa-0f4757faa516</S>
          <S N="PowerShellVersion">6.0</S>
          <S N="CompanyName">Oracle Corporation</S>
        </MS>
      </Obj>
      <S N="InstalledLocation">C:\Users\MarcoFekry\Downloads\OCI.PSModules\OCI.PSModules.Delegateaccesscontrol\95.1.0</S>
    </MS>
  </Obj>
</Objs>
