<Objs Version="1.1.0.1" xmlns="http://schemas.microsoft.com/powershell/2004/04">
  <Obj RefId="0">
    <TN RefId="0">
      <T>Microsoft.PowerShell.Commands.PSRepositoryItemInfo</T>
      <T>System.Management.Automation.PSCustomObject</T>
      <T>System.Object</T>
    </TN>
    <MS>
      <S N="Name">OCI.PSModules.Datascience</S>
      <S N="Version">95.1.0</S>
      <S N="Type">Module</S>
      <S N="Description">This modules provides Cmdlets for OCI Datascience Service</S>
      <S N="Author">Oracle Cloud Infrastructure</S>
      <S N="CompanyName">oci-psmodules-grp</S>
      <S N="Copyright">(c) Oracle Cloud Infrastructure. All rights reserved.</S>
      <DT N="PublishedDate">2024-11-12T18:46:24+02:00</DT>
      <Nil N="InstalledDate" />
      <Nil N="UpdatedDate" />
      <URI N="LicenseUri">https://github.com/oracle/oci-powershell-modules/blob/master/LICENSE.txt</URI>
      <URI N="ProjectUri">https://github.com/oracle/oci-powershell-modules/</URI>
      <URI N="IconUri">https://github.com/oracle/oci-powershell-modules/blob/master/icon.png</URI>
      <Obj N="Tags" RefId="1">
        <TN RefId="1">
          <T>System.Object[]</T>
          <T>System.Array</T>
          <T>System.Object</T>
        </TN>
        <LST>
          <S>PSEdition_Core</S>
          <S>Windows</S>
          <S>Linux</S>
          <S>macOS</S>
          <S>Oracle</S>
          <S>OCI</S>
          <S>Cloud</S>
          <S>OracleCloudInfrastructure</S>
          <S>Datascience</S>
          <S>PSModule</S>
        </LST>
      </Obj>
      <Obj N="Includes" RefId="2">
        <TN RefId="2">
          <T>System.Collections.Hashtable</T>
          <T>System.Object</T>
        </TN>
        <DCT>
          <En>
            <S N="Key">Function</S>
            <Obj N="Value" RefId="3">
              <TNRef RefId="1" />
              <LST />
            </Obj>
          </En>
          <En>
            <S N="Key">Workflow</S>
            <Ref N="Value" RefId="3" />
          </En>
          <En>
            <S N="Key">DscResource</S>
            <Ref N="Value" RefId="3" />
          </En>
          <En>
            <S N="Key">RoleCapability</S>
            <Ref N="Value" RefId="3" />
          </En>
          <En>
            <S N="Key">Command</S>
            <Obj N="Value" RefId="4">
              <TNRef RefId="1" />
              <LST>
                <S>Enable-OCIDatascienceModel</S>
                <S>Enable-OCIDatascienceModelDeployment</S>
                <S>Enable-OCIDatascienceNotebookSession</S>
                <S>Export-OCIDatascienceModelArtifact</S>
                <S>Get-OCIDatascienceFastLaunchJobConfigsList</S>
                <S>Get-OCIDatascienceJob</S>
                <S>Get-OCIDatascienceJobArtifactContent</S>
                <S>Get-OCIDatascienceJobRun</S>
                <S>Get-OCIDatascienceJobRunsList</S>
                <S>Get-OCIDatascienceJobShapesList</S>
                <S>Get-OCIDatascienceJobsList</S>
                <S>Get-OCIDatascienceModel</S>
                <S>Get-OCIDatascienceModelArtifactContent</S>
                <S>Get-OCIDatascienceModelDeployment</S>
                <S>Get-OCIDatascienceModelDeploymentShapesList</S>
                <S>Get-OCIDatascienceModelDeploymentsList</S>
                <S>Get-OCIDatascienceModelProvenance</S>
                <S>Get-OCIDatascienceModelsList</S>
                <S>Get-OCIDatascienceModelVersionSet</S>
                <S>Get-OCIDatascienceModelVersionSetsList</S>
                <S>Get-OCIDatascienceNotebookSession</S>
                <S>Get-OCIDatascienceNotebookSessionShapesList</S>
                <S>Get-OCIDatascienceNotebookSessionsList</S>
                <S>Get-OCIDatasciencePipeline</S>
                <S>Get-OCIDatasciencePipelineRun</S>
                <S>Get-OCIDatasciencePipelineRunsList</S>
                <S>Get-OCIDatasciencePipelinesList</S>
                <S>Get-OCIDatasciencePrivateEndpoint</S>
                <S>Get-OCIDatasciencePrivateEndpointsList</S>
                <S>Get-OCIDatascienceProject</S>
                <S>Get-OCIDatascienceProjectsList</S>
                <S>Get-OCIDatascienceStepArtifactContent</S>
                <S>Get-OCIDatascienceWorkRequest</S>
                <S>Get-OCIDatascienceWorkRequestErrorsList</S>
                <S>Get-OCIDatascienceWorkRequestLogsList</S>
                <S>Get-OCIDatascienceWorkRequestsList</S>
                <S>Import-OCIDatascienceModelArtifact</S>
                <S>Invoke-OCIDatascienceDeactivateModel</S>
                <S>Invoke-OCIDatascienceDeactivateModelDeployment</S>
                <S>Invoke-OCIDatascienceDeactivateNotebookSession</S>
                <S>Invoke-OCIDatascienceHeadJobArtifact</S>
                <S>Invoke-OCIDatascienceHeadModelArtifact</S>
                <S>Invoke-OCIDatascienceHeadStepArtifact</S>
                <S>Move-OCIDatascienceJobCompartment</S>
                <S>Move-OCIDatascienceJobRunCompartment</S>
                <S>Move-OCIDatascienceModelCompartment</S>
                <S>Move-OCIDatascienceModelDeploymentCompartment</S>
                <S>Move-OCIDatascienceModelVersionSetCompartment</S>
                <S>Move-OCIDatascienceNotebookSessionCompartment</S>
                <S>Move-OCIDatasciencePipelineCompartment</S>
                <S>Move-OCIDatasciencePipelineRunCompartment</S>
                <S>Move-OCIDatasciencePrivateEndpointCompartment</S>
                <S>Move-OCIDatascienceProjectCompartment</S>
                <S>New-OCIDatascienceJob</S>
                <S>New-OCIDatascienceJobArtifact</S>
                <S>New-OCIDatascienceJobRun</S>
                <S>New-OCIDatascienceModel</S>
                <S>New-OCIDatascienceModelArtifact</S>
                <S>New-OCIDatascienceModelDeployment</S>
                <S>New-OCIDatascienceModelProvenance</S>
                <S>New-OCIDatascienceModelVersionSet</S>
                <S>New-OCIDatascienceNotebookSession</S>
                <S>New-OCIDatasciencePipeline</S>
                <S>New-OCIDatasciencePipelineRun</S>
                <S>New-OCIDatasciencePrivateEndpoint</S>
                <S>New-OCIDatascienceProject</S>
                <S>New-OCIDatascienceStepArtifact</S>
                <S>Remove-OCIDatascienceJob</S>
                <S>Remove-OCIDatascienceJobRun</S>
                <S>Remove-OCIDatascienceModel</S>
                <S>Remove-OCIDatascienceModelDeployment</S>
                <S>Remove-OCIDatascienceModelVersionSet</S>
                <S>Remove-OCIDatascienceNotebookSession</S>
                <S>Remove-OCIDatasciencePipeline</S>
                <S>Remove-OCIDatasciencePipelineRun</S>
                <S>Remove-OCIDatasciencePrivateEndpoint</S>
                <S>Remove-OCIDatascienceProject</S>
                <S>Restore-OCIDatascienceArchivedModelArtifact</S>
                <S>Stop-OCIDatascienceJobRun</S>
                <S>Stop-OCIDatasciencePipelineRun</S>
                <S>Stop-OCIDatascienceWorkRequest</S>
                <S>Update-OCIDatascienceJob</S>
                <S>Update-OCIDatascienceJobRun</S>
                <S>Update-OCIDatascienceModel</S>
                <S>Update-OCIDatascienceModelDeployment</S>
                <S>Update-OCIDatascienceModelProvenance</S>
                <S>Update-OCIDatascienceModelVersionSet</S>
                <S>Update-OCIDatascienceNotebookSession</S>
                <S>Update-OCIDatasciencePipeline</S>
                <S>Update-OCIDatasciencePipelineRun</S>
                <S>Update-OCIDatasciencePrivateEndpoint</S>
                <S>Update-OCIDatascienceProject</S>
              </LST>
            </Obj>
          </En>
          <En>
            <S N="Key">Cmdlet</S>
            <Obj N="Value" RefId="5">
              <TNRef RefId="1" />
              <LST>
                <S>Enable-OCIDatascienceModel</S>
                <S>Enable-OCIDatascienceModelDeployment</S>
                <S>Enable-OCIDatascienceNotebookSession</S>
                <S>Export-OCIDatascienceModelArtifact</S>
                <S>Get-OCIDatascienceFastLaunchJobConfigsList</S>
                <S>Get-OCIDatascienceJob</S>
                <S>Get-OCIDatascienceJobArtifactContent</S>
                <S>Get-OCIDatascienceJobRun</S>
                <S>Get-OCIDatascienceJobRunsList</S>
                <S>Get-OCIDatascienceJobShapesList</S>
                <S>Get-OCIDatascienceJobsList</S>
                <S>Get-OCIDatascienceModel</S>
                <S>Get-OCIDatascienceModelArtifactContent</S>
                <S>Get-OCIDatascienceModelDeployment</S>
                <S>Get-OCIDatascienceModelDeploymentShapesList</S>
                <S>Get-OCIDatascienceModelDeploymentsList</S>
                <S>Get-OCIDatascienceModelProvenance</S>
                <S>Get-OCIDatascienceModelsList</S>
                <S>Get-OCIDatascienceModelVersionSet</S>
                <S>Get-OCIDatascienceModelVersionSetsList</S>
                <S>Get-OCIDatascienceNotebookSession</S>
                <S>Get-OCIDatascienceNotebookSessionShapesList</S>
                <S>Get-OCIDatascienceNotebookSessionsList</S>
                <S>Get-OCIDatasciencePipeline</S>
                <S>Get-OCIDatasciencePipelineRun</S>
                <S>Get-OCIDatasciencePipelineRunsList</S>
                <S>Get-OCIDatasciencePipelinesList</S>
                <S>Get-OCIDatasciencePrivateEndpoint</S>
                <S>Get-OCIDatasciencePrivateEndpointsList</S>
                <S>Get-OCIDatascienceProject</S>
                <S>Get-OCIDatascienceProjectsList</S>
                <S>Get-OCIDatascienceStepArtifactContent</S>
                <S>Get-OCIDatascienceWorkRequest</S>
                <S>Get-OCIDatascienceWorkRequestErrorsList</S>
                <S>Get-OCIDatascienceWorkRequestLogsList</S>
                <S>Get-OCIDatascienceWorkRequestsList</S>
                <S>Import-OCIDatascienceModelArtifact</S>
                <S>Invoke-OCIDatascienceDeactivateModel</S>
                <S>Invoke-OCIDatascienceDeactivateModelDeployment</S>
                <S>Invoke-OCIDatascienceDeactivateNotebookSession</S>
                <S>Invoke-OCIDatascienceHeadJobArtifact</S>
                <S>Invoke-OCIDatascienceHeadModelArtifact</S>
                <S>Invoke-OCIDatascienceHeadStepArtifact</S>
                <S>Move-OCIDatascienceJobCompartment</S>
                <S>Move-OCIDatascienceJobRunCompartment</S>
                <S>Move-OCIDatascienceModelCompartment</S>
                <S>Move-OCIDatascienceModelDeploymentCompartment</S>
                <S>Move-OCIDatascienceModelVersionSetCompartment</S>
                <S>Move-OCIDatascienceNotebookSessionCompartment</S>
                <S>Move-OCIDatasciencePipelineCompartment</S>
                <S>Move-OCIDatasciencePipelineRunCompartment</S>
                <S>Move-OCIDatasciencePrivateEndpointCompartment</S>
                <S>Move-OCIDatascienceProjectCompartment</S>
                <S>New-OCIDatascienceJob</S>
                <S>New-OCIDatascienceJobArtifact</S>
                <S>New-OCIDatascienceJobRun</S>
                <S>New-OCIDatascienceModel</S>
                <S>New-OCIDatascienceModelArtifact</S>
                <S>New-OCIDatascienceModelDeployment</S>
                <S>New-OCIDatascienceModelProvenance</S>
                <S>New-OCIDatascienceModelVersionSet</S>
                <S>New-OCIDatascienceNotebookSession</S>
                <S>New-OCIDatasciencePipeline</S>
                <S>New-OCIDatasciencePipelineRun</S>
                <S>New-OCIDatasciencePrivateEndpoint</S>
                <S>New-OCIDatascienceProject</S>
                <S>New-OCIDatascienceStepArtifact</S>
                <S>Remove-OCIDatascienceJob</S>
                <S>Remove-OCIDatascienceJobRun</S>
                <S>Remove-OCIDatascienceModel</S>
                <S>Remove-OCIDatascienceModelDeployment</S>
                <S>Remove-OCIDatascienceModelVersionSet</S>
                <S>Remove-OCIDatascienceNotebookSession</S>
                <S>Remove-OCIDatasciencePipeline</S>
                <S>Remove-OCIDatasciencePipelineRun</S>
                <S>Remove-OCIDatasciencePrivateEndpoint</S>
                <S>Remove-OCIDatascienceProject</S>
                <S>Restore-OCIDatascienceArchivedModelArtifact</S>
                <S>Stop-OCIDatascienceJobRun</S>
                <S>Stop-OCIDatasciencePipelineRun</S>
                <S>Stop-OCIDatascienceWorkRequest</S>
                <S>Update-OCIDatascienceJob</S>
                <S>Update-OCIDatascienceJobRun</S>
                <S>Update-OCIDatascienceModel</S>
                <S>Update-OCIDatascienceModelDeployment</S>
                <S>Update-OCIDatascienceModelProvenance</S>
                <S>Update-OCIDatascienceModelVersionSet</S>
                <S>Update-OCIDatascienceNotebookSession</S>
                <S>Update-OCIDatasciencePipeline</S>
                <S>Update-OCIDatasciencePipelineRun</S>
                <S>Update-OCIDatasciencePrivateEndpoint</S>
                <S>Update-OCIDatascienceProject</S>
              </LST>
            </Obj>
          </En>
        </DCT>
      </Obj>
      <Nil N="PowerShellGetFormatVersion" />
      <S N="ReleaseNotes">https://github.com/oracle/oci-powershell-modules/blob/master/CHANGELOG.md</S>
      <Obj N="Dependencies" RefId="6">
        <TNRef RefId="1" />
        <LST>
          <Obj RefId="7">
            <TN RefId="3">
              <T>System.Collections.Specialized.OrderedDictionary</T>
              <T>System.Object</T>
            </TN>
            <DCT>
              <En>
                <S N="Key">Name</S>
                <S N="Value">OCI.PSModules.Common</S>
              </En>
              <En>
                <S N="Key">RequiredVersion</S>
                <S N="Value">95.1.0</S>
              </En>
              <En>
                <S N="Key">CanonicalId</S>
                <S N="Value">nuget:OCI.PSModules.Common/[95.1.0]</S>
              </En>
            </DCT>
          </Obj>
        </LST>
      </Obj>
      <S N="RepositorySourceLocation">https://www.powershellgallery.com/api/v2</S>
      <S N="Repository">PSGallery</S>
      <S N="PackageManagementProvider">NuGet</S>
      <Obj N="AdditionalMetadata" RefId="8">
        <TN RefId="4">
          <T>System.Management.Automation.PSCustomObject</T>
          <T>System.Object</T>
        </TN>
        <MS>
          <S N="copyright">(c) Oracle Cloud Infrastructure. All rights reserved.</S>
          <S N="description">This modules provides Cmdlets for OCI Datascience Service</S>
          <S N="requireLicenseAcceptance">False</S>
          <S N="releaseNotes">https://github.com/oracle/oci-powershell-modules/blob/master/CHANGELOG.md</S>
          <S N="isLatestVersion">True</S>
          <S N="isAbsoluteLatestVersion">True</S>
          <S N="versionDownloadCount">303</S>
          <S N="downloadCount">10581</S>
          <S N="packageSize">284809</S>
          <S N="published">11/12/2024 6:46:24 PM +02:00</S>
          <S N="created">11/12/2024 6:46:24 PM +02:00</S>
          <S N="lastUpdated">12/8/2024 9:30:00 PM +02:00</S>
          <S N="tags">PSEdition_Core Windows Linux macOS Oracle OCI Cloud OracleCloudInfrastructure Datascience PSModule</S>
          <S N="developmentDependency">False</S>
          <S N="updated">2024-12-08T21:30:00Z</S>
          <S N="NormalizedVersion">95.1.0</S>
          <S N="Authors">Oracle Cloud Infrastructure</S>
          <S N="IsPrerelease">false</S>
          <S N="ItemType">Module</S>
          <S N="FileList">OCI.PSModules.Datascience.nuspec|THIRD_PARTY_LICENSES.txt|OCI.PSModules.Datascience.dll-Help.xml|OCI.PSModules.Datascience.psd1|LICENSE.txt|assemblies\OCI.PSModules.Datascience.dll|assemblies\OCI.DotNetSDK.Datascience.dll</S>
          <S N="Cmdlets">Enable-OCIDatascienceModel Enable-OCIDatascienceModelDeployment Enable-OCIDatascienceNotebookSession Export-OCIDatascienceModelArtifact Get-OCIDatascienceFastLaunchJobConfigsList Get-OCIDatascienceJob Get-OCIDatascienceJobArtifactContent Get-OCIDatascienceJobRun Get-OCIDatascienceJobRunsList Get-OCIDatascienceJobShapesList Get-OCIDatascienceJobsList Get-OCIDatascienceModel Get-OCIDatascienceModelArtifactContent Get-OCIDatascienceModelDeployment Get-OCIDatascienceModelDeploymentShapesList Get-OCIDatascienceModelDeploymentsList Get-OCIDatascienceModelProvenance Get-OCIDatascienceModelsList Get-OCIDatascienceModelVersionSet Get-OCIDatascienceModelVersionSetsList Get-OCIDatascienceNotebookSession Get-OCIDatascienceNotebookSessionShapesList Get-OCIDatascienceNotebookSessionsList Get-OCIDatasciencePipeline Get-OCIDatasciencePipelineRun Get-OCIDatasciencePipelineRunsList Get-OCIDatasciencePipelinesList Get-OCIDatasciencePrivateEndpoint Get-OCIDatasciencePrivateEndpointsList Get-OCIDatascienceProject Get-OCIDatascienceProjectsList Get-OCIDatascienceStepArtifactContent Get-OCIDatascienceWorkRequest Get-OCIDatascienceWorkRequestErrorsList Get-OCIDatascienceWorkRequestLogsList Get-OCIDatascienceWorkRequestsList Import-OCIDatascienceModelArtifact Invoke-OCIDatascienceDeactivateModel Invoke-OCIDatascienceDeactivateModelDeployment Invoke-OCIDatascienceDeactivateNotebookSession Invoke-OCIDatascienceHeadJobArtifact Invoke-OCIDatascienceHeadModelArtifact Invoke-OCIDatascienceHeadStepArtifact Move-OCIDatascienceJobCompartment Move-OCIDatascienceJobRunCompartment Move-OCIDatascienceModelCompartment Move-OCIDatascienceModelDeploymentCompartment Move-OCIDatascienceModelVersionSetCompartment Move-OCIDatascienceNotebookSessionCompartment Move-OCIDatasciencePipelineCompartment Move-OCIDatasciencePipelineRunCompartment Move-OCIDatasciencePrivateEndpointCompartment Move-OCIDatascienceProjectCompartment New-OCIDatascienceJob New-OCIDatascienceJobArtifact New-OCIDatascienceJobRun New-OCIDatascienceModel New-OCIDatascienceModelArtifact New-OCIDatascienceModelDeployment New-OCIDatascienceModelProvenance New-OCIDatascienceModelVersionSet New-OCIDatascienceNotebookSession New-OCIDatasciencePipeline New-OCIDatasciencePipelineRun New-OCIDatasciencePrivateEndpoint New-OCIDatascienceProject New-OCIDatascienceStepArtifact Remove-OCIDatascienceJob Remove-OCIDatascienceJobRun Remove-OCIDatascienceModel Remove-OCIDatascienceModelDeployment Remove-OCIDatascienceModelVersionSet Remove-OCIDatascienceNotebookSession Remove-OCIDatasciencePipeline Remove-OCIDatasciencePipelineRun Remove-OCIDatasciencePrivateEndpoint Remove-OCIDatascienceProject Restore-OCIDatascienceArchivedModelArtifact Stop-OCIDatascienceJobRun Stop-OCIDatasciencePipelineRun Stop-OCIDatascienceWorkRequest Update-OCIDatascienceJob Update-OCIDatascienceJobRun Update-OCIDatascienceModel Update-OCIDatascienceModelDeployment Update-OCIDatascienceModelProvenance Update-OCIDatascienceModelVersionSet Update-OCIDatascienceNotebookSession Update-OCIDatasciencePipeline Update-OCIDatasciencePipelineRun Update-OCIDatasciencePrivateEndpoint Update-OCIDatascienceProject</S>
          <S N="GUID">e310e88b-80a4-4419-8054-2984936bf580</S>
          <S N="PowerShellVersion">6.0</S>
          <S N="CompanyName">Oracle Corporation</S>
        </MS>
      </Obj>
      <S N="InstalledLocation">C:\Users\MarcoFekry\Downloads\OCI.PSModules\OCI.PSModules.Datascience\95.1.0</S>
    </MS>
  </Obj>
</Objs>
