<Objs Version="1.1.0.1" xmlns="http://schemas.microsoft.com/powershell/2004/04">
  <Obj RefId="0">
    <TN RefId="0">
      <T>Microsoft.PowerShell.Commands.PSRepositoryItemInfo</T>
      <T>System.Management.Automation.PSCustomObject</T>
      <T>System.Object</T>
    </TN>
    <MS>
      <S N="Name">OCI.PSModules.Tenantmanagercontrolplane</S>
      <Version N="Version">120.0.0</Version>
      <S N="Type">Module</S>
      <S N="Description">This modules provides Cmdlets for OCI Tenantmanagercontrolplane Service</S>
      <S N="Author">Oracle Cloud Infrastructure</S>
      <S N="CompanyName">oci-psmodules-grp</S>
      <S N="Copyright">(c) Oracle Cloud Infrastructure. All rights reserved.</S>
      <DT N="PublishedDate">2025-11-18T18:53:51+02:00</DT>
      <Obj N="InstalledDate" RefId="1">
        <DT>2025-11-27T08:21:34.6183254+02:00</DT>
        <MS>
          <Obj N="DisplayHint" RefId="2">
            <TN RefId="1">
              <T>Microsoft.PowerShell.Commands.DisplayHintType</T>
              <T>System.Enum</T>
              <T>System.ValueType</T>
              <T>System.Object</T>
            </TN>
            <ToString>DateTime</ToString>
            <I32>2</I32>
          </Obj>
        </MS>
      </Obj>
      <Nil N="UpdatedDate" />
      <URI N="LicenseUri">https://github.com/oracle/oci-powershell-modules/blob/master/LICENSE.txt</URI>
      <URI N="ProjectUri">https://github.com/oracle/oci-powershell-modules/</URI>
      <URI N="IconUri">https://github.com/oracle/oci-powershell-modules/blob/master/icon.png</URI>
      <Obj N="Tags" RefId="3">
        <TN RefId="2">
          <T>System.Object[]</T>
          <T>System.Array</T>
          <T>System.Object</T>
        </TN>
        <LST>
          <S>PSEdition_Core</S>
          <S>Windows</S>
          <S>Linux</S>
          <S>macOS</S>
          <S>Oracle</S>
          <S>OCI</S>
          <S>Cloud</S>
          <S>OracleCloudInfrastructure</S>
          <S>Tenantmanagercontrolplane</S>
          <S>PSModule</S>
        </LST>
      </Obj>
      <Obj N="Includes" RefId="4">
        <TN RefId="3">
          <T>System.Collections.Hashtable</T>
          <T>System.Object</T>
        </TN>
        <DCT>
          <En>
            <S N="Key">Function</S>
            <Obj N="Value" RefId="5">
              <TNRef RefId="2" />
              <LST />
            </Obj>
          </En>
          <En>
            <S N="Key">RoleCapability</S>
            <Ref N="Value" RefId="5" />
          </En>
          <En>
            <S N="Key">Cmdlet</S>
            <Obj N="Value" RefId="6">
              <TNRef RefId="2" />
              <LST>
                <S>Add-OCITenantmanagercontrolplaneGovernance</S>
                <S>Enable-OCITenantmanagercontrolplaneOrder</S>
                <S>Get-OCITenantmanagercontrolplaneAssignedSubscription</S>
                <S>Get-OCITenantmanagercontrolplaneAssignedSubscriptionLineItemsList</S>
                <S>Get-OCITenantmanagercontrolplaneAssignedSubscriptionsList</S>
                <S>Get-OCITenantmanagercontrolplaneAvailableRegionsList</S>
                <S>Get-OCITenantmanagercontrolplaneDomain</S>
                <S>Get-OCITenantmanagercontrolplaneDomainGovernance</S>
                <S>Get-OCITenantmanagercontrolplaneDomainGovernancesList</S>
                <S>Get-OCITenantmanagercontrolplaneDomainsList</S>
                <S>Get-OCITenantmanagercontrolplaneLink</S>
                <S>Get-OCITenantmanagercontrolplaneLinksList</S>
                <S>Get-OCITenantmanagercontrolplaneOrder</S>
                <S>Get-OCITenantmanagercontrolplaneOrganization</S>
                <S>Get-OCITenantmanagercontrolplaneOrganizationsList</S>
                <S>Get-OCITenantmanagercontrolplaneOrganizationTenanciesList</S>
                <S>Get-OCITenantmanagercontrolplaneOrganizationTenancy</S>
                <S>Get-OCITenantmanagercontrolplaneRecipientInvitation</S>
                <S>Get-OCITenantmanagercontrolplaneRecipientInvitationsList</S>
                <S>Get-OCITenantmanagercontrolplaneSenderInvitation</S>
                <S>Get-OCITenantmanagercontrolplaneSenderInvitationsList</S>
                <S>Get-OCITenantmanagercontrolplaneSubscription</S>
                <S>Get-OCITenantmanagercontrolplaneSubscriptionLineItemsList</S>
                <S>Get-OCITenantmanagercontrolplaneSubscriptionMapping</S>
                <S>Get-OCITenantmanagercontrolplaneSubscriptionMappingsList</S>
                <S>Get-OCITenantmanagercontrolplaneSubscriptionsList</S>
                <S>Get-OCITenantmanagercontrolplaneWorkRequest</S>
                <S>Get-OCITenantmanagercontrolplaneWorkRequestErrorsList</S>
                <S>Get-OCITenantmanagercontrolplaneWorkRequestLogsList</S>
                <S>Get-OCITenantmanagercontrolplaneWorkRequestsList</S>
                <S>Invoke-OCITenantmanagercontrolplaneApproveOrganizationTenancyForTransfer</S>
                <S>Invoke-OCITenantmanagercontrolplaneIgnoreRecipientInvitation</S>
                <S>Invoke-OCITenantmanagercontrolplaneUnapproveOrganizationTenancyForTransfer</S>
                <S>New-OCITenantmanagercontrolplaneChildTenancy</S>
                <S>New-OCITenantmanagercontrolplaneDomain</S>
                <S>New-OCITenantmanagercontrolplaneDomainGovernance</S>
                <S>New-OCITenantmanagercontrolplaneSenderInvitation</S>
                <S>New-OCITenantmanagercontrolplaneSubscriptionMapping</S>
                <S>Receive-OCITenantmanagercontrolplaneRecipientInvitation</S>
                <S>Remove-OCITenantmanagercontrolplaneDomain</S>
                <S>Remove-OCITenantmanagercontrolplaneDomainGovernance</S>
                <S>Remove-OCITenantmanagercontrolplaneGovernance</S>
                <S>Remove-OCITenantmanagercontrolplaneLink</S>
                <S>Remove-OCITenantmanagercontrolplaneOrganizationTenancy</S>
                <S>Remove-OCITenantmanagercontrolplaneSubscriptionMapping</S>
                <S>Restore-OCITenantmanagercontrolplaneOrganizationTenancy</S>
                <S>Stop-OCITenantmanagercontrolplaneSenderInvitation</S>
                <S>Update-OCITenantmanagercontrolplaneDomain</S>
                <S>Update-OCITenantmanagercontrolplaneDomainGovernance</S>
                <S>Update-OCITenantmanagercontrolplaneOrganization</S>
                <S>Update-OCITenantmanagercontrolplaneRecipientInvitation</S>
                <S>Update-OCITenantmanagercontrolplaneSenderInvitation</S>
              </LST>
            </Obj>
          </En>
          <En>
            <S N="Key">DscResource</S>
            <Ref N="Value" RefId="5" />
          </En>
          <En>
            <S N="Key">Command</S>
            <Obj N="Value" RefId="7">
              <TNRef RefId="2" />
              <LST>
                <S>Add-OCITenantmanagercontrolplaneGovernance</S>
                <S>Enable-OCITenantmanagercontrolplaneOrder</S>
                <S>Get-OCITenantmanagercontrolplaneAssignedSubscription</S>
                <S>Get-OCITenantmanagercontrolplaneAssignedSubscriptionLineItemsList</S>
                <S>Get-OCITenantmanagercontrolplaneAssignedSubscriptionsList</S>
                <S>Get-OCITenantmanagercontrolplaneAvailableRegionsList</S>
                <S>Get-OCITenantmanagercontrolplaneDomain</S>
                <S>Get-OCITenantmanagercontrolplaneDomainGovernance</S>
                <S>Get-OCITenantmanagercontrolplaneDomainGovernancesList</S>
                <S>Get-OCITenantmanagercontrolplaneDomainsList</S>
                <S>Get-OCITenantmanagercontrolplaneLink</S>
                <S>Get-OCITenantmanagercontrolplaneLinksList</S>
                <S>Get-OCITenantmanagercontrolplaneOrder</S>
                <S>Get-OCITenantmanagercontrolplaneOrganization</S>
                <S>Get-OCITenantmanagercontrolplaneOrganizationsList</S>
                <S>Get-OCITenantmanagercontrolplaneOrganizationTenanciesList</S>
                <S>Get-OCITenantmanagercontrolplaneOrganizationTenancy</S>
                <S>Get-OCITenantmanagercontrolplaneRecipientInvitation</S>
                <S>Get-OCITenantmanagercontrolplaneRecipientInvitationsList</S>
                <S>Get-OCITenantmanagercontrolplaneSenderInvitation</S>
                <S>Get-OCITenantmanagercontrolplaneSenderInvitationsList</S>
                <S>Get-OCITenantmanagercontrolplaneSubscription</S>
                <S>Get-OCITenantmanagercontrolplaneSubscriptionLineItemsList</S>
                <S>Get-OCITenantmanagercontrolplaneSubscriptionMapping</S>
                <S>Get-OCITenantmanagercontrolplaneSubscriptionMappingsList</S>
                <S>Get-OCITenantmanagercontrolplaneSubscriptionsList</S>
                <S>Get-OCITenantmanagercontrolplaneWorkRequest</S>
                <S>Get-OCITenantmanagercontrolplaneWorkRequestErrorsList</S>
                <S>Get-OCITenantmanagercontrolplaneWorkRequestLogsList</S>
                <S>Get-OCITenantmanagercontrolplaneWorkRequestsList</S>
                <S>Invoke-OCITenantmanagercontrolplaneApproveOrganizationTenancyForTransfer</S>
                <S>Invoke-OCITenantmanagercontrolplaneIgnoreRecipientInvitation</S>
                <S>Invoke-OCITenantmanagercontrolplaneUnapproveOrganizationTenancyForTransfer</S>
                <S>New-OCITenantmanagercontrolplaneChildTenancy</S>
                <S>New-OCITenantmanagercontrolplaneDomain</S>
                <S>New-OCITenantmanagercontrolplaneDomainGovernance</S>
                <S>New-OCITenantmanagercontrolplaneSenderInvitation</S>
                <S>New-OCITenantmanagercontrolplaneSubscriptionMapping</S>
                <S>Receive-OCITenantmanagercontrolplaneRecipientInvitation</S>
                <S>Remove-OCITenantmanagercontrolplaneDomain</S>
                <S>Remove-OCITenantmanagercontrolplaneDomainGovernance</S>
                <S>Remove-OCITenantmanagercontrolplaneGovernance</S>
                <S>Remove-OCITenantmanagercontrolplaneLink</S>
                <S>Remove-OCITenantmanagercontrolplaneOrganizationTenancy</S>
                <S>Remove-OCITenantmanagercontrolplaneSubscriptionMapping</S>
                <S>Restore-OCITenantmanagercontrolplaneOrganizationTenancy</S>
                <S>Stop-OCITenantmanagercontrolplaneSenderInvitation</S>
                <S>Update-OCITenantmanagercontrolplaneDomain</S>
                <S>Update-OCITenantmanagercontrolplaneDomainGovernance</S>
                <S>Update-OCITenantmanagercontrolplaneOrganization</S>
                <S>Update-OCITenantmanagercontrolplaneRecipientInvitation</S>
                <S>Update-OCITenantmanagercontrolplaneSenderInvitation</S>
              </LST>
            </Obj>
          </En>
          <En>
            <S N="Key">Workflow</S>
            <Ref N="Value" RefId="5" />
          </En>
        </DCT>
      </Obj>
      <Nil N="PowerShellGetFormatVersion" />
      <S N="ReleaseNotes">https://github.com/oracle/oci-powershell-modules/blob/master/CHANGELOG.md</S>
      <Obj N="Dependencies" RefId="8">
        <TNRef RefId="2" />
        <LST>
          <Obj RefId="9">
            <TN RefId="4">
              <T>System.Collections.Specialized.OrderedDictionary</T>
              <T>System.Object</T>
            </TN>
            <DCT>
              <En>
                <S N="Key">Name</S>
                <S N="Value">OCI.PSModules.Common</S>
              </En>
              <En>
                <S N="Key">RequiredVersion</S>
                <S N="Value">120.0.0</S>
              </En>
              <En>
                <S N="Key">CanonicalId</S>
                <S N="Value">nuget:OCI.PSModules.Common/[120.0.0]</S>
              </En>
            </DCT>
          </Obj>
        </LST>
      </Obj>
      <S N="RepositorySourceLocation">https://www.powershellgallery.com/api/v2</S>
      <S N="Repository">PSGallery</S>
      <S N="PackageManagementProvider">NuGet</S>
      <Obj N="AdditionalMetadata" RefId="10">
        <TN RefId="5">
          <T>System.Management.Automation.PSCustomObject</T>
          <T>System.Object</T>
        </TN>
        <MS>
          <S N="copyright">(c) Oracle Cloud Infrastructure. All rights reserved.</S>
          <S N="description">This modules provides Cmdlets for OCI Tenantmanagercontrolplane Service</S>
          <S N="requireLicenseAcceptance">False</S>
          <S N="releaseNotes">https://github.com/oracle/oci-powershell-modules/blob/master/CHANGELOG.md</S>
          <S N="isLatestVersion">True</S>
          <S N="isAbsoluteLatestVersion">True</S>
          <S N="versionDownloadCount">45</S>
          <S N="downloadCount">12805</S>
          <S N="packageSize">186210</S>
          <S N="published">11/18/2025 6:53:51 PM +02:00</S>
          <S N="created">11/18/2025 6:53:51 PM +02:00</S>
          <S N="lastUpdated">11/26/2025 9:30:00 PM +02:00</S>
          <S N="tags">PSEdition_Core Windows Linux macOS Oracle OCI Cloud OracleCloudInfrastructure Tenantmanagercontrolplane PSModule PSCmdlet_Add-OCITenantmanagercontrolplaneGovernance PSCommand_Add-OCITenantmanagercontrolplaneGovernance PSCmdlet_Enable-OCITenantmanagercontrolplaneOrder PSCommand_Enable-OCITenantmanagercontrolplaneOrder PSCmdlet_Get-OCITenantmanagercontrolplaneAssignedSubscription PSCommand_Get-OCITenantmanagercontrolplaneAssignedSubscription PSCmdlet_Get-OCITenantmanagercontrolplaneAssignedSubscriptionLineItemsList PSCommand_Get-OCITenantmanagercontrolplaneAssignedSubscriptionLineItemsList PSCmdlet_Get-OCITenantmanagercontrolplaneAssignedSubscriptionsList PSCommand_Get-OCITenantmanagercontrolplaneAssignedSubscriptionsList PSCmdlet_Get-OCITenantmanagercontrolplaneAvailableRegionsList PSCommand_Get-OCITenantmanagercontrolplaneAvailableRegionsList PSCmdlet_Get-OCITenantmanagercontrolplaneDomain PSCommand_Get-OCITenantmanagercontrolplaneDomain PSCmdlet_Get-OCITenantmanagercontrolplaneDomainGovernance PSCommand_Get-OCITenantmanagercontrolplaneDomainGovernance PSCmdlet_Get-OCITenantmanagercontrolplaneDomainGovernancesList PSCommand_Get-OCITenantmanagercontrolplaneDomainGovernancesList PSCmdlet_Get-OCITenantmanagercontrolplaneDomainsList PSCommand_Get-OCITenantmanagercontrolplaneDomainsList PSCmdlet_Get-OCITenantmanagercontrolplaneLink PSCommand_Get-OCITenantmanagercontrolplaneLink PSCmdlet_Get-OCITenantmanagercontrolplaneLinksList PSCommand_Get-OCITenantmanagercontrolplaneLinksList PSCmdlet_Get-OCITenantmanagercontrolplaneOrder PSCommand_Get-OCITenantmanagercontrolplaneOrder PSCmdlet_Get-OCITenantmanagercontrolplaneOrganization PSCommand_Get-OCITenantmanagercontrolplaneOrganization PSCmdlet_Get-OCITenantmanagercontrolplaneOrganizationsList PSCommand_Get-OCITenantmanagercontrolplaneOrganizationsList PSCmdlet_Get-OCITenantmanagercontrolplaneOrganizationTenanciesList PSCommand_Get-OCITenantmanagercontrolplaneOrganizationTenanciesList PSCmdlet_Get-OCITenantmanagercontrolplaneOrganizationTenancy PSCommand_Get-OCITenantmanagercontrolplaneOrganizationTenancy PSCmdlet_Get-OCITenantmanagercontrolplaneRecipientInvitation PSCommand_Get-OCITenantmanagercontrolplaneRecipientInvitation PSCmdlet_Get-OCITenantmanagercontrolplaneRecipientInvitationsList PSCommand_Get-OCITenantmanagercontrolplaneRecipientInvitationsList PSCmdlet_Get-OCITenantmanagercontrolplaneSenderInvitation PSCommand_Get-OCITenantmanagercontrolplaneSenderInvitation PSCmdlet_Get-OCITenantmanagercontrolplaneSenderInvitationsList PSCommand_Get-OCITenantmanagercontrolplaneSenderInvitationsList PSCmdlet_Get-OCITenantmanagercontrolplaneSubscription PSCommand_Get-OCITenantmanagercontrolplaneSubscription PSCmdlet_Get-OCITenantmanagercontrolplaneSubscriptionLineItemsList PSCommand_Get-OCITenantmanagercontrolplaneSubscriptionLineItemsList PSCmdlet_Get-OCITenantmanagercontrolplaneSubscriptionMapping PSCommand_Get-OCITenantmanagercontrolplaneSubscriptionMapping PSCmdlet_Get-OCITenantmanagercontrolplaneSubscriptionMappingsList PSCommand_Get-OCITenantmanagercontrolplaneSubscriptionMappingsList PSCmdlet_Get-OCITenantmanagercontrolplaneSubscriptionsList PSCommand_Get-OCITenantmanagercontrolplaneSubscriptionsList PSCmdlet_Get-OCITenantmanagercontrolplaneWorkRequest PSCommand_Get-OCITenantmanagercontrolplaneWorkRequest PSCmdlet_Get-OCITenantmanagercontrolplaneWorkRequestErrorsList PSCommand_Get-OCITenantmanagercontrolplaneWorkRequestErrorsList PSCmdlet_Get-OCITenantmanagercontrolplaneWorkRequestLogsList PSCommand_Get-OCITenantmanagercontrolplaneWorkRequestLogsList PSCmdlet_Get-OCITenantmanagercontrolplaneWorkRequestsList PSCommand_Get-OCITenantmanagercontrolplaneWorkRequestsList PSCmdlet_Invoke-OCITenantmanagercontrolplaneApproveOrganizationTenancyForTransfer PSCommand_Invoke-OCITenantmanagercontrolplaneApproveOrganizationTenancyForTransfer PSCmdlet_Invoke-OCITenantmanagercontrolplaneIgnoreRecipientInvitation PSCommand_Invoke-OCITenantmanagercontrolplaneIgnoreRecipientInvitation PSCmdlet_Invoke-OCITenantmanagercontrolplaneUnapproveOrganizationTenancyForTransfer PSCommand_Invoke-OCITenantmanagercontrolplaneUnapproveOrganizationTenancyForTransfer PSCmdlet_New-OCITenantmanagercontrolplaneChildTenancy PSCommand_New-OCITenantmanagercontrolplaneChildTenancy PSCmdlet_New-OCITenantmanagercontrolplaneDomain PSCommand_New-OCITenantmanagercontrolplaneDomain PSCmdlet_New-OCITenantmanagercontrolplaneDomainGovernance PSCommand_New-OCITenantmanagercontrolplaneDomainGovernance PSCmdlet_New-OCITenantmanagercontrolplaneSenderInvitation PSCommand_New-OCITenantmanagercontrolplaneSenderInvitation PSCmdlet_New-OCITenantmanagercontrolplaneSubscriptionMapping PSCommand_New-OCITenantmanagercontrolplaneSubscriptionMapping PSCmdlet_Receive-OCITenantmanagercontrolplaneRecipientInvitation PSCommand_Receive-OCITenantmanagercontrolplaneRecipientInvitation PSCmdlet_Remove-OCITenantmanagercontrolplaneDomain PSCommand_Remove-OCITenantmanagercontrolplaneDomain PSCmdlet_Remove-OCITenantmanagercontrolplaneDomainGovernance PSCommand_Remove-OCITenantmanagercontrolplaneDomainGovernance PSCmdlet_Remove-OCITenantmanagercontrolplaneGovernance PSCommand_Remove-OCITenantmanagercontrolplaneGovernance PSCmdlet_Remove-OCITenantmanagercontrolplaneLink PSCommand_Remove-OCITenantmanagercontrolplaneLink PSCmdlet_Remove-OCITenantmanagercontrolplaneOrganizationTenancy PSCommand_Remove-OCITenantmanagercontrolplaneOrganizationTenancy PSCmdlet_Remove-OCITenantmanagercontrolplaneSubscriptionMapping PSCommand_Remove-OCITenantmanagercontrolplaneSubscriptionMapping PSCmdlet_Restore-OCITenantmanagercontrolplaneOrganizationTenancy PSCommand_Restore-OCITenantmanagercontrolplaneOrganizationTenancy PSCmdlet_Stop-OCITenantmanagercontrolplaneSenderInvitation PSCommand_Stop-OCITenantmanagercontrolplaneSenderInvitation PSCmdlet_Update-OCITenantmanagercontrolplaneDomain PSCommand_Update-OCITenantmanagercontrolplaneDomain PSCmdlet_Update-OCITenantmanagercontrolplaneDomainGovernance PSCommand_Update-OCITenantmanagercontrolplaneDomainGovernance PSCmdlet_Update-OCITenantmanagercontrolplaneOrganization PSCommand_Update-OCITenantmanagercontrolplaneOrganization PSCmdlet_Update-OCITenantmanagercontrolplaneRecipientInvitation PSCommand_Update-OCITenantmanagercontrolplaneRecipientInvitation PSCmdlet_Update-OCITenantmanagercontrolplaneSenderInvitation PSCommand_Update-OCITenantmanagercontrolplaneSenderInvitation PSIncludes_Cmdlet</S>
          <S N="developmentDependency">False</S>
          <S N="updated">2025-11-26T21:30:00Z</S>
          <S N="NormalizedVersion">120.0.0</S>
          <S N="Authors">Oracle Cloud Infrastructure</S>
          <S N="IsPrerelease">false</S>
          <S N="ItemType">Module</S>
          <S N="FileList">OCI.PSModules.Tenantmanagercontrolplane.nuspec|OCI.PSModules.Tenantmanagercontrolplane.psd1|OCI.PSModules.Tenantmanagercontrolplane.dll-Help.xml|LICENSE.txt|THIRD_PARTY_LICENSES.txt|assemblies\OCI.PSModules.Tenantmanagercontrolplane.dll|assemblies\OCI.DotNetSDK.Tenantmanagercontrolplane.dll</S>
          <S N="GUID">6b57c3ab-69f1-4092-a5c1-380523593dd4</S>
          <S N="PowerShellVersion">6.0</S>
          <S N="CompanyName">Oracle Corporation</S>
        </MS>
      </Obj>
      <S N="InstalledLocation">C:\Program Files\PowerShell\Modules\OCI.PSModules.Tenantmanagercontrolplane\120.0.0</S>
    </MS>
  </Obj>
</Objs>
