<Objs Version="1.1.0.1" xmlns="http://schemas.microsoft.com/powershell/2004/04">
  <Obj RefId="0">
    <TN RefId="0">
      <T>Microsoft.PowerShell.Commands.PSRepositoryItemInfo</T>
      <T>System.Management.Automation.PSCustomObject</T>
      <T>System.Object</T>
    </TN>
    <MS>
      <S N="Name">OCI.PSModules.Psql</S>
      <Version N="Version">120.0.0</Version>
      <S N="Type">Module</S>
      <S N="Description">This modules provides Cmdlets for OCI Psql Service</S>
      <S N="Author">Oracle Cloud Infrastructure</S>
      <S N="CompanyName">oci-psmodules-grp</S>
      <S N="Copyright">(c) Oracle Cloud Infrastructure. All rights reserved.</S>
      <DT N="PublishedDate">2025-11-18T18:51:46+02:00</DT>
      <Obj N="InstalledDate" RefId="1">
        <DT>2025-11-27T08:19:49.2513421+02:00</DT>
        <MS>
          <Obj N="DisplayHint" RefId="2">
            <TN RefId="1">
              <T>Microsoft.PowerShell.Commands.DisplayHintType</T>
              <T>System.Enum</T>
              <T>System.ValueType</T>
              <T>System.Object</T>
            </TN>
            <ToString>DateTime</ToString>
            <I32>2</I32>
          </Obj>
        </MS>
      </Obj>
      <Nil N="UpdatedDate" />
      <URI N="LicenseUri">https://github.com/oracle/oci-powershell-modules/blob/master/LICENSE.txt</URI>
      <URI N="ProjectUri">https://github.com/oracle/oci-powershell-modules/</URI>
      <URI N="IconUri">https://github.com/oracle/oci-powershell-modules/blob/master/icon.png</URI>
      <Obj N="Tags" RefId="3">
        <TN RefId="2">
          <T>System.Object[]</T>
          <T>System.Array</T>
          <T>System.Object</T>
        </TN>
        <LST>
          <S>PSEdition_Core</S>
          <S>Windows</S>
          <S>Linux</S>
          <S>macOS</S>
          <S>Oracle</S>
          <S>OCI</S>
          <S>Cloud</S>
          <S>OracleCloudInfrastructure</S>
          <S>Psql</S>
          <S>PSModule</S>
        </LST>
      </Obj>
      <Obj N="Includes" RefId="4">
        <TN RefId="3">
          <T>System.Collections.Hashtable</T>
          <T>System.Object</T>
        </TN>
        <DCT>
          <En>
            <S N="Key">Function</S>
            <Obj N="Value" RefId="5">
              <TNRef RefId="2" />
              <LST />
            </Obj>
          </En>
          <En>
            <S N="Key">RoleCapability</S>
            <Ref N="Value" RefId="5" />
          </En>
          <En>
            <S N="Key">Cmdlet</S>
            <Obj N="Value" RefId="6">
              <TNRef RefId="2" />
              <LST>
                <S>Backup-OCIPsqlCopy</S>
                <S>Get-OCIPsqlBackup</S>
                <S>Get-OCIPsqlBackupsList</S>
                <S>Get-OCIPsqlConfiguration</S>
                <S>Get-OCIPsqlConfigurationsList</S>
                <S>Get-OCIPsqlConnectionDetails</S>
                <S>Get-OCIPsqlDbSystem</S>
                <S>Get-OCIPsqlDbSystemsList</S>
                <S>Get-OCIPsqlDefaultConfiguration</S>
                <S>Get-OCIPsqlDefaultConfigurationsList</S>
                <S>Get-OCIPsqlPrimaryDbInstance</S>
                <S>Get-OCIPsqlShapesList</S>
                <S>Get-OCIPsqlWorkRequest</S>
                <S>Get-OCIPsqlWorkRequestErrorsList</S>
                <S>Get-OCIPsqlWorkRequestLogsList</S>
                <S>Get-OCIPsqlWorkRequestsList</S>
                <S>Invoke-OCIPsqlFailoverDbSystem</S>
                <S>Invoke-OCIPsqlPatchDbSystem</S>
                <S>Move-OCIPsqlBackupCompartment</S>
                <S>Move-OCIPsqlConfigurationCompartment</S>
                <S>Move-OCIPsqlDbSystemCompartment</S>
                <S>New-OCIPsqlBackup</S>
                <S>New-OCIPsqlConfiguration</S>
                <S>New-OCIPsqlDbSystem</S>
                <S>Remove-OCIPsqlBackup</S>
                <S>Remove-OCIPsqlConfiguration</S>
                <S>Remove-OCIPsqlDbSystem</S>
                <S>Reset-OCIPsqlMasterUserPassword</S>
                <S>Restart-OCIPsqlDbInstanceInDbSystem</S>
                <S>Restore-OCIPsqlDbSystem</S>
                <S>Update-OCIPsqlBackup</S>
                <S>Update-OCIPsqlConfiguration</S>
                <S>Update-OCIPsqlDbSystem</S>
                <S>Update-OCIPsqlDbSystemDbInstance</S>
              </LST>
            </Obj>
          </En>
          <En>
            <S N="Key">DscResource</S>
            <Ref N="Value" RefId="5" />
          </En>
          <En>
            <S N="Key">Command</S>
            <Obj N="Value" RefId="7">
              <TNRef RefId="2" />
              <LST>
                <S>Backup-OCIPsqlCopy</S>
                <S>Get-OCIPsqlBackup</S>
                <S>Get-OCIPsqlBackupsList</S>
                <S>Get-OCIPsqlConfiguration</S>
                <S>Get-OCIPsqlConfigurationsList</S>
                <S>Get-OCIPsqlConnectionDetails</S>
                <S>Get-OCIPsqlDbSystem</S>
                <S>Get-OCIPsqlDbSystemsList</S>
                <S>Get-OCIPsqlDefaultConfiguration</S>
                <S>Get-OCIPsqlDefaultConfigurationsList</S>
                <S>Get-OCIPsqlPrimaryDbInstance</S>
                <S>Get-OCIPsqlShapesList</S>
                <S>Get-OCIPsqlWorkRequest</S>
                <S>Get-OCIPsqlWorkRequestErrorsList</S>
                <S>Get-OCIPsqlWorkRequestLogsList</S>
                <S>Get-OCIPsqlWorkRequestsList</S>
                <S>Invoke-OCIPsqlFailoverDbSystem</S>
                <S>Invoke-OCIPsqlPatchDbSystem</S>
                <S>Move-OCIPsqlBackupCompartment</S>
                <S>Move-OCIPsqlConfigurationCompartment</S>
                <S>Move-OCIPsqlDbSystemCompartment</S>
                <S>New-OCIPsqlBackup</S>
                <S>New-OCIPsqlConfiguration</S>
                <S>New-OCIPsqlDbSystem</S>
                <S>Remove-OCIPsqlBackup</S>
                <S>Remove-OCIPsqlConfiguration</S>
                <S>Remove-OCIPsqlDbSystem</S>
                <S>Reset-OCIPsqlMasterUserPassword</S>
                <S>Restart-OCIPsqlDbInstanceInDbSystem</S>
                <S>Restore-OCIPsqlDbSystem</S>
                <S>Update-OCIPsqlBackup</S>
                <S>Update-OCIPsqlConfiguration</S>
                <S>Update-OCIPsqlDbSystem</S>
                <S>Update-OCIPsqlDbSystemDbInstance</S>
              </LST>
            </Obj>
          </En>
          <En>
            <S N="Key">Workflow</S>
            <Ref N="Value" RefId="5" />
          </En>
        </DCT>
      </Obj>
      <Nil N="PowerShellGetFormatVersion" />
      <S N="ReleaseNotes">https://github.com/oracle/oci-powershell-modules/blob/master/CHANGELOG.md</S>
      <Obj N="Dependencies" RefId="8">
        <TNRef RefId="2" />
        <LST>
          <Obj RefId="9">
            <TN RefId="4">
              <T>System.Collections.Specialized.OrderedDictionary</T>
              <T>System.Object</T>
            </TN>
            <DCT>
              <En>
                <S N="Key">Name</S>
                <S N="Value">OCI.PSModules.Common</S>
              </En>
              <En>
                <S N="Key">RequiredVersion</S>
                <S N="Value">120.0.0</S>
              </En>
              <En>
                <S N="Key">CanonicalId</S>
                <S N="Value">nuget:OCI.PSModules.Common/[120.0.0]</S>
              </En>
            </DCT>
          </Obj>
        </LST>
      </Obj>
      <S N="RepositorySourceLocation">https://www.powershellgallery.com/api/v2</S>
      <S N="Repository">PSGallery</S>
      <S N="PackageManagementProvider">NuGet</S>
      <Obj N="AdditionalMetadata" RefId="10">
        <TN RefId="5">
          <T>System.Management.Automation.PSCustomObject</T>
          <T>System.Object</T>
        </TN>
        <MS>
          <S N="copyright">(c) Oracle Cloud Infrastructure. All rights reserved.</S>
          <S N="description">This modules provides Cmdlets for OCI Psql Service</S>
          <S N="requireLicenseAcceptance">False</S>
          <S N="releaseNotes">https://github.com/oracle/oci-powershell-modules/blob/master/CHANGELOG.md</S>
          <S N="isLatestVersion">True</S>
          <S N="isAbsoluteLatestVersion">True</S>
          <S N="versionDownloadCount">45</S>
          <S N="downloadCount">7770</S>
          <S N="packageSize">148096</S>
          <S N="published">11/18/2025 6:51:46 PM +02:00</S>
          <S N="created">11/18/2025 6:51:46 PM +02:00</S>
          <S N="lastUpdated">11/26/2025 9:30:00 PM +02:00</S>
          <S N="tags">PSEdition_Core Windows Linux macOS Oracle OCI Cloud OracleCloudInfrastructure Psql PSModule PSCmdlet_Backup-OCIPsqlCopy PSCommand_Backup-OCIPsqlCopy PSCmdlet_Get-OCIPsqlBackup PSCommand_Get-OCIPsqlBackup PSCmdlet_Get-OCIPsqlBackupsList PSCommand_Get-OCIPsqlBackupsList PSCmdlet_Get-OCIPsqlConfiguration PSCommand_Get-OCIPsqlConfiguration PSCmdlet_Get-OCIPsqlConfigurationsList PSCommand_Get-OCIPsqlConfigurationsList PSCmdlet_Get-OCIPsqlConnectionDetails PSCommand_Get-OCIPsqlConnectionDetails PSCmdlet_Get-OCIPsqlDbSystem PSCommand_Get-OCIPsqlDbSystem PSCmdlet_Get-OCIPsqlDbSystemsList PSCommand_Get-OCIPsqlDbSystemsList PSCmdlet_Get-OCIPsqlDefaultConfiguration PSCommand_Get-OCIPsqlDefaultConfiguration PSCmdlet_Get-OCIPsqlDefaultConfigurationsList PSCommand_Get-OCIPsqlDefaultConfigurationsList PSCmdlet_Get-OCIPsqlPrimaryDbInstance PSCommand_Get-OCIPsqlPrimaryDbInstance PSCmdlet_Get-OCIPsqlShapesList PSCommand_Get-OCIPsqlShapesList PSCmdlet_Get-OCIPsqlWorkRequest PSCommand_Get-OCIPsqlWorkRequest PSCmdlet_Get-OCIPsqlWorkRequestErrorsList PSCommand_Get-OCIPsqlWorkRequestErrorsList PSCmdlet_Get-OCIPsqlWorkRequestLogsList PSCommand_Get-OCIPsqlWorkRequestLogsList PSCmdlet_Get-OCIPsqlWorkRequestsList PSCommand_Get-OCIPsqlWorkRequestsList PSCmdlet_Invoke-OCIPsqlFailoverDbSystem PSCommand_Invoke-OCIPsqlFailoverDbSystem PSCmdlet_Invoke-OCIPsqlPatchDbSystem PSCommand_Invoke-OCIPsqlPatchDbSystem PSCmdlet_Move-OCIPsqlBackupCompartment PSCommand_Move-OCIPsqlBackupCompartment PSCmdlet_Move-OCIPsqlConfigurationCompartment PSCommand_Move-OCIPsqlConfigurationCompartment PSCmdlet_Move-OCIPsqlDbSystemCompartment PSCommand_Move-OCIPsqlDbSystemCompartment PSCmdlet_New-OCIPsqlBackup PSCommand_New-OCIPsqlBackup PSCmdlet_New-OCIPsqlConfiguration PSCommand_New-OCIPsqlConfiguration PSCmdlet_New-OCIPsqlDbSystem PSCommand_New-OCIPsqlDbSystem PSCmdlet_Remove-OCIPsqlBackup PSCommand_Remove-OCIPsqlBackup PSCmdlet_Remove-OCIPsqlConfiguration PSCommand_Remove-OCIPsqlConfiguration PSCmdlet_Remove-OCIPsqlDbSystem PSCommand_Remove-OCIPsqlDbSystem PSCmdlet_Reset-OCIPsqlMasterUserPassword PSCommand_Reset-OCIPsqlMasterUserPassword PSCmdlet_Restart-OCIPsqlDbInstanceInDbSystem PSCommand_Restart-OCIPsqlDbInstanceInDbSystem PSCmdlet_Restore-OCIPsqlDbSystem PSCommand_Restore-OCIPsqlDbSystem PSCmdlet_Update-OCIPsqlBackup PSCommand_Update-OCIPsqlBackup PSCmdlet_Update-OCIPsqlConfiguration PSCommand_Update-OCIPsqlConfiguration PSCmdlet_Update-OCIPsqlDbSystem PSCommand_Update-OCIPsqlDbSystem PSCmdlet_Update-OCIPsqlDbSystemDbInstance PSCommand_Update-OCIPsqlDbSystemDbInstance PSIncludes_Cmdlet</S>
          <S N="developmentDependency">False</S>
          <S N="updated">2025-11-26T21:30:00Z</S>
          <S N="NormalizedVersion">120.0.0</S>
          <S N="Authors">Oracle Cloud Infrastructure</S>
          <S N="IsPrerelease">false</S>
          <S N="ItemType">Module</S>
          <S N="FileList">OCI.PSModules.Psql.nuspec|OCI.PSModules.Psql.psd1|LICENSE.txt|OCI.PSModules.Psql.dll-Help.xml|THIRD_PARTY_LICENSES.txt|assemblies\OCI.DotNetSDK.Psql.dll|assemblies\OCI.PSModules.Psql.dll</S>
          <S N="GUID">4e5ce5bb-7b1e-43a9-bd4b-3697eb32c070</S>
          <S N="PowerShellVersion">6.0</S>
          <S N="CompanyName">Oracle Corporation</S>
        </MS>
      </Obj>
      <S N="InstalledLocation">C:\Program Files\PowerShell\Modules\OCI.PSModules.Psql\120.0.0</S>
    </MS>
  </Obj>
</Objs>
