﻿<helpItems schema="maml"><command xmlns:maml="http://schemas.microsoft.com/maml/2004/10" xmlns:command="http://schemas.microsoft.com/maml/dev/command/2004/10" xmlns:dev="http://schemas.microsoft.com/maml/dev/2004/10"><details><name>Remove-MHCHomeRegionControl</name><description><para>Calls the AWS Migration Hub Config DeleteHomeRegionControl API operation.</para></description><verb>Remove</verb><noun>MHCHomeRegionControl</noun><copyright><para>&amp;copy; Copyright Amazon.com, Inc.or its affiliates.All Rights Reserved.</para></copyright></details><description><para>This operation deletes the home region configuration for the calling account. The operation does not delete discovery or migration tracking data in the home region. </para></description><syntax><syntaxItem><name>Remove-MHCHomeRegionControl</name><parameter required="True" variableLength="false" globbing="false" pipelineInput="True (ByValue, ByPropertyName)" position="1"><name>ControlId</name><description><para>A unique identifier that&#39;s generated for each home region control. It&#39;s always a string that begins with &quot;hrc-&quot; followed by 12 lowercase letters and numbers. </para></description><parameterValue required="true" variableLength="false">System.String</parameterValue></parameter><parameter required="False" variableLength="false" globbing="false" pipelineInput="True (ByPropertyName)" position="Named"><name>Select</name><description><para>Use the -Select parameter to control the cmdlet output. The cmdlet doesn&#39;t have a return value by default. Specifying -Select &#39;*&#39; will result in the cmdlet returning the whole service response (Amazon.MigrationHubConfig.Model.DeleteHomeRegionControlResponse). Specifying -Select &#39;^ParameterName&#39; will result in the cmdlet returning the selected cmdlet parameter value. </para></description><parameterValue required="true" variableLength="false">System.String</parameterValue></parameter><parameter required="False" variableLength="false" globbing="false" pipelineInput="True (ByPropertyName)" position="Named"><name>PassThru</name><description><para>Changes the cmdlet behavior to return the value passed to the ControlId parameter. The -PassThru parameter is deprecated, use -Select &#39;^ControlId&#39; instead. This parameter will be removed in a future version. </para></description><parameterValue required="true" variableLength="false">System.Management.Automation.SwitchParameter</parameterValue></parameter><parameter required="False" variableLength="false" globbing="false" pipelineInput="True (ByPropertyName)" position="Named"><name>Force</name><description><para>This parameter overrides confirmation prompts to force  the cmdlet to continue its operation. This parameter should always be used with caution. </para></description><parameterValue required="true" variableLength="false">System.Management.Automation.SwitchParameter</parameterValue></parameter><parameter required="False" variableLength="false" globbing="false" pipelineInput="True (ByPropertyName)" position="Named"><name>ClientConfig</name><description><para>Amazon.PowerShell.Cmdlets.MHC.AmazonMigrationHubConfigClientCmdlet.ClientConfig </para></description><parameterValue required="true" variableLength="false">Amazon.MigrationHubConfig.AmazonMigrationHubConfigConfig</parameterValue></parameter><parameter required="False" variableLength="false" globbing="false" pipelineInput="True (ByPropertyName)" position="Named"><name>EndpointUrl</name><description><para>The endpoint to make the call against. 
<b>Note:</b> This parameter is primarily for internal AWS use and is not required/should not be specified for  normal usage. The cmdlets normally determine which endpoint to call based on the region specified to the -Region parameter or set as default in the shell (via Set-DefaultAWSRegion). Only specify this parameter if you must direct the call to a specific custom endpoint. </para></description><parameterValue required="true" variableLength="false">System.String</parameterValue></parameter><parameter required="False" variableLength="false" globbing="false" pipelineInput="True (ByPropertyName)" position="Named"><name>Region</name><description><para>The system name of an AWS region or an AWSRegion instance. This governs the endpoint that will be used when calling service operations. Note that  the AWS resources referenced in a call are usually region-specific. </para></description><parameterValue required="true" variableLength="false">System.Object</parameterValue></parameter><parameter required="False" variableLength="false" globbing="false" pipelineInput="True (ByPropertyName)" position="Named"><name>AccessKey</name><description><para>The AWS access key for the user account. This can be a temporary access key if the corresponding session token is supplied to the -SessionToken parameter. </para></description><parameterValue required="true" variableLength="false">System.String</parameterValue></parameter><parameter required="False" variableLength="false" globbing="false" pipelineInput="True (ByPropertyName)" position="Named"><name>SecretKey</name><description><para>The AWS secret key for the user account. This can be a temporary secret key if the corresponding session token is supplied to the -SessionToken parameter. </para></description><parameterValue required="true" variableLength="false">System.String</parameterValue></parameter><parameter required="False" variableLength="false" globbing="false" pipelineInput="True (ByPropertyName)" position="Named"><name>SessionToken</name><description><para>The session token if the access and secret keys are temporary session-based credentials. </para></description><parameterValue required="true" variableLength="false">System.String</parameterValue></parameter><parameter required="False" variableLength="false" globbing="false" pipelineInput="True (ByPropertyName)" position="Named"><name>ProfileName</name><description><para>The user-defined name of an AWS credentials or SAML-based role profile containing credential information. The profile is expected to be found in the secure credential file shared with the AWS SDK for .NET and AWS Toolkit for Visual Studio. You can also specify the name of a profile stored in the .ini-format credential file used with  the AWS CLI and other AWS SDKs. </para></description><parameterValue required="true" variableLength="false">System.String</parameterValue></parameter><parameter required="False" variableLength="false" globbing="false" pipelineInput="True (ByPropertyName)" position="Named"><name>ProfileLocation</name><description><para>Used to specify the name and location of the ini-format credential file (shared with the AWS CLI and other AWS SDKs) 
If this optional parameter is omitted this cmdlet will search the encrypted credential file used by the AWS SDK for .NET and AWS Toolkit for Visual Studio first. If the profile is not found then the cmdlet will search in the ini-format credential file at the default location: (user&#39;s home directory)\.aws\credentials. 
If this parameter is specified then this cmdlet will only search the ini-format credential file at the location given. 
As the current folder can vary in a shell or during script execution it is advised that you use specify a fully qualified path instead of a relative path. </para></description><parameterValue required="true" variableLength="false">System.String</parameterValue></parameter><parameter required="False" variableLength="false" globbing="false" pipelineInput="True (ByValue, ByPropertyName)" position="Named"><name>Credential</name><description><para>An AWSCredentials object instance containing access and secret key information, and optionally a token for session-based credentials. </para></description><parameterValue required="true" variableLength="false">Amazon.Runtime.AWSCredentials</parameterValue></parameter><parameter required="False" variableLength="false" globbing="false" pipelineInput="True (ByValue, ByPropertyName)" position="Named"><name>NetworkCredential</name><description><para>Used with SAML-based authentication when ProfileName references a SAML role profile.  Contains the network credentials to be supplied during authentication with the  configured identity provider&#39;s endpoint. This parameter is not required if the user&#39;s default network identity can or should be used during authentication. </para></description><parameterValue required="true" variableLength="false">System.Management.Automation.PSCredential</parameterValue></parameter></syntaxItem></syntax><parameters><parameter required="False" variableLength="false" globbing="false" pipelineInput="True (ByPropertyName)" position="Named"><name>AccessKey</name><description><para>The AWS access key for the user account. This can be a temporary access key if the corresponding session token is supplied to the -SessionToken parameter. </para></description><parameterValue required="true" variableLength="false">System.String</parameterValue><type><name>System.String</name><uri /></type><defaultValue>None</defaultValue></parameter><parameter required="False" variableLength="false" globbing="false" pipelineInput="True (ByPropertyName)" position="Named"><name>ClientConfig</name><description><para>Amazon.PowerShell.Cmdlets.MHC.AmazonMigrationHubConfigClientCmdlet.ClientConfig </para></description><parameterValue required="true" variableLength="false">Amazon.MigrationHubConfig.AmazonMigrationHubConfigConfig</parameterValue><type><name>Amazon.MigrationHubConfig.AmazonMigrationHubConfigConfig</name><uri /></type><defaultValue>None</defaultValue></parameter><parameter required="True" variableLength="false" globbing="false" pipelineInput="True (ByValue, ByPropertyName)" position="1"><name>ControlId</name><description><para>A unique identifier that&#39;s generated for each home region control. It&#39;s always a string that begins with &quot;hrc-&quot; followed by 12 lowercase letters and numbers. </para></description><parameterValue required="true" variableLength="false">System.String</parameterValue><type><name>System.String</name><uri /></type><defaultValue>None</defaultValue></parameter><parameter required="False" variableLength="false" globbing="false" pipelineInput="True (ByValue, ByPropertyName)" position="Named"><name>Credential</name><description><para>An AWSCredentials object instance containing access and secret key information, and optionally a token for session-based credentials. </para></description><parameterValue required="true" variableLength="false">Amazon.Runtime.AWSCredentials</parameterValue><type><name>Amazon.Runtime.AWSCredentials</name><uri /></type><defaultValue>None</defaultValue></parameter><parameter required="False" variableLength="false" globbing="false" pipelineInput="True (ByPropertyName)" position="Named"><name>EndpointUrl</name><description><para>The endpoint to make the call against. 
<b>Note:</b> This parameter is primarily for internal AWS use and is not required/should not be specified for  normal usage. The cmdlets normally determine which endpoint to call based on the region specified to the -Region parameter or set as default in the shell (via Set-DefaultAWSRegion). Only specify this parameter if you must direct the call to a specific custom endpoint. </para></description><parameterValue required="true" variableLength="false">System.String</parameterValue><type><name>System.String</name><uri /></type><defaultValue>None</defaultValue></parameter><parameter required="False" variableLength="false" globbing="false" pipelineInput="True (ByPropertyName)" position="Named"><name>Force</name><description><para>This parameter overrides confirmation prompts to force  the cmdlet to continue its operation. This parameter should always be used with caution. </para></description><parameterValue required="true" variableLength="false">System.Management.Automation.SwitchParameter</parameterValue><type><name>System.Management.Automation.SwitchParameter</name><uri /></type><defaultValue>None</defaultValue></parameter><parameter required="False" variableLength="false" globbing="false" pipelineInput="True (ByValue, ByPropertyName)" position="Named"><name>NetworkCredential</name><description><para>Used with SAML-based authentication when ProfileName references a SAML role profile.  Contains the network credentials to be supplied during authentication with the  configured identity provider&#39;s endpoint. This parameter is not required if the user&#39;s default network identity can or should be used during authentication. </para></description><parameterValue required="true" variableLength="false">System.Management.Automation.PSCredential</parameterValue><type><name>System.Management.Automation.PSCredential</name><uri /></type><defaultValue>None</defaultValue></parameter><parameter required="False" variableLength="false" globbing="false" pipelineInput="True (ByPropertyName)" position="Named"><name>PassThru</name><description><para>Changes the cmdlet behavior to return the value passed to the ControlId parameter. The -PassThru parameter is deprecated, use -Select &#39;^ControlId&#39; instead. This parameter will be removed in a future version. </para></description><parameterValue required="true" variableLength="false">System.Management.Automation.SwitchParameter</parameterValue><type><name>System.Management.Automation.SwitchParameter</name><uri /></type><defaultValue>None</defaultValue></parameter><parameter required="False" variableLength="false" globbing="false" pipelineInput="True (ByPropertyName)" position="Named"><name>ProfileLocation</name><description><para>Used to specify the name and location of the ini-format credential file (shared with the AWS CLI and other AWS SDKs) 
If this optional parameter is omitted this cmdlet will search the encrypted credential file used by the AWS SDK for .NET and AWS Toolkit for Visual Studio first. If the profile is not found then the cmdlet will search in the ini-format credential file at the default location: (user&#39;s home directory)\.aws\credentials. 
If this parameter is specified then this cmdlet will only search the ini-format credential file at the location given. 
As the current folder can vary in a shell or during script execution it is advised that you use specify a fully qualified path instead of a relative path. </para></description><parameterValue required="true" variableLength="false">System.String</parameterValue><type><name>System.String</name><uri /></type><defaultValue>None</defaultValue></parameter><parameter required="False" variableLength="false" globbing="false" pipelineInput="True (ByPropertyName)" position="Named"><name>ProfileName</name><description><para>The user-defined name of an AWS credentials or SAML-based role profile containing credential information. The profile is expected to be found in the secure credential file shared with the AWS SDK for .NET and AWS Toolkit for Visual Studio. You can also specify the name of a profile stored in the .ini-format credential file used with  the AWS CLI and other AWS SDKs. </para></description><parameterValue required="true" variableLength="false">System.String</parameterValue><type><name>System.String</name><uri /></type><defaultValue>None</defaultValue></parameter><parameter required="False" variableLength="false" globbing="false" pipelineInput="True (ByPropertyName)" position="Named"><name>Region</name><description><para>The system name of an AWS region or an AWSRegion instance. This governs the endpoint that will be used when calling service operations. Note that  the AWS resources referenced in a call are usually region-specific. </para></description><parameterValue required="true" variableLength="false">System.Object</parameterValue><type><name>System.Object</name><uri /></type><defaultValue>None</defaultValue></parameter><parameter required="False" variableLength="false" globbing="false" pipelineInput="True (ByPropertyName)" position="Named"><name>SecretKey</name><description><para>The AWS secret key for the user account. This can be a temporary secret key if the corresponding session token is supplied to the -SessionToken parameter. </para></description><parameterValue required="true" variableLength="false">System.String</parameterValue><type><name>System.String</name><uri /></type><defaultValue>None</defaultValue></parameter><parameter required="False" variableLength="false" globbing="false" pipelineInput="True (ByPropertyName)" position="Named"><name>Select</name><description><para>Use the -Select parameter to control the cmdlet output. The cmdlet doesn&#39;t have a return value by default. Specifying -Select &#39;*&#39; will result in the cmdlet returning the whole service response (Amazon.MigrationHubConfig.Model.DeleteHomeRegionControlResponse). Specifying -Select &#39;^ParameterName&#39; will result in the cmdlet returning the selected cmdlet parameter value. </para></description><parameterValue required="true" variableLength="false">System.String</parameterValue><type><name>System.String</name><uri /></type><defaultValue>None</defaultValue></parameter><parameter required="False" variableLength="false" globbing="false" pipelineInput="True (ByPropertyName)" position="Named"><name>SessionToken</name><description><para>The session token if the access and secret keys are temporary session-based credentials. </para></description><parameterValue required="true" variableLength="false">System.String</parameterValue><type><name>System.String</name><uri /></type><defaultValue>None</defaultValue></parameter></parameters><returnValues><returnValue><type><name>None or Amazon.MigrationHubConfig.Model.DeleteHomeRegionControlResponse</name><uri /><description /></type><description><para>This cmdlet does not generate any output.The service response (type Amazon.MigrationHubConfig.Model.DeleteHomeRegionControlResponse) be returned by specifying '-Select *'.</para></description></returnValue></returnValues><relatedLinks><navigationLink><linkText>Online version:</linkText><uri>http://docs.aws.amazon.com/powershell/latest/reference/index.html?page=Remove-MHCHomeRegionControl.html&amp;tocid=Remove-MHCHomeRegionControl</uri></navigationLink><navigationLink><linkText>Common credential and region parameters: </linkText><uri>http://docs.aws.amazon.com/powershell/latest/reference/items/pstoolsref-commonparams.html</uri></navigationLink></relatedLinks></command><command xmlns:maml="http://schemas.microsoft.com/maml/2004/10" xmlns:command="http://schemas.microsoft.com/maml/dev/command/2004/10" xmlns:dev="http://schemas.microsoft.com/maml/dev/2004/10"><details><name>Get-MHCHomeRegion</name><description><para>Calls the AWS Migration Hub Config GetHomeRegion API operation.</para></description><verb>Get</verb><noun>MHCHomeRegion</noun><copyright><para>&amp;copy; Copyright Amazon.com, Inc.or its affiliates.All Rights Reserved.</para></copyright></details><description><para>Returns the calling account’s home region, if configured. This API is used by other AWS services to determine the regional endpoint for calling AWS Application Discovery Service and Migration Hub. You must call <c>GetHomeRegion</c> at least once before you call any other AWS Application Discovery Service and AWS Migration Hub APIs, to obtain the account&amp;#39;s Migration Hub home region. </para></description><syntax><syntaxItem><name>Get-MHCHomeRegion</name><parameter required="False" variableLength="false" globbing="false" pipelineInput="True (ByPropertyName)" position="Named"><name>Select</name><description><para>Use the -Select parameter to control the cmdlet output. The default value is &#39;HomeRegion&#39;. Specifying -Select &#39;*&#39; will result in the cmdlet returning the whole service response (Amazon.MigrationHubConfig.Model.GetHomeRegionResponse). Specifying the name of a property of type Amazon.MigrationHubConfig.Model.GetHomeRegionResponse will result in that property being returned. Specifying -Select &#39;^ParameterName&#39; will result in the cmdlet returning the selected cmdlet parameter value. </para></description><parameterValue required="true" variableLength="false">System.String</parameterValue></parameter><parameter required="False" variableLength="false" globbing="false" pipelineInput="True (ByPropertyName)" position="Named"><name>ClientConfig</name><description><para>Amazon.PowerShell.Cmdlets.MHC.AmazonMigrationHubConfigClientCmdlet.ClientConfig </para></description><parameterValue required="true" variableLength="false">Amazon.MigrationHubConfig.AmazonMigrationHubConfigConfig</parameterValue></parameter><parameter required="False" variableLength="false" globbing="false" pipelineInput="True (ByPropertyName)" position="Named"><name>EndpointUrl</name><description><para>The endpoint to make the call against. 
<b>Note:</b> This parameter is primarily for internal AWS use and is not required/should not be specified for  normal usage. The cmdlets normally determine which endpoint to call based on the region specified to the -Region parameter or set as default in the shell (via Set-DefaultAWSRegion). Only specify this parameter if you must direct the call to a specific custom endpoint. </para></description><parameterValue required="true" variableLength="false">System.String</parameterValue></parameter><parameter required="False" variableLength="false" globbing="false" pipelineInput="True (ByPropertyName)" position="Named"><name>Region</name><description><para>The system name of an AWS region or an AWSRegion instance. This governs the endpoint that will be used when calling service operations. Note that  the AWS resources referenced in a call are usually region-specific. </para></description><parameterValue required="true" variableLength="false">System.Object</parameterValue></parameter><parameter required="False" variableLength="false" globbing="false" pipelineInput="True (ByPropertyName)" position="Named"><name>AccessKey</name><description><para>The AWS access key for the user account. This can be a temporary access key if the corresponding session token is supplied to the -SessionToken parameter. </para></description><parameterValue required="true" variableLength="false">System.String</parameterValue></parameter><parameter required="False" variableLength="false" globbing="false" pipelineInput="True (ByPropertyName)" position="Named"><name>SecretKey</name><description><para>The AWS secret key for the user account. This can be a temporary secret key if the corresponding session token is supplied to the -SessionToken parameter. </para></description><parameterValue required="true" variableLength="false">System.String</parameterValue></parameter><parameter required="False" variableLength="false" globbing="false" pipelineInput="True (ByPropertyName)" position="Named"><name>SessionToken</name><description><para>The session token if the access and secret keys are temporary session-based credentials. </para></description><parameterValue required="true" variableLength="false">System.String</parameterValue></parameter><parameter required="False" variableLength="false" globbing="false" pipelineInput="True (ByPropertyName)" position="Named"><name>ProfileName</name><description><para>The user-defined name of an AWS credentials or SAML-based role profile containing credential information. The profile is expected to be found in the secure credential file shared with the AWS SDK for .NET and AWS Toolkit for Visual Studio. You can also specify the name of a profile stored in the .ini-format credential file used with  the AWS CLI and other AWS SDKs. </para></description><parameterValue required="true" variableLength="false">System.String</parameterValue></parameter><parameter required="False" variableLength="false" globbing="false" pipelineInput="True (ByPropertyName)" position="Named"><name>ProfileLocation</name><description><para>Used to specify the name and location of the ini-format credential file (shared with the AWS CLI and other AWS SDKs) 
If this optional parameter is omitted this cmdlet will search the encrypted credential file used by the AWS SDK for .NET and AWS Toolkit for Visual Studio first. If the profile is not found then the cmdlet will search in the ini-format credential file at the default location: (user&#39;s home directory)\.aws\credentials. 
If this parameter is specified then this cmdlet will only search the ini-format credential file at the location given. 
As the current folder can vary in a shell or during script execution it is advised that you use specify a fully qualified path instead of a relative path. </para></description><parameterValue required="true" variableLength="false">System.String</parameterValue></parameter><parameter required="False" variableLength="false" globbing="false" pipelineInput="True (ByValue, ByPropertyName)" position="Named"><name>Credential</name><description><para>An AWSCredentials object instance containing access and secret key information, and optionally a token for session-based credentials. </para></description><parameterValue required="true" variableLength="false">Amazon.Runtime.AWSCredentials</parameterValue></parameter><parameter required="False" variableLength="false" globbing="false" pipelineInput="True (ByValue, ByPropertyName)" position="Named"><name>NetworkCredential</name><description><para>Used with SAML-based authentication when ProfileName references a SAML role profile.  Contains the network credentials to be supplied during authentication with the  configured identity provider&#39;s endpoint. This parameter is not required if the user&#39;s default network identity can or should be used during authentication. </para></description><parameterValue required="true" variableLength="false">System.Management.Automation.PSCredential</parameterValue></parameter></syntaxItem></syntax><parameters><parameter required="False" variableLength="false" globbing="false" pipelineInput="True (ByPropertyName)" position="Named"><name>AccessKey</name><description><para>The AWS access key for the user account. This can be a temporary access key if the corresponding session token is supplied to the -SessionToken parameter. </para></description><parameterValue required="true" variableLength="false">System.String</parameterValue><type><name>System.String</name><uri /></type><defaultValue>None</defaultValue></parameter><parameter required="False" variableLength="false" globbing="false" pipelineInput="True (ByPropertyName)" position="Named"><name>ClientConfig</name><description><para>Amazon.PowerShell.Cmdlets.MHC.AmazonMigrationHubConfigClientCmdlet.ClientConfig </para></description><parameterValue required="true" variableLength="false">Amazon.MigrationHubConfig.AmazonMigrationHubConfigConfig</parameterValue><type><name>Amazon.MigrationHubConfig.AmazonMigrationHubConfigConfig</name><uri /></type><defaultValue>None</defaultValue></parameter><parameter required="False" variableLength="false" globbing="false" pipelineInput="True (ByValue, ByPropertyName)" position="Named"><name>Credential</name><description><para>An AWSCredentials object instance containing access and secret key information, and optionally a token for session-based credentials. </para></description><parameterValue required="true" variableLength="false">Amazon.Runtime.AWSCredentials</parameterValue><type><name>Amazon.Runtime.AWSCredentials</name><uri /></type><defaultValue>None</defaultValue></parameter><parameter required="False" variableLength="false" globbing="false" pipelineInput="True (ByPropertyName)" position="Named"><name>EndpointUrl</name><description><para>The endpoint to make the call against. 
<b>Note:</b> This parameter is primarily for internal AWS use and is not required/should not be specified for  normal usage. The cmdlets normally determine which endpoint to call based on the region specified to the -Region parameter or set as default in the shell (via Set-DefaultAWSRegion). Only specify this parameter if you must direct the call to a specific custom endpoint. </para></description><parameterValue required="true" variableLength="false">System.String</parameterValue><type><name>System.String</name><uri /></type><defaultValue>None</defaultValue></parameter><parameter required="False" variableLength="false" globbing="false" pipelineInput="True (ByValue, ByPropertyName)" position="Named"><name>NetworkCredential</name><description><para>Used with SAML-based authentication when ProfileName references a SAML role profile.  Contains the network credentials to be supplied during authentication with the  configured identity provider&#39;s endpoint. This parameter is not required if the user&#39;s default network identity can or should be used during authentication. </para></description><parameterValue required="true" variableLength="false">System.Management.Automation.PSCredential</parameterValue><type><name>System.Management.Automation.PSCredential</name><uri /></type><defaultValue>None</defaultValue></parameter><parameter required="False" variableLength="false" globbing="false" pipelineInput="True (ByPropertyName)" position="Named"><name>ProfileLocation</name><description><para>Used to specify the name and location of the ini-format credential file (shared with the AWS CLI and other AWS SDKs) 
If this optional parameter is omitted this cmdlet will search the encrypted credential file used by the AWS SDK for .NET and AWS Toolkit for Visual Studio first. If the profile is not found then the cmdlet will search in the ini-format credential file at the default location: (user&#39;s home directory)\.aws\credentials. 
If this parameter is specified then this cmdlet will only search the ini-format credential file at the location given. 
As the current folder can vary in a shell or during script execution it is advised that you use specify a fully qualified path instead of a relative path. </para></description><parameterValue required="true" variableLength="false">System.String</parameterValue><type><name>System.String</name><uri /></type><defaultValue>None</defaultValue></parameter><parameter required="False" variableLength="false" globbing="false" pipelineInput="True (ByPropertyName)" position="Named"><name>ProfileName</name><description><para>The user-defined name of an AWS credentials or SAML-based role profile containing credential information. The profile is expected to be found in the secure credential file shared with the AWS SDK for .NET and AWS Toolkit for Visual Studio. You can also specify the name of a profile stored in the .ini-format credential file used with  the AWS CLI and other AWS SDKs. </para></description><parameterValue required="true" variableLength="false">System.String</parameterValue><type><name>System.String</name><uri /></type><defaultValue>None</defaultValue></parameter><parameter required="False" variableLength="false" globbing="false" pipelineInput="True (ByPropertyName)" position="Named"><name>Region</name><description><para>The system name of an AWS region or an AWSRegion instance. This governs the endpoint that will be used when calling service operations. Note that  the AWS resources referenced in a call are usually region-specific. </para></description><parameterValue required="true" variableLength="false">System.Object</parameterValue><type><name>System.Object</name><uri /></type><defaultValue>None</defaultValue></parameter><parameter required="False" variableLength="false" globbing="false" pipelineInput="True (ByPropertyName)" position="Named"><name>SecretKey</name><description><para>The AWS secret key for the user account. This can be a temporary secret key if the corresponding session token is supplied to the -SessionToken parameter. </para></description><parameterValue required="true" variableLength="false">System.String</parameterValue><type><name>System.String</name><uri /></type><defaultValue>None</defaultValue></parameter><parameter required="False" variableLength="false" globbing="false" pipelineInput="True (ByPropertyName)" position="Named"><name>Select</name><description><para>Use the -Select parameter to control the cmdlet output. The default value is &#39;HomeRegion&#39;. Specifying -Select &#39;*&#39; will result in the cmdlet returning the whole service response (Amazon.MigrationHubConfig.Model.GetHomeRegionResponse). Specifying the name of a property of type Amazon.MigrationHubConfig.Model.GetHomeRegionResponse will result in that property being returned. Specifying -Select &#39;^ParameterName&#39; will result in the cmdlet returning the selected cmdlet parameter value. </para></description><parameterValue required="true" variableLength="false">System.String</parameterValue><type><name>System.String</name><uri /></type><defaultValue>None</defaultValue></parameter><parameter required="False" variableLength="false" globbing="false" pipelineInput="True (ByPropertyName)" position="Named"><name>SessionToken</name><description><para>The session token if the access and secret keys are temporary session-based credentials. </para></description><parameterValue required="true" variableLength="false">System.String</parameterValue><type><name>System.String</name><uri /></type><defaultValue>None</defaultValue></parameter></parameters><returnValues><returnValue><type><name>System.String or Amazon.MigrationHubConfig.Model.GetHomeRegionResponse</name><uri /><description /></type><description><para>This cmdlet returns a System.String object.
The service call response (type Amazon.MigrationHubConfig.Model.GetHomeRegionResponse) can be returned by specifying '-Select *'.</para></description></returnValue></returnValues><relatedLinks><navigationLink><linkText>Online version:</linkText><uri>http://docs.aws.amazon.com/powershell/latest/reference/index.html?page=Get-MHCHomeRegion.html&amp;tocid=Get-MHCHomeRegion</uri></navigationLink><navigationLink><linkText>Common credential and region parameters: </linkText><uri>http://docs.aws.amazon.com/powershell/latest/reference/items/pstoolsref-commonparams.html</uri></navigationLink></relatedLinks></command><command xmlns:maml="http://schemas.microsoft.com/maml/2004/10" xmlns:command="http://schemas.microsoft.com/maml/dev/command/2004/10" xmlns:dev="http://schemas.microsoft.com/maml/dev/2004/10"><details><name>New-MHCHomeRegionControl</name><description><para>Calls the AWS Migration Hub Config CreateHomeRegionControl API operation.</para></description><verb>New</verb><noun>MHCHomeRegionControl</noun><copyright><para>&amp;copy; Copyright Amazon.com, Inc.or its affiliates.All Rights Reserved.</para></copyright></details><description><para>This API sets up the home region for the calling account only. </para></description><syntax><syntaxItem><name>New-MHCHomeRegionControl</name><parameter required="True" variableLength="false" globbing="false" pipelineInput="True (ByValue, ByPropertyName)" position="1"><name>HomeRegion</name><description><para>The name of the home region of the calling account. </para></description><parameterValue required="true" variableLength="false">System.String</parameterValue></parameter><parameter required="False" variableLength="false" globbing="false" pipelineInput="True (ByPropertyName)" position="Named"><name>DryRun</name><description><para>Optional Boolean flag to indicate whether any effect should take place. It tests whether the caller has permission to make the call. </para></description><parameterValue required="true" variableLength="false">System.Boolean</parameterValue></parameter><parameter required="False" variableLength="false" globbing="false" pipelineInput="True (ByPropertyName)" position="Named"><name>Target_Id</name><description><para>The <c>TargetID</c> is a 12-character identifier of the <c>ACCOUNT</c> for which the control was created. (This must be the current account.)  </para></description><parameterValue required="true" variableLength="false">System.String</parameterValue></parameter><parameter required="True" variableLength="false" globbing="false" pipelineInput="True (ByPropertyName)" position="Named"><name>Target_Type</name><description><para>The target type is always an <c>ACCOUNT</c>. </para></description><parameterValue required="true" variableLength="false">Amazon.MigrationHubConfig.TargetType</parameterValue></parameter><parameter required="False" variableLength="false" globbing="false" pipelineInput="True (ByPropertyName)" position="Named"><name>Select</name><description><para>Use the -Select parameter to control the cmdlet output. The default value is &#39;HomeRegionControl&#39;. Specifying -Select &#39;*&#39; will result in the cmdlet returning the whole service response (Amazon.MigrationHubConfig.Model.CreateHomeRegionControlResponse). Specifying the name of a property of type Amazon.MigrationHubConfig.Model.CreateHomeRegionControlResponse will result in that property being returned. Specifying -Select &#39;^ParameterName&#39; will result in the cmdlet returning the selected cmdlet parameter value. </para></description><parameterValue required="true" variableLength="false">System.String</parameterValue></parameter><parameter required="False" variableLength="false" globbing="false" pipelineInput="True (ByPropertyName)" position="Named"><name>PassThru</name><description><para>Changes the cmdlet behavior to return the value passed to the HomeRegion parameter. The -PassThru parameter is deprecated, use -Select &#39;^HomeRegion&#39; instead. This parameter will be removed in a future version. </para></description><parameterValue required="true" variableLength="false">System.Management.Automation.SwitchParameter</parameterValue></parameter><parameter required="False" variableLength="false" globbing="false" pipelineInput="True (ByPropertyName)" position="Named"><name>Force</name><description><para>This parameter overrides confirmation prompts to force  the cmdlet to continue its operation. This parameter should always be used with caution. </para></description><parameterValue required="true" variableLength="false">System.Management.Automation.SwitchParameter</parameterValue></parameter><parameter required="False" variableLength="false" globbing="false" pipelineInput="True (ByPropertyName)" position="Named"><name>ClientConfig</name><description><para>Amazon.PowerShell.Cmdlets.MHC.AmazonMigrationHubConfigClientCmdlet.ClientConfig </para></description><parameterValue required="true" variableLength="false">Amazon.MigrationHubConfig.AmazonMigrationHubConfigConfig</parameterValue></parameter><parameter required="False" variableLength="false" globbing="false" pipelineInput="True (ByPropertyName)" position="Named"><name>EndpointUrl</name><description><para>The endpoint to make the call against. 
<b>Note:</b> This parameter is primarily for internal AWS use and is not required/should not be specified for  normal usage. The cmdlets normally determine which endpoint to call based on the region specified to the -Region parameter or set as default in the shell (via Set-DefaultAWSRegion). Only specify this parameter if you must direct the call to a specific custom endpoint. </para></description><parameterValue required="true" variableLength="false">System.String</parameterValue></parameter><parameter required="False" variableLength="false" globbing="false" pipelineInput="True (ByPropertyName)" position="Named"><name>Region</name><description><para>The system name of an AWS region or an AWSRegion instance. This governs the endpoint that will be used when calling service operations. Note that  the AWS resources referenced in a call are usually region-specific. </para></description><parameterValue required="true" variableLength="false">System.Object</parameterValue></parameter><parameter required="False" variableLength="false" globbing="false" pipelineInput="True (ByPropertyName)" position="Named"><name>AccessKey</name><description><para>The AWS access key for the user account. This can be a temporary access key if the corresponding session token is supplied to the -SessionToken parameter. </para></description><parameterValue required="true" variableLength="false">System.String</parameterValue></parameter><parameter required="False" variableLength="false" globbing="false" pipelineInput="True (ByPropertyName)" position="Named"><name>SecretKey</name><description><para>The AWS secret key for the user account. This can be a temporary secret key if the corresponding session token is supplied to the -SessionToken parameter. </para></description><parameterValue required="true" variableLength="false">System.String</parameterValue></parameter><parameter required="False" variableLength="false" globbing="false" pipelineInput="True (ByPropertyName)" position="Named"><name>SessionToken</name><description><para>The session token if the access and secret keys are temporary session-based credentials. </para></description><parameterValue required="true" variableLength="false">System.String</parameterValue></parameter><parameter required="False" variableLength="false" globbing="false" pipelineInput="True (ByPropertyName)" position="Named"><name>ProfileName</name><description><para>The user-defined name of an AWS credentials or SAML-based role profile containing credential information. The profile is expected to be found in the secure credential file shared with the AWS SDK for .NET and AWS Toolkit for Visual Studio. You can also specify the name of a profile stored in the .ini-format credential file used with  the AWS CLI and other AWS SDKs. </para></description><parameterValue required="true" variableLength="false">System.String</parameterValue></parameter><parameter required="False" variableLength="false" globbing="false" pipelineInput="True (ByPropertyName)" position="Named"><name>ProfileLocation</name><description><para>Used to specify the name and location of the ini-format credential file (shared with the AWS CLI and other AWS SDKs) 
If this optional parameter is omitted this cmdlet will search the encrypted credential file used by the AWS SDK for .NET and AWS Toolkit for Visual Studio first. If the profile is not found then the cmdlet will search in the ini-format credential file at the default location: (user&#39;s home directory)\.aws\credentials. 
If this parameter is specified then this cmdlet will only search the ini-format credential file at the location given. 
As the current folder can vary in a shell or during script execution it is advised that you use specify a fully qualified path instead of a relative path. </para></description><parameterValue required="true" variableLength="false">System.String</parameterValue></parameter><parameter required="False" variableLength="false" globbing="false" pipelineInput="True (ByValue, ByPropertyName)" position="Named"><name>Credential</name><description><para>An AWSCredentials object instance containing access and secret key information, and optionally a token for session-based credentials. </para></description><parameterValue required="true" variableLength="false">Amazon.Runtime.AWSCredentials</parameterValue></parameter><parameter required="False" variableLength="false" globbing="false" pipelineInput="True (ByValue, ByPropertyName)" position="Named"><name>NetworkCredential</name><description><para>Used with SAML-based authentication when ProfileName references a SAML role profile.  Contains the network credentials to be supplied during authentication with the  configured identity provider&#39;s endpoint. This parameter is not required if the user&#39;s default network identity can or should be used during authentication. </para></description><parameterValue required="true" variableLength="false">System.Management.Automation.PSCredential</parameterValue></parameter></syntaxItem></syntax><parameters><parameter required="False" variableLength="false" globbing="false" pipelineInput="True (ByPropertyName)" position="Named"><name>AccessKey</name><description><para>The AWS access key for the user account. This can be a temporary access key if the corresponding session token is supplied to the -SessionToken parameter. </para></description><parameterValue required="true" variableLength="false">System.String</parameterValue><type><name>System.String</name><uri /></type><defaultValue>None</defaultValue></parameter><parameter required="False" variableLength="false" globbing="false" pipelineInput="True (ByPropertyName)" position="Named"><name>ClientConfig</name><description><para>Amazon.PowerShell.Cmdlets.MHC.AmazonMigrationHubConfigClientCmdlet.ClientConfig </para></description><parameterValue required="true" variableLength="false">Amazon.MigrationHubConfig.AmazonMigrationHubConfigConfig</parameterValue><type><name>Amazon.MigrationHubConfig.AmazonMigrationHubConfigConfig</name><uri /></type><defaultValue>None</defaultValue></parameter><parameter required="False" variableLength="false" globbing="false" pipelineInput="True (ByValue, ByPropertyName)" position="Named"><name>Credential</name><description><para>An AWSCredentials object instance containing access and secret key information, and optionally a token for session-based credentials. </para></description><parameterValue required="true" variableLength="false">Amazon.Runtime.AWSCredentials</parameterValue><type><name>Amazon.Runtime.AWSCredentials</name><uri /></type><defaultValue>None</defaultValue></parameter><parameter required="False" variableLength="false" globbing="false" pipelineInput="True (ByPropertyName)" position="Named"><name>DryRun</name><description><para>Optional Boolean flag to indicate whether any effect should take place. It tests whether the caller has permission to make the call. </para></description><parameterValue required="true" variableLength="false">System.Boolean</parameterValue><type><name>System.Boolean</name><uri /></type><defaultValue>None</defaultValue></parameter><parameter required="False" variableLength="false" globbing="false" pipelineInput="True (ByPropertyName)" position="Named"><name>EndpointUrl</name><description><para>The endpoint to make the call against. 
<b>Note:</b> This parameter is primarily for internal AWS use and is not required/should not be specified for  normal usage. The cmdlets normally determine which endpoint to call based on the region specified to the -Region parameter or set as default in the shell (via Set-DefaultAWSRegion). Only specify this parameter if you must direct the call to a specific custom endpoint. </para></description><parameterValue required="true" variableLength="false">System.String</parameterValue><type><name>System.String</name><uri /></type><defaultValue>None</defaultValue></parameter><parameter required="False" variableLength="false" globbing="false" pipelineInput="True (ByPropertyName)" position="Named"><name>Force</name><description><para>This parameter overrides confirmation prompts to force  the cmdlet to continue its operation. This parameter should always be used with caution. </para></description><parameterValue required="true" variableLength="false">System.Management.Automation.SwitchParameter</parameterValue><type><name>System.Management.Automation.SwitchParameter</name><uri /></type><defaultValue>None</defaultValue></parameter><parameter required="True" variableLength="false" globbing="false" pipelineInput="True (ByValue, ByPropertyName)" position="1"><name>HomeRegion</name><description><para>The name of the home region of the calling account. </para></description><parameterValue required="true" variableLength="false">System.String</parameterValue><type><name>System.String</name><uri /></type><defaultValue>None</defaultValue></parameter><parameter required="False" variableLength="false" globbing="false" pipelineInput="True (ByValue, ByPropertyName)" position="Named"><name>NetworkCredential</name><description><para>Used with SAML-based authentication when ProfileName references a SAML role profile.  Contains the network credentials to be supplied during authentication with the  configured identity provider&#39;s endpoint. This parameter is not required if the user&#39;s default network identity can or should be used during authentication. </para></description><parameterValue required="true" variableLength="false">System.Management.Automation.PSCredential</parameterValue><type><name>System.Management.Automation.PSCredential</name><uri /></type><defaultValue>None</defaultValue></parameter><parameter required="False" variableLength="false" globbing="false" pipelineInput="True (ByPropertyName)" position="Named"><name>PassThru</name><description><para>Changes the cmdlet behavior to return the value passed to the HomeRegion parameter. The -PassThru parameter is deprecated, use -Select &#39;^HomeRegion&#39; instead. This parameter will be removed in a future version. </para></description><parameterValue required="true" variableLength="false">System.Management.Automation.SwitchParameter</parameterValue><type><name>System.Management.Automation.SwitchParameter</name><uri /></type><defaultValue>None</defaultValue></parameter><parameter required="False" variableLength="false" globbing="false" pipelineInput="True (ByPropertyName)" position="Named"><name>ProfileLocation</name><description><para>Used to specify the name and location of the ini-format credential file (shared with the AWS CLI and other AWS SDKs) 
If this optional parameter is omitted this cmdlet will search the encrypted credential file used by the AWS SDK for .NET and AWS Toolkit for Visual Studio first. If the profile is not found then the cmdlet will search in the ini-format credential file at the default location: (user&#39;s home directory)\.aws\credentials. 
If this parameter is specified then this cmdlet will only search the ini-format credential file at the location given. 
As the current folder can vary in a shell or during script execution it is advised that you use specify a fully qualified path instead of a relative path. </para></description><parameterValue required="true" variableLength="false">System.String</parameterValue><type><name>System.String</name><uri /></type><defaultValue>None</defaultValue></parameter><parameter required="False" variableLength="false" globbing="false" pipelineInput="True (ByPropertyName)" position="Named"><name>ProfileName</name><description><para>The user-defined name of an AWS credentials or SAML-based role profile containing credential information. The profile is expected to be found in the secure credential file shared with the AWS SDK for .NET and AWS Toolkit for Visual Studio. You can also specify the name of a profile stored in the .ini-format credential file used with  the AWS CLI and other AWS SDKs. </para></description><parameterValue required="true" variableLength="false">System.String</parameterValue><type><name>System.String</name><uri /></type><defaultValue>None</defaultValue></parameter><parameter required="False" variableLength="false" globbing="false" pipelineInput="True (ByPropertyName)" position="Named"><name>Region</name><description><para>The system name of an AWS region or an AWSRegion instance. This governs the endpoint that will be used when calling service operations. Note that  the AWS resources referenced in a call are usually region-specific. </para></description><parameterValue required="true" variableLength="false">System.Object</parameterValue><type><name>System.Object</name><uri /></type><defaultValue>None</defaultValue></parameter><parameter required="False" variableLength="false" globbing="false" pipelineInput="True (ByPropertyName)" position="Named"><name>SecretKey</name><description><para>The AWS secret key for the user account. This can be a temporary secret key if the corresponding session token is supplied to the -SessionToken parameter. </para></description><parameterValue required="true" variableLength="false">System.String</parameterValue><type><name>System.String</name><uri /></type><defaultValue>None</defaultValue></parameter><parameter required="False" variableLength="false" globbing="false" pipelineInput="True (ByPropertyName)" position="Named"><name>Select</name><description><para>Use the -Select parameter to control the cmdlet output. The default value is &#39;HomeRegionControl&#39;. Specifying -Select &#39;*&#39; will result in the cmdlet returning the whole service response (Amazon.MigrationHubConfig.Model.CreateHomeRegionControlResponse). Specifying the name of a property of type Amazon.MigrationHubConfig.Model.CreateHomeRegionControlResponse will result in that property being returned. Specifying -Select &#39;^ParameterName&#39; will result in the cmdlet returning the selected cmdlet parameter value. </para></description><parameterValue required="true" variableLength="false">System.String</parameterValue><type><name>System.String</name><uri /></type><defaultValue>None</defaultValue></parameter><parameter required="False" variableLength="false" globbing="false" pipelineInput="True (ByPropertyName)" position="Named"><name>SessionToken</name><description><para>The session token if the access and secret keys are temporary session-based credentials. </para></description><parameterValue required="true" variableLength="false">System.String</parameterValue><type><name>System.String</name><uri /></type><defaultValue>None</defaultValue></parameter><parameter required="False" variableLength="false" globbing="false" pipelineInput="True (ByPropertyName)" position="Named"><name>Target_Id</name><description><para>The <c>TargetID</c> is a 12-character identifier of the <c>ACCOUNT</c> for which the control was created. (This must be the current account.)  </para></description><parameterValue required="true" variableLength="false">System.String</parameterValue><type><name>System.String</name><uri /></type><defaultValue>None</defaultValue></parameter><parameter required="True" variableLength="false" globbing="false" pipelineInput="True (ByPropertyName)" position="Named"><name>Target_Type</name><description><para>The target type is always an <c>ACCOUNT</c>. </para></description><parameterValue required="true" variableLength="false">Amazon.MigrationHubConfig.TargetType</parameterValue><type><name>Amazon.MigrationHubConfig.TargetType</name><uri /></type><defaultValue>None</defaultValue></parameter></parameters><returnValues><returnValue><type><name>Amazon.MigrationHubConfig.Model.HomeRegionControl or Amazon.MigrationHubConfig.Model.CreateHomeRegionControlResponse</name><uri /><description /></type><description><para>This cmdlet returns an Amazon.MigrationHubConfig.Model.HomeRegionControl object.
The service call response (type Amazon.MigrationHubConfig.Model.CreateHomeRegionControlResponse) can be returned by specifying '-Select *'.</para></description></returnValue></returnValues><relatedLinks><navigationLink><linkText>Online version:</linkText><uri>http://docs.aws.amazon.com/powershell/latest/reference/index.html?page=New-MHCHomeRegionControl.html&amp;tocid=New-MHCHomeRegionControl</uri></navigationLink><navigationLink><linkText>Common credential and region parameters: </linkText><uri>http://docs.aws.amazon.com/powershell/latest/reference/items/pstoolsref-commonparams.html</uri></navigationLink></relatedLinks></command><command xmlns:maml="http://schemas.microsoft.com/maml/2004/10" xmlns:command="http://schemas.microsoft.com/maml/dev/command/2004/10" xmlns:dev="http://schemas.microsoft.com/maml/dev/2004/10"><details><name>Get-MHCHomeRegionControl</name><description><para>Calls the AWS Migration Hub Config DescribeHomeRegionControls API operation.</para></description><verb>Get</verb><noun>MHCHomeRegionControl</noun><copyright><para>&amp;copy; Copyright Amazon.com, Inc.or its affiliates.All Rights Reserved.</para></copyright></details><description><para>This API permits filtering on the <c>ControlId</c> and <c>HomeRegion</c> fields.<br /><br />This cmdlet automatically pages all available results to the pipeline - parameters related to iteration are only needed if you want to manually control the paginated output. To disable autopagination, use -NoAutoIteration. </para></description><syntax><syntaxItem><name>Get-MHCHomeRegionControl</name><parameter required="False" variableLength="false" globbing="false" pipelineInput="True (ByValue, ByPropertyName)" position="1"><name>HomeRegion</name><description><para>The name of the home region you&#39;d like to view. </para></description><parameterValue required="true" variableLength="false">System.String</parameterValue></parameter><parameter required="False" variableLength="false" globbing="false" pipelineInput="True (ByPropertyName)" position="Named"><name>ControlId</name><description><para>The <c>ControlID</c> is a unique identifier string of your <c>HomeRegionControl</c> object. </para></description><parameterValue required="true" variableLength="false">System.String</parameterValue></parameter><parameter required="False" variableLength="false" globbing="false" pipelineInput="True (ByPropertyName)" position="Named"><name>Target_Id</name><description><para>The <c>TargetID</c> is a 12-character identifier of the <c>ACCOUNT</c> for which the control was created. (This must be the current account.)  </para></description><parameterValue required="true" variableLength="false">System.String</parameterValue></parameter><parameter required="False" variableLength="false" globbing="false" pipelineInput="True (ByPropertyName)" position="Named"><name>Target_Type</name><description><para>The target type is always an <c>ACCOUNT</c>. </para></description><parameterValue required="true" variableLength="false">Amazon.MigrationHubConfig.TargetType</parameterValue></parameter><parameter required="False" variableLength="false" globbing="false" pipelineInput="True (ByPropertyName)" position="Named"><name>MaxResult</name><description><para>The maximum number of filtering results to display per page.  </para></description><parameterValue required="true" variableLength="false">System.Int32</parameterValue></parameter><parameter required="False" variableLength="false" globbing="false" pipelineInput="True (ByPropertyName)" position="Named"><name>NextToken</name><description><para>If a <c>NextToken</c> was returned by a previous call, more results are available. To retrieve the next page of results, make the call again using the returned token in <c>NextToken</c>. 
<br /><b>Note:</b> This parameter is only used if you are manually controlling output pagination of the service API call. <br />&#39;NextToken&#39; is only returned by the cmdlet when &#39;-Select *&#39; is specified. In order to manually control output pagination, set &#39;-NextToken&#39; to null for the first call then set the &#39;NextToken&#39; using the same property output from the previous call for subsequent calls. </para></description><parameterValue required="true" variableLength="false">System.String</parameterValue></parameter><parameter required="False" variableLength="false" globbing="false" pipelineInput="True (ByPropertyName)" position="Named"><name>Select</name><description><para>Use the -Select parameter to control the cmdlet output. The default value is &#39;HomeRegionControls&#39;. Specifying -Select &#39;*&#39; will result in the cmdlet returning the whole service response (Amazon.MigrationHubConfig.Model.DescribeHomeRegionControlsResponse). Specifying the name of a property of type Amazon.MigrationHubConfig.Model.DescribeHomeRegionControlsResponse will result in that property being returned. Specifying -Select &#39;^ParameterName&#39; will result in the cmdlet returning the selected cmdlet parameter value. </para></description><parameterValue required="true" variableLength="false">System.String</parameterValue></parameter><parameter required="False" variableLength="false" globbing="false" pipelineInput="True (ByPropertyName)" position="Named"><name>PassThru</name><description><para>Changes the cmdlet behavior to return the value passed to the HomeRegion parameter. The -PassThru parameter is deprecated, use -Select &#39;^HomeRegion&#39; instead. This parameter will be removed in a future version. </para></description><parameterValue required="true" variableLength="false">System.Management.Automation.SwitchParameter</parameterValue></parameter><parameter required="False" variableLength="false" globbing="false" pipelineInput="True (ByPropertyName)" position="Named"><name>NoAutoIteration</name><description><para>By default the cmdlet will auto-iterate and retrieve all results to the pipeline by performing multiple service calls. If set, the cmdlet will retrieve only the next &#39;page&#39; of results using the value of NextToken as the start point. </para></description><parameterValue required="true" variableLength="false">System.Management.Automation.SwitchParameter</parameterValue></parameter><parameter required="False" variableLength="false" globbing="false" pipelineInput="True (ByPropertyName)" position="Named"><name>ClientConfig</name><description><para>Amazon.PowerShell.Cmdlets.MHC.AmazonMigrationHubConfigClientCmdlet.ClientConfig </para></description><parameterValue required="true" variableLength="false">Amazon.MigrationHubConfig.AmazonMigrationHubConfigConfig</parameterValue></parameter><parameter required="False" variableLength="false" globbing="false" pipelineInput="True (ByPropertyName)" position="Named"><name>EndpointUrl</name><description><para>The endpoint to make the call against. 
<b>Note:</b> This parameter is primarily for internal AWS use and is not required/should not be specified for  normal usage. The cmdlets normally determine which endpoint to call based on the region specified to the -Region parameter or set as default in the shell (via Set-DefaultAWSRegion). Only specify this parameter if you must direct the call to a specific custom endpoint. </para></description><parameterValue required="true" variableLength="false">System.String</parameterValue></parameter><parameter required="False" variableLength="false" globbing="false" pipelineInput="True (ByPropertyName)" position="Named"><name>Region</name><description><para>The system name of an AWS region or an AWSRegion instance. This governs the endpoint that will be used when calling service operations. Note that  the AWS resources referenced in a call are usually region-specific. </para></description><parameterValue required="true" variableLength="false">System.Object</parameterValue></parameter><parameter required="False" variableLength="false" globbing="false" pipelineInput="True (ByPropertyName)" position="Named"><name>AccessKey</name><description><para>The AWS access key for the user account. This can be a temporary access key if the corresponding session token is supplied to the -SessionToken parameter. </para></description><parameterValue required="true" variableLength="false">System.String</parameterValue></parameter><parameter required="False" variableLength="false" globbing="false" pipelineInput="True (ByPropertyName)" position="Named"><name>SecretKey</name><description><para>The AWS secret key for the user account. This can be a temporary secret key if the corresponding session token is supplied to the -SessionToken parameter. </para></description><parameterValue required="true" variableLength="false">System.String</parameterValue></parameter><parameter required="False" variableLength="false" globbing="false" pipelineInput="True (ByPropertyName)" position="Named"><name>SessionToken</name><description><para>The session token if the access and secret keys are temporary session-based credentials. </para></description><parameterValue required="true" variableLength="false">System.String</parameterValue></parameter><parameter required="False" variableLength="false" globbing="false" pipelineInput="True (ByPropertyName)" position="Named"><name>ProfileName</name><description><para>The user-defined name of an AWS credentials or SAML-based role profile containing credential information. The profile is expected to be found in the secure credential file shared with the AWS SDK for .NET and AWS Toolkit for Visual Studio. You can also specify the name of a profile stored in the .ini-format credential file used with  the AWS CLI and other AWS SDKs. </para></description><parameterValue required="true" variableLength="false">System.String</parameterValue></parameter><parameter required="False" variableLength="false" globbing="false" pipelineInput="True (ByPropertyName)" position="Named"><name>ProfileLocation</name><description><para>Used to specify the name and location of the ini-format credential file (shared with the AWS CLI and other AWS SDKs) 
If this optional parameter is omitted this cmdlet will search the encrypted credential file used by the AWS SDK for .NET and AWS Toolkit for Visual Studio first. If the profile is not found then the cmdlet will search in the ini-format credential file at the default location: (user&#39;s home directory)\.aws\credentials. 
If this parameter is specified then this cmdlet will only search the ini-format credential file at the location given. 
As the current folder can vary in a shell or during script execution it is advised that you use specify a fully qualified path instead of a relative path. </para></description><parameterValue required="true" variableLength="false">System.String</parameterValue></parameter><parameter required="False" variableLength="false" globbing="false" pipelineInput="True (ByValue, ByPropertyName)" position="Named"><name>Credential</name><description><para>An AWSCredentials object instance containing access and secret key information, and optionally a token for session-based credentials. </para></description><parameterValue required="true" variableLength="false">Amazon.Runtime.AWSCredentials</parameterValue></parameter><parameter required="False" variableLength="false" globbing="false" pipelineInput="True (ByValue, ByPropertyName)" position="Named"><name>NetworkCredential</name><description><para>Used with SAML-based authentication when ProfileName references a SAML role profile.  Contains the network credentials to be supplied during authentication with the  configured identity provider&#39;s endpoint. This parameter is not required if the user&#39;s default network identity can or should be used during authentication. </para></description><parameterValue required="true" variableLength="false">System.Management.Automation.PSCredential</parameterValue></parameter></syntaxItem></syntax><parameters><parameter required="False" variableLength="false" globbing="false" pipelineInput="True (ByPropertyName)" position="Named"><name>AccessKey</name><description><para>The AWS access key for the user account. This can be a temporary access key if the corresponding session token is supplied to the -SessionToken parameter. </para></description><parameterValue required="true" variableLength="false">System.String</parameterValue><type><name>System.String</name><uri /></type><defaultValue>None</defaultValue></parameter><parameter required="False" variableLength="false" globbing="false" pipelineInput="True (ByPropertyName)" position="Named"><name>ClientConfig</name><description><para>Amazon.PowerShell.Cmdlets.MHC.AmazonMigrationHubConfigClientCmdlet.ClientConfig </para></description><parameterValue required="true" variableLength="false">Amazon.MigrationHubConfig.AmazonMigrationHubConfigConfig</parameterValue><type><name>Amazon.MigrationHubConfig.AmazonMigrationHubConfigConfig</name><uri /></type><defaultValue>None</defaultValue></parameter><parameter required="False" variableLength="false" globbing="false" pipelineInput="True (ByPropertyName)" position="Named"><name>ControlId</name><description><para>The <c>ControlID</c> is a unique identifier string of your <c>HomeRegionControl</c> object. </para></description><parameterValue required="true" variableLength="false">System.String</parameterValue><type><name>System.String</name><uri /></type><defaultValue>None</defaultValue></parameter><parameter required="False" variableLength="false" globbing="false" pipelineInput="True (ByValue, ByPropertyName)" position="Named"><name>Credential</name><description><para>An AWSCredentials object instance containing access and secret key information, and optionally a token for session-based credentials. </para></description><parameterValue required="true" variableLength="false">Amazon.Runtime.AWSCredentials</parameterValue><type><name>Amazon.Runtime.AWSCredentials</name><uri /></type><defaultValue>None</defaultValue></parameter><parameter required="False" variableLength="false" globbing="false" pipelineInput="True (ByPropertyName)" position="Named"><name>EndpointUrl</name><description><para>The endpoint to make the call against. 
<b>Note:</b> This parameter is primarily for internal AWS use and is not required/should not be specified for  normal usage. The cmdlets normally determine which endpoint to call based on the region specified to the -Region parameter or set as default in the shell (via Set-DefaultAWSRegion). Only specify this parameter if you must direct the call to a specific custom endpoint. </para></description><parameterValue required="true" variableLength="false">System.String</parameterValue><type><name>System.String</name><uri /></type><defaultValue>None</defaultValue></parameter><parameter required="False" variableLength="false" globbing="false" pipelineInput="True (ByValue, ByPropertyName)" position="1"><name>HomeRegion</name><description><para>The name of the home region you&#39;d like to view. </para></description><parameterValue required="true" variableLength="false">System.String</parameterValue><type><name>System.String</name><uri /></type><defaultValue>None</defaultValue></parameter><parameter required="False" variableLength="false" globbing="false" pipelineInput="True (ByPropertyName)" position="Named"><name>MaxResult</name><description><para>The maximum number of filtering results to display per page.  </para></description><parameterValue required="true" variableLength="false">System.Int32</parameterValue><type><name>System.Int32</name><uri /></type><defaultValue>None</defaultValue></parameter><parameter required="False" variableLength="false" globbing="false" pipelineInput="True (ByValue, ByPropertyName)" position="Named"><name>NetworkCredential</name><description><para>Used with SAML-based authentication when ProfileName references a SAML role profile.  Contains the network credentials to be supplied during authentication with the  configured identity provider&#39;s endpoint. This parameter is not required if the user&#39;s default network identity can or should be used during authentication. </para></description><parameterValue required="true" variableLength="false">System.Management.Automation.PSCredential</parameterValue><type><name>System.Management.Automation.PSCredential</name><uri /></type><defaultValue>None</defaultValue></parameter><parameter required="False" variableLength="false" globbing="false" pipelineInput="True (ByPropertyName)" position="Named"><name>NextToken</name><description><para>If a <c>NextToken</c> was returned by a previous call, more results are available. To retrieve the next page of results, make the call again using the returned token in <c>NextToken</c>. 
<br /><b>Note:</b> This parameter is only used if you are manually controlling output pagination of the service API call. <br />&#39;NextToken&#39; is only returned by the cmdlet when &#39;-Select *&#39; is specified. In order to manually control output pagination, set &#39;-NextToken&#39; to null for the first call then set the &#39;NextToken&#39; using the same property output from the previous call for subsequent calls. </para></description><parameterValue required="true" variableLength="false">System.String</parameterValue><type><name>System.String</name><uri /></type><defaultValue>None</defaultValue></parameter><parameter required="False" variableLength="false" globbing="false" pipelineInput="True (ByPropertyName)" position="Named"><name>NoAutoIteration</name><description><para>By default the cmdlet will auto-iterate and retrieve all results to the pipeline by performing multiple service calls. If set, the cmdlet will retrieve only the next &#39;page&#39; of results using the value of NextToken as the start point. </para></description><parameterValue required="true" variableLength="false">System.Management.Automation.SwitchParameter</parameterValue><type><name>System.Management.Automation.SwitchParameter</name><uri /></type><defaultValue>None</defaultValue></parameter><parameter required="False" variableLength="false" globbing="false" pipelineInput="True (ByPropertyName)" position="Named"><name>PassThru</name><description><para>Changes the cmdlet behavior to return the value passed to the HomeRegion parameter. The -PassThru parameter is deprecated, use -Select &#39;^HomeRegion&#39; instead. This parameter will be removed in a future version. </para></description><parameterValue required="true" variableLength="false">System.Management.Automation.SwitchParameter</parameterValue><type><name>System.Management.Automation.SwitchParameter</name><uri /></type><defaultValue>None</defaultValue></parameter><parameter required="False" variableLength="false" globbing="false" pipelineInput="True (ByPropertyName)" position="Named"><name>ProfileLocation</name><description><para>Used to specify the name and location of the ini-format credential file (shared with the AWS CLI and other AWS SDKs) 
If this optional parameter is omitted this cmdlet will search the encrypted credential file used by the AWS SDK for .NET and AWS Toolkit for Visual Studio first. If the profile is not found then the cmdlet will search in the ini-format credential file at the default location: (user&#39;s home directory)\.aws\credentials. 
If this parameter is specified then this cmdlet will only search the ini-format credential file at the location given. 
As the current folder can vary in a shell or during script execution it is advised that you use specify a fully qualified path instead of a relative path. </para></description><parameterValue required="true" variableLength="false">System.String</parameterValue><type><name>System.String</name><uri /></type><defaultValue>None</defaultValue></parameter><parameter required="False" variableLength="false" globbing="false" pipelineInput="True (ByPropertyName)" position="Named"><name>ProfileName</name><description><para>The user-defined name of an AWS credentials or SAML-based role profile containing credential information. The profile is expected to be found in the secure credential file shared with the AWS SDK for .NET and AWS Toolkit for Visual Studio. You can also specify the name of a profile stored in the .ini-format credential file used with  the AWS CLI and other AWS SDKs. </para></description><parameterValue required="true" variableLength="false">System.String</parameterValue><type><name>System.String</name><uri /></type><defaultValue>None</defaultValue></parameter><parameter required="False" variableLength="false" globbing="false" pipelineInput="True (ByPropertyName)" position="Named"><name>Region</name><description><para>The system name of an AWS region or an AWSRegion instance. This governs the endpoint that will be used when calling service operations. Note that  the AWS resources referenced in a call are usually region-specific. </para></description><parameterValue required="true" variableLength="false">System.Object</parameterValue><type><name>System.Object</name><uri /></type><defaultValue>None</defaultValue></parameter><parameter required="False" variableLength="false" globbing="false" pipelineInput="True (ByPropertyName)" position="Named"><name>SecretKey</name><description><para>The AWS secret key for the user account. This can be a temporary secret key if the corresponding session token is supplied to the -SessionToken parameter. </para></description><parameterValue required="true" variableLength="false">System.String</parameterValue><type><name>System.String</name><uri /></type><defaultValue>None</defaultValue></parameter><parameter required="False" variableLength="false" globbing="false" pipelineInput="True (ByPropertyName)" position="Named"><name>Select</name><description><para>Use the -Select parameter to control the cmdlet output. The default value is &#39;HomeRegionControls&#39;. Specifying -Select &#39;*&#39; will result in the cmdlet returning the whole service response (Amazon.MigrationHubConfig.Model.DescribeHomeRegionControlsResponse). Specifying the name of a property of type Amazon.MigrationHubConfig.Model.DescribeHomeRegionControlsResponse will result in that property being returned. Specifying -Select &#39;^ParameterName&#39; will result in the cmdlet returning the selected cmdlet parameter value. </para></description><parameterValue required="true" variableLength="false">System.String</parameterValue><type><name>System.String</name><uri /></type><defaultValue>None</defaultValue></parameter><parameter required="False" variableLength="false" globbing="false" pipelineInput="True (ByPropertyName)" position="Named"><name>SessionToken</name><description><para>The session token if the access and secret keys are temporary session-based credentials. </para></description><parameterValue required="true" variableLength="false">System.String</parameterValue><type><name>System.String</name><uri /></type><defaultValue>None</defaultValue></parameter><parameter required="False" variableLength="false" globbing="false" pipelineInput="True (ByPropertyName)" position="Named"><name>Target_Id</name><description><para>The <c>TargetID</c> is a 12-character identifier of the <c>ACCOUNT</c> for which the control was created. (This must be the current account.)  </para></description><parameterValue required="true" variableLength="false">System.String</parameterValue><type><name>System.String</name><uri /></type><defaultValue>None</defaultValue></parameter><parameter required="False" variableLength="false" globbing="false" pipelineInput="True (ByPropertyName)" position="Named"><name>Target_Type</name><description><para>The target type is always an <c>ACCOUNT</c>. </para></description><parameterValue required="true" variableLength="false">Amazon.MigrationHubConfig.TargetType</parameterValue><type><name>Amazon.MigrationHubConfig.TargetType</name><uri /></type><defaultValue>None</defaultValue></parameter></parameters><returnValues><returnValue><type><name>Amazon.MigrationHubConfig.Model.HomeRegionControl or Amazon.MigrationHubConfig.Model.DescribeHomeRegionControlsResponse</name><uri /><description /></type><description><para>This cmdlet returns a collection of Amazon.MigrationHubConfig.Model.HomeRegionControl objects.
The service call response (type Amazon.MigrationHubConfig.Model.DescribeHomeRegionControlsResponse) can be returned by specifying '-Select *'.</para></description></returnValue></returnValues><relatedLinks><navigationLink><linkText>Online version:</linkText><uri>http://docs.aws.amazon.com/powershell/latest/reference/index.html?page=Get-MHCHomeRegionControl.html&amp;tocid=Get-MHCHomeRegionControl</uri></navigationLink><navigationLink><linkText>Common credential and region parameters: </linkText><uri>http://docs.aws.amazon.com/powershell/latest/reference/items/pstoolsref-commonparams.html</uri></navigationLink></relatedLinks></command></helpItems>