<Objs Version="1.1.0.1" xmlns="http://schemas.microsoft.com/powershell/2004/04">
  <Obj RefId="0">
    <TN RefId="0">
      <T>Microsoft.PowerShell.Commands.PSRepositoryItemInfo</T>
      <T>System.Management.Automation.PSCustomObject</T>
      <T>System.Object</T>
    </TN>
    <MS>
      <S N="Name">OCI.PSModules.Aivision</S>
      <S N="Version">95.1.0</S>
      <S N="Type">Module</S>
      <S N="Description">This modules provides Cmdlets for OCI Aivision Service</S>
      <S N="Author">Oracle Cloud Infrastructure</S>
      <S N="CompanyName">oci-psmodules-grp</S>
      <S N="Copyright">(c) Oracle Cloud Infrastructure. All rights reserved.</S>
      <DT N="PublishedDate">2024-11-12T18:41:45+02:00</DT>
      <Nil N="InstalledDate" />
      <Nil N="UpdatedDate" />
      <URI N="LicenseUri">https://github.com/oracle/oci-powershell-modules/blob/master/LICENSE.txt</URI>
      <URI N="ProjectUri">https://github.com/oracle/oci-powershell-modules/</URI>
      <URI N="IconUri">https://github.com/oracle/oci-powershell-modules/blob/master/icon.png</URI>
      <Obj N="Tags" RefId="1">
        <TN RefId="1">
          <T>System.Object[]</T>
          <T>System.Array</T>
          <T>System.Object</T>
        </TN>
        <LST>
          <S>PSEdition_Core</S>
          <S>Windows</S>
          <S>Linux</S>
          <S>macOS</S>
          <S>Oracle</S>
          <S>OCI</S>
          <S>Cloud</S>
          <S>OracleCloudInfrastructure</S>
          <S>Aivision</S>
          <S>PSModule</S>
        </LST>
      </Obj>
      <Obj N="Includes" RefId="2">
        <TN RefId="2">
          <T>System.Collections.Hashtable</T>
          <T>System.Object</T>
        </TN>
        <DCT>
          <En>
            <S N="Key">Cmdlet</S>
            <Obj N="Value" RefId="3">
              <TNRef RefId="1" />
              <LST>
                <S>Get-OCIAivisionDocumentJob</S>
                <S>Get-OCIAivisionImageJob</S>
                <S>Get-OCIAivisionModel</S>
                <S>Get-OCIAivisionModelsList</S>
                <S>Get-OCIAivisionProject</S>
                <S>Get-OCIAivisionProjectsList</S>
                <S>Get-OCIAivisionWorkRequest</S>
                <S>Get-OCIAivisionWorkRequestErrorsList</S>
                <S>Get-OCIAivisionWorkRequestLogsList</S>
                <S>Get-OCIAivisionWorkRequestsList</S>
                <S>Invoke-OCIAivisionAnalyzeDocument</S>
                <S>Invoke-OCIAivisionAnalyzeImage</S>
                <S>Move-OCIAivisionModelCompartment</S>
                <S>Move-OCIAivisionProjectCompartment</S>
                <S>New-OCIAivisionDocumentJob</S>
                <S>New-OCIAivisionImageJob</S>
                <S>New-OCIAivisionModel</S>
                <S>New-OCIAivisionProject</S>
                <S>Remove-OCIAivisionModel</S>
                <S>Remove-OCIAivisionProject</S>
                <S>Stop-OCIAivisionDocumentJob</S>
                <S>Stop-OCIAivisionImageJob</S>
                <S>Stop-OCIAivisionWorkRequest</S>
                <S>Update-OCIAivisionModel</S>
                <S>Update-OCIAivisionProject</S>
              </LST>
            </Obj>
          </En>
          <En>
            <S N="Key">Command</S>
            <Obj N="Value" RefId="4">
              <TNRef RefId="1" />
              <LST>
                <S>Get-OCIAivisionDocumentJob</S>
                <S>Get-OCIAivisionImageJob</S>
                <S>Get-OCIAivisionModel</S>
                <S>Get-OCIAivisionModelsList</S>
                <S>Get-OCIAivisionProject</S>
                <S>Get-OCIAivisionProjectsList</S>
                <S>Get-OCIAivisionWorkRequest</S>
                <S>Get-OCIAivisionWorkRequestErrorsList</S>
                <S>Get-OCIAivisionWorkRequestLogsList</S>
                <S>Get-OCIAivisionWorkRequestsList</S>
                <S>Invoke-OCIAivisionAnalyzeDocument</S>
                <S>Invoke-OCIAivisionAnalyzeImage</S>
                <S>Move-OCIAivisionModelCompartment</S>
                <S>Move-OCIAivisionProjectCompartment</S>
                <S>New-OCIAivisionDocumentJob</S>
                <S>New-OCIAivisionImageJob</S>
                <S>New-OCIAivisionModel</S>
                <S>New-OCIAivisionProject</S>
                <S>Remove-OCIAivisionModel</S>
                <S>Remove-OCIAivisionProject</S>
                <S>Stop-OCIAivisionDocumentJob</S>
                <S>Stop-OCIAivisionImageJob</S>
                <S>Stop-OCIAivisionWorkRequest</S>
                <S>Update-OCIAivisionModel</S>
                <S>Update-OCIAivisionProject</S>
              </LST>
            </Obj>
          </En>
          <En>
            <S N="Key">Workflow</S>
            <Obj N="Value" RefId="5">
              <TNRef RefId="1" />
              <LST />
            </Obj>
          </En>
          <En>
            <S N="Key">Function</S>
            <Ref N="Value" RefId="5" />
          </En>
          <En>
            <S N="Key">RoleCapability</S>
            <Ref N="Value" RefId="5" />
          </En>
          <En>
            <S N="Key">DscResource</S>
            <Ref N="Value" RefId="5" />
          </En>
        </DCT>
      </Obj>
      <Nil N="PowerShellGetFormatVersion" />
      <S N="ReleaseNotes">https://github.com/oracle/oci-powershell-modules/blob/master/CHANGELOG.md</S>
      <Obj N="Dependencies" RefId="6">
        <TNRef RefId="1" />
        <LST>
          <Obj RefId="7">
            <TN RefId="3">
              <T>System.Collections.Specialized.OrderedDictionary</T>
              <T>System.Object</T>
            </TN>
            <DCT>
              <En>
                <S N="Key">Name</S>
                <S N="Value">OCI.PSModules.Common</S>
              </En>
              <En>
                <S N="Key">RequiredVersion</S>
                <S N="Value">95.1.0</S>
              </En>
              <En>
                <S N="Key">CanonicalId</S>
                <S N="Value">nuget:OCI.PSModules.Common/[95.1.0]</S>
              </En>
            </DCT>
          </Obj>
        </LST>
      </Obj>
      <S N="RepositorySourceLocation">https://www.powershellgallery.com/api/v2</S>
      <S N="Repository">PSGallery</S>
      <S N="PackageManagementProvider">NuGet</S>
      <Obj N="AdditionalMetadata" RefId="8">
        <TN RefId="4">
          <T>System.Management.Automation.PSCustomObject</T>
          <T>System.Object</T>
        </TN>
        <MS>
          <S N="copyright">(c) Oracle Cloud Infrastructure. All rights reserved.</S>
          <S N="description">This modules provides Cmdlets for OCI Aivision Service</S>
          <S N="requireLicenseAcceptance">False</S>
          <S N="releaseNotes">https://github.com/oracle/oci-powershell-modules/blob/master/CHANGELOG.md</S>
          <S N="isLatestVersion">False</S>
          <S N="isAbsoluteLatestVersion">False</S>
          <S N="versionDownloadCount">352</S>
          <S N="downloadCount">11571</S>
          <S N="packageSize">129340</S>
          <S N="published">11/12/2024 6:41:45 PM +02:00</S>
          <S N="created">11/12/2024 6:41:45 PM +02:00</S>
          <S N="lastUpdated">9/5/2025 4:20:00 PM +03:00</S>
          <S N="tags">PSEdition_Core Windows Linux macOS Oracle OCI Cloud OracleCloudInfrastructure Aivision PSModule PSCmdlet_Get-OCIAivisionDocumentJob PSCommand_Get-OCIAivisionDocumentJob PSCmdlet_Get-OCIAivisionImageJob PSCommand_Get-OCIAivisionImageJob PSCmdlet_Get-OCIAivisionModel PSCommand_Get-OCIAivisionModel PSCmdlet_Get-OCIAivisionModelsList PSCommand_Get-OCIAivisionModelsList PSCmdlet_Get-OCIAivisionProject PSCommand_Get-OCIAivisionProject PSCmdlet_Get-OCIAivisionProjectsList PSCommand_Get-OCIAivisionProjectsList PSCmdlet_Get-OCIAivisionWorkRequest PSCommand_Get-OCIAivisionWorkRequest PSCmdlet_Get-OCIAivisionWorkRequestErrorsList PSCommand_Get-OCIAivisionWorkRequestErrorsList PSCmdlet_Get-OCIAivisionWorkRequestLogsList PSCommand_Get-OCIAivisionWorkRequestLogsList PSCmdlet_Get-OCIAivisionWorkRequestsList PSCommand_Get-OCIAivisionWorkRequestsList PSCmdlet_Invoke-OCIAivisionAnalyzeDocument PSCommand_Invoke-OCIAivisionAnalyzeDocument PSCmdlet_Invoke-OCIAivisionAnalyzeImage PSCommand_Invoke-OCIAivisionAnalyzeImage PSCmdlet_Move-OCIAivisionModelCompartment PSCommand_Move-OCIAivisionModelCompartment PSCmdlet_Move-OCIAivisionProjectCompartment PSCommand_Move-OCIAivisionProjectCompartment PSCmdlet_New-OCIAivisionDocumentJob PSCommand_New-OCIAivisionDocumentJob PSCmdlet_New-OCIAivisionImageJob PSCommand_New-OCIAivisionImageJob PSCmdlet_New-OCIAivisionModel PSCommand_New-OCIAivisionModel PSCmdlet_New-OCIAivisionProject PSCommand_New-OCIAivisionProject PSCmdlet_Remove-OCIAivisionModel PSCommand_Remove-OCIAivisionModel PSCmdlet_Remove-OCIAivisionProject PSCommand_Remove-OCIAivisionProject PSCmdlet_Stop-OCIAivisionDocumentJob PSCommand_Stop-OCIAivisionDocumentJob PSCmdlet_Stop-OCIAivisionImageJob PSCommand_Stop-OCIAivisionImageJob PSCmdlet_Stop-OCIAivisionWorkRequest PSCommand_Stop-OCIAivisionWorkRequest PSCmdlet_Update-OCIAivisionModel PSCommand_Update-OCIAivisionModel PSCmdlet_Update-OCIAivisionProject PSCommand_Update-OCIAivisionProject PSIncludes_Cmdlet</S>
          <S N="developmentDependency">False</S>
          <S N="updated">2025-09-05T16:20:00Z</S>
          <S N="NormalizedVersion">95.1.0</S>
          <S N="Authors">Oracle Cloud Infrastructure</S>
          <S N="IsPrerelease">false</S>
          <S N="ItemType">Module</S>
          <S N="FileList">OCI.PSModules.Aivision.nuspec|THIRD_PARTY_LICENSES.txt|OCI.PSModules.Aivision.dll-Help.xml|LICENSE.txt|OCI.PSModules.Aivision.psd1|assemblies\OCI.DotNetSDK.Aivision.dll|assemblies\OCI.PSModules.Aivision.dll</S>
          <S N="GUID">bed214c5-ac3c-4f4a-85c4-2c63f72b0adc</S>
          <S N="PowerShellVersion">6.0</S>
          <S N="CompanyName">Oracle Corporation</S>
        </MS>
      </Obj>
      <S N="InstalledLocation">C:\Program Files\PowerShell\Modules1\OCI.PSModules.Aivision\95.1.0</S>
    </MS>
  </Obj>
</Objs>
