<Objs Version="1.1.0.1" xmlns="http://schemas.microsoft.com/powershell/2004/04">
  <Obj RefId="0">
    <TN RefId="0">
      <T>Microsoft.PowerShell.Commands.PSRepositoryItemInfo</T>
      <T>System.Management.Automation.PSCustomObject</T>
      <T>System.Object</T>
    </TN>
    <MS>
      <S N="Name">OCI.PSModules.Healthchecks</S>
      <S N="Version">95.1.0</S>
      <S N="Type">Module</S>
      <S N="Description">This modules provides Cmdlets for OCI Healthchecks Service</S>
      <S N="Author">Oracle Cloud Infrastructure</S>
      <S N="CompanyName">oci-psmodules-grp</S>
      <S N="Copyright">(c) Oracle Cloud Infrastructure. All rights reserved.</S>
      <DT N="PublishedDate">2024-11-12T18:48:49+02:00</DT>
      <Nil N="InstalledDate" />
      <Nil N="UpdatedDate" />
      <URI N="LicenseUri">https://github.com/oracle/oci-powershell-modules/blob/master/LICENSE.txt</URI>
      <URI N="ProjectUri">https://github.com/oracle/oci-powershell-modules/</URI>
      <URI N="IconUri">https://github.com/oracle/oci-powershell-modules/blob/master/icon.png</URI>
      <Obj N="Tags" RefId="1">
        <TN RefId="1">
          <T>System.Object[]</T>
          <T>System.Array</T>
          <T>System.Object</T>
        </TN>
        <LST>
          <S>PSEdition_Core</S>
          <S>Windows</S>
          <S>Linux</S>
          <S>macOS</S>
          <S>Oracle</S>
          <S>OCI</S>
          <S>Cloud</S>
          <S>OracleCloudInfrastructure</S>
          <S>Healthchecks</S>
          <S>PSModule</S>
        </LST>
      </Obj>
      <Obj N="Includes" RefId="2">
        <TN RefId="2">
          <T>System.Collections.Hashtable</T>
          <T>System.Object</T>
        </TN>
        <DCT>
          <En>
            <S N="Key">Cmdlet</S>
            <Obj N="Value" RefId="3">
              <TNRef RefId="1" />
              <LST>
                <S>Get-OCIHealthchecksHttpMonitor</S>
                <S>Get-OCIHealthchecksHttpMonitorsList</S>
                <S>Get-OCIHealthchecksHttpProbeResultsList</S>
                <S>Get-OCIHealthchecksPingMonitor</S>
                <S>Get-OCIHealthchecksPingMonitorsList</S>
                <S>Get-OCIHealthchecksPingProbeResultsList</S>
                <S>Get-OCIHealthchecksVantagePointsList</S>
                <S>Move-OCIHealthchecksHttpMonitorCompartment</S>
                <S>Move-OCIHealthchecksPingMonitorCompartment</S>
                <S>New-OCIHealthchecksHttpMonitor</S>
                <S>New-OCIHealthchecksOnDemandHttpProbe</S>
                <S>New-OCIHealthchecksOnDemandPingProbe</S>
                <S>New-OCIHealthchecksPingMonitor</S>
                <S>Remove-OCIHealthchecksHttpMonitor</S>
                <S>Remove-OCIHealthchecksPingMonitor</S>
                <S>Update-OCIHealthchecksHttpMonitor</S>
                <S>Update-OCIHealthchecksPingMonitor</S>
              </LST>
            </Obj>
          </En>
          <En>
            <S N="Key">Command</S>
            <Obj N="Value" RefId="4">
              <TNRef RefId="1" />
              <LST>
                <S>Get-OCIHealthchecksHttpMonitor</S>
                <S>Get-OCIHealthchecksHttpMonitorsList</S>
                <S>Get-OCIHealthchecksHttpProbeResultsList</S>
                <S>Get-OCIHealthchecksPingMonitor</S>
                <S>Get-OCIHealthchecksPingMonitorsList</S>
                <S>Get-OCIHealthchecksPingProbeResultsList</S>
                <S>Get-OCIHealthchecksVantagePointsList</S>
                <S>Move-OCIHealthchecksHttpMonitorCompartment</S>
                <S>Move-OCIHealthchecksPingMonitorCompartment</S>
                <S>New-OCIHealthchecksHttpMonitor</S>
                <S>New-OCIHealthchecksOnDemandHttpProbe</S>
                <S>New-OCIHealthchecksOnDemandPingProbe</S>
                <S>New-OCIHealthchecksPingMonitor</S>
                <S>Remove-OCIHealthchecksHttpMonitor</S>
                <S>Remove-OCIHealthchecksPingMonitor</S>
                <S>Update-OCIHealthchecksHttpMonitor</S>
                <S>Update-OCIHealthchecksPingMonitor</S>
              </LST>
            </Obj>
          </En>
          <En>
            <S N="Key">Workflow</S>
            <Obj N="Value" RefId="5">
              <TNRef RefId="1" />
              <LST />
            </Obj>
          </En>
          <En>
            <S N="Key">Function</S>
            <Ref N="Value" RefId="5" />
          </En>
          <En>
            <S N="Key">RoleCapability</S>
            <Ref N="Value" RefId="5" />
          </En>
          <En>
            <S N="Key">DscResource</S>
            <Ref N="Value" RefId="5" />
          </En>
        </DCT>
      </Obj>
      <Nil N="PowerShellGetFormatVersion" />
      <S N="ReleaseNotes">https://github.com/oracle/oci-powershell-modules/blob/master/CHANGELOG.md</S>
      <Obj N="Dependencies" RefId="6">
        <TNRef RefId="1" />
        <LST>
          <Obj RefId="7">
            <TN RefId="3">
              <T>System.Collections.Specialized.OrderedDictionary</T>
              <T>System.Object</T>
            </TN>
            <DCT>
              <En>
                <S N="Key">Name</S>
                <S N="Value">OCI.PSModules.Common</S>
              </En>
              <En>
                <S N="Key">RequiredVersion</S>
                <S N="Value">95.1.0</S>
              </En>
              <En>
                <S N="Key">CanonicalId</S>
                <S N="Value">nuget:OCI.PSModules.Common/[95.1.0]</S>
              </En>
            </DCT>
          </Obj>
        </LST>
      </Obj>
      <S N="RepositorySourceLocation">https://www.powershellgallery.com/api/v2</S>
      <S N="Repository">PSGallery</S>
      <S N="PackageManagementProvider">NuGet</S>
      <Obj N="AdditionalMetadata" RefId="8">
        <TN RefId="4">
          <T>System.Management.Automation.PSCustomObject</T>
          <T>System.Object</T>
        </TN>
        <MS>
          <S N="copyright">(c) Oracle Cloud Infrastructure. All rights reserved.</S>
          <S N="description">This modules provides Cmdlets for OCI Healthchecks Service</S>
          <S N="requireLicenseAcceptance">False</S>
          <S N="releaseNotes">https://github.com/oracle/oci-powershell-modules/blob/master/CHANGELOG.md</S>
          <S N="isLatestVersion">False</S>
          <S N="isAbsoluteLatestVersion">False</S>
          <S N="versionDownloadCount">336</S>
          <S N="downloadCount">27678</S>
          <S N="packageSize">103414</S>
          <S N="published">11/12/2024 6:48:49 PM +02:00</S>
          <S N="created">11/12/2024 6:48:49 PM +02:00</S>
          <S N="lastUpdated">9/5/2025 4:50:00 PM +03:00</S>
          <S N="tags">PSEdition_Core Windows Linux macOS Oracle OCI Cloud OracleCloudInfrastructure Healthchecks PSModule PSCmdlet_Get-OCIHealthchecksHttpMonitor PSCommand_Get-OCIHealthchecksHttpMonitor PSCmdlet_Get-OCIHealthchecksHttpMonitorsList PSCommand_Get-OCIHealthchecksHttpMonitorsList PSCmdlet_Get-OCIHealthchecksHttpProbeResultsList PSCommand_Get-OCIHealthchecksHttpProbeResultsList PSCmdlet_Get-OCIHealthchecksPingMonitor PSCommand_Get-OCIHealthchecksPingMonitor PSCmdlet_Get-OCIHealthchecksPingMonitorsList PSCommand_Get-OCIHealthchecksPingMonitorsList PSCmdlet_Get-OCIHealthchecksPingProbeResultsList PSCommand_Get-OCIHealthchecksPingProbeResultsList PSCmdlet_Get-OCIHealthchecksVantagePointsList PSCommand_Get-OCIHealthchecksVantagePointsList PSCmdlet_Move-OCIHealthchecksHttpMonitorCompartment PSCommand_Move-OCIHealthchecksHttpMonitorCompartment PSCmdlet_Move-OCIHealthchecksPingMonitorCompartment PSCommand_Move-OCIHealthchecksPingMonitorCompartment PSCmdlet_New-OCIHealthchecksHttpMonitor PSCommand_New-OCIHealthchecksHttpMonitor PSCmdlet_New-OCIHealthchecksOnDemandHttpProbe PSCommand_New-OCIHealthchecksOnDemandHttpProbe PSCmdlet_New-OCIHealthchecksOnDemandPingProbe PSCommand_New-OCIHealthchecksOnDemandPingProbe PSCmdlet_New-OCIHealthchecksPingMonitor PSCommand_New-OCIHealthchecksPingMonitor PSCmdlet_Remove-OCIHealthchecksHttpMonitor PSCommand_Remove-OCIHealthchecksHttpMonitor PSCmdlet_Remove-OCIHealthchecksPingMonitor PSCommand_Remove-OCIHealthchecksPingMonitor PSCmdlet_Update-OCIHealthchecksHttpMonitor PSCommand_Update-OCIHealthchecksHttpMonitor PSCmdlet_Update-OCIHealthchecksPingMonitor PSCommand_Update-OCIHealthchecksPingMonitor PSIncludes_Cmdlet</S>
          <S N="developmentDependency">False</S>
          <S N="updated">2025-09-05T16:50:00Z</S>
          <S N="NormalizedVersion">95.1.0</S>
          <S N="Authors">Oracle Cloud Infrastructure</S>
          <S N="IsPrerelease">false</S>
          <S N="ItemType">Module</S>
          <S N="FileList">OCI.PSModules.Healthchecks.nuspec|THIRD_PARTY_LICENSES.txt|LICENSE.txt|OCI.PSModules.Healthchecks.dll-Help.xml|OCI.PSModules.Healthchecks.psd1|assemblies\OCI.DotNetSDK.Healthchecks.dll|assemblies\OCI.PSModules.Healthchecks.dll</S>
          <S N="GUID">ec09c1dc-6260-4794-9b17-b24077d3c55a</S>
          <S N="PowerShellVersion">6.0</S>
          <S N="CompanyName">Oracle Corporation</S>
        </MS>
      </Obj>
      <S N="InstalledLocation">C:\Program Files\PowerShell\Modules1\OCI.PSModules.Healthchecks\95.1.0</S>
    </MS>
  </Obj>
</Objs>
