<Objs Version="1.1.0.1" xmlns="http://schemas.microsoft.com/powershell/2004/04">
  <Obj RefId="0">
    <TN RefId="0">
      <T>Microsoft.PowerShell.Commands.PSRepositoryItemInfo</T>
      <T>System.Management.Automation.PSCustomObject</T>
      <T>System.Object</T>
    </TN>
    <MS>
      <S N="Name">OCI.PSModules.Announcementsservice</S>
      <S N="Version">95.1.0</S>
      <S N="Type">Module</S>
      <S N="Description">This modules provides Cmdlets for OCI Announcementsservice Service</S>
      <S N="Author">Oracle Cloud Infrastructure</S>
      <S N="CompanyName">oci-psmodules-grp</S>
      <S N="Copyright">(c) Oracle Cloud Infrastructure. All rights reserved.</S>
      <DT N="PublishedDate">2024-11-12T18:42:25+02:00</DT>
      <Nil N="InstalledDate" />
      <Nil N="UpdatedDate" />
      <URI N="LicenseUri">https://github.com/oracle/oci-powershell-modules/blob/master/LICENSE.txt</URI>
      <URI N="ProjectUri">https://github.com/oracle/oci-powershell-modules/</URI>
      <URI N="IconUri">https://github.com/oracle/oci-powershell-modules/blob/master/icon.png</URI>
      <Obj N="Tags" RefId="1">
        <TN RefId="1">
          <T>System.Object[]</T>
          <T>System.Array</T>
          <T>System.Object</T>
        </TN>
        <LST>
          <S>PSEdition_Core</S>
          <S>Windows</S>
          <S>Linux</S>
          <S>macOS</S>
          <S>Oracle</S>
          <S>OCI</S>
          <S>Cloud</S>
          <S>OracleCloudInfrastructure</S>
          <S>Announcementsservice</S>
          <S>PSModule</S>
        </LST>
      </Obj>
      <Obj N="Includes" RefId="2">
        <TN RefId="2">
          <T>System.Collections.Hashtable</T>
          <T>System.Object</T>
        </TN>
        <DCT>
          <En>
            <S N="Key">Function</S>
            <Obj N="Value" RefId="3">
              <TNRef RefId="1" />
              <LST />
            </Obj>
          </En>
          <En>
            <S N="Key">Workflow</S>
            <Ref N="Value" RefId="3" />
          </En>
          <En>
            <S N="Key">DscResource</S>
            <Ref N="Value" RefId="3" />
          </En>
          <En>
            <S N="Key">RoleCapability</S>
            <Ref N="Value" RefId="3" />
          </En>
          <En>
            <S N="Key">Command</S>
            <Obj N="Value" RefId="4">
              <TNRef RefId="1" />
              <LST>
                <S>Get-OCIAnnouncementsserviceAnnouncement</S>
                <S>Get-OCIAnnouncementsserviceAnnouncementCompartment</S>
                <S>Get-OCIAnnouncementsserviceAnnouncementsList</S>
                <S>Get-OCIAnnouncementsserviceAnnouncementsPreference</S>
                <S>Get-OCIAnnouncementsserviceAnnouncementsPreferencesList</S>
                <S>Get-OCIAnnouncementsserviceAnnouncementSubscription</S>
                <S>Get-OCIAnnouncementsserviceAnnouncementSubscriptionsList</S>
                <S>Get-OCIAnnouncementsserviceAnnouncementUserStatus</S>
                <S>Get-OCIAnnouncementsserviceServicesList</S>
                <S>Move-OCIAnnouncementsserviceAnnouncementSubscriptionCompartment</S>
                <S>New-OCIAnnouncementsserviceAnnouncementsPreference</S>
                <S>New-OCIAnnouncementsserviceAnnouncementSubscription</S>
                <S>New-OCIAnnouncementsserviceFilterGroup</S>
                <S>Remove-OCIAnnouncementsserviceAnnouncementSubscription</S>
                <S>Remove-OCIAnnouncementsserviceFilterGroup</S>
                <S>Update-OCIAnnouncementsserviceAnnouncementsPreference</S>
                <S>Update-OCIAnnouncementsserviceAnnouncementSubscription</S>
                <S>Update-OCIAnnouncementsserviceAnnouncementUserStatus</S>
                <S>Update-OCIAnnouncementsserviceFilterGroup</S>
              </LST>
            </Obj>
          </En>
          <En>
            <S N="Key">Cmdlet</S>
            <Obj N="Value" RefId="5">
              <TNRef RefId="1" />
              <LST>
                <S>Get-OCIAnnouncementsserviceAnnouncement</S>
                <S>Get-OCIAnnouncementsserviceAnnouncementCompartment</S>
                <S>Get-OCIAnnouncementsserviceAnnouncementsList</S>
                <S>Get-OCIAnnouncementsserviceAnnouncementsPreference</S>
                <S>Get-OCIAnnouncementsserviceAnnouncementsPreferencesList</S>
                <S>Get-OCIAnnouncementsserviceAnnouncementSubscription</S>
                <S>Get-OCIAnnouncementsserviceAnnouncementSubscriptionsList</S>
                <S>Get-OCIAnnouncementsserviceAnnouncementUserStatus</S>
                <S>Get-OCIAnnouncementsserviceServicesList</S>
                <S>Move-OCIAnnouncementsserviceAnnouncementSubscriptionCompartment</S>
                <S>New-OCIAnnouncementsserviceAnnouncementsPreference</S>
                <S>New-OCIAnnouncementsserviceAnnouncementSubscription</S>
                <S>New-OCIAnnouncementsserviceFilterGroup</S>
                <S>Remove-OCIAnnouncementsserviceAnnouncementSubscription</S>
                <S>Remove-OCIAnnouncementsserviceFilterGroup</S>
                <S>Update-OCIAnnouncementsserviceAnnouncementsPreference</S>
                <S>Update-OCIAnnouncementsserviceAnnouncementSubscription</S>
                <S>Update-OCIAnnouncementsserviceAnnouncementUserStatus</S>
                <S>Update-OCIAnnouncementsserviceFilterGroup</S>
              </LST>
            </Obj>
          </En>
        </DCT>
      </Obj>
      <Nil N="PowerShellGetFormatVersion" />
      <S N="ReleaseNotes">https://github.com/oracle/oci-powershell-modules/blob/master/CHANGELOG.md</S>
      <Obj N="Dependencies" RefId="6">
        <TNRef RefId="1" />
        <LST>
          <Obj RefId="7">
            <TN RefId="3">
              <T>System.Collections.Specialized.OrderedDictionary</T>
              <T>System.Object</T>
            </TN>
            <DCT>
              <En>
                <S N="Key">Name</S>
                <S N="Value">OCI.PSModules.Common</S>
              </En>
              <En>
                <S N="Key">RequiredVersion</S>
                <S N="Value">95.1.0</S>
              </En>
              <En>
                <S N="Key">CanonicalId</S>
                <S N="Value">nuget:OCI.PSModules.Common/[95.1.0]</S>
              </En>
            </DCT>
          </Obj>
        </LST>
      </Obj>
      <S N="RepositorySourceLocation">https://www.powershellgallery.com/api/v2</S>
      <S N="Repository">PSGallery</S>
      <S N="PackageManagementProvider">NuGet</S>
      <Obj N="AdditionalMetadata" RefId="8">
        <TN RefId="4">
          <T>System.Management.Automation.PSCustomObject</T>
          <T>System.Object</T>
        </TN>
        <MS>
          <S N="copyright">(c) Oracle Cloud Infrastructure. All rights reserved.</S>
          <S N="description">This modules provides Cmdlets for OCI Announcementsservice Service</S>
          <S N="requireLicenseAcceptance">False</S>
          <S N="releaseNotes">https://github.com/oracle/oci-powershell-modules/blob/master/CHANGELOG.md</S>
          <S N="isLatestVersion">True</S>
          <S N="isAbsoluteLatestVersion">True</S>
          <S N="versionDownloadCount">317</S>
          <S N="downloadCount">12145</S>
          <S N="packageSize">109555</S>
          <S N="published">11/12/2024 6:42:25 PM +02:00</S>
          <S N="created">11/12/2024 6:42:25 PM +02:00</S>
          <S N="lastUpdated">12/8/2024 9:50:00 PM +02:00</S>
          <S N="tags">PSEdition_Core Windows Linux macOS Oracle OCI Cloud OracleCloudInfrastructure Announcementsservice PSModule PSCmdlet_Get-OCIAnnouncementsserviceAnnouncement PSCommand_Get-OCIAnnouncementsserviceAnnouncement PSCmdlet_Get-OCIAnnouncementsserviceAnnouncementCompartment PSCommand_Get-OCIAnnouncementsserviceAnnouncementCompartment PSCmdlet_Get-OCIAnnouncementsserviceAnnouncementsList PSCommand_Get-OCIAnnouncementsserviceAnnouncementsList PSCmdlet_Get-OCIAnnouncementsserviceAnnouncementsPreference PSCommand_Get-OCIAnnouncementsserviceAnnouncementsPreference PSCmdlet_Get-OCIAnnouncementsserviceAnnouncementsPreferencesList PSCommand_Get-OCIAnnouncementsserviceAnnouncementsPreferencesList PSCmdlet_Get-OCIAnnouncementsserviceAnnouncementSubscription PSCommand_Get-OCIAnnouncementsserviceAnnouncementSubscription PSCmdlet_Get-OCIAnnouncementsserviceAnnouncementSubscriptionsList PSCommand_Get-OCIAnnouncementsserviceAnnouncementSubscriptionsList PSCmdlet_Get-OCIAnnouncementsserviceAnnouncementUserStatus PSCommand_Get-OCIAnnouncementsserviceAnnouncementUserStatus PSCmdlet_Get-OCIAnnouncementsserviceServicesList PSCommand_Get-OCIAnnouncementsserviceServicesList PSCmdlet_Move-OCIAnnouncementsserviceAnnouncementSubscriptionCompartment PSCommand_Move-OCIAnnouncementsserviceAnnouncementSubscriptionCompartment PSCmdlet_New-OCIAnnouncementsserviceAnnouncementsPreference PSCommand_New-OCIAnnouncementsserviceAnnouncementsPreference PSCmdlet_New-OCIAnnouncementsserviceAnnouncementSubscription PSCommand_New-OCIAnnouncementsserviceAnnouncementSubscription PSCmdlet_New-OCIAnnouncementsserviceFilterGroup PSCommand_New-OCIAnnouncementsserviceFilterGroup PSCmdlet_Remove-OCIAnnouncementsserviceAnnouncementSubscription PSCommand_Remove-OCIAnnouncementsserviceAnnouncementSubscription PSCmdlet_Remove-OCIAnnouncementsserviceFilterGroup PSCommand_Remove-OCIAnnouncementsserviceFilterGroup PSCmdlet_Update-OCIAnnouncementsserviceAnnouncementsPreference PSCommand_Update-OCIAnnouncementsserviceAnnouncementsPreference PSCmdlet_Update-OCIAnnouncementsserviceAnnouncementSubscription PSCommand_Update-OCIAnnouncementsserviceAnnouncementSubscription PSCmdlet_Update-OCIAnnouncementsserviceAnnouncementUserStatus PSCommand_Update-OCIAnnouncementsserviceAnnouncementUserStatus PSCmdlet_Update-OCIAnnouncementsserviceFilterGroup PSCommand_Update-OCIAnnouncementsserviceFilterGroup PSIncludes_Cmdlet</S>
          <S N="developmentDependency">False</S>
          <S N="updated">2024-12-08T21:50:00Z</S>
          <S N="NormalizedVersion">95.1.0</S>
          <S N="Authors">Oracle Cloud Infrastructure</S>
          <S N="IsPrerelease">false</S>
          <S N="ItemType">Module</S>
          <S N="FileList">OCI.PSModules.Announcementsservice.nuspec|THIRD_PARTY_LICENSES.txt|OCI.PSModules.Announcementsservice.psd1|LICENSE.txt|OCI.PSModules.Announcementsservice.dll-Help.xml|assemblies\OCI.PSModules.Announcementsservice.dll|assemblies\OCI.DotNetSDK.Announcementsservice.dll</S>
          <S N="GUID">4260cf9c-0dfb-4f1c-ac46-7d08fcbebbf2</S>
          <S N="PowerShellVersion">6.0</S>
          <S N="CompanyName">Oracle Corporation</S>
        </MS>
      </Obj>
      <S N="InstalledLocation">C:\Users\MarcoFekry\Downloads\OCI.PSModules\OCI.PSModules.Announcementsservice\95.1.0</S>
    </MS>
  </Obj>
</Objs>
