<Objs Version="1.1.0.1" xmlns="http://schemas.microsoft.com/powershell/2004/04">
  <Obj RefId="0">
    <TN RefId="0">
      <T>Microsoft.PowerShell.Commands.PSRepositoryItemInfo</T>
      <T>System.Management.Automation.PSCustomObject</T>
      <T>System.Object</T>
    </TN>
    <MS>
      <S N="Name">OCI.PSModules.Managementdashboard</S>
      <Version N="Version">120.0.0</Version>
      <S N="Type">Module</S>
      <S N="Description">This modules provides Cmdlets for OCI Managementdashboard Service</S>
      <S N="Author">Oracle Cloud Infrastructure</S>
      <S N="CompanyName">oci-psmodules-grp</S>
      <S N="Copyright">(c) Oracle Cloud Infrastructure. All rights reserved.</S>
      <DT N="PublishedDate">2025-11-18T18:47:20+02:00</DT>
      <Obj N="InstalledDate" RefId="1">
        <DT>2025-11-27T08:16:30.7590456+02:00</DT>
        <MS>
          <Obj N="DisplayHint" RefId="2">
            <TN RefId="1">
              <T>Microsoft.PowerShell.Commands.DisplayHintType</T>
              <T>System.Enum</T>
              <T>System.ValueType</T>
              <T>System.Object</T>
            </TN>
            <ToString>DateTime</ToString>
            <I32>2</I32>
          </Obj>
        </MS>
      </Obj>
      <Nil N="UpdatedDate" />
      <URI N="LicenseUri">https://github.com/oracle/oci-powershell-modules/blob/master/LICENSE.txt</URI>
      <URI N="ProjectUri">https://github.com/oracle/oci-powershell-modules/</URI>
      <URI N="IconUri">https://github.com/oracle/oci-powershell-modules/blob/master/icon.png</URI>
      <Obj N="Tags" RefId="3">
        <TN RefId="2">
          <T>System.Object[]</T>
          <T>System.Array</T>
          <T>System.Object</T>
        </TN>
        <LST>
          <S>PSEdition_Core</S>
          <S>Windows</S>
          <S>Linux</S>
          <S>macOS</S>
          <S>Oracle</S>
          <S>OCI</S>
          <S>Cloud</S>
          <S>OracleCloudInfrastructure</S>
          <S>Managementdashboard</S>
          <S>PSModule</S>
        </LST>
      </Obj>
      <Obj N="Includes" RefId="4">
        <TN RefId="3">
          <T>System.Collections.Hashtable</T>
          <T>System.Object</T>
        </TN>
        <DCT>
          <En>
            <S N="Key">Function</S>
            <Obj N="Value" RefId="5">
              <TNRef RefId="2" />
              <LST />
            </Obj>
          </En>
          <En>
            <S N="Key">RoleCapability</S>
            <Ref N="Value" RefId="5" />
          </En>
          <En>
            <S N="Key">Cmdlet</S>
            <Obj N="Value" RefId="6">
              <TNRef RefId="2" />
              <LST>
                <S>Export-OCIManagementdashboardDashboard</S>
                <S>Get-OCIManagementdashboard</S>
                <S>Get-OCIManagementdashboardManagementSavedSearch</S>
                <S>Get-OCIManagementdashboardManagementSavedSearchesList</S>
                <S>Get-OCIManagementdashboardOobManagementDashboard</S>
                <S>Get-OCIManagementdashboardOobManagementDashboardsList</S>
                <S>Get-OCIManagementdashboardOobManagementSavedSearch</S>
                <S>Get-OCIManagementdashboardOobManagementSavedSearchesList</S>
                <S>Get-OCIManagementdashboardsList</S>
                <S>Import-OCIManagementdashboardDashboard</S>
                <S>Move-OCIManagementdashboardManagementSavedSearchesCompartment</S>
                <S>Move-OCIManagementdashboardsCompartment</S>
                <S>New-OCIManagementdashboard</S>
                <S>New-OCIManagementdashboardManagementSavedSearch</S>
                <S>Remove-OCIManagementdashboard</S>
                <S>Remove-OCIManagementdashboardManagementSavedSearch</S>
                <S>Update-OCIManagementdashboard</S>
                <S>Update-OCIManagementdashboardManagementSavedSearch</S>
              </LST>
            </Obj>
          </En>
          <En>
            <S N="Key">DscResource</S>
            <Ref N="Value" RefId="5" />
          </En>
          <En>
            <S N="Key">Command</S>
            <Obj N="Value" RefId="7">
              <TNRef RefId="2" />
              <LST>
                <S>Export-OCIManagementdashboardDashboard</S>
                <S>Get-OCIManagementdashboard</S>
                <S>Get-OCIManagementdashboardManagementSavedSearch</S>
                <S>Get-OCIManagementdashboardManagementSavedSearchesList</S>
                <S>Get-OCIManagementdashboardOobManagementDashboard</S>
                <S>Get-OCIManagementdashboardOobManagementDashboardsList</S>
                <S>Get-OCIManagementdashboardOobManagementSavedSearch</S>
                <S>Get-OCIManagementdashboardOobManagementSavedSearchesList</S>
                <S>Get-OCIManagementdashboardsList</S>
                <S>Import-OCIManagementdashboardDashboard</S>
                <S>Move-OCIManagementdashboardManagementSavedSearchesCompartment</S>
                <S>Move-OCIManagementdashboardsCompartment</S>
                <S>New-OCIManagementdashboard</S>
                <S>New-OCIManagementdashboardManagementSavedSearch</S>
                <S>Remove-OCIManagementdashboard</S>
                <S>Remove-OCIManagementdashboardManagementSavedSearch</S>
                <S>Update-OCIManagementdashboard</S>
                <S>Update-OCIManagementdashboardManagementSavedSearch</S>
              </LST>
            </Obj>
          </En>
          <En>
            <S N="Key">Workflow</S>
            <Ref N="Value" RefId="5" />
          </En>
        </DCT>
      </Obj>
      <Nil N="PowerShellGetFormatVersion" />
      <S N="ReleaseNotes">https://github.com/oracle/oci-powershell-modules/blob/master/CHANGELOG.md</S>
      <Obj N="Dependencies" RefId="8">
        <TNRef RefId="2" />
        <LST>
          <Obj RefId="9">
            <TN RefId="4">
              <T>System.Collections.Specialized.OrderedDictionary</T>
              <T>System.Object</T>
            </TN>
            <DCT>
              <En>
                <S N="Key">Name</S>
                <S N="Value">OCI.PSModules.Common</S>
              </En>
              <En>
                <S N="Key">RequiredVersion</S>
                <S N="Value">120.0.0</S>
              </En>
              <En>
                <S N="Key">CanonicalId</S>
                <S N="Value">nuget:OCI.PSModules.Common/[120.0.0]</S>
              </En>
            </DCT>
          </Obj>
        </LST>
      </Obj>
      <S N="RepositorySourceLocation">https://www.powershellgallery.com/api/v2</S>
      <S N="Repository">PSGallery</S>
      <S N="PackageManagementProvider">NuGet</S>
      <Obj N="AdditionalMetadata" RefId="10">
        <TN RefId="5">
          <T>System.Management.Automation.PSCustomObject</T>
          <T>System.Object</T>
        </TN>
        <MS>
          <S N="copyright">(c) Oracle Cloud Infrastructure. All rights reserved.</S>
          <S N="description">This modules provides Cmdlets for OCI Managementdashboard Service</S>
          <S N="requireLicenseAcceptance">False</S>
          <S N="releaseNotes">https://github.com/oracle/oci-powershell-modules/blob/master/CHANGELOG.md</S>
          <S N="isLatestVersion">True</S>
          <S N="isAbsoluteLatestVersion">True</S>
          <S N="versionDownloadCount">46</S>
          <S N="downloadCount">15459</S>
          <S N="packageSize">101235</S>
          <S N="published">11/18/2025 6:47:20 PM +02:00</S>
          <S N="created">11/18/2025 6:47:20 PM +02:00</S>
          <S N="lastUpdated">11/26/2025 9:30:00 PM +02:00</S>
          <S N="tags">PSEdition_Core Windows Linux macOS Oracle OCI Cloud OracleCloudInfrastructure Managementdashboard PSModule PSCmdlet_Export-OCIManagementdashboardDashboard PSCommand_Export-OCIManagementdashboardDashboard PSCmdlet_Get-OCIManagementdashboard PSCommand_Get-OCIManagementdashboard PSCmdlet_Get-OCIManagementdashboardManagementSavedSearch PSCommand_Get-OCIManagementdashboardManagementSavedSearch PSCmdlet_Get-OCIManagementdashboardManagementSavedSearchesList PSCommand_Get-OCIManagementdashboardManagementSavedSearchesList PSCmdlet_Get-OCIManagementdashboardOobManagementDashboard PSCommand_Get-OCIManagementdashboardOobManagementDashboard PSCmdlet_Get-OCIManagementdashboardOobManagementDashboardsList PSCommand_Get-OCIManagementdashboardOobManagementDashboardsList PSCmdlet_Get-OCIManagementdashboardOobManagementSavedSearch PSCommand_Get-OCIManagementdashboardOobManagementSavedSearch PSCmdlet_Get-OCIManagementdashboardOobManagementSavedSearchesList PSCommand_Get-OCIManagementdashboardOobManagementSavedSearchesList PSCmdlet_Get-OCIManagementdashboardsList PSCommand_Get-OCIManagementdashboardsList PSCmdlet_Import-OCIManagementdashboardDashboard PSCommand_Import-OCIManagementdashboardDashboard PSCmdlet_Move-OCIManagementdashboardManagementSavedSearchesCompartment PSCommand_Move-OCIManagementdashboardManagementSavedSearchesCompartment PSCmdlet_Move-OCIManagementdashboardsCompartment PSCommand_Move-OCIManagementdashboardsCompartment PSCmdlet_New-OCIManagementdashboard PSCommand_New-OCIManagementdashboard PSCmdlet_New-OCIManagementdashboardManagementSavedSearch PSCommand_New-OCIManagementdashboardManagementSavedSearch PSCmdlet_Remove-OCIManagementdashboard PSCommand_Remove-OCIManagementdashboard PSCmdlet_Remove-OCIManagementdashboardManagementSavedSearch PSCommand_Remove-OCIManagementdashboardManagementSavedSearch PSCmdlet_Update-OCIManagementdashboard PSCommand_Update-OCIManagementdashboard PSCmdlet_Update-OCIManagementdashboardManagementSavedSearch PSCommand_Update-OCIManagementdashboardManagementSavedSearch PSIncludes_Cmdlet</S>
          <S N="developmentDependency">False</S>
          <S N="updated">2025-11-26T21:30:00Z</S>
          <S N="NormalizedVersion">120.0.0</S>
          <S N="Authors">Oracle Cloud Infrastructure</S>
          <S N="IsPrerelease">false</S>
          <S N="ItemType">Module</S>
          <S N="FileList">OCI.PSModules.Managementdashboard.nuspec|OCI.PSModules.Managementdashboard.psd1|LICENSE.txt|OCI.PSModules.Managementdashboard.dll-Help.xml|THIRD_PARTY_LICENSES.txt|assemblies\OCI.DotNetSDK.Managementdashboard.dll|assemblies\OCI.PSModules.Managementdashboard.dll</S>
          <S N="GUID">75973f59-c3d0-4e5a-af34-7a8a94e15cfd</S>
          <S N="PowerShellVersion">6.0</S>
          <S N="CompanyName">Oracle Corporation</S>
        </MS>
      </Obj>
      <S N="InstalledLocation">C:\Program Files\PowerShell\Modules\OCI.PSModules.Managementdashboard\120.0.0</S>
    </MS>
  </Obj>
</Objs>
