<Objs Version="1.1.0.1" xmlns="http://schemas.microsoft.com/powershell/2004/04">
  <Obj RefId="0">
    <TN RefId="0">
      <T>Microsoft.PowerShell.Commands.PSRepositoryItemInfo</T>
      <T>System.Management.Automation.PSCustomObject</T>
      <T>System.Object</T>
    </TN>
    <MS>
      <S N="Name">OCI.PSModules.Objectstorage</S>
      <Version N="Version">120.0.0</Version>
      <S N="Type">Module</S>
      <S N="Description">This modules provides Cmdlets for OCI Objectstorage Service</S>
      <S N="Author">Oracle Cloud Infrastructure</S>
      <S N="CompanyName">oci-psmodules-grp</S>
      <S N="Copyright">(c) Oracle Cloud Infrastructure. All rights reserved.</S>
      <DT N="PublishedDate">2025-11-18T18:49:07+02:00</DT>
      <Obj N="InstalledDate" RefId="1">
        <DT>2025-11-27T08:17:48.7592925+02:00</DT>
        <MS>
          <Obj N="DisplayHint" RefId="2">
            <TN RefId="1">
              <T>Microsoft.PowerShell.Commands.DisplayHintType</T>
              <T>System.Enum</T>
              <T>System.ValueType</T>
              <T>System.Object</T>
            </TN>
            <ToString>DateTime</ToString>
            <I32>2</I32>
          </Obj>
        </MS>
      </Obj>
      <Nil N="UpdatedDate" />
      <URI N="LicenseUri">https://github.com/oracle/oci-powershell-modules/blob/master/LICENSE.txt</URI>
      <URI N="ProjectUri">https://github.com/oracle/oci-powershell-modules/</URI>
      <URI N="IconUri">https://github.com/oracle/oci-powershell-modules/blob/master/icon.png</URI>
      <Obj N="Tags" RefId="3">
        <TN RefId="2">
          <T>System.Object[]</T>
          <T>System.Array</T>
          <T>System.Object</T>
        </TN>
        <LST>
          <S>PSEdition_Core</S>
          <S>Windows</S>
          <S>Linux</S>
          <S>macOS</S>
          <S>Oracle</S>
          <S>OCI</S>
          <S>Cloud</S>
          <S>OracleCloudInfrastructure</S>
          <S>Objectstorage</S>
          <S>PSModule</S>
        </LST>
      </Obj>
      <Obj N="Includes" RefId="4">
        <TN RefId="3">
          <T>System.Collections.Hashtable</T>
          <T>System.Object</T>
        </TN>
        <DCT>
          <En>
            <S N="Key">Function</S>
            <Obj N="Value" RefId="5">
              <TNRef RefId="2" />
              <LST />
            </Obj>
          </En>
          <En>
            <S N="Key">RoleCapability</S>
            <Ref N="Value" RefId="5" />
          </En>
          <En>
            <S N="Key">Cmdlet</S>
            <Obj N="Value" RefId="6">
              <TNRef RefId="2" />
              <LST>
                <S>Copy-OCIObjectstorageObject</S>
                <S>Get-OCIObjectstorageBucket</S>
                <S>Get-OCIObjectstorageBucketsList</S>
                <S>Get-OCIObjectstorageMultipartUploadPartsList</S>
                <S>Get-OCIObjectstorageMultipartUploadsList</S>
                <S>Get-OCIObjectstorageNamespace</S>
                <S>Get-OCIObjectstorageNamespaceMetadata</S>
                <S>Get-OCIObjectstorageObject</S>
                <S>Get-OCIObjectstorageObjectLifecyclePolicy</S>
                <S>Get-OCIObjectstorageObjectsList</S>
                <S>Get-OCIObjectstorageObjectVersionsList</S>
                <S>Get-OCIObjectstoragePreauthenticatedRequest</S>
                <S>Get-OCIObjectstoragePreauthenticatedRequestsList</S>
                <S>Get-OCIObjectstoragePrivateEndpoint</S>
                <S>Get-OCIObjectstoragePrivateEndpointsList</S>
                <S>Get-OCIObjectstorageReplicationPoliciesList</S>
                <S>Get-OCIObjectstorageReplicationPolicy</S>
                <S>Get-OCIObjectstorageReplicationSourcesList</S>
                <S>Get-OCIObjectstorageRetentionRule</S>
                <S>Get-OCIObjectstorageRetentionRulesList</S>
                <S>Get-OCIObjectstorageWorkRequest</S>
                <S>Get-OCIObjectstorageWorkRequestErrorsList</S>
                <S>Get-OCIObjectstorageWorkRequestLogsList</S>
                <S>Get-OCIObjectstorageWorkRequestsList</S>
                <S>Invoke-OCIObjectstorageBatchDeleteObjects</S>
                <S>Invoke-OCIObjectstorageCommitMultipartUpload</S>
                <S>Invoke-OCIObjectstorageHeadBucket</S>
                <S>Invoke-OCIObjectstorageHeadObject</S>
                <S>Invoke-OCIObjectstorageMakeBucketWritable</S>
                <S>Invoke-OCIObjectstorageReencryptBucket</S>
                <S>Invoke-OCIObjectstorageReencryptObject</S>
                <S>New-OCIObjectstorageBucket</S>
                <S>New-OCIObjectstorageMultipartUpload</S>
                <S>New-OCIObjectstoragePreauthenticatedRequest</S>
                <S>New-OCIObjectstoragePrivateEndpoint</S>
                <S>New-OCIObjectstorageReplicationPolicy</S>
                <S>New-OCIObjectstorageRetentionRule</S>
                <S>Remove-OCIObjectstorageBucket</S>
                <S>Remove-OCIObjectstorageObject</S>
                <S>Remove-OCIObjectstorageObjectLifecyclePolicy</S>
                <S>Remove-OCIObjectstoragePreauthenticatedRequest</S>
                <S>Remove-OCIObjectstoragePrivateEndpoint</S>
                <S>Remove-OCIObjectstorageReplicationPolicy</S>
                <S>Remove-OCIObjectstorageRetentionRule</S>
                <S>Rename-OCIObjectstorageObject</S>
                <S>Restore-OCIObjectstorageObjects</S>
                <S>Stop-OCIObjectstorageMultipartUpload</S>
                <S>Stop-OCIObjectstorageWorkRequest</S>
                <S>Update-OCIObjectstorageBucket</S>
                <S>Update-OCIObjectstorageNamespaceMetadata</S>
                <S>Update-OCIObjectstoragePrivateEndpoint</S>
                <S>Update-OCIObjectstorageRetentionRule</S>
                <S>Update-OCIObjectstorageTier</S>
                <S>Write-OCIObjectstorageObject</S>
                <S>Write-OCIObjectstorageObjectLifecyclePolicy</S>
                <S>Write-OCIObjectstoragePart</S>
                <S>Write-OCIObjectstorageuploadmanagerObject</S>
              </LST>
            </Obj>
          </En>
          <En>
            <S N="Key">DscResource</S>
            <Ref N="Value" RefId="5" />
          </En>
          <En>
            <S N="Key">Command</S>
            <Obj N="Value" RefId="7">
              <TNRef RefId="2" />
              <LST>
                <S>Copy-OCIObjectstorageObject</S>
                <S>Get-OCIObjectstorageBucket</S>
                <S>Get-OCIObjectstorageBucketsList</S>
                <S>Get-OCIObjectstorageMultipartUploadPartsList</S>
                <S>Get-OCIObjectstorageMultipartUploadsList</S>
                <S>Get-OCIObjectstorageNamespace</S>
                <S>Get-OCIObjectstorageNamespaceMetadata</S>
                <S>Get-OCIObjectstorageObject</S>
                <S>Get-OCIObjectstorageObjectLifecyclePolicy</S>
                <S>Get-OCIObjectstorageObjectsList</S>
                <S>Get-OCIObjectstorageObjectVersionsList</S>
                <S>Get-OCIObjectstoragePreauthenticatedRequest</S>
                <S>Get-OCIObjectstoragePreauthenticatedRequestsList</S>
                <S>Get-OCIObjectstoragePrivateEndpoint</S>
                <S>Get-OCIObjectstoragePrivateEndpointsList</S>
                <S>Get-OCIObjectstorageReplicationPoliciesList</S>
                <S>Get-OCIObjectstorageReplicationPolicy</S>
                <S>Get-OCIObjectstorageReplicationSourcesList</S>
                <S>Get-OCIObjectstorageRetentionRule</S>
                <S>Get-OCIObjectstorageRetentionRulesList</S>
                <S>Get-OCIObjectstorageWorkRequest</S>
                <S>Get-OCIObjectstorageWorkRequestErrorsList</S>
                <S>Get-OCIObjectstorageWorkRequestLogsList</S>
                <S>Get-OCIObjectstorageWorkRequestsList</S>
                <S>Invoke-OCIObjectstorageBatchDeleteObjects</S>
                <S>Invoke-OCIObjectstorageCommitMultipartUpload</S>
                <S>Invoke-OCIObjectstorageHeadBucket</S>
                <S>Invoke-OCIObjectstorageHeadObject</S>
                <S>Invoke-OCIObjectstorageMakeBucketWritable</S>
                <S>Invoke-OCIObjectstorageReencryptBucket</S>
                <S>Invoke-OCIObjectstorageReencryptObject</S>
                <S>New-OCIObjectstorageBucket</S>
                <S>New-OCIObjectstorageMultipartUpload</S>
                <S>New-OCIObjectstoragePreauthenticatedRequest</S>
                <S>New-OCIObjectstoragePrivateEndpoint</S>
                <S>New-OCIObjectstorageReplicationPolicy</S>
                <S>New-OCIObjectstorageRetentionRule</S>
                <S>Remove-OCIObjectstorageBucket</S>
                <S>Remove-OCIObjectstorageObject</S>
                <S>Remove-OCIObjectstorageObjectLifecyclePolicy</S>
                <S>Remove-OCIObjectstoragePreauthenticatedRequest</S>
                <S>Remove-OCIObjectstoragePrivateEndpoint</S>
                <S>Remove-OCIObjectstorageReplicationPolicy</S>
                <S>Remove-OCIObjectstorageRetentionRule</S>
                <S>Rename-OCIObjectstorageObject</S>
                <S>Restore-OCIObjectstorageObjects</S>
                <S>Stop-OCIObjectstorageMultipartUpload</S>
                <S>Stop-OCIObjectstorageWorkRequest</S>
                <S>Update-OCIObjectstorageBucket</S>
                <S>Update-OCIObjectstorageNamespaceMetadata</S>
                <S>Update-OCIObjectstoragePrivateEndpoint</S>
                <S>Update-OCIObjectstorageRetentionRule</S>
                <S>Update-OCIObjectstorageTier</S>
                <S>Write-OCIObjectstorageObject</S>
                <S>Write-OCIObjectstorageObjectLifecyclePolicy</S>
                <S>Write-OCIObjectstoragePart</S>
                <S>Write-OCIObjectstorageuploadmanagerObject</S>
              </LST>
            </Obj>
          </En>
          <En>
            <S N="Key">Workflow</S>
            <Ref N="Value" RefId="5" />
          </En>
        </DCT>
      </Obj>
      <Nil N="PowerShellGetFormatVersion" />
      <S N="ReleaseNotes">https://github.com/oracle/oci-powershell-modules/blob/master/CHANGELOG.md</S>
      <Obj N="Dependencies" RefId="8">
        <TNRef RefId="2" />
        <LST>
          <Obj RefId="9">
            <TN RefId="4">
              <T>System.Collections.Specialized.OrderedDictionary</T>
              <T>System.Object</T>
            </TN>
            <DCT>
              <En>
                <S N="Key">Name</S>
                <S N="Value">OCI.PSModules.Common</S>
              </En>
              <En>
                <S N="Key">RequiredVersion</S>
                <S N="Value">120.0.0</S>
              </En>
              <En>
                <S N="Key">CanonicalId</S>
                <S N="Value">nuget:OCI.PSModules.Common/[120.0.0]</S>
              </En>
            </DCT>
          </Obj>
        </LST>
      </Obj>
      <S N="RepositorySourceLocation">https://www.powershellgallery.com/api/v2</S>
      <S N="Repository">PSGallery</S>
      <S N="PackageManagementProvider">NuGet</S>
      <Obj N="AdditionalMetadata" RefId="10">
        <TN RefId="5">
          <T>System.Management.Automation.PSCustomObject</T>
          <T>System.Object</T>
        </TN>
        <MS>
          <S N="copyright">(c) Oracle Cloud Infrastructure. All rights reserved.</S>
          <S N="description">This modules provides Cmdlets for OCI Objectstorage Service</S>
          <S N="requireLicenseAcceptance">False</S>
          <S N="releaseNotes">https://github.com/oracle/oci-powershell-modules/blob/master/CHANGELOG.md</S>
          <S N="isLatestVersion">True</S>
          <S N="isAbsoluteLatestVersion">True</S>
          <S N="versionDownloadCount">204</S>
          <S N="downloadCount">22929</S>
          <S N="packageSize">226798</S>
          <S N="published">11/18/2025 6:49:07 PM +02:00</S>
          <S N="created">11/18/2025 6:49:07 PM +02:00</S>
          <S N="lastUpdated">11/27/2025 4:00:00 AM +02:00</S>
          <S N="tags">PSEdition_Core Windows Linux macOS Oracle OCI Cloud OracleCloudInfrastructure Objectstorage PSModule PSCmdlet_Copy-OCIObjectstorageObject PSCommand_Copy-OCIObjectstorageObject PSCmdlet_Get-OCIObjectstorageBucket PSCommand_Get-OCIObjectstorageBucket PSCmdlet_Get-OCIObjectstorageBucketsList PSCommand_Get-OCIObjectstorageBucketsList PSCmdlet_Get-OCIObjectstorageMultipartUploadPartsList PSCommand_Get-OCIObjectstorageMultipartUploadPartsList PSCmdlet_Get-OCIObjectstorageMultipartUploadsList PSCommand_Get-OCIObjectstorageMultipartUploadsList PSCmdlet_Get-OCIObjectstorageNamespace PSCommand_Get-OCIObjectstorageNamespace PSCmdlet_Get-OCIObjectstorageNamespaceMetadata PSCommand_Get-OCIObjectstorageNamespaceMetadata PSCmdlet_Get-OCIObjectstorageObject PSCommand_Get-OCIObjectstorageObject PSCmdlet_Get-OCIObjectstorageObjectLifecyclePolicy PSCommand_Get-OCIObjectstorageObjectLifecyclePolicy PSCmdlet_Get-OCIObjectstorageObjectsList PSCommand_Get-OCIObjectstorageObjectsList PSCmdlet_Get-OCIObjectstorageObjectVersionsList PSCommand_Get-OCIObjectstorageObjectVersionsList PSCmdlet_Get-OCIObjectstoragePreauthenticatedRequest PSCommand_Get-OCIObjectstoragePreauthenticatedRequest PSCmdlet_Get-OCIObjectstoragePreauthenticatedRequestsList PSCommand_Get-OCIObjectstoragePreauthenticatedRequestsList PSCmdlet_Get-OCIObjectstoragePrivateEndpoint PSCommand_Get-OCIObjectstoragePrivateEndpoint PSCmdlet_Get-OCIObjectstoragePrivateEndpointsList PSCommand_Get-OCIObjectstoragePrivateEndpointsList PSCmdlet_Get-OCIObjectstorageReplicationPoliciesList PSCommand_Get-OCIObjectstorageReplicationPoliciesList PSCmdlet_Get-OCIObjectstorageReplicationPolicy PSCommand_Get-OCIObjectstorageReplicationPolicy PSCmdlet_Get-OCIObjectstorageReplicationSourcesList PSCommand_Get-OCIObjectstorageReplicationSourcesList PSCmdlet_Get-OCIObjectstorageRetentionRule PSCommand_Get-OCIObjectstorageRetentionRule PSCmdlet_Get-OCIObjectstorageRetentionRulesList PSCommand_Get-OCIObjectstorageRetentionRulesList PSCmdlet_Get-OCIObjectstorageWorkRequest PSCommand_Get-OCIObjectstorageWorkRequest PSCmdlet_Get-OCIObjectstorageWorkRequestErrorsList PSCommand_Get-OCIObjectstorageWorkRequestErrorsList PSCmdlet_Get-OCIObjectstorageWorkRequestLogsList PSCommand_Get-OCIObjectstorageWorkRequestLogsList PSCmdlet_Get-OCIObjectstorageWorkRequestsList PSCommand_Get-OCIObjectstorageWorkRequestsList PSCmdlet_Invoke-OCIObjectstorageBatchDeleteObjects PSCommand_Invoke-OCIObjectstorageBatchDeleteObjects PSCmdlet_Invoke-OCIObjectstorageCommitMultipartUpload PSCommand_Invoke-OCIObjectstorageCommitMultipartUpload PSCmdlet_Invoke-OCIObjectstorageHeadBucket PSCommand_Invoke-OCIObjectstorageHeadBucket PSCmdlet_Invoke-OCIObjectstorageHeadObject PSCommand_Invoke-OCIObjectstorageHeadObject PSCmdlet_Invoke-OCIObjectstorageMakeBucketWritable PSCommand_Invoke-OCIObjectstorageMakeBucketWritable PSCmdlet_Invoke-OCIObjectstorageReencryptBucket PSCommand_Invoke-OCIObjectstorageReencryptBucket PSCmdlet_Invoke-OCIObjectstorageReencryptObject PSCommand_Invoke-OCIObjectstorageReencryptObject PSCmdlet_New-OCIObjectstorageBucket PSCommand_New-OCIObjectstorageBucket PSCmdlet_New-OCIObjectstorageMultipartUpload PSCommand_New-OCIObjectstorageMultipartUpload PSCmdlet_New-OCIObjectstoragePreauthenticatedRequest PSCommand_New-OCIObjectstoragePreauthenticatedRequest PSCmdlet_New-OCIObjectstoragePrivateEndpoint PSCommand_New-OCIObjectstoragePrivateEndpoint PSCmdlet_New-OCIObjectstorageReplicationPolicy PSCommand_New-OCIObjectstorageReplicationPolicy PSCmdlet_New-OCIObjectstorageRetentionRule PSCommand_New-OCIObjectstorageRetentionRule PSCmdlet_Remove-OCIObjectstorageBucket PSCommand_Remove-OCIObjectstorageBucket PSCmdlet_Remove-OCIObjectstorageObject PSCommand_Remove-OCIObjectstorageObject PSCmdlet_Remove-OCIObjectstorageObjectLifecyclePolicy PSCommand_Remove-OCIObjectstorageObjectLifecyclePolicy PSCmdlet_Remove-OCIObjectstoragePreauthenticatedRequest PSCommand_Remove-OCIObjectstoragePreauthenticatedRequest PSCmdlet_Remove-OCIObjectstoragePrivateEndpoint PSCommand_Remove-OCIObjectstoragePrivateEndpoint PSCmdlet_Remove-OCIObjectstorageReplicationPolicy PSCommand_Remove-OCIObjectstorageReplicationPolicy PSCmdlet_Remove-OCIObjectstorageRetentionRule PSCommand_Remove-OCIObjectstorageRetentionRule PSCmdlet_Rename-OCIObjectstorageObject PSCommand_Rename-OCIObjectstorageObject PSCmdlet_Restore-OCIObjectstorageObjects PSCommand_Restore-OCIObjectstorageObjects PSCmdlet_Stop-OCIObjectstorageMultipartUpload PSCommand_Stop-OCIObjectstorageMultipartUpload PSCmdlet_Stop-OCIObjectstorageWorkRequest PSCommand_Stop-OCIObjectstorageWorkRequest PSCmdlet_Update-OCIObjectstorageBucket PSCommand_Update-OCIObjectstorageBucket PSCmdlet_Update-OCIObjectstorageNamespaceMetadata PSCommand_Update-OCIObjectstorageNamespaceMetadata PSCmdlet_Update-OCIObjectstoragePrivateEndpoint PSCommand_Update-OCIObjectstoragePrivateEndpoint PSCmdlet_Update-OCIObjectstorageRetentionRule PSCommand_Update-OCIObjectstorageRetentionRule PSCmdlet_Update-OCIObjectstorageTier PSCommand_Update-OCIObjectstorageTier PSCmdlet_Write-OCIObjectstorageObject PSCommand_Write-OCIObjectstorageObject PSCmdlet_Write-OCIObjectstorageObjectLifecyclePolicy PSCommand_Write-OCIObjectstorageObjectLifecyclePolicy PSCmdlet_Write-OCIObjectstoragePart PSCommand_Write-OCIObjectstoragePart PSCmdlet_Write-OCIObjectstorageuploadmanagerObject PSCommand_Write-OCIObjectstorageuploadmanagerObject PSIncludes_Cmdlet</S>
          <S N="developmentDependency">False</S>
          <S N="updated">2025-11-27T04:00:00Z</S>
          <S N="NormalizedVersion">120.0.0</S>
          <S N="Authors">Oracle Cloud Infrastructure</S>
          <S N="IsPrerelease">false</S>
          <S N="ItemType">Module</S>
          <S N="FileList">OCI.PSModules.Objectstorage.nuspec|OCI.PSModules.Objectstorage.psd1|OCI.PSModules.Objectstorage.dll-Help.xml|LICENSE.txt|THIRD_PARTY_LICENSES.txt|assemblies\OCI.PSModules.Objectstorage.dll|assemblies\OCI.DotNetSDK.Objectstorage.dll</S>
          <S N="GUID">2d17e379-676f-4800-9582-5814d9a8df00</S>
          <S N="PowerShellVersion">6.0</S>
          <S N="CompanyName">Oracle Corporation</S>
        </MS>
      </Obj>
      <S N="InstalledLocation">C:\Program Files\PowerShell\Modules\OCI.PSModules.Objectstorage\120.0.0</S>
    </MS>
  </Obj>
</Objs>
