<Objs Version="1.1.0.1" xmlns="http://schemas.microsoft.com/powershell/2004/04">
  <Obj RefId="0">
    <TN RefId="0">
      <T>Microsoft.PowerShell.Commands.PSRepositoryItemInfo</T>
      <T>System.Management.Automation.PSCustomObject</T>
      <T>System.Object</T>
    </TN>
    <MS>
      <S N="Name">OCI.PSModules.Integration</S>
      <S N="Version">95.1.0</S>
      <S N="Type">Module</S>
      <S N="Description">This modules provides Cmdlets for OCI Integration Service</S>
      <S N="Author">Oracle Cloud Infrastructure</S>
      <S N="CompanyName">oci-psmodules-grp</S>
      <S N="Copyright">(c) Oracle Cloud Infrastructure. All rights reserved.</S>
      <DT N="PublishedDate">2024-11-12T18:49:13+02:00</DT>
      <Nil N="InstalledDate" />
      <Nil N="UpdatedDate" />
      <URI N="LicenseUri">https://github.com/oracle/oci-powershell-modules/blob/master/LICENSE.txt</URI>
      <URI N="ProjectUri">https://github.com/oracle/oci-powershell-modules/</URI>
      <URI N="IconUri">https://github.com/oracle/oci-powershell-modules/blob/master/icon.png</URI>
      <Obj N="Tags" RefId="1">
        <TN RefId="1">
          <T>System.Object[]</T>
          <T>System.Array</T>
          <T>System.Object</T>
        </TN>
        <LST>
          <S>PSEdition_Core</S>
          <S>Windows</S>
          <S>Linux</S>
          <S>macOS</S>
          <S>Oracle</S>
          <S>OCI</S>
          <S>Cloud</S>
          <S>OracleCloudInfrastructure</S>
          <S>Integration</S>
          <S>PSModule</S>
        </LST>
      </Obj>
      <Obj N="Includes" RefId="2">
        <TN RefId="2">
          <T>System.Collections.Hashtable</T>
          <T>System.Object</T>
        </TN>
        <DCT>
          <En>
            <S N="Key">Cmdlet</S>
            <Obj N="Value" RefId="3">
              <TNRef RefId="1" />
              <LST>
                <S>Add-OCIIntegrationOracleManagedCustomEndpoint</S>
                <S>Enable-OCIIntegrationProcessAutomation</S>
                <S>Get-OCIIntegrationInstance</S>
                <S>Get-OCIIntegrationInstancesList</S>
                <S>Get-OCIIntegrationWorkRequest</S>
                <S>Get-OCIIntegrationWorkRequestErrorsList</S>
                <S>Get-OCIIntegrationWorkRequestLogsList</S>
                <S>Get-OCIIntegrationWorkRequestsList</S>
                <S>Invoke-OCIIntegrationDisasterRecoveryFailover</S>
                <S>Invoke-OCIIntegrationExtendDataRetention</S>
                <S>Move-OCIIntegrationInstanceCompartment</S>
                <S>Move-OCIIntegrationInstanceNetworkEndpoint</S>
                <S>Move-OCIIntegrationPrivateEndpointOutboundConnection</S>
                <S>New-OCIIntegrationInstance</S>
                <S>Remove-OCIIntegrationInstance</S>
                <S>Remove-OCIIntegrationOracleManagedCustomEndpoint</S>
                <S>Start-OCIIntegrationInstance</S>
                <S>Stop-OCIIntegrationInstance</S>
                <S>Update-OCIIntegrationInstance</S>
              </LST>
            </Obj>
          </En>
          <En>
            <S N="Key">Command</S>
            <Obj N="Value" RefId="4">
              <TNRef RefId="1" />
              <LST>
                <S>Add-OCIIntegrationOracleManagedCustomEndpoint</S>
                <S>Enable-OCIIntegrationProcessAutomation</S>
                <S>Get-OCIIntegrationInstance</S>
                <S>Get-OCIIntegrationInstancesList</S>
                <S>Get-OCIIntegrationWorkRequest</S>
                <S>Get-OCIIntegrationWorkRequestErrorsList</S>
                <S>Get-OCIIntegrationWorkRequestLogsList</S>
                <S>Get-OCIIntegrationWorkRequestsList</S>
                <S>Invoke-OCIIntegrationDisasterRecoveryFailover</S>
                <S>Invoke-OCIIntegrationExtendDataRetention</S>
                <S>Move-OCIIntegrationInstanceCompartment</S>
                <S>Move-OCIIntegrationInstanceNetworkEndpoint</S>
                <S>Move-OCIIntegrationPrivateEndpointOutboundConnection</S>
                <S>New-OCIIntegrationInstance</S>
                <S>Remove-OCIIntegrationInstance</S>
                <S>Remove-OCIIntegrationOracleManagedCustomEndpoint</S>
                <S>Start-OCIIntegrationInstance</S>
                <S>Stop-OCIIntegrationInstance</S>
                <S>Update-OCIIntegrationInstance</S>
              </LST>
            </Obj>
          </En>
          <En>
            <S N="Key">Workflow</S>
            <Obj N="Value" RefId="5">
              <TNRef RefId="1" />
              <LST />
            </Obj>
          </En>
          <En>
            <S N="Key">Function</S>
            <Ref N="Value" RefId="5" />
          </En>
          <En>
            <S N="Key">RoleCapability</S>
            <Ref N="Value" RefId="5" />
          </En>
          <En>
            <S N="Key">DscResource</S>
            <Ref N="Value" RefId="5" />
          </En>
        </DCT>
      </Obj>
      <Nil N="PowerShellGetFormatVersion" />
      <S N="ReleaseNotes">https://github.com/oracle/oci-powershell-modules/blob/master/CHANGELOG.md</S>
      <Obj N="Dependencies" RefId="6">
        <TNRef RefId="1" />
        <LST>
          <Obj RefId="7">
            <TN RefId="3">
              <T>System.Collections.Specialized.OrderedDictionary</T>
              <T>System.Object</T>
            </TN>
            <DCT>
              <En>
                <S N="Key">Name</S>
                <S N="Value">OCI.PSModules.Common</S>
              </En>
              <En>
                <S N="Key">RequiredVersion</S>
                <S N="Value">95.1.0</S>
              </En>
              <En>
                <S N="Key">CanonicalId</S>
                <S N="Value">nuget:OCI.PSModules.Common/[95.1.0]</S>
              </En>
            </DCT>
          </Obj>
        </LST>
      </Obj>
      <S N="RepositorySourceLocation">https://www.powershellgallery.com/api/v2</S>
      <S N="Repository">PSGallery</S>
      <S N="PackageManagementProvider">NuGet</S>
      <Obj N="AdditionalMetadata" RefId="8">
        <TN RefId="4">
          <T>System.Management.Automation.PSCustomObject</T>
          <T>System.Object</T>
        </TN>
        <MS>
          <S N="copyright">(c) Oracle Cloud Infrastructure. All rights reserved.</S>
          <S N="description">This modules provides Cmdlets for OCI Integration Service</S>
          <S N="requireLicenseAcceptance">False</S>
          <S N="releaseNotes">https://github.com/oracle/oci-powershell-modules/blob/master/CHANGELOG.md</S>
          <S N="isLatestVersion">False</S>
          <S N="isAbsoluteLatestVersion">False</S>
          <S N="versionDownloadCount">335</S>
          <S N="downloadCount">13058</S>
          <S N="packageSize">106362</S>
          <S N="published">11/12/2024 6:49:13 PM +02:00</S>
          <S N="created">11/12/2024 6:49:13 PM +02:00</S>
          <S N="lastUpdated">9/5/2025 4:50:00 PM +03:00</S>
          <S N="tags">PSEdition_Core Windows Linux macOS Oracle OCI Cloud OracleCloudInfrastructure Integration PSModule PSCmdlet_Add-OCIIntegrationOracleManagedCustomEndpoint PSCommand_Add-OCIIntegrationOracleManagedCustomEndpoint PSCmdlet_Enable-OCIIntegrationProcessAutomation PSCommand_Enable-OCIIntegrationProcessAutomation PSCmdlet_Get-OCIIntegrationInstance PSCommand_Get-OCIIntegrationInstance PSCmdlet_Get-OCIIntegrationInstancesList PSCommand_Get-OCIIntegrationInstancesList PSCmdlet_Get-OCIIntegrationWorkRequest PSCommand_Get-OCIIntegrationWorkRequest PSCmdlet_Get-OCIIntegrationWorkRequestErrorsList PSCommand_Get-OCIIntegrationWorkRequestErrorsList PSCmdlet_Get-OCIIntegrationWorkRequestLogsList PSCommand_Get-OCIIntegrationWorkRequestLogsList PSCmdlet_Get-OCIIntegrationWorkRequestsList PSCommand_Get-OCIIntegrationWorkRequestsList PSCmdlet_Invoke-OCIIntegrationDisasterRecoveryFailover PSCommand_Invoke-OCIIntegrationDisasterRecoveryFailover PSCmdlet_Invoke-OCIIntegrationExtendDataRetention PSCommand_Invoke-OCIIntegrationExtendDataRetention PSCmdlet_Move-OCIIntegrationInstanceCompartment PSCommand_Move-OCIIntegrationInstanceCompartment PSCmdlet_Move-OCIIntegrationInstanceNetworkEndpoint PSCommand_Move-OCIIntegrationInstanceNetworkEndpoint PSCmdlet_Move-OCIIntegrationPrivateEndpointOutboundConnection PSCommand_Move-OCIIntegrationPrivateEndpointOutboundConnection PSCmdlet_New-OCIIntegrationInstance PSCommand_New-OCIIntegrationInstance PSCmdlet_Remove-OCIIntegrationInstance PSCommand_Remove-OCIIntegrationInstance PSCmdlet_Remove-OCIIntegrationOracleManagedCustomEndpoint PSCommand_Remove-OCIIntegrationOracleManagedCustomEndpoint PSCmdlet_Start-OCIIntegrationInstance PSCommand_Start-OCIIntegrationInstance PSCmdlet_Stop-OCIIntegrationInstance PSCommand_Stop-OCIIntegrationInstance PSCmdlet_Update-OCIIntegrationInstance PSCommand_Update-OCIIntegrationInstance PSIncludes_Cmdlet</S>
          <S N="developmentDependency">False</S>
          <S N="updated">2025-09-05T16:50:00Z</S>
          <S N="NormalizedVersion">95.1.0</S>
          <S N="Authors">Oracle Cloud Infrastructure</S>
          <S N="IsPrerelease">false</S>
          <S N="ItemType">Module</S>
          <S N="FileList">OCI.PSModules.Integration.nuspec|THIRD_PARTY_LICENSES.txt|OCI.PSModules.Integration.dll-Help.xml|LICENSE.txt|OCI.PSModules.Integration.psd1|assemblies\OCI.PSModules.Integration.dll|assemblies\OCI.DotNetSDK.Integration.dll</S>
          <S N="GUID">5ec25c15-0aff-44af-9aaa-8441460571eb</S>
          <S N="PowerShellVersion">6.0</S>
          <S N="CompanyName">Oracle Corporation</S>
        </MS>
      </Obj>
      <S N="InstalledLocation">C:\Program Files\PowerShell\Modules1\OCI.PSModules.Integration\95.1.0</S>
    </MS>
  </Obj>
</Objs>
