<Objs Version="1.1.0.1" xmlns="http://schemas.microsoft.com/powershell/2004/04">
  <Obj RefId="0">
    <TN RefId="0">
      <T>Microsoft.PowerShell.Commands.PSRepositoryItemInfo</T>
      <T>System.Management.Automation.PSCustomObject</T>
      <T>System.Object</T>
    </TN>
    <MS>
      <S N="Name">OCI.PSModules.Datalabelingservicedataplane</S>
      <S N="Version">95.1.0</S>
      <S N="Type">Module</S>
      <S N="Description">This modules provides Cmdlets for OCI Datalabelingservicedataplane Service</S>
      <S N="Author">Oracle Cloud Infrastructure</S>
      <S N="CompanyName">oci-psmodules-grp</S>
      <S N="Copyright">(c) Oracle Cloud Infrastructure. All rights reserved.</S>
      <DT N="PublishedDate">2024-11-12T18:46:07+02:00</DT>
      <Nil N="InstalledDate" />
      <Nil N="UpdatedDate" />
      <URI N="LicenseUri">https://github.com/oracle/oci-powershell-modules/blob/master/LICENSE.txt</URI>
      <URI N="ProjectUri">https://github.com/oracle/oci-powershell-modules/</URI>
      <URI N="IconUri">https://github.com/oracle/oci-powershell-modules/blob/master/icon.png</URI>
      <Obj N="Tags" RefId="1">
        <TN RefId="1">
          <T>System.Object[]</T>
          <T>System.Array</T>
          <T>System.Object</T>
        </TN>
        <LST>
          <S>PSEdition_Core</S>
          <S>Windows</S>
          <S>Linux</S>
          <S>macOS</S>
          <S>Oracle</S>
          <S>OCI</S>
          <S>Cloud</S>
          <S>OracleCloudInfrastructure</S>
          <S>Datalabelingservicedataplane</S>
          <S>PSModule</S>
        </LST>
      </Obj>
      <Obj N="Includes" RefId="2">
        <TN RefId="2">
          <T>System.Collections.Hashtable</T>
          <T>System.Object</T>
        </TN>
        <DCT>
          <En>
            <S N="Key">Cmdlet</S>
            <Obj N="Value" RefId="3">
              <TNRef RefId="1" />
              <LST>
                <S>Get-OCIDatalabelingservicedataplaneAnnotation</S>
                <S>Get-OCIDatalabelingservicedataplaneAnnotationsList</S>
                <S>Get-OCIDatalabelingservicedataplaneDataset</S>
                <S>Get-OCIDatalabelingservicedataplaneRecord</S>
                <S>Get-OCIDatalabelingservicedataplaneRecordContent</S>
                <S>Get-OCIDatalabelingservicedataplaneRecordPreviewContent</S>
                <S>Get-OCIDatalabelingservicedataplaneRecordsList</S>
                <S>Invoke-OCIDatalabelingservicedataplaneSummarizeAnnotationAnalytics</S>
                <S>Invoke-OCIDatalabelingservicedataplaneSummarizeRecordAnalytics</S>
                <S>New-OCIDatalabelingservicedataplaneAnnotation</S>
                <S>New-OCIDatalabelingservicedataplaneRecord</S>
                <S>Remove-OCIDatalabelingservicedataplaneAnnotation</S>
                <S>Remove-OCIDatalabelingservicedataplaneRecord</S>
                <S>Update-OCIDatalabelingservicedataplaneAnnotation</S>
                <S>Update-OCIDatalabelingservicedataplaneRecord</S>
              </LST>
            </Obj>
          </En>
          <En>
            <S N="Key">Command</S>
            <Obj N="Value" RefId="4">
              <TNRef RefId="1" />
              <LST>
                <S>Get-OCIDatalabelingservicedataplaneAnnotation</S>
                <S>Get-OCIDatalabelingservicedataplaneAnnotationsList</S>
                <S>Get-OCIDatalabelingservicedataplaneDataset</S>
                <S>Get-OCIDatalabelingservicedataplaneRecord</S>
                <S>Get-OCIDatalabelingservicedataplaneRecordContent</S>
                <S>Get-OCIDatalabelingservicedataplaneRecordPreviewContent</S>
                <S>Get-OCIDatalabelingservicedataplaneRecordsList</S>
                <S>Invoke-OCIDatalabelingservicedataplaneSummarizeAnnotationAnalytics</S>
                <S>Invoke-OCIDatalabelingservicedataplaneSummarizeRecordAnalytics</S>
                <S>New-OCIDatalabelingservicedataplaneAnnotation</S>
                <S>New-OCIDatalabelingservicedataplaneRecord</S>
                <S>Remove-OCIDatalabelingservicedataplaneAnnotation</S>
                <S>Remove-OCIDatalabelingservicedataplaneRecord</S>
                <S>Update-OCIDatalabelingservicedataplaneAnnotation</S>
                <S>Update-OCIDatalabelingservicedataplaneRecord</S>
              </LST>
            </Obj>
          </En>
          <En>
            <S N="Key">Workflow</S>
            <Obj N="Value" RefId="5">
              <TNRef RefId="1" />
              <LST />
            </Obj>
          </En>
          <En>
            <S N="Key">Function</S>
            <Ref N="Value" RefId="5" />
          </En>
          <En>
            <S N="Key">RoleCapability</S>
            <Ref N="Value" RefId="5" />
          </En>
          <En>
            <S N="Key">DscResource</S>
            <Ref N="Value" RefId="5" />
          </En>
        </DCT>
      </Obj>
      <Nil N="PowerShellGetFormatVersion" />
      <S N="ReleaseNotes">https://github.com/oracle/oci-powershell-modules/blob/master/CHANGELOG.md</S>
      <Obj N="Dependencies" RefId="6">
        <TNRef RefId="1" />
        <LST>
          <Obj RefId="7">
            <TN RefId="3">
              <T>System.Collections.Specialized.OrderedDictionary</T>
              <T>System.Object</T>
            </TN>
            <DCT>
              <En>
                <S N="Key">Name</S>
                <S N="Value">OCI.PSModules.Common</S>
              </En>
              <En>
                <S N="Key">RequiredVersion</S>
                <S N="Value">95.1.0</S>
              </En>
              <En>
                <S N="Key">CanonicalId</S>
                <S N="Value">nuget:OCI.PSModules.Common/[95.1.0]</S>
              </En>
            </DCT>
          </Obj>
        </LST>
      </Obj>
      <S N="RepositorySourceLocation">https://www.powershellgallery.com/api/v2</S>
      <S N="Repository">PSGallery</S>
      <S N="PackageManagementProvider">NuGet</S>
      <Obj N="AdditionalMetadata" RefId="8">
        <TN RefId="4">
          <T>System.Management.Automation.PSCustomObject</T>
          <T>System.Object</T>
        </TN>
        <MS>
          <S N="copyright">(c) Oracle Cloud Infrastructure. All rights reserved.</S>
          <S N="description">This modules provides Cmdlets for OCI Datalabelingservicedataplane Service</S>
          <S N="requireLicenseAcceptance">False</S>
          <S N="releaseNotes">https://github.com/oracle/oci-powershell-modules/blob/master/CHANGELOG.md</S>
          <S N="isLatestVersion">False</S>
          <S N="isAbsoluteLatestVersion">False</S>
          <S N="versionDownloadCount">336</S>
          <S N="downloadCount">11844</S>
          <S N="packageSize">104926</S>
          <S N="published">11/12/2024 6:46:07 PM +02:00</S>
          <S N="created">11/12/2024 6:46:07 PM +02:00</S>
          <S N="lastUpdated">9/5/2025 4:40:00 PM +03:00</S>
          <S N="tags">PSEdition_Core Windows Linux macOS Oracle OCI Cloud OracleCloudInfrastructure Datalabelingservicedataplane PSModule PSCmdlet_Get-OCIDatalabelingservicedataplaneAnnotation PSCommand_Get-OCIDatalabelingservicedataplaneAnnotation PSCmdlet_Get-OCIDatalabelingservicedataplaneAnnotationsList PSCommand_Get-OCIDatalabelingservicedataplaneAnnotationsList PSCmdlet_Get-OCIDatalabelingservicedataplaneDataset PSCommand_Get-OCIDatalabelingservicedataplaneDataset PSCmdlet_Get-OCIDatalabelingservicedataplaneRecord PSCommand_Get-OCIDatalabelingservicedataplaneRecord PSCmdlet_Get-OCIDatalabelingservicedataplaneRecordContent PSCommand_Get-OCIDatalabelingservicedataplaneRecordContent PSCmdlet_Get-OCIDatalabelingservicedataplaneRecordPreviewContent PSCommand_Get-OCIDatalabelingservicedataplaneRecordPreviewContent PSCmdlet_Get-OCIDatalabelingservicedataplaneRecordsList PSCommand_Get-OCIDatalabelingservicedataplaneRecordsList PSCmdlet_Invoke-OCIDatalabelingservicedataplaneSummarizeAnnotationAnalytics PSCommand_Invoke-OCIDatalabelingservicedataplaneSummarizeAnnotationAnalytics PSCmdlet_Invoke-OCIDatalabelingservicedataplaneSummarizeRecordAnalytics PSCommand_Invoke-OCIDatalabelingservicedataplaneSummarizeRecordAnalytics PSCmdlet_New-OCIDatalabelingservicedataplaneAnnotation PSCommand_New-OCIDatalabelingservicedataplaneAnnotation PSCmdlet_New-OCIDatalabelingservicedataplaneRecord PSCommand_New-OCIDatalabelingservicedataplaneRecord PSCmdlet_Remove-OCIDatalabelingservicedataplaneAnnotation PSCommand_Remove-OCIDatalabelingservicedataplaneAnnotation PSCmdlet_Remove-OCIDatalabelingservicedataplaneRecord PSCommand_Remove-OCIDatalabelingservicedataplaneRecord PSCmdlet_Update-OCIDatalabelingservicedataplaneAnnotation PSCommand_Update-OCIDatalabelingservicedataplaneAnnotation PSCmdlet_Update-OCIDatalabelingservicedataplaneRecord PSCommand_Update-OCIDatalabelingservicedataplaneRecord PSIncludes_Cmdlet</S>
          <S N="developmentDependency">False</S>
          <S N="updated">2025-09-05T16:40:00Z</S>
          <S N="NormalizedVersion">95.1.0</S>
          <S N="Authors">Oracle Cloud Infrastructure</S>
          <S N="IsPrerelease">false</S>
          <S N="ItemType">Module</S>
          <S N="FileList">OCI.PSModules.Datalabelingservicedataplane.nuspec|THIRD_PARTY_LICENSES.txt|OCI.PSModules.Datalabelingservicedataplane.psd1|LICENSE.txt|OCI.PSModules.Datalabelingservicedataplane.dll-Help.xml|assemblies\OCI.PSModules.Datalabelingservicedataplane.dll|assemblies\OCI.DotNetSDK.Datalabelingservicedataplane.dll</S>
          <S N="GUID">c7f9095b-be8f-42bb-88ca-422eca4176a1</S>
          <S N="PowerShellVersion">6.0</S>
          <S N="CompanyName">Oracle Corporation</S>
        </MS>
      </Obj>
      <S N="InstalledLocation">C:\Program Files\PowerShell\Modules1\OCI.PSModules.Datalabelingservicedataplane\95.1.0</S>
    </MS>
  </Obj>
</Objs>
