<Objs Version="1.1.0.1" xmlns="http://schemas.microsoft.com/powershell/2004/04">
  <Obj RefId="0">
    <TN RefId="0">
      <T>Microsoft.PowerShell.Commands.PSRepositoryItemInfo</T>
      <T>System.Management.Automation.PSCustomObject</T>
      <T>System.Object</T>
    </TN>
    <MS>
      <S N="Name">OCI.PSModules.Waas</S>
      <Version N="Version">120.0.0</Version>
      <S N="Type">Module</S>
      <S N="Description">This modules provides Cmdlets for OCI Waas Service</S>
      <S N="Author">Oracle Cloud Infrastructure</S>
      <S N="CompanyName">oci-psmodules-grp</S>
      <S N="Copyright">(c) Oracle Cloud Infrastructure. All rights reserved.</S>
      <DT N="PublishedDate">2025-11-18T18:55:02+02:00</DT>
      <Obj N="InstalledDate" RefId="1">
        <DT>2025-11-27T08:22:42.5655161+02:00</DT>
        <MS>
          <Obj N="DisplayHint" RefId="2">
            <TN RefId="1">
              <T>Microsoft.PowerShell.Commands.DisplayHintType</T>
              <T>System.Enum</T>
              <T>System.ValueType</T>
              <T>System.Object</T>
            </TN>
            <ToString>DateTime</ToString>
            <I32>2</I32>
          </Obj>
        </MS>
      </Obj>
      <Nil N="UpdatedDate" />
      <URI N="LicenseUri">https://github.com/oracle/oci-powershell-modules/blob/master/LICENSE.txt</URI>
      <URI N="ProjectUri">https://github.com/oracle/oci-powershell-modules/</URI>
      <URI N="IconUri">https://github.com/oracle/oci-powershell-modules/blob/master/icon.png</URI>
      <Obj N="Tags" RefId="3">
        <TN RefId="2">
          <T>System.Object[]</T>
          <T>System.Array</T>
          <T>System.Object</T>
        </TN>
        <LST>
          <S>PSEdition_Core</S>
          <S>Windows</S>
          <S>Linux</S>
          <S>macOS</S>
          <S>Oracle</S>
          <S>OCI</S>
          <S>Cloud</S>
          <S>OracleCloudInfrastructure</S>
          <S>Waas</S>
          <S>PSModule</S>
        </LST>
      </Obj>
      <Obj N="Includes" RefId="4">
        <TN RefId="3">
          <T>System.Collections.Hashtable</T>
          <T>System.Object</T>
        </TN>
        <DCT>
          <En>
            <S N="Key">Function</S>
            <Obj N="Value" RefId="5">
              <TNRef RefId="2" />
              <LST />
            </Obj>
          </En>
          <En>
            <S N="Key">RoleCapability</S>
            <Ref N="Value" RefId="5" />
          </En>
          <En>
            <S N="Key">Cmdlet</S>
            <Obj N="Value" RefId="6">
              <TNRef RefId="2" />
              <LST>
                <S>Get-OCIWaasAccessRulesList</S>
                <S>Get-OCIWaasAddressList</S>
                <S>Get-OCIWaasAddressListsList</S>
                <S>Get-OCIWaasCachingRulesList</S>
                <S>Get-OCIWaasCaptchasList</S>
                <S>Get-OCIWaasCertificate</S>
                <S>Get-OCIWaasCertificatesList</S>
                <S>Get-OCIWaasCustomProtectionRule</S>
                <S>Get-OCIWaasCustomProtectionRulesList</S>
                <S>Get-OCIWaasDeviceFingerprintChallenge</S>
                <S>Get-OCIWaasEdgeSubnetsList</S>
                <S>Get-OCIWaasGoodBotsList</S>
                <S>Get-OCIWaasHttpRedirect</S>
                <S>Get-OCIWaasHttpRedirectsList</S>
                <S>Get-OCIWaasHumanInteractionChallenge</S>
                <S>Get-OCIWaasJsChallenge</S>
                <S>Get-OCIWaasPoliciesList</S>
                <S>Get-OCIWaasPolicy</S>
                <S>Get-OCIWaasPolicyConfig</S>
                <S>Get-OCIWaasPolicyCustomProtectionRulesList</S>
                <S>Get-OCIWaasProtectionRule</S>
                <S>Get-OCIWaasProtectionRulesList</S>
                <S>Get-OCIWaasProtectionSettings</S>
                <S>Get-OCIWaasRecommendationsList</S>
                <S>Get-OCIWaasThreatFeedsList</S>
                <S>Get-OCIWaasWafAddressRateLimiting</S>
                <S>Get-OCIWaasWafBlockedRequestsList</S>
                <S>Get-OCIWaasWafConfig</S>
                <S>Get-OCIWaasWafLogsList</S>
                <S>Get-OCIWaasWafRequestsList</S>
                <S>Get-OCIWaasWafTrafficList</S>
                <S>Get-OCIWaasWhitelistsList</S>
                <S>Get-OCIWaasWorkRequest</S>
                <S>Get-OCIWaasWorkRequestsList</S>
                <S>Invoke-OCIWaasPurgeCache</S>
                <S>Move-OCIWaasAddressListCompartment</S>
                <S>Move-OCIWaasCertificateCompartment</S>
                <S>Move-OCIWaasCustomProtectionRuleCompartment</S>
                <S>Move-OCIWaasHttpRedirectCompartment</S>
                <S>Move-OCIWaasPolicyCompartment</S>
                <S>New-OCIWaasAddressList</S>
                <S>New-OCIWaasCertificate</S>
                <S>New-OCIWaasCustomProtectionRule</S>
                <S>New-OCIWaasHttpRedirect</S>
                <S>New-OCIWaasPolicy</S>
                <S>Receive-OCIWaasRecommendations</S>
                <S>Remove-OCIWaasAddressList</S>
                <S>Remove-OCIWaasCertificate</S>
                <S>Remove-OCIWaasCustomProtectionRule</S>
                <S>Remove-OCIWaasHttpRedirect</S>
                <S>Remove-OCIWaasPolicy</S>
                <S>Stop-OCIWaasWorkRequest</S>
                <S>Update-OCIWaasAccessRules</S>
                <S>Update-OCIWaasAddressList</S>
                <S>Update-OCIWaasCachingRules</S>
                <S>Update-OCIWaasCaptchas</S>
                <S>Update-OCIWaasCertificate</S>
                <S>Update-OCIWaasCustomProtectionRule</S>
                <S>Update-OCIWaasDeviceFingerprintChallenge</S>
                <S>Update-OCIWaasGoodBots</S>
                <S>Update-OCIWaasHttpRedirect</S>
                <S>Update-OCIWaasHumanInteractionChallenge</S>
                <S>Update-OCIWaasJsChallenge</S>
                <S>Update-OCIWaasPolicy</S>
                <S>Update-OCIWaasPolicyConfig</S>
                <S>Update-OCIWaasPolicyCustomProtectionRules</S>
                <S>Update-OCIWaasProtectionRules</S>
                <S>Update-OCIWaasProtectionSettings</S>
                <S>Update-OCIWaasThreatFeeds</S>
                <S>Update-OCIWaasWafAddressRateLimiting</S>
                <S>Update-OCIWaasWafConfig</S>
                <S>Update-OCIWaasWhitelists</S>
              </LST>
            </Obj>
          </En>
          <En>
            <S N="Key">DscResource</S>
            <Ref N="Value" RefId="5" />
          </En>
          <En>
            <S N="Key">Command</S>
            <Obj N="Value" RefId="7">
              <TNRef RefId="2" />
              <LST>
                <S>Get-OCIWaasAccessRulesList</S>
                <S>Get-OCIWaasAddressList</S>
                <S>Get-OCIWaasAddressListsList</S>
                <S>Get-OCIWaasCachingRulesList</S>
                <S>Get-OCIWaasCaptchasList</S>
                <S>Get-OCIWaasCertificate</S>
                <S>Get-OCIWaasCertificatesList</S>
                <S>Get-OCIWaasCustomProtectionRule</S>
                <S>Get-OCIWaasCustomProtectionRulesList</S>
                <S>Get-OCIWaasDeviceFingerprintChallenge</S>
                <S>Get-OCIWaasEdgeSubnetsList</S>
                <S>Get-OCIWaasGoodBotsList</S>
                <S>Get-OCIWaasHttpRedirect</S>
                <S>Get-OCIWaasHttpRedirectsList</S>
                <S>Get-OCIWaasHumanInteractionChallenge</S>
                <S>Get-OCIWaasJsChallenge</S>
                <S>Get-OCIWaasPoliciesList</S>
                <S>Get-OCIWaasPolicy</S>
                <S>Get-OCIWaasPolicyConfig</S>
                <S>Get-OCIWaasPolicyCustomProtectionRulesList</S>
                <S>Get-OCIWaasProtectionRule</S>
                <S>Get-OCIWaasProtectionRulesList</S>
                <S>Get-OCIWaasProtectionSettings</S>
                <S>Get-OCIWaasRecommendationsList</S>
                <S>Get-OCIWaasThreatFeedsList</S>
                <S>Get-OCIWaasWafAddressRateLimiting</S>
                <S>Get-OCIWaasWafBlockedRequestsList</S>
                <S>Get-OCIWaasWafConfig</S>
                <S>Get-OCIWaasWafLogsList</S>
                <S>Get-OCIWaasWafRequestsList</S>
                <S>Get-OCIWaasWafTrafficList</S>
                <S>Get-OCIWaasWhitelistsList</S>
                <S>Get-OCIWaasWorkRequest</S>
                <S>Get-OCIWaasWorkRequestsList</S>
                <S>Invoke-OCIWaasPurgeCache</S>
                <S>Move-OCIWaasAddressListCompartment</S>
                <S>Move-OCIWaasCertificateCompartment</S>
                <S>Move-OCIWaasCustomProtectionRuleCompartment</S>
                <S>Move-OCIWaasHttpRedirectCompartment</S>
                <S>Move-OCIWaasPolicyCompartment</S>
                <S>New-OCIWaasAddressList</S>
                <S>New-OCIWaasCertificate</S>
                <S>New-OCIWaasCustomProtectionRule</S>
                <S>New-OCIWaasHttpRedirect</S>
                <S>New-OCIWaasPolicy</S>
                <S>Receive-OCIWaasRecommendations</S>
                <S>Remove-OCIWaasAddressList</S>
                <S>Remove-OCIWaasCertificate</S>
                <S>Remove-OCIWaasCustomProtectionRule</S>
                <S>Remove-OCIWaasHttpRedirect</S>
                <S>Remove-OCIWaasPolicy</S>
                <S>Stop-OCIWaasWorkRequest</S>
                <S>Update-OCIWaasAccessRules</S>
                <S>Update-OCIWaasAddressList</S>
                <S>Update-OCIWaasCachingRules</S>
                <S>Update-OCIWaasCaptchas</S>
                <S>Update-OCIWaasCertificate</S>
                <S>Update-OCIWaasCustomProtectionRule</S>
                <S>Update-OCIWaasDeviceFingerprintChallenge</S>
                <S>Update-OCIWaasGoodBots</S>
                <S>Update-OCIWaasHttpRedirect</S>
                <S>Update-OCIWaasHumanInteractionChallenge</S>
                <S>Update-OCIWaasJsChallenge</S>
                <S>Update-OCIWaasPolicy</S>
                <S>Update-OCIWaasPolicyConfig</S>
                <S>Update-OCIWaasPolicyCustomProtectionRules</S>
                <S>Update-OCIWaasProtectionRules</S>
                <S>Update-OCIWaasProtectionSettings</S>
                <S>Update-OCIWaasThreatFeeds</S>
                <S>Update-OCIWaasWafAddressRateLimiting</S>
                <S>Update-OCIWaasWafConfig</S>
                <S>Update-OCIWaasWhitelists</S>
              </LST>
            </Obj>
          </En>
          <En>
            <S N="Key">Workflow</S>
            <Ref N="Value" RefId="5" />
          </En>
        </DCT>
      </Obj>
      <Nil N="PowerShellGetFormatVersion" />
      <S N="ReleaseNotes">https://github.com/oracle/oci-powershell-modules/blob/master/CHANGELOG.md</S>
      <Obj N="Dependencies" RefId="8">
        <TNRef RefId="2" />
        <LST>
          <Obj RefId="9">
            <TN RefId="4">
              <T>System.Collections.Specialized.OrderedDictionary</T>
              <T>System.Object</T>
            </TN>
            <DCT>
              <En>
                <S N="Key">Name</S>
                <S N="Value">OCI.PSModules.Common</S>
              </En>
              <En>
                <S N="Key">RequiredVersion</S>
                <S N="Value">120.0.0</S>
              </En>
              <En>
                <S N="Key">CanonicalId</S>
                <S N="Value">nuget:OCI.PSModules.Common/[120.0.0]</S>
              </En>
            </DCT>
          </Obj>
        </LST>
      </Obj>
      <S N="RepositorySourceLocation">https://www.powershellgallery.com/api/v2</S>
      <S N="Repository">PSGallery</S>
      <S N="PackageManagementProvider">NuGet</S>
      <Obj N="AdditionalMetadata" RefId="10">
        <TN RefId="5">
          <T>System.Management.Automation.PSCustomObject</T>
          <T>System.Object</T>
        </TN>
        <MS>
          <S N="copyright">(c) Oracle Cloud Infrastructure. All rights reserved.</S>
          <S N="description">This modules provides Cmdlets for OCI Waas Service</S>
          <S N="requireLicenseAcceptance">False</S>
          <S N="releaseNotes">https://github.com/oracle/oci-powershell-modules/blob/master/CHANGELOG.md</S>
          <S N="isLatestVersion">True</S>
          <S N="isAbsoluteLatestVersion">True</S>
          <S N="versionDownloadCount">45</S>
          <S N="downloadCount">13807</S>
          <S N="packageSize">233469</S>
          <S N="published">11/18/2025 6:55:02 PM +02:00</S>
          <S N="created">11/18/2025 6:55:02 PM +02:00</S>
          <S N="lastUpdated">11/26/2025 9:30:00 PM +02:00</S>
          <S N="tags">PSEdition_Core Windows Linux macOS Oracle OCI Cloud OracleCloudInfrastructure Waas PSModule PSCmdlet_Get-OCIWaasAccessRulesList PSCommand_Get-OCIWaasAccessRulesList PSCmdlet_Get-OCIWaasAddressList PSCommand_Get-OCIWaasAddressList PSCmdlet_Get-OCIWaasAddressListsList PSCommand_Get-OCIWaasAddressListsList PSCmdlet_Get-OCIWaasCachingRulesList PSCommand_Get-OCIWaasCachingRulesList PSCmdlet_Get-OCIWaasCaptchasList PSCommand_Get-OCIWaasCaptchasList PSCmdlet_Get-OCIWaasCertificate PSCommand_Get-OCIWaasCertificate PSCmdlet_Get-OCIWaasCertificatesList PSCommand_Get-OCIWaasCertificatesList PSCmdlet_Get-OCIWaasCustomProtectionRule PSCommand_Get-OCIWaasCustomProtectionRule PSCmdlet_Get-OCIWaasCustomProtectionRulesList PSCommand_Get-OCIWaasCustomProtectionRulesList PSCmdlet_Get-OCIWaasDeviceFingerprintChallenge PSCommand_Get-OCIWaasDeviceFingerprintChallenge PSCmdlet_Get-OCIWaasEdgeSubnetsList PSCommand_Get-OCIWaasEdgeSubnetsList PSCmdlet_Get-OCIWaasGoodBotsList PSCommand_Get-OCIWaasGoodBotsList PSCmdlet_Get-OCIWaasHttpRedirect PSCommand_Get-OCIWaasHttpRedirect PSCmdlet_Get-OCIWaasHttpRedirectsList PSCommand_Get-OCIWaasHttpRedirectsList PSCmdlet_Get-OCIWaasHumanInteractionChallenge PSCommand_Get-OCIWaasHumanInteractionChallenge PSCmdlet_Get-OCIWaasJsChallenge PSCommand_Get-OCIWaasJsChallenge PSCmdlet_Get-OCIWaasPoliciesList PSCommand_Get-OCIWaasPoliciesList PSCmdlet_Get-OCIWaasPolicy PSCommand_Get-OCIWaasPolicy PSCmdlet_Get-OCIWaasPolicyConfig PSCommand_Get-OCIWaasPolicyConfig PSCmdlet_Get-OCIWaasPolicyCustomProtectionRulesList PSCommand_Get-OCIWaasPolicyCustomProtectionRulesList PSCmdlet_Get-OCIWaasProtectionRule PSCommand_Get-OCIWaasProtectionRule PSCmdlet_Get-OCIWaasProtectionRulesList PSCommand_Get-OCIWaasProtectionRulesList PSCmdlet_Get-OCIWaasProtectionSettings PSCommand_Get-OCIWaasProtectionSettings PSCmdlet_Get-OCIWaasRecommendationsList PSCommand_Get-OCIWaasRecommendationsList PSCmdlet_Get-OCIWaasThreatFeedsList PSCommand_Get-OCIWaasThreatFeedsList PSCmdlet_Get-OCIWaasWafAddressRateLimiting PSCommand_Get-OCIWaasWafAddressRateLimiting PSCmdlet_Get-OCIWaasWafBlockedRequestsList PSCommand_Get-OCIWaasWafBlockedRequestsList PSCmdlet_Get-OCIWaasWafConfig PSCommand_Get-OCIWaasWafConfig PSCmdlet_Get-OCIWaasWafLogsList PSCommand_Get-OCIWaasWafLogsList PSCmdlet_Get-OCIWaasWafRequestsList PSCommand_Get-OCIWaasWafRequestsList PSCmdlet_Get-OCIWaasWafTrafficList PSCommand_Get-OCIWaasWafTrafficList PSCmdlet_Get-OCIWaasWhitelistsList PSCommand_Get-OCIWaasWhitelistsList PSCmdlet_Get-OCIWaasWorkRequest PSCommand_Get-OCIWaasWorkRequest PSCmdlet_Get-OCIWaasWorkRequestsList PSCommand_Get-OCIWaasWorkRequestsList PSCmdlet_Invoke-OCIWaasPurgeCache PSCommand_Invoke-OCIWaasPurgeCache PSCmdlet_Move-OCIWaasAddressListCompartment PSCommand_Move-OCIWaasAddressListCompartment PSCmdlet_Move-OCIWaasCertificateCompartment PSCommand_Move-OCIWaasCertificateCompartment PSCmdlet_Move-OCIWaasCustomProtectionRuleCompartment PSCommand_Move-OCIWaasCustomProtectionRuleCompartment PSCmdlet_Move-OCIWaasHttpRedirectCompartment PSCommand_Move-OCIWaasHttpRedirectCompartment PSCmdlet_Move-OCIWaasPolicyCompartment PSCommand_Move-OCIWaasPolicyCompartment PSCmdlet_New-OCIWaasAddressList PSCommand_New-OCIWaasAddressList PSCmdlet_New-OCIWaasCertificate PSCommand_New-OCIWaasCertificate PSCmdlet_New-OCIWaasCustomProtectionRule PSCommand_New-OCIWaasCustomProtectionRule PSCmdlet_New-OCIWaasHttpRedirect PSCommand_New-OCIWaasHttpRedirect PSCmdlet_New-OCIWaasPolicy PSCommand_New-OCIWaasPolicy PSCmdlet_Receive-OCIWaasRecommendations PSCommand_Receive-OCIWaasRecommendations PSCmdlet_Remove-OCIWaasAddressList PSCommand_Remove-OCIWaasAddressList PSCmdlet_Remove-OCIWaasCertificate PSCommand_Remove-OCIWaasCertificate PSCmdlet_Remove-OCIWaasCustomProtectionRule PSCommand_Remove-OCIWaasCustomProtectionRule PSCmdlet_Remove-OCIWaasHttpRedirect PSCommand_Remove-OCIWaasHttpRedirect PSCmdlet_Remove-OCIWaasPolicy PSCommand_Remove-OCIWaasPolicy PSCmdlet_Stop-OCIWaasWorkRequest PSCommand_Stop-OCIWaasWorkRequest PSCmdlet_Update-OCIWaasAccessRules PSCommand_Update-OCIWaasAccessRules PSCmdlet_Update-OCIWaasAddressList PSCommand_Update-OCIWaasAddressList PSCmdlet_Update-OCIWaasCachingRules PSCommand_Update-OCIWaasCachingRules PSCmdlet_Update-OCIWaasCaptchas PSCommand_Update-OCIWaasCaptchas PSCmdlet_Update-OCIWaasCertificate PSCommand_Update-OCIWaasCertificate PSCmdlet_Update-OCIWaasCustomProtectionRule PSCommand_Update-OCIWaasCustomProtectionRule PSCmdlet_Update-OCIWaasDeviceFingerprintChallenge PSCommand_Update-OCIWaasDeviceFingerprintChallenge PSCmdlet_Update-OCIWaasGoodBots PSCommand_Update-OCIWaasGoodBots PSCmdlet_Update-OCIWaasHttpRedirect PSCommand_Update-OCIWaasHttpRedirect PSCmdlet_Update-OCIWaasHumanInteractionChallenge PSCommand_Update-OCIWaasHumanInteractionChallenge PSCmdlet_Update-OCIWaasJsChallenge PSCommand_Update-OCIWaasJsChallenge PSCmdlet_Update-OCIWaasPolicy PSCommand_Update-OCIWaasPolicy PSCmdlet_Update-OCIWaasPolicyConfig PSCommand_Update-OCIWaasPolicyConfig PSCmdlet_Update-OCIWaasPolicyCustomProtectionRules PSCommand_Update-OCIWaasPolicyCustomProtectionRules PSCmdlet_Update-OCIWaasProtectionRules PSCommand_Update-OCIWaasProtectionRules PSCmdlet_Update-OCIWaasProtectionSettings PSCommand_Update-OCIWaasProtectionSettings PSCmdlet_Update-OCIWaasThreatFeeds PSCommand_Update-OCIWaasThreatFeeds PSCmdlet_Update-OCIWaasWafAddressRateLimiting PSCommand_Update-OCIWaasWafAddressRateLimiting PSCmdlet_Update-OCIWaasWafConfig PSCommand_Update-OCIWaasWafConfig PSCmdlet_Update-OCIWaasWhitelists PSCommand_Update-OCIWaasWhitelists PSIncludes_Cmdlet</S>
          <S N="developmentDependency">False</S>
          <S N="updated">2025-11-26T21:30:00Z</S>
          <S N="NormalizedVersion">120.0.0</S>
          <S N="Authors">Oracle Cloud Infrastructure</S>
          <S N="IsPrerelease">false</S>
          <S N="ItemType">Module</S>
          <S N="FileList">OCI.PSModules.Waas.nuspec|OCI.PSModules.Waas.psd1|LICENSE.txt|THIRD_PARTY_LICENSES.txt|OCI.PSModules.Waas.dll-Help.xml|assemblies\OCI.PSModules.Waas.dll|assemblies\OCI.DotNetSDK.Waas.dll</S>
          <S N="GUID">e0ab649a-b33b-4925-a05c-7520554bdad9</S>
          <S N="PowerShellVersion">6.0</S>
          <S N="CompanyName">Oracle Corporation</S>
        </MS>
      </Obj>
      <S N="InstalledLocation">C:\Program Files\PowerShell\Modules\OCI.PSModules.Waas\120.0.0</S>
    </MS>
  </Obj>
</Objs>
