<Objs Version="1.1.0.1" xmlns="http://schemas.microsoft.com/powershell/2004/04">
  <Obj RefId="0">
    <TN RefId="0">
      <T>Microsoft.PowerShell.Commands.PSRepositoryItemInfo</T>
      <T>System.Management.Automation.PSCustomObject</T>
      <T>System.Object</T>
    </TN>
    <MS>
      <S N="Name">OCI.PSModules.Budget</S>
      <S N="Version">95.1.0</S>
      <S N="Type">Module</S>
      <S N="Description">This modules provides Cmdlets for OCI Budget Service</S>
      <S N="Author">Oracle Cloud Infrastructure</S>
      <S N="CompanyName">oci-psmodules-grp</S>
      <S N="Copyright">(c) Oracle Cloud Infrastructure. All rights reserved.</S>
      <DT N="PublishedDate">2024-11-12T18:43:46+02:00</DT>
      <Nil N="InstalledDate" />
      <Nil N="UpdatedDate" />
      <URI N="LicenseUri">https://github.com/oracle/oci-powershell-modules/blob/master/LICENSE.txt</URI>
      <URI N="ProjectUri">https://github.com/oracle/oci-powershell-modules/</URI>
      <URI N="IconUri">https://github.com/oracle/oci-powershell-modules/blob/master/icon.png</URI>
      <Obj N="Tags" RefId="1">
        <TN RefId="1">
          <T>System.Object[]</T>
          <T>System.Array</T>
          <T>System.Object</T>
        </TN>
        <LST>
          <S>PSEdition_Core</S>
          <S>Windows</S>
          <S>Linux</S>
          <S>macOS</S>
          <S>Oracle</S>
          <S>OCI</S>
          <S>Cloud</S>
          <S>OracleCloudInfrastructure</S>
          <S>Budget</S>
          <S>PSModule</S>
        </LST>
      </Obj>
      <Obj N="Includes" RefId="2">
        <TN RefId="2">
          <T>System.Collections.Hashtable</T>
          <T>System.Object</T>
        </TN>
        <DCT>
          <En>
            <S N="Key">Cmdlet</S>
            <Obj N="Value" RefId="3">
              <TNRef RefId="1" />
              <LST>
                <S>Get-OCIBudget</S>
                <S>Get-OCIBudgetAlertRule</S>
                <S>Get-OCIBudgetAlertRulesList</S>
                <S>Get-OCIBudgetsList</S>
                <S>New-OCIBudget</S>
                <S>New-OCIBudgetAlertRule</S>
                <S>Remove-OCIBudget</S>
                <S>Remove-OCIBudgetAlertRule</S>
                <S>Update-OCIBudget</S>
                <S>Update-OCIBudgetAlertRule</S>
              </LST>
            </Obj>
          </En>
          <En>
            <S N="Key">Command</S>
            <Obj N="Value" RefId="4">
              <TNRef RefId="1" />
              <LST>
                <S>Get-OCIBudget</S>
                <S>Get-OCIBudgetAlertRule</S>
                <S>Get-OCIBudgetAlertRulesList</S>
                <S>Get-OCIBudgetsList</S>
                <S>New-OCIBudget</S>
                <S>New-OCIBudgetAlertRule</S>
                <S>Remove-OCIBudget</S>
                <S>Remove-OCIBudgetAlertRule</S>
                <S>Update-OCIBudget</S>
                <S>Update-OCIBudgetAlertRule</S>
              </LST>
            </Obj>
          </En>
          <En>
            <S N="Key">Workflow</S>
            <Obj N="Value" RefId="5">
              <TNRef RefId="1" />
              <LST />
            </Obj>
          </En>
          <En>
            <S N="Key">Function</S>
            <Ref N="Value" RefId="5" />
          </En>
          <En>
            <S N="Key">RoleCapability</S>
            <Ref N="Value" RefId="5" />
          </En>
          <En>
            <S N="Key">DscResource</S>
            <Ref N="Value" RefId="5" />
          </En>
        </DCT>
      </Obj>
      <Nil N="PowerShellGetFormatVersion" />
      <S N="ReleaseNotes">https://github.com/oracle/oci-powershell-modules/blob/master/CHANGELOG.md</S>
      <Obj N="Dependencies" RefId="6">
        <TNRef RefId="1" />
        <LST>
          <Obj RefId="7">
            <TN RefId="3">
              <T>System.Collections.Specialized.OrderedDictionary</T>
              <T>System.Object</T>
            </TN>
            <DCT>
              <En>
                <S N="Key">Name</S>
                <S N="Value">OCI.PSModules.Common</S>
              </En>
              <En>
                <S N="Key">RequiredVersion</S>
                <S N="Value">95.1.0</S>
              </En>
              <En>
                <S N="Key">CanonicalId</S>
                <S N="Value">nuget:OCI.PSModules.Common/[95.1.0]</S>
              </En>
            </DCT>
          </Obj>
        </LST>
      </Obj>
      <S N="RepositorySourceLocation">https://www.powershellgallery.com/api/v2</S>
      <S N="Repository">PSGallery</S>
      <S N="PackageManagementProvider">NuGet</S>
      <Obj N="AdditionalMetadata" RefId="8">
        <TN RefId="4">
          <T>System.Management.Automation.PSCustomObject</T>
          <T>System.Object</T>
        </TN>
        <MS>
          <S N="copyright">(c) Oracle Cloud Infrastructure. All rights reserved.</S>
          <S N="description">This modules provides Cmdlets for OCI Budget Service</S>
          <S N="requireLicenseAcceptance">False</S>
          <S N="releaseNotes">https://github.com/oracle/oci-powershell-modules/blob/master/CHANGELOG.md</S>
          <S N="isLatestVersion">False</S>
          <S N="isAbsoluteLatestVersion">False</S>
          <S N="versionDownloadCount">347</S>
          <S N="downloadCount">13404</S>
          <S N="packageSize">83917</S>
          <S N="published">11/12/2024 6:43:46 PM +02:00</S>
          <S N="created">11/12/2024 6:43:46 PM +02:00</S>
          <S N="lastUpdated">9/5/2025 4:30:00 PM +03:00</S>
          <S N="tags">PSEdition_Core Windows Linux macOS Oracle OCI Cloud OracleCloudInfrastructure Budget PSModule PSCmdlet_Get-OCIBudget PSCommand_Get-OCIBudget PSCmdlet_Get-OCIBudgetAlertRule PSCommand_Get-OCIBudgetAlertRule PSCmdlet_Get-OCIBudgetAlertRulesList PSCommand_Get-OCIBudgetAlertRulesList PSCmdlet_Get-OCIBudgetsList PSCommand_Get-OCIBudgetsList PSCmdlet_New-OCIBudget PSCommand_New-OCIBudget PSCmdlet_New-OCIBudgetAlertRule PSCommand_New-OCIBudgetAlertRule PSCmdlet_Remove-OCIBudget PSCommand_Remove-OCIBudget PSCmdlet_Remove-OCIBudgetAlertRule PSCommand_Remove-OCIBudgetAlertRule PSCmdlet_Update-OCIBudget PSCommand_Update-OCIBudget PSCmdlet_Update-OCIBudgetAlertRule PSCommand_Update-OCIBudgetAlertRule PSIncludes_Cmdlet</S>
          <S N="developmentDependency">False</S>
          <S N="updated">2025-09-05T16:30:00Z</S>
          <S N="NormalizedVersion">95.1.0</S>
          <S N="Authors">Oracle Cloud Infrastructure</S>
          <S N="IsPrerelease">false</S>
          <S N="ItemType">Module</S>
          <S N="FileList">OCI.PSModules.Budget.nuspec|THIRD_PARTY_LICENSES.txt|OCI.PSModules.Budget.psd1|LICENSE.txt|OCI.PSModules.Budget.dll-Help.xml|assemblies\OCI.PSModules.Budget.dll|assemblies\OCI.DotNetSDK.Budget.dll</S>
          <S N="GUID">f606310f-04b6-4c8e-bdd7-235e79ecc908</S>
          <S N="PowerShellVersion">6.0</S>
          <S N="CompanyName">Oracle Corporation</S>
        </MS>
      </Obj>
      <S N="InstalledLocation">C:\Program Files\PowerShell\Modules1\OCI.PSModules.Budget\95.1.0</S>
    </MS>
  </Obj>
</Objs>
