<Objs Version="1.1.0.1" xmlns="http://schemas.microsoft.com/powershell/2004/04">
  <Obj RefId="0">
    <TN RefId="0">
      <T>Microsoft.PowerShell.Commands.PSRepositoryItemInfo</T>
      <T>System.Management.Automation.PSCustomObject</T>
      <T>System.Object</T>
    </TN>
    <MS>
      <S N="Name">OCI.PSModules.Containerinstances</S>
      <S N="Version">95.1.0</S>
      <S N="Type">Module</S>
      <S N="Description">This modules provides Cmdlets for OCI Containerinstances Service</S>
      <S N="Author">Oracle Cloud Infrastructure</S>
      <S N="CompanyName">oci-psmodules-grp</S>
      <S N="Copyright">(c) Oracle Cloud Infrastructure. All rights reserved.</S>
      <DT N="PublishedDate">2024-11-12T18:44:59+02:00</DT>
      <Nil N="InstalledDate" />
      <Nil N="UpdatedDate" />
      <URI N="LicenseUri">https://github.com/oracle/oci-powershell-modules/blob/master/LICENSE.txt</URI>
      <URI N="ProjectUri">https://github.com/oracle/oci-powershell-modules/</URI>
      <URI N="IconUri">https://github.com/oracle/oci-powershell-modules/blob/master/icon.png</URI>
      <Obj N="Tags" RefId="1">
        <TN RefId="1">
          <T>System.Object[]</T>
          <T>System.Array</T>
          <T>System.Object</T>
        </TN>
        <LST>
          <S>PSEdition_Core</S>
          <S>Windows</S>
          <S>Linux</S>
          <S>macOS</S>
          <S>Oracle</S>
          <S>OCI</S>
          <S>Cloud</S>
          <S>OracleCloudInfrastructure</S>
          <S>Containerinstances</S>
          <S>PSModule</S>
        </LST>
      </Obj>
      <Obj N="Includes" RefId="2">
        <TN RefId="2">
          <T>System.Collections.Hashtable</T>
          <T>System.Object</T>
        </TN>
        <DCT>
          <En>
            <S N="Key">Cmdlet</S>
            <Obj N="Value" RefId="3">
              <TNRef RefId="1" />
              <LST>
                <S>Get-OCIContainerinstancesContainer</S>
                <S>Get-OCIContainerinstancesContainerInstance</S>
                <S>Get-OCIContainerinstancesContainersList</S>
                <S>Get-OCIContainerinstanceshapesList</S>
                <S>Get-OCIContainerinstancesList</S>
                <S>Get-OCIContainerinstancesWorkRequest</S>
                <S>Get-OCIContainerinstancesWorkRequestErrorsList</S>
                <S>Get-OCIContainerinstancesWorkRequestLogsList</S>
                <S>Get-OCIContainerinstancesWorkRequestsList</S>
                <S>Invoke-OCIContainerinstancesRetrieveLogs</S>
                <S>Move-OCIContainerinstancesContainerInstanceCompartment</S>
                <S>New-OCIContainerinstancesContainerInstance</S>
                <S>Remove-OCIContainerinstancesContainerInstance</S>
                <S>Restart-OCIContainerinstancesContainerInstance</S>
                <S>Start-OCIContainerinstancesContainerInstance</S>
                <S>Stop-OCIContainerinstancesContainerInstance</S>
                <S>Update-OCIContainerinstancesContainer</S>
                <S>Update-OCIContainerinstancesContainerInstance</S>
              </LST>
            </Obj>
          </En>
          <En>
            <S N="Key">Command</S>
            <Obj N="Value" RefId="4">
              <TNRef RefId="1" />
              <LST>
                <S>Get-OCIContainerinstancesContainer</S>
                <S>Get-OCIContainerinstancesContainerInstance</S>
                <S>Get-OCIContainerinstancesContainersList</S>
                <S>Get-OCIContainerinstanceshapesList</S>
                <S>Get-OCIContainerinstancesList</S>
                <S>Get-OCIContainerinstancesWorkRequest</S>
                <S>Get-OCIContainerinstancesWorkRequestErrorsList</S>
                <S>Get-OCIContainerinstancesWorkRequestLogsList</S>
                <S>Get-OCIContainerinstancesWorkRequestsList</S>
                <S>Invoke-OCIContainerinstancesRetrieveLogs</S>
                <S>Move-OCIContainerinstancesContainerInstanceCompartment</S>
                <S>New-OCIContainerinstancesContainerInstance</S>
                <S>Remove-OCIContainerinstancesContainerInstance</S>
                <S>Restart-OCIContainerinstancesContainerInstance</S>
                <S>Start-OCIContainerinstancesContainerInstance</S>
                <S>Stop-OCIContainerinstancesContainerInstance</S>
                <S>Update-OCIContainerinstancesContainer</S>
                <S>Update-OCIContainerinstancesContainerInstance</S>
              </LST>
            </Obj>
          </En>
          <En>
            <S N="Key">Workflow</S>
            <Obj N="Value" RefId="5">
              <TNRef RefId="1" />
              <LST />
            </Obj>
          </En>
          <En>
            <S N="Key">Function</S>
            <Ref N="Value" RefId="5" />
          </En>
          <En>
            <S N="Key">RoleCapability</S>
            <Ref N="Value" RefId="5" />
          </En>
          <En>
            <S N="Key">DscResource</S>
            <Ref N="Value" RefId="5" />
          </En>
        </DCT>
      </Obj>
      <Nil N="PowerShellGetFormatVersion" />
      <S N="ReleaseNotes">https://github.com/oracle/oci-powershell-modules/blob/master/CHANGELOG.md</S>
      <Obj N="Dependencies" RefId="6">
        <TNRef RefId="1" />
        <LST>
          <Obj RefId="7">
            <TN RefId="3">
              <T>System.Collections.Specialized.OrderedDictionary</T>
              <T>System.Object</T>
            </TN>
            <DCT>
              <En>
                <S N="Key">Name</S>
                <S N="Value">OCI.PSModules.Common</S>
              </En>
              <En>
                <S N="Key">RequiredVersion</S>
                <S N="Value">95.1.0</S>
              </En>
              <En>
                <S N="Key">CanonicalId</S>
                <S N="Value">nuget:OCI.PSModules.Common/[95.1.0]</S>
              </En>
            </DCT>
          </Obj>
        </LST>
      </Obj>
      <S N="RepositorySourceLocation">https://www.powershellgallery.com/api/v2</S>
      <S N="Repository">PSGallery</S>
      <S N="PackageManagementProvider">NuGet</S>
      <Obj N="AdditionalMetadata" RefId="8">
        <TN RefId="4">
          <T>System.Management.Automation.PSCustomObject</T>
          <T>System.Object</T>
        </TN>
        <MS>
          <S N="copyright">(c) Oracle Cloud Infrastructure. All rights reserved.</S>
          <S N="description">This modules provides Cmdlets for OCI Containerinstances Service</S>
          <S N="requireLicenseAcceptance">False</S>
          <S N="releaseNotes">https://github.com/oracle/oci-powershell-modules/blob/master/CHANGELOG.md</S>
          <S N="isLatestVersion">False</S>
          <S N="isAbsoluteLatestVersion">False</S>
          <S N="versionDownloadCount">338</S>
          <S N="downloadCount">9644</S>
          <S N="packageSize">118893</S>
          <S N="published">11/12/2024 6:44:59 PM +02:00</S>
          <S N="created">11/12/2024 6:44:59 PM +02:00</S>
          <S N="lastUpdated">9/5/2025 4:30:00 PM +03:00</S>
          <S N="tags">PSEdition_Core Windows Linux macOS Oracle OCI Cloud OracleCloudInfrastructure Containerinstances PSModule PSCmdlet_Get-OCIContainerinstancesContainer PSCommand_Get-OCIContainerinstancesContainer PSCmdlet_Get-OCIContainerinstancesContainerInstance PSCommand_Get-OCIContainerinstancesContainerInstance PSCmdlet_Get-OCIContainerinstancesContainersList PSCommand_Get-OCIContainerinstancesContainersList PSCmdlet_Get-OCIContainerinstanceshapesList PSCommand_Get-OCIContainerinstanceshapesList PSCmdlet_Get-OCIContainerinstancesList PSCommand_Get-OCIContainerinstancesList PSCmdlet_Get-OCIContainerinstancesWorkRequest PSCommand_Get-OCIContainerinstancesWorkRequest PSCmdlet_Get-OCIContainerinstancesWorkRequestErrorsList PSCommand_Get-OCIContainerinstancesWorkRequestErrorsList PSCmdlet_Get-OCIContainerinstancesWorkRequestLogsList PSCommand_Get-OCIContainerinstancesWorkRequestLogsList PSCmdlet_Get-OCIContainerinstancesWorkRequestsList PSCommand_Get-OCIContainerinstancesWorkRequestsList PSCmdlet_Invoke-OCIContainerinstancesRetrieveLogs PSCommand_Invoke-OCIContainerinstancesRetrieveLogs PSCmdlet_Move-OCIContainerinstancesContainerInstanceCompartment PSCommand_Move-OCIContainerinstancesContainerInstanceCompartment PSCmdlet_New-OCIContainerinstancesContainerInstance PSCommand_New-OCIContainerinstancesContainerInstance PSCmdlet_Remove-OCIContainerinstancesContainerInstance PSCommand_Remove-OCIContainerinstancesContainerInstance PSCmdlet_Restart-OCIContainerinstancesContainerInstance PSCommand_Restart-OCIContainerinstancesContainerInstance PSCmdlet_Start-OCIContainerinstancesContainerInstance PSCommand_Start-OCIContainerinstancesContainerInstance PSCmdlet_Stop-OCIContainerinstancesContainerInstance PSCommand_Stop-OCIContainerinstancesContainerInstance PSCmdlet_Update-OCIContainerinstancesContainer PSCommand_Update-OCIContainerinstancesContainer PSCmdlet_Update-OCIContainerinstancesContainerInstance PSCommand_Update-OCIContainerinstancesContainerInstance PSIncludes_Cmdlet</S>
          <S N="developmentDependency">False</S>
          <S N="updated">2025-09-05T16:30:00Z</S>
          <S N="NormalizedVersion">95.1.0</S>
          <S N="Authors">Oracle Cloud Infrastructure</S>
          <S N="IsPrerelease">false</S>
          <S N="ItemType">Module</S>
          <S N="FileList">OCI.PSModules.Containerinstances.nuspec|THIRD_PARTY_LICENSES.txt|OCI.PSModules.Containerinstances.dll-Help.xml|LICENSE.txt|OCI.PSModules.Containerinstances.psd1|assemblies\OCI.PSModules.Containerinstances.dll|assemblies\OCI.DotNetSDK.Containerinstances.dll</S>
          <S N="GUID">3c897ac4-90c6-4ac2-9c82-899415d38f04</S>
          <S N="PowerShellVersion">6.0</S>
          <S N="CompanyName">Oracle Corporation</S>
        </MS>
      </Obj>
      <S N="InstalledLocation">C:\Program Files\PowerShell\Modules1\OCI.PSModules.Containerinstances\95.1.0</S>
    </MS>
  </Obj>
</Objs>
