<Objs Version="1.1.0.1" xmlns="http://schemas.microsoft.com/powershell/2004/04">
  <Obj RefId="0">
    <TN RefId="0">
      <T>Microsoft.PowerShell.Commands.PSRepositoryItemInfo</T>
      <T>System.Management.Automation.PSCustomObject</T>
      <T>System.Object</T>
    </TN>
    <MS>
      <S N="Name">OCI.PSModules.Lustrefilestorage</S>
      <Version N="Version">120.0.0</Version>
      <S N="Type">Module</S>
      <S N="Description">This modules provides Cmdlets for OCI Lustrefilestorage Service</S>
      <S N="Author">Oracle Cloud Infrastructure</S>
      <S N="CompanyName">oci-psmodules-grp</S>
      <S N="Copyright">(c) Oracle Cloud Infrastructure. All rights reserved.</S>
      <DT N="PublishedDate">2025-11-18T18:46:55+02:00</DT>
      <Obj N="InstalledDate" RefId="1">
        <DT>2025-11-27T08:16:13.3404032+02:00</DT>
        <MS>
          <Obj N="DisplayHint" RefId="2">
            <TN RefId="1">
              <T>Microsoft.PowerShell.Commands.DisplayHintType</T>
              <T>System.Enum</T>
              <T>System.ValueType</T>
              <T>System.Object</T>
            </TN>
            <ToString>DateTime</ToString>
            <I32>2</I32>
          </Obj>
        </MS>
      </Obj>
      <Nil N="UpdatedDate" />
      <URI N="LicenseUri">https://github.com/oracle/oci-powershell-modules/blob/master/LICENSE.txt</URI>
      <URI N="ProjectUri">https://github.com/oracle/oci-powershell-modules/</URI>
      <URI N="IconUri">https://github.com/oracle/oci-powershell-modules/blob/master/icon.png</URI>
      <Obj N="Tags" RefId="3">
        <TN RefId="2">
          <T>System.Object[]</T>
          <T>System.Array</T>
          <T>System.Object</T>
        </TN>
        <LST>
          <S>PSEdition_Core</S>
          <S>Windows</S>
          <S>Linux</S>
          <S>macOS</S>
          <S>Oracle</S>
          <S>OCI</S>
          <S>Cloud</S>
          <S>OracleCloudInfrastructure</S>
          <S>Lustrefilestorage</S>
          <S>PSModule</S>
        </LST>
      </Obj>
      <Obj N="Includes" RefId="4">
        <TN RefId="3">
          <T>System.Collections.Hashtable</T>
          <T>System.Object</T>
        </TN>
        <DCT>
          <En>
            <S N="Key">Function</S>
            <Obj N="Value" RefId="5">
              <TNRef RefId="2" />
              <LST />
            </Obj>
          </En>
          <En>
            <S N="Key">RoleCapability</S>
            <Ref N="Value" RefId="5" />
          </En>
          <En>
            <S N="Key">Cmdlet</S>
            <Obj N="Value" RefId="6">
              <TNRef RefId="2" />
              <LST>
                <S>Get-OCILustrefilestorageLustreFileSystem</S>
                <S>Get-OCILustrefilestorageLustreFileSystemsList</S>
                <S>Get-OCILustrefilestorageObjectStorageLink</S>
                <S>Get-OCILustrefilestorageObjectStorageLinksList</S>
                <S>Get-OCILustrefilestorageSyncJob</S>
                <S>Get-OCILustrefilestorageSyncJobsList</S>
                <S>Get-OCILustrefilestorageWorkRequest</S>
                <S>Get-OCILustrefilestorageWorkRequestErrorsList</S>
                <S>Get-OCILustrefilestorageWorkRequestLogsList</S>
                <S>Get-OCILustrefilestorageWorkRequestsList</S>
                <S>Move-OCILustrefilestorageLustreFileSystemCompartment</S>
                <S>Move-OCILustrefilestorageObjectStorageLinkCompartment</S>
                <S>New-OCILustrefilestorageLustreFileSystem</S>
                <S>New-OCILustrefilestorageObjectStorageLink</S>
                <S>Remove-OCILustrefilestorageLustreFileSystem</S>
                <S>Remove-OCILustrefilestorageObjectStorageLink</S>
                <S>Start-OCILustrefilestorageExportToObject</S>
                <S>Start-OCILustrefilestorageImportFromObject</S>
                <S>Stop-OCILustrefilestorageExportToObject</S>
                <S>Stop-OCILustrefilestorageImportFromObject</S>
                <S>Stop-OCILustrefilestorageWorkRequest</S>
                <S>Update-OCILustrefilestorageLustreFileSystem</S>
                <S>Update-OCILustrefilestorageObjectStorageLink</S>
              </LST>
            </Obj>
          </En>
          <En>
            <S N="Key">DscResource</S>
            <Ref N="Value" RefId="5" />
          </En>
          <En>
            <S N="Key">Command</S>
            <Obj N="Value" RefId="7">
              <TNRef RefId="2" />
              <LST>
                <S>Get-OCILustrefilestorageLustreFileSystem</S>
                <S>Get-OCILustrefilestorageLustreFileSystemsList</S>
                <S>Get-OCILustrefilestorageObjectStorageLink</S>
                <S>Get-OCILustrefilestorageObjectStorageLinksList</S>
                <S>Get-OCILustrefilestorageSyncJob</S>
                <S>Get-OCILustrefilestorageSyncJobsList</S>
                <S>Get-OCILustrefilestorageWorkRequest</S>
                <S>Get-OCILustrefilestorageWorkRequestErrorsList</S>
                <S>Get-OCILustrefilestorageWorkRequestLogsList</S>
                <S>Get-OCILustrefilestorageWorkRequestsList</S>
                <S>Move-OCILustrefilestorageLustreFileSystemCompartment</S>
                <S>Move-OCILustrefilestorageObjectStorageLinkCompartment</S>
                <S>New-OCILustrefilestorageLustreFileSystem</S>
                <S>New-OCILustrefilestorageObjectStorageLink</S>
                <S>Remove-OCILustrefilestorageLustreFileSystem</S>
                <S>Remove-OCILustrefilestorageObjectStorageLink</S>
                <S>Start-OCILustrefilestorageExportToObject</S>
                <S>Start-OCILustrefilestorageImportFromObject</S>
                <S>Stop-OCILustrefilestorageExportToObject</S>
                <S>Stop-OCILustrefilestorageImportFromObject</S>
                <S>Stop-OCILustrefilestorageWorkRequest</S>
                <S>Update-OCILustrefilestorageLustreFileSystem</S>
                <S>Update-OCILustrefilestorageObjectStorageLink</S>
              </LST>
            </Obj>
          </En>
          <En>
            <S N="Key">Workflow</S>
            <Ref N="Value" RefId="5" />
          </En>
        </DCT>
      </Obj>
      <Nil N="PowerShellGetFormatVersion" />
      <S N="ReleaseNotes">https://github.com/oracle/oci-powershell-modules/blob/master/CHANGELOG.md</S>
      <Obj N="Dependencies" RefId="8">
        <TNRef RefId="2" />
        <LST>
          <Obj RefId="9">
            <TN RefId="4">
              <T>System.Collections.Specialized.OrderedDictionary</T>
              <T>System.Object</T>
            </TN>
            <DCT>
              <En>
                <S N="Key">Name</S>
                <S N="Value">OCI.PSModules.Common</S>
              </En>
              <En>
                <S N="Key">RequiredVersion</S>
                <S N="Value">120.0.0</S>
              </En>
              <En>
                <S N="Key">CanonicalId</S>
                <S N="Value">nuget:OCI.PSModules.Common/[120.0.0]</S>
              </En>
            </DCT>
          </Obj>
        </LST>
      </Obj>
      <S N="RepositorySourceLocation">https://www.powershellgallery.com/api/v2</S>
      <S N="Repository">PSGallery</S>
      <S N="PackageManagementProvider">NuGet</S>
      <Obj N="AdditionalMetadata" RefId="10">
        <TN RefId="5">
          <T>System.Management.Automation.PSCustomObject</T>
          <T>System.Object</T>
        </TN>
        <MS>
          <S N="copyright">(c) Oracle Cloud Infrastructure. All rights reserved.</S>
          <S N="description">This modules provides Cmdlets for OCI Lustrefilestorage Service</S>
          <S N="requireLicenseAcceptance">False</S>
          <S N="releaseNotes">https://github.com/oracle/oci-powershell-modules/blob/master/CHANGELOG.md</S>
          <S N="isLatestVersion">True</S>
          <S N="isAbsoluteLatestVersion">True</S>
          <S N="versionDownloadCount">46</S>
          <S N="downloadCount">1538</S>
          <S N="packageSize">114452</S>
          <S N="published">11/18/2025 6:46:55 PM +02:00</S>
          <S N="created">11/18/2025 6:46:55 PM +02:00</S>
          <S N="lastUpdated">11/26/2025 9:30:00 PM +02:00</S>
          <S N="tags">PSEdition_Core Windows Linux macOS Oracle OCI Cloud OracleCloudInfrastructure Lustrefilestorage PSModule PSCmdlet_Get-OCILustrefilestorageLustreFileSystem PSCommand_Get-OCILustrefilestorageLustreFileSystem PSCmdlet_Get-OCILustrefilestorageLustreFileSystemsList PSCommand_Get-OCILustrefilestorageLustreFileSystemsList PSCmdlet_Get-OCILustrefilestorageObjectStorageLink PSCommand_Get-OCILustrefilestorageObjectStorageLink PSCmdlet_Get-OCILustrefilestorageObjectStorageLinksList PSCommand_Get-OCILustrefilestorageObjectStorageLinksList PSCmdlet_Get-OCILustrefilestorageSyncJob PSCommand_Get-OCILustrefilestorageSyncJob PSCmdlet_Get-OCILustrefilestorageSyncJobsList PSCommand_Get-OCILustrefilestorageSyncJobsList PSCmdlet_Get-OCILustrefilestorageWorkRequest PSCommand_Get-OCILustrefilestorageWorkRequest PSCmdlet_Get-OCILustrefilestorageWorkRequestErrorsList PSCommand_Get-OCILustrefilestorageWorkRequestErrorsList PSCmdlet_Get-OCILustrefilestorageWorkRequestLogsList PSCommand_Get-OCILustrefilestorageWorkRequestLogsList PSCmdlet_Get-OCILustrefilestorageWorkRequestsList PSCommand_Get-OCILustrefilestorageWorkRequestsList PSCmdlet_Move-OCILustrefilestorageLustreFileSystemCompartment PSCommand_Move-OCILustrefilestorageLustreFileSystemCompartment PSCmdlet_Move-OCILustrefilestorageObjectStorageLinkCompartment PSCommand_Move-OCILustrefilestorageObjectStorageLinkCompartment PSCmdlet_New-OCILustrefilestorageLustreFileSystem PSCommand_New-OCILustrefilestorageLustreFileSystem PSCmdlet_New-OCILustrefilestorageObjectStorageLink PSCommand_New-OCILustrefilestorageObjectStorageLink PSCmdlet_Remove-OCILustrefilestorageLustreFileSystem PSCommand_Remove-OCILustrefilestorageLustreFileSystem PSCmdlet_Remove-OCILustrefilestorageObjectStorageLink PSCommand_Remove-OCILustrefilestorageObjectStorageLink PSCmdlet_Start-OCILustrefilestorageExportToObject PSCommand_Start-OCILustrefilestorageExportToObject PSCmdlet_Start-OCILustrefilestorageImportFromObject PSCommand_Start-OCILustrefilestorageImportFromObject PSCmdlet_Stop-OCILustrefilestorageExportToObject PSCommand_Stop-OCILustrefilestorageExportToObject PSCmdlet_Stop-OCILustrefilestorageImportFromObject PSCommand_Stop-OCILustrefilestorageImportFromObject PSCmdlet_Stop-OCILustrefilestorageWorkRequest PSCommand_Stop-OCILustrefilestorageWorkRequest PSCmdlet_Update-OCILustrefilestorageLustreFileSystem PSCommand_Update-OCILustrefilestorageLustreFileSystem PSCmdlet_Update-OCILustrefilestorageObjectStorageLink PSCommand_Update-OCILustrefilestorageObjectStorageLink PSIncludes_Cmdlet</S>
          <S N="developmentDependency">False</S>
          <S N="updated">2025-11-26T21:30:00Z</S>
          <S N="NormalizedVersion">120.0.0</S>
          <S N="Authors">Oracle Cloud Infrastructure</S>
          <S N="IsPrerelease">false</S>
          <S N="ItemType">Module</S>
          <S N="FileList">OCI.PSModules.Lustrefilestorage.nuspec|OCI.PSModules.Lustrefilestorage.psd1|LICENSE.txt|OCI.PSModules.Lustrefilestorage.dll-Help.xml|THIRD_PARTY_LICENSES.txt|assemblies\OCI.PSModules.Lustrefilestorage.dll|assemblies\OCI.DotNetSDK.Lustrefilestorage.dll</S>
          <S N="GUID">e584d0e6-ae6a-43b6-9f1f-6aa5ad0691ad</S>
          <S N="PowerShellVersion">6.0</S>
          <S N="CompanyName">Oracle Corporation</S>
        </MS>
      </Obj>
      <S N="InstalledLocation">C:\Program Files\PowerShell\Modules\OCI.PSModules.Lustrefilestorage\120.0.0</S>
    </MS>
  </Obj>
</Objs>
