<Objs Version="1.1.0.1" xmlns="http://schemas.microsoft.com/powershell/2004/04">
  <Obj RefId="0">
    <TN RefId="0">
      <T>Microsoft.PowerShell.Commands.PSRepositoryItemInfo</T>
      <T>System.Management.Automation.PSCustomObject</T>
      <T>System.Object</T>
    </TN>
    <MS>
      <S N="Name">OCI.PSModules</S>
      <Version N="Version">120.0.0</Version>
      <S N="Type">Module</S>
      <S N="Description">Oracle Cloud Infrastructure (OCI) PowerShell Modules - Cmdlets to manage resources in OCI._x000A_For more information, please visit: https://docs.oracle.com/en-us/iaas/Content/API/SDKDocs/powershell.htm</S>
      <S N="Author">Oracle Cloud Infrastructure</S>
      <S N="CompanyName">oci-psmodules-grp</S>
      <S N="Copyright">(c) Oracle Cloud Infrastructure. All rights reserved.</S>
      <DT N="PublishedDate">2025-11-18T19:10:05+02:00</DT>
      <Obj N="InstalledDate" RefId="1">
        <DT>2025-11-27T08:23:16.9402674+02:00</DT>
        <MS>
          <Obj N="DisplayHint" RefId="2">
            <TN RefId="1">
              <T>Microsoft.PowerShell.Commands.DisplayHintType</T>
              <T>System.Enum</T>
              <T>System.ValueType</T>
              <T>System.Object</T>
            </TN>
            <ToString>DateTime</ToString>
            <I32>2</I32>
          </Obj>
        </MS>
      </Obj>
      <Nil N="UpdatedDate" />
      <URI N="LicenseUri">https://github.com/oracle/oci-powershell-modules/blob/master/LICENSE.txt</URI>
      <URI N="ProjectUri">https://github.com/oracle/oci-powershell-modules/</URI>
      <URI N="IconUri">https://github.com/oracle/oci-powershell-modules/blob/master/icon.png</URI>
      <Obj N="Tags" RefId="3">
        <TN RefId="2">
          <T>System.Object[]</T>
          <T>System.Array</T>
          <T>System.Object</T>
        </TN>
        <LST>
          <S>PSEdition_Core</S>
          <S>Windows</S>
          <S>Linux</S>
          <S>macOS</S>
          <S>Oracle</S>
          <S>OCI</S>
          <S>Cloud</S>
          <S>OracleCloudInfrastructure</S>
          <S>PSModule</S>
          <S>PSEdition_Desktop</S>
        </LST>
      </Obj>
      <Obj N="Includes" RefId="4">
        <TN RefId="3">
          <T>System.Collections.Hashtable</T>
          <T>System.Object</T>
        </TN>
        <DCT>
          <En>
            <S N="Key">Function</S>
            <Obj N="Value" RefId="5">
              <TNRef RefId="2" />
              <LST />
            </Obj>
          </En>
          <En>
            <S N="Key">RoleCapability</S>
            <Ref N="Value" RefId="5" />
          </En>
          <En>
            <S N="Key">Cmdlet</S>
            <Ref N="Value" RefId="5" />
          </En>
          <En>
            <S N="Key">DscResource</S>
            <Ref N="Value" RefId="5" />
          </En>
          <En>
            <S N="Key">Command</S>
            <Ref N="Value" RefId="5" />
          </En>
          <En>
            <S N="Key">Workflow</S>
            <Ref N="Value" RefId="5" />
          </En>
        </DCT>
      </Obj>
      <Nil N="PowerShellGetFormatVersion" />
      <S N="ReleaseNotes">https://github.com/oracle/oci-powershell-modules/blob/master/CHANGELOG.md</S>
      <Obj N="Dependencies" RefId="6">
        <TNRef RefId="2" />
        <LST>
          <Obj RefId="7">
            <TN RefId="4">
              <T>System.Collections.Specialized.OrderedDictionary</T>
              <T>System.Object</T>
            </TN>
            <DCT>
              <En>
                <S N="Key">Name</S>
                <S N="Value">OCI.PSModules.Accessgovernancecp</S>
              </En>
              <En>
                <S N="Key">RequiredVersion</S>
                <S N="Value">120.0.0</S>
              </En>
              <En>
                <S N="Key">CanonicalId</S>
                <S N="Value">nuget:OCI.PSModules.Accessgovernancecp/[120.0.0]</S>
              </En>
            </DCT>
          </Obj>
          <Obj RefId="8">
            <TNRef RefId="4" />
            <DCT>
              <En>
                <S N="Key">Name</S>
                <S N="Value">OCI.PSModules.Adm</S>
              </En>
              <En>
                <S N="Key">RequiredVersion</S>
                <S N="Value">120.0.0</S>
              </En>
              <En>
                <S N="Key">CanonicalId</S>
                <S N="Value">nuget:OCI.PSModules.Adm/[120.0.0]</S>
              </En>
            </DCT>
          </Obj>
          <Obj RefId="9">
            <TNRef RefId="4" />
            <DCT>
              <En>
                <S N="Key">Name</S>
                <S N="Value">OCI.PSModules.Aidataplatform</S>
              </En>
              <En>
                <S N="Key">RequiredVersion</S>
                <S N="Value">120.0.0</S>
              </En>
              <En>
                <S N="Key">CanonicalId</S>
                <S N="Value">nuget:OCI.PSModules.Aidataplatform/[120.0.0]</S>
              </En>
            </DCT>
          </Obj>
          <Obj RefId="10">
            <TNRef RefId="4" />
            <DCT>
              <En>
                <S N="Key">Name</S>
                <S N="Value">OCI.PSModules.Aidocument</S>
              </En>
              <En>
                <S N="Key">RequiredVersion</S>
                <S N="Value">120.0.0</S>
              </En>
              <En>
                <S N="Key">CanonicalId</S>
                <S N="Value">nuget:OCI.PSModules.Aidocument/[120.0.0]</S>
              </En>
            </DCT>
          </Obj>
          <Obj RefId="11">
            <TNRef RefId="4" />
            <DCT>
              <En>
                <S N="Key">Name</S>
                <S N="Value">OCI.PSModules.Ailanguage</S>
              </En>
              <En>
                <S N="Key">RequiredVersion</S>
                <S N="Value">120.0.0</S>
              </En>
              <En>
                <S N="Key">CanonicalId</S>
                <S N="Value">nuget:OCI.PSModules.Ailanguage/[120.0.0]</S>
              </En>
            </DCT>
          </Obj>
          <Obj RefId="12">
            <TNRef RefId="4" />
            <DCT>
              <En>
                <S N="Key">Name</S>
                <S N="Value">OCI.PSModules.Aispeech</S>
              </En>
              <En>
                <S N="Key">RequiredVersion</S>
                <S N="Value">120.0.0</S>
              </En>
              <En>
                <S N="Key">CanonicalId</S>
                <S N="Value">nuget:OCI.PSModules.Aispeech/[120.0.0]</S>
              </En>
            </DCT>
          </Obj>
          <Obj RefId="13">
            <TNRef RefId="4" />
            <DCT>
              <En>
                <S N="Key">Name</S>
                <S N="Value">OCI.PSModules.Aivision</S>
              </En>
              <En>
                <S N="Key">RequiredVersion</S>
                <S N="Value">120.0.0</S>
              </En>
              <En>
                <S N="Key">CanonicalId</S>
                <S N="Value">nuget:OCI.PSModules.Aivision/[120.0.0]</S>
              </En>
            </DCT>
          </Obj>
          <Obj RefId="14">
            <TNRef RefId="4" />
            <DCT>
              <En>
                <S N="Key">Name</S>
                <S N="Value">OCI.PSModules.Analytics</S>
              </En>
              <En>
                <S N="Key">RequiredVersion</S>
                <S N="Value">120.0.0</S>
              </En>
              <En>
                <S N="Key">CanonicalId</S>
                <S N="Value">nuget:OCI.PSModules.Analytics/[120.0.0]</S>
              </En>
            </DCT>
          </Obj>
          <Obj RefId="15">
            <TNRef RefId="4" />
            <DCT>
              <En>
                <S N="Key">Name</S>
                <S N="Value">OCI.PSModules.Announcementsservice</S>
              </En>
              <En>
                <S N="Key">RequiredVersion</S>
                <S N="Value">120.0.0</S>
              </En>
              <En>
                <S N="Key">CanonicalId</S>
                <S N="Value">nuget:OCI.PSModules.Announcementsservice/[120.0.0]</S>
              </En>
            </DCT>
          </Obj>
          <Obj RefId="16">
            <TNRef RefId="4" />
            <DCT>
              <En>
                <S N="Key">Name</S>
                <S N="Value">OCI.PSModules.Apiaccesscontrol</S>
              </En>
              <En>
                <S N="Key">RequiredVersion</S>
                <S N="Value">120.0.0</S>
              </En>
              <En>
                <S N="Key">CanonicalId</S>
                <S N="Value">nuget:OCI.PSModules.Apiaccesscontrol/[120.0.0]</S>
              </En>
            </DCT>
          </Obj>
          <Obj RefId="17">
            <TNRef RefId="4" />
            <DCT>
              <En>
                <S N="Key">Name</S>
                <S N="Value">OCI.PSModules.Apigateway</S>
              </En>
              <En>
                <S N="Key">RequiredVersion</S>
                <S N="Value">120.0.0</S>
              </En>
              <En>
                <S N="Key">CanonicalId</S>
                <S N="Value">nuget:OCI.PSModules.Apigateway/[120.0.0]</S>
              </En>
            </DCT>
          </Obj>
          <Obj RefId="18">
            <TNRef RefId="4" />
            <DCT>
              <En>
                <S N="Key">Name</S>
                <S N="Value">OCI.PSModules.Apiplatform</S>
              </En>
              <En>
                <S N="Key">RequiredVersion</S>
                <S N="Value">120.0.0</S>
              </En>
              <En>
                <S N="Key">CanonicalId</S>
                <S N="Value">nuget:OCI.PSModules.Apiplatform/[120.0.0]</S>
              </En>
            </DCT>
          </Obj>
          <Obj RefId="19">
            <TNRef RefId="4" />
            <DCT>
              <En>
                <S N="Key">Name</S>
                <S N="Value">OCI.PSModules.Apmconfig</S>
              </En>
              <En>
                <S N="Key">RequiredVersion</S>
                <S N="Value">120.0.0</S>
              </En>
              <En>
                <S N="Key">CanonicalId</S>
                <S N="Value">nuget:OCI.PSModules.Apmconfig/[120.0.0]</S>
              </En>
            </DCT>
          </Obj>
          <Obj RefId="20">
            <TNRef RefId="4" />
            <DCT>
              <En>
                <S N="Key">Name</S>
                <S N="Value">OCI.PSModules.Apmcontrolplane</S>
              </En>
              <En>
                <S N="Key">RequiredVersion</S>
                <S N="Value">120.0.0</S>
              </En>
              <En>
                <S N="Key">CanonicalId</S>
                <S N="Value">nuget:OCI.PSModules.Apmcontrolplane/[120.0.0]</S>
              </En>
            </DCT>
          </Obj>
          <Obj RefId="21">
            <TNRef RefId="4" />
            <DCT>
              <En>
                <S N="Key">Name</S>
                <S N="Value">OCI.PSModules.Apmsynthetics</S>
              </En>
              <En>
                <S N="Key">RequiredVersion</S>
                <S N="Value">120.0.0</S>
              </En>
              <En>
                <S N="Key">CanonicalId</S>
                <S N="Value">nuget:OCI.PSModules.Apmsynthetics/[120.0.0]</S>
              </En>
            </DCT>
          </Obj>
          <Obj RefId="22">
            <TNRef RefId="4" />
            <DCT>
              <En>
                <S N="Key">Name</S>
                <S N="Value">OCI.PSModules.Apmtraces</S>
              </En>
              <En>
                <S N="Key">RequiredVersion</S>
                <S N="Value">120.0.0</S>
              </En>
              <En>
                <S N="Key">CanonicalId</S>
                <S N="Value">nuget:OCI.PSModules.Apmtraces/[120.0.0]</S>
              </En>
            </DCT>
          </Obj>
          <Obj RefId="23">
            <TNRef RefId="4" />
            <DCT>
              <En>
                <S N="Key">Name</S>
                <S N="Value">OCI.PSModules.Appmgmtcontrol</S>
              </En>
              <En>
                <S N="Key">RequiredVersion</S>
                <S N="Value">120.0.0</S>
              </En>
              <En>
                <S N="Key">CanonicalId</S>
                <S N="Value">nuget:OCI.PSModules.Appmgmtcontrol/[120.0.0]</S>
              </En>
            </DCT>
          </Obj>
          <Obj RefId="24">
            <TNRef RefId="4" />
            <DCT>
              <En>
                <S N="Key">Name</S>
                <S N="Value">OCI.PSModules.Artifacts</S>
              </En>
              <En>
                <S N="Key">RequiredVersion</S>
                <S N="Value">120.0.0</S>
              </En>
              <En>
                <S N="Key">CanonicalId</S>
                <S N="Value">nuget:OCI.PSModules.Artifacts/[120.0.0]</S>
              </En>
            </DCT>
          </Obj>
          <Obj RefId="25">
            <TNRef RefId="4" />
            <DCT>
              <En>
                <S N="Key">Name</S>
                <S N="Value">OCI.PSModules.Audit</S>
              </En>
              <En>
                <S N="Key">RequiredVersion</S>
                <S N="Value">120.0.0</S>
              </En>
              <En>
                <S N="Key">CanonicalId</S>
                <S N="Value">nuget:OCI.PSModules.Audit/[120.0.0]</S>
              </En>
            </DCT>
          </Obj>
          <Obj RefId="26">
            <TNRef RefId="4" />
            <DCT>
              <En>
                <S N="Key">Name</S>
                <S N="Value">OCI.PSModules.Autoscaling</S>
              </En>
              <En>
                <S N="Key">RequiredVersion</S>
                <S N="Value">120.0.0</S>
              </En>
              <En>
                <S N="Key">CanonicalId</S>
                <S N="Value">nuget:OCI.PSModules.Autoscaling/[120.0.0]</S>
              </En>
            </DCT>
          </Obj>
          <Obj RefId="27">
            <TNRef RefId="4" />
            <DCT>
              <En>
                <S N="Key">Name</S>
                <S N="Value">OCI.PSModules.Bastion</S>
              </En>
              <En>
                <S N="Key">RequiredVersion</S>
                <S N="Value">120.0.0</S>
              </En>
              <En>
                <S N="Key">CanonicalId</S>
                <S N="Value">nuget:OCI.PSModules.Bastion/[120.0.0]</S>
              </En>
            </DCT>
          </Obj>
          <Obj RefId="28">
            <TNRef RefId="4" />
            <DCT>
              <En>
                <S N="Key">Name</S>
                <S N="Value">OCI.PSModules.Bds</S>
              </En>
              <En>
                <S N="Key">RequiredVersion</S>
                <S N="Value">120.0.0</S>
              </En>
              <En>
                <S N="Key">CanonicalId</S>
                <S N="Value">nuget:OCI.PSModules.Bds/[120.0.0]</S>
              </En>
            </DCT>
          </Obj>
          <Obj RefId="29">
            <TNRef RefId="4" />
            <DCT>
              <En>
                <S N="Key">Name</S>
                <S N="Value">OCI.PSModules.Blockchain</S>
              </En>
              <En>
                <S N="Key">RequiredVersion</S>
                <S N="Value">120.0.0</S>
              </En>
              <En>
                <S N="Key">CanonicalId</S>
                <S N="Value">nuget:OCI.PSModules.Blockchain/[120.0.0]</S>
              </En>
            </DCT>
          </Obj>
          <Obj RefId="30">
            <TNRef RefId="4" />
            <DCT>
              <En>
                <S N="Key">Name</S>
                <S N="Value">OCI.PSModules.Budget</S>
              </En>
              <En>
                <S N="Key">RequiredVersion</S>
                <S N="Value">120.0.0</S>
              </En>
              <En>
                <S N="Key">CanonicalId</S>
                <S N="Value">nuget:OCI.PSModules.Budget/[120.0.0]</S>
              </En>
            </DCT>
          </Obj>
          <Obj RefId="31">
            <TNRef RefId="4" />
            <DCT>
              <En>
                <S N="Key">Name</S>
                <S N="Value">OCI.PSModules.Capacitymanagement</S>
              </En>
              <En>
                <S N="Key">RequiredVersion</S>
                <S N="Value">120.0.0</S>
              </En>
              <En>
                <S N="Key">CanonicalId</S>
                <S N="Value">nuget:OCI.PSModules.Capacitymanagement/[120.0.0]</S>
              </En>
            </DCT>
          </Obj>
          <Obj RefId="32">
            <TNRef RefId="4" />
            <DCT>
              <En>
                <S N="Key">Name</S>
                <S N="Value">OCI.PSModules.Certificates</S>
              </En>
              <En>
                <S N="Key">RequiredVersion</S>
                <S N="Value">120.0.0</S>
              </En>
              <En>
                <S N="Key">CanonicalId</S>
                <S N="Value">nuget:OCI.PSModules.Certificates/[120.0.0]</S>
              </En>
            </DCT>
          </Obj>
          <Obj RefId="33">
            <TNRef RefId="4" />
            <DCT>
              <En>
                <S N="Key">Name</S>
                <S N="Value">OCI.PSModules.Certificatesmanagement</S>
              </En>
              <En>
                <S N="Key">RequiredVersion</S>
                <S N="Value">120.0.0</S>
              </En>
              <En>
                <S N="Key">CanonicalId</S>
                <S N="Value">nuget:OCI.PSModules.Certificatesmanagement/[120.0.0]</S>
              </En>
            </DCT>
          </Obj>
          <Obj RefId="34">
            <TNRef RefId="4" />
            <DCT>
              <En>
                <S N="Key">Name</S>
                <S N="Value">OCI.PSModules.Cims</S>
              </En>
              <En>
                <S N="Key">RequiredVersion</S>
                <S N="Value">120.0.0</S>
              </En>
              <En>
                <S N="Key">CanonicalId</S>
                <S N="Value">nuget:OCI.PSModules.Cims/[120.0.0]</S>
              </En>
            </DCT>
          </Obj>
          <Obj RefId="35">
            <TNRef RefId="4" />
            <DCT>
              <En>
                <S N="Key">Name</S>
                <S N="Value">OCI.PSModules.Cloudbridge</S>
              </En>
              <En>
                <S N="Key">RequiredVersion</S>
                <S N="Value">120.0.0</S>
              </En>
              <En>
                <S N="Key">CanonicalId</S>
                <S N="Value">nuget:OCI.PSModules.Cloudbridge/[120.0.0]</S>
              </En>
            </DCT>
          </Obj>
          <Obj RefId="36">
            <TNRef RefId="4" />
            <DCT>
              <En>
                <S N="Key">Name</S>
                <S N="Value">OCI.PSModules.Cloudguard</S>
              </En>
              <En>
                <S N="Key">RequiredVersion</S>
                <S N="Value">120.0.0</S>
              </En>
              <En>
                <S N="Key">CanonicalId</S>
                <S N="Value">nuget:OCI.PSModules.Cloudguard/[120.0.0]</S>
              </En>
            </DCT>
          </Obj>
          <Obj RefId="37">
            <TNRef RefId="4" />
            <DCT>
              <En>
                <S N="Key">Name</S>
                <S N="Value">OCI.PSModules.Cloudmigrations</S>
              </En>
              <En>
                <S N="Key">RequiredVersion</S>
                <S N="Value">120.0.0</S>
              </En>
              <En>
                <S N="Key">CanonicalId</S>
                <S N="Value">nuget:OCI.PSModules.Cloudmigrations/[120.0.0]</S>
              </En>
            </DCT>
          </Obj>
          <Obj RefId="38">
            <TNRef RefId="4" />
            <DCT>
              <En>
                <S N="Key">Name</S>
                <S N="Value">OCI.PSModules.Clusterplacementgroups</S>
              </En>
              <En>
                <S N="Key">RequiredVersion</S>
                <S N="Value">120.0.0</S>
              </En>
              <En>
                <S N="Key">CanonicalId</S>
                <S N="Value">nuget:OCI.PSModules.Clusterplacementgroups/[120.0.0]</S>
              </En>
            </DCT>
          </Obj>
          <Obj RefId="39">
            <TNRef RefId="4" />
            <DCT>
              <En>
                <S N="Key">Name</S>
                <S N="Value">OCI.PSModules.Computecloudatcustomer</S>
              </En>
              <En>
                <S N="Key">RequiredVersion</S>
                <S N="Value">120.0.0</S>
              </En>
              <En>
                <S N="Key">CanonicalId</S>
                <S N="Value">nuget:OCI.PSModules.Computecloudatcustomer/[120.0.0]</S>
              </En>
            </DCT>
          </Obj>
          <Obj RefId="40">
            <TNRef RefId="4" />
            <DCT>
              <En>
                <S N="Key">Name</S>
                <S N="Value">OCI.PSModules.Computeinstanceagent</S>
              </En>
              <En>
                <S N="Key">RequiredVersion</S>
                <S N="Value">120.0.0</S>
              </En>
              <En>
                <S N="Key">CanonicalId</S>
                <S N="Value">nuget:OCI.PSModules.Computeinstanceagent/[120.0.0]</S>
              </En>
            </DCT>
          </Obj>
          <Obj RefId="41">
            <TNRef RefId="4" />
            <DCT>
              <En>
                <S N="Key">Name</S>
                <S N="Value">OCI.PSModules.Containerengine</S>
              </En>
              <En>
                <S N="Key">RequiredVersion</S>
                <S N="Value">120.0.0</S>
              </En>
              <En>
                <S N="Key">CanonicalId</S>
                <S N="Value">nuget:OCI.PSModules.Containerengine/[120.0.0]</S>
              </En>
            </DCT>
          </Obj>
          <Obj RefId="42">
            <TNRef RefId="4" />
            <DCT>
              <En>
                <S N="Key">Name</S>
                <S N="Value">OCI.PSModules.Containerinstances</S>
              </En>
              <En>
                <S N="Key">RequiredVersion</S>
                <S N="Value">120.0.0</S>
              </En>
              <En>
                <S N="Key">CanonicalId</S>
                <S N="Value">nuget:OCI.PSModules.Containerinstances/[120.0.0]</S>
              </En>
            </DCT>
          </Obj>
          <Obj RefId="43">
            <TNRef RefId="4" />
            <DCT>
              <En>
                <S N="Key">Name</S>
                <S N="Value">OCI.PSModules.Core</S>
              </En>
              <En>
                <S N="Key">RequiredVersion</S>
                <S N="Value">120.0.0</S>
              </En>
              <En>
                <S N="Key">CanonicalId</S>
                <S N="Value">nuget:OCI.PSModules.Core/[120.0.0]</S>
              </En>
            </DCT>
          </Obj>
          <Obj RefId="44">
            <TNRef RefId="4" />
            <DCT>
              <En>
                <S N="Key">Name</S>
                <S N="Value">OCI.PSModules.Dashboardservice</S>
              </En>
              <En>
                <S N="Key">RequiredVersion</S>
                <S N="Value">120.0.0</S>
              </En>
              <En>
                <S N="Key">CanonicalId</S>
                <S N="Value">nuget:OCI.PSModules.Dashboardservice/[120.0.0]</S>
              </En>
            </DCT>
          </Obj>
          <Obj RefId="45">
            <TNRef RefId="4" />
            <DCT>
              <En>
                <S N="Key">Name</S>
                <S N="Value">OCI.PSModules.Database</S>
              </En>
              <En>
                <S N="Key">RequiredVersion</S>
                <S N="Value">120.0.0</S>
              </En>
              <En>
                <S N="Key">CanonicalId</S>
                <S N="Value">nuget:OCI.PSModules.Database/[120.0.0]</S>
              </En>
            </DCT>
          </Obj>
          <Obj RefId="46">
            <TNRef RefId="4" />
            <DCT>
              <En>
                <S N="Key">Name</S>
                <S N="Value">OCI.PSModules.Databasemanagement</S>
              </En>
              <En>
                <S N="Key">RequiredVersion</S>
                <S N="Value">120.0.0</S>
              </En>
              <En>
                <S N="Key">CanonicalId</S>
                <S N="Value">nuget:OCI.PSModules.Databasemanagement/[120.0.0]</S>
              </En>
            </DCT>
          </Obj>
          <Obj RefId="47">
            <TNRef RefId="4" />
            <DCT>
              <En>
                <S N="Key">Name</S>
                <S N="Value">OCI.PSModules.Databasemigration</S>
              </En>
              <En>
                <S N="Key">RequiredVersion</S>
                <S N="Value">120.0.0</S>
              </En>
              <En>
                <S N="Key">CanonicalId</S>
                <S N="Value">nuget:OCI.PSModules.Databasemigration/[120.0.0]</S>
              </En>
            </DCT>
          </Obj>
          <Obj RefId="48">
            <TNRef RefId="4" />
            <DCT>
              <En>
                <S N="Key">Name</S>
                <S N="Value">OCI.PSModules.Databasetools</S>
              </En>
              <En>
                <S N="Key">RequiredVersion</S>
                <S N="Value">120.0.0</S>
              </En>
              <En>
                <S N="Key">CanonicalId</S>
                <S N="Value">nuget:OCI.PSModules.Databasetools/[120.0.0]</S>
              </En>
            </DCT>
          </Obj>
          <Obj RefId="49">
            <TNRef RefId="4" />
            <DCT>
              <En>
                <S N="Key">Name</S>
                <S N="Value">OCI.PSModules.Datacatalog</S>
              </En>
              <En>
                <S N="Key">RequiredVersion</S>
                <S N="Value">120.0.0</S>
              </En>
              <En>
                <S N="Key">CanonicalId</S>
                <S N="Value">nuget:OCI.PSModules.Datacatalog/[120.0.0]</S>
              </En>
            </DCT>
          </Obj>
          <Obj RefId="50">
            <TNRef RefId="4" />
            <DCT>
              <En>
                <S N="Key">Name</S>
                <S N="Value">OCI.PSModules.Dataflow</S>
              </En>
              <En>
                <S N="Key">RequiredVersion</S>
                <S N="Value">120.0.0</S>
              </En>
              <En>
                <S N="Key">CanonicalId</S>
                <S N="Value">nuget:OCI.PSModules.Dataflow/[120.0.0]</S>
              </En>
            </DCT>
          </Obj>
          <Obj RefId="51">
            <TNRef RefId="4" />
            <DCT>
              <En>
                <S N="Key">Name</S>
                <S N="Value">OCI.PSModules.Dataintegration</S>
              </En>
              <En>
                <S N="Key">RequiredVersion</S>
                <S N="Value">120.0.0</S>
              </En>
              <En>
                <S N="Key">CanonicalId</S>
                <S N="Value">nuget:OCI.PSModules.Dataintegration/[120.0.0]</S>
              </En>
            </DCT>
          </Obj>
          <Obj RefId="52">
            <TNRef RefId="4" />
            <DCT>
              <En>
                <S N="Key">Name</S>
                <S N="Value">OCI.PSModules.Datalabelingservice</S>
              </En>
              <En>
                <S N="Key">RequiredVersion</S>
                <S N="Value">120.0.0</S>
              </En>
              <En>
                <S N="Key">CanonicalId</S>
                <S N="Value">nuget:OCI.PSModules.Datalabelingservice/[120.0.0]</S>
              </En>
            </DCT>
          </Obj>
          <Obj RefId="53">
            <TNRef RefId="4" />
            <DCT>
              <En>
                <S N="Key">Name</S>
                <S N="Value">OCI.PSModules.Datalabelingservicedataplane</S>
              </En>
              <En>
                <S N="Key">RequiredVersion</S>
                <S N="Value">120.0.0</S>
              </En>
              <En>
                <S N="Key">CanonicalId</S>
                <S N="Value">nuget:OCI.PSModules.Datalabelingservicedataplane/[120.0.0]</S>
              </En>
            </DCT>
          </Obj>
          <Obj RefId="54">
            <TNRef RefId="4" />
            <DCT>
              <En>
                <S N="Key">Name</S>
                <S N="Value">OCI.PSModules.Datasafe</S>
              </En>
              <En>
                <S N="Key">RequiredVersion</S>
                <S N="Value">120.0.0</S>
              </En>
              <En>
                <S N="Key">CanonicalId</S>
                <S N="Value">nuget:OCI.PSModules.Datasafe/[120.0.0]</S>
              </En>
            </DCT>
          </Obj>
          <Obj RefId="55">
            <TNRef RefId="4" />
            <DCT>
              <En>
                <S N="Key">Name</S>
                <S N="Value">OCI.PSModules.Datascience</S>
              </En>
              <En>
                <S N="Key">RequiredVersion</S>
                <S N="Value">120.0.0</S>
              </En>
              <En>
                <S N="Key">CanonicalId</S>
                <S N="Value">nuget:OCI.PSModules.Datascience/[120.0.0]</S>
              </En>
            </DCT>
          </Obj>
          <Obj RefId="56">
            <TNRef RefId="4" />
            <DCT>
              <En>
                <S N="Key">Name</S>
                <S N="Value">OCI.PSModules.Dblm</S>
              </En>
              <En>
                <S N="Key">RequiredVersion</S>
                <S N="Value">120.0.0</S>
              </En>
              <En>
                <S N="Key">CanonicalId</S>
                <S N="Value">nuget:OCI.PSModules.Dblm/[120.0.0]</S>
              </En>
            </DCT>
          </Obj>
          <Obj RefId="57">
            <TNRef RefId="4" />
            <DCT>
              <En>
                <S N="Key">Name</S>
                <S N="Value">OCI.PSModules.Dbmulticloud</S>
              </En>
              <En>
                <S N="Key">RequiredVersion</S>
                <S N="Value">120.0.0</S>
              </En>
              <En>
                <S N="Key">CanonicalId</S>
                <S N="Value">nuget:OCI.PSModules.Dbmulticloud/[120.0.0]</S>
              </En>
            </DCT>
          </Obj>
          <Obj RefId="58">
            <TNRef RefId="4" />
            <DCT>
              <En>
                <S N="Key">Name</S>
                <S N="Value">OCI.PSModules.Delegateaccesscontrol</S>
              </En>
              <En>
                <S N="Key">RequiredVersion</S>
                <S N="Value">120.0.0</S>
              </En>
              <En>
                <S N="Key">CanonicalId</S>
                <S N="Value">nuget:OCI.PSModules.Delegateaccesscontrol/[120.0.0]</S>
              </En>
            </DCT>
          </Obj>
          <Obj RefId="59">
            <TNRef RefId="4" />
            <DCT>
              <En>
                <S N="Key">Name</S>
                <S N="Value">OCI.PSModules.Demandsignal</S>
              </En>
              <En>
                <S N="Key">RequiredVersion</S>
                <S N="Value">120.0.0</S>
              </En>
              <En>
                <S N="Key">CanonicalId</S>
                <S N="Value">nuget:OCI.PSModules.Demandsignal/[120.0.0]</S>
              </En>
            </DCT>
          </Obj>
          <Obj RefId="60">
            <TNRef RefId="4" />
            <DCT>
              <En>
                <S N="Key">Name</S>
                <S N="Value">OCI.PSModules.Desktops</S>
              </En>
              <En>
                <S N="Key">RequiredVersion</S>
                <S N="Value">120.0.0</S>
              </En>
              <En>
                <S N="Key">CanonicalId</S>
                <S N="Value">nuget:OCI.PSModules.Desktops/[120.0.0]</S>
              </En>
            </DCT>
          </Obj>
          <Obj RefId="61">
            <TNRef RefId="4" />
            <DCT>
              <En>
                <S N="Key">Name</S>
                <S N="Value">OCI.PSModules.Devops</S>
              </En>
              <En>
                <S N="Key">RequiredVersion</S>
                <S N="Value">120.0.0</S>
              </En>
              <En>
                <S N="Key">CanonicalId</S>
                <S N="Value">nuget:OCI.PSModules.Devops/[120.0.0]</S>
              </En>
            </DCT>
          </Obj>
          <Obj RefId="62">
            <TNRef RefId="4" />
            <DCT>
              <En>
                <S N="Key">Name</S>
                <S N="Value">OCI.PSModules.Dif</S>
              </En>
              <En>
                <S N="Key">RequiredVersion</S>
                <S N="Value">120.0.0</S>
              </En>
              <En>
                <S N="Key">CanonicalId</S>
                <S N="Value">nuget:OCI.PSModules.Dif/[120.0.0]</S>
              </En>
            </DCT>
          </Obj>
          <Obj RefId="63">
            <TNRef RefId="4" />
            <DCT>
              <En>
                <S N="Key">Name</S>
                <S N="Value">OCI.PSModules.Disasterrecovery</S>
              </En>
              <En>
                <S N="Key">RequiredVersion</S>
                <S N="Value">120.0.0</S>
              </En>
              <En>
                <S N="Key">CanonicalId</S>
                <S N="Value">nuget:OCI.PSModules.Disasterrecovery/[120.0.0]</S>
              </En>
            </DCT>
          </Obj>
          <Obj RefId="64">
            <TNRef RefId="4" />
            <DCT>
              <En>
                <S N="Key">Name</S>
                <S N="Value">OCI.PSModules.Distributeddatabase</S>
              </En>
              <En>
                <S N="Key">RequiredVersion</S>
                <S N="Value">120.0.0</S>
              </En>
              <En>
                <S N="Key">CanonicalId</S>
                <S N="Value">nuget:OCI.PSModules.Distributeddatabase/[120.0.0]</S>
              </En>
            </DCT>
          </Obj>
          <Obj RefId="65">
            <TNRef RefId="4" />
            <DCT>
              <En>
                <S N="Key">Name</S>
                <S N="Value">OCI.PSModules.Dns</S>
              </En>
              <En>
                <S N="Key">RequiredVersion</S>
                <S N="Value">120.0.0</S>
              </En>
              <En>
                <S N="Key">CanonicalId</S>
                <S N="Value">nuget:OCI.PSModules.Dns/[120.0.0]</S>
              </En>
            </DCT>
          </Obj>
          <Obj RefId="66">
            <TNRef RefId="4" />
            <DCT>
              <En>
                <S N="Key">Name</S>
                <S N="Value">OCI.PSModules.Email</S>
              </En>
              <En>
                <S N="Key">RequiredVersion</S>
                <S N="Value">120.0.0</S>
              </En>
              <En>
                <S N="Key">CanonicalId</S>
                <S N="Value">nuget:OCI.PSModules.Email/[120.0.0]</S>
              </En>
            </DCT>
          </Obj>
          <Obj RefId="67">
            <TNRef RefId="4" />
            <DCT>
              <En>
                <S N="Key">Name</S>
                <S N="Value">OCI.PSModules.Emaildataplane</S>
              </En>
              <En>
                <S N="Key">RequiredVersion</S>
                <S N="Value">120.0.0</S>
              </En>
              <En>
                <S N="Key">CanonicalId</S>
                <S N="Value">nuget:OCI.PSModules.Emaildataplane/[120.0.0]</S>
              </En>
            </DCT>
          </Obj>
          <Obj RefId="68">
            <TNRef RefId="4" />
            <DCT>
              <En>
                <S N="Key">Name</S>
                <S N="Value">OCI.PSModules.Emwarehouse</S>
              </En>
              <En>
                <S N="Key">RequiredVersion</S>
                <S N="Value">120.0.0</S>
              </En>
              <En>
                <S N="Key">CanonicalId</S>
                <S N="Value">nuget:OCI.PSModules.Emwarehouse/[120.0.0]</S>
              </En>
            </DCT>
          </Obj>
          <Obj RefId="69">
            <TNRef RefId="4" />
            <DCT>
              <En>
                <S N="Key">Name</S>
                <S N="Value">OCI.PSModules.Events</S>
              </En>
              <En>
                <S N="Key">RequiredVersion</S>
                <S N="Value">120.0.0</S>
              </En>
              <En>
                <S N="Key">CanonicalId</S>
                <S N="Value">nuget:OCI.PSModules.Events/[120.0.0]</S>
              </En>
            </DCT>
          </Obj>
          <Obj RefId="70">
            <TNRef RefId="4" />
            <DCT>
              <En>
                <S N="Key">Name</S>
                <S N="Value">OCI.PSModules.Filestorage</S>
              </En>
              <En>
                <S N="Key">RequiredVersion</S>
                <S N="Value">120.0.0</S>
              </En>
              <En>
                <S N="Key">CanonicalId</S>
                <S N="Value">nuget:OCI.PSModules.Filestorage/[120.0.0]</S>
              </En>
            </DCT>
          </Obj>
          <Obj RefId="71">
            <TNRef RefId="4" />
            <DCT>
              <En>
                <S N="Key">Name</S>
                <S N="Value">OCI.PSModules.Fleetappsmanagement</S>
              </En>
              <En>
                <S N="Key">RequiredVersion</S>
                <S N="Value">120.0.0</S>
              </En>
              <En>
                <S N="Key">CanonicalId</S>
                <S N="Value">nuget:OCI.PSModules.Fleetappsmanagement/[120.0.0]</S>
              </En>
            </DCT>
          </Obj>
          <Obj RefId="72">
            <TNRef RefId="4" />
            <DCT>
              <En>
                <S N="Key">Name</S>
                <S N="Value">OCI.PSModules.Fleetsoftwareupdate</S>
              </En>
              <En>
                <S N="Key">RequiredVersion</S>
                <S N="Value">120.0.0</S>
              </En>
              <En>
                <S N="Key">CanonicalId</S>
                <S N="Value">nuget:OCI.PSModules.Fleetsoftwareupdate/[120.0.0]</S>
              </En>
            </DCT>
          </Obj>
          <Obj RefId="73">
            <TNRef RefId="4" />
            <DCT>
              <En>
                <S N="Key">Name</S>
                <S N="Value">OCI.PSModules.Functions</S>
              </En>
              <En>
                <S N="Key">RequiredVersion</S>
                <S N="Value">120.0.0</S>
              </En>
              <En>
                <S N="Key">CanonicalId</S>
                <S N="Value">nuget:OCI.PSModules.Functions/[120.0.0]</S>
              </En>
            </DCT>
          </Obj>
          <Obj RefId="74">
            <TNRef RefId="4" />
            <DCT>
              <En>
                <S N="Key">Name</S>
                <S N="Value">OCI.PSModules.Fusionapps</S>
              </En>
              <En>
                <S N="Key">RequiredVersion</S>
                <S N="Value">120.0.0</S>
              </En>
              <En>
                <S N="Key">CanonicalId</S>
                <S N="Value">nuget:OCI.PSModules.Fusionapps/[120.0.0]</S>
              </En>
            </DCT>
          </Obj>
          <Obj RefId="75">
            <TNRef RefId="4" />
            <DCT>
              <En>
                <S N="Key">Name</S>
                <S N="Value">OCI.PSModules.Generativeai</S>
              </En>
              <En>
                <S N="Key">RequiredVersion</S>
                <S N="Value">120.0.0</S>
              </En>
              <En>
                <S N="Key">CanonicalId</S>
                <S N="Value">nuget:OCI.PSModules.Generativeai/[120.0.0]</S>
              </En>
            </DCT>
          </Obj>
          <Obj RefId="76">
            <TNRef RefId="4" />
            <DCT>
              <En>
                <S N="Key">Name</S>
                <S N="Value">OCI.PSModules.Generativeaiagent</S>
              </En>
              <En>
                <S N="Key">RequiredVersion</S>
                <S N="Value">120.0.0</S>
              </En>
              <En>
                <S N="Key">CanonicalId</S>
                <S N="Value">nuget:OCI.PSModules.Generativeaiagent/[120.0.0]</S>
              </En>
            </DCT>
          </Obj>
          <Obj RefId="77">
            <TNRef RefId="4" />
            <DCT>
              <En>
                <S N="Key">Name</S>
                <S N="Value">OCI.PSModules.Generativeaiagentruntime</S>
              </En>
              <En>
                <S N="Key">RequiredVersion</S>
                <S N="Value">120.0.0</S>
              </En>
              <En>
                <S N="Key">CanonicalId</S>
                <S N="Value">nuget:OCI.PSModules.Generativeaiagentruntime/[120.0.0]</S>
              </En>
            </DCT>
          </Obj>
          <Obj RefId="78">
            <TNRef RefId="4" />
            <DCT>
              <En>
                <S N="Key">Name</S>
                <S N="Value">OCI.PSModules.Generativeaiinference</S>
              </En>
              <En>
                <S N="Key">RequiredVersion</S>
                <S N="Value">120.0.0</S>
              </En>
              <En>
                <S N="Key">CanonicalId</S>
                <S N="Value">nuget:OCI.PSModules.Generativeaiinference/[120.0.0]</S>
              </En>
            </DCT>
          </Obj>
          <Obj RefId="79">
            <TNRef RefId="4" />
            <DCT>
              <En>
                <S N="Key">Name</S>
                <S N="Value">OCI.PSModules.Genericartifactscontent</S>
              </En>
              <En>
                <S N="Key">RequiredVersion</S>
                <S N="Value">120.0.0</S>
              </En>
              <En>
                <S N="Key">CanonicalId</S>
                <S N="Value">nuget:OCI.PSModules.Genericartifactscontent/[120.0.0]</S>
              </En>
            </DCT>
          </Obj>
          <Obj RefId="80">
            <TNRef RefId="4" />
            <DCT>
              <En>
                <S N="Key">Name</S>
                <S N="Value">OCI.PSModules.Globallydistributeddatabase</S>
              </En>
              <En>
                <S N="Key">RequiredVersion</S>
                <S N="Value">120.0.0</S>
              </En>
              <En>
                <S N="Key">CanonicalId</S>
                <S N="Value">nuget:OCI.PSModules.Globallydistributeddatabase/[120.0.0]</S>
              </En>
            </DCT>
          </Obj>
          <Obj RefId="81">
            <TNRef RefId="4" />
            <DCT>
              <En>
                <S N="Key">Name</S>
                <S N="Value">OCI.PSModules.Goldengate</S>
              </En>
              <En>
                <S N="Key">RequiredVersion</S>
                <S N="Value">120.0.0</S>
              </En>
              <En>
                <S N="Key">CanonicalId</S>
                <S N="Value">nuget:OCI.PSModules.Goldengate/[120.0.0]</S>
              </En>
            </DCT>
          </Obj>
          <Obj RefId="82">
            <TNRef RefId="4" />
            <DCT>
              <En>
                <S N="Key">Name</S>
                <S N="Value">OCI.PSModules.Governancerulescontrolplane</S>
              </En>
              <En>
                <S N="Key">RequiredVersion</S>
                <S N="Value">120.0.0</S>
              </En>
              <En>
                <S N="Key">CanonicalId</S>
                <S N="Value">nuget:OCI.PSModules.Governancerulescontrolplane/[120.0.0]</S>
              </En>
            </DCT>
          </Obj>
          <Obj RefId="83">
            <TNRef RefId="4" />
            <DCT>
              <En>
                <S N="Key">Name</S>
                <S N="Value">OCI.PSModules.Healthchecks</S>
              </En>
              <En>
                <S N="Key">RequiredVersion</S>
                <S N="Value">120.0.0</S>
              </En>
              <En>
                <S N="Key">CanonicalId</S>
                <S N="Value">nuget:OCI.PSModules.Healthchecks/[120.0.0]</S>
              </En>
            </DCT>
          </Obj>
          <Obj RefId="84">
            <TNRef RefId="4" />
            <DCT>
              <En>
                <S N="Key">Name</S>
                <S N="Value">OCI.PSModules.Identity</S>
              </En>
              <En>
                <S N="Key">RequiredVersion</S>
                <S N="Value">120.0.0</S>
              </En>
              <En>
                <S N="Key">CanonicalId</S>
                <S N="Value">nuget:OCI.PSModules.Identity/[120.0.0]</S>
              </En>
            </DCT>
          </Obj>
          <Obj RefId="85">
            <TNRef RefId="4" />
            <DCT>
              <En>
                <S N="Key">Name</S>
                <S N="Value">OCI.PSModules.Identitydataplane</S>
              </En>
              <En>
                <S N="Key">RequiredVersion</S>
                <S N="Value">120.0.0</S>
              </En>
              <En>
                <S N="Key">CanonicalId</S>
                <S N="Value">nuget:OCI.PSModules.Identitydataplane/[120.0.0]</S>
              </En>
            </DCT>
          </Obj>
          <Obj RefId="86">
            <TNRef RefId="4" />
            <DCT>
              <En>
                <S N="Key">Name</S>
                <S N="Value">OCI.PSModules.Identitydomains</S>
              </En>
              <En>
                <S N="Key">RequiredVersion</S>
                <S N="Value">120.0.0</S>
              </En>
              <En>
                <S N="Key">CanonicalId</S>
                <S N="Value">nuget:OCI.PSModules.Identitydomains/[120.0.0]</S>
              </En>
            </DCT>
          </Obj>
          <Obj RefId="87">
            <TNRef RefId="4" />
            <DCT>
              <En>
                <S N="Key">Name</S>
                <S N="Value">OCI.PSModules.Integration</S>
              </En>
              <En>
                <S N="Key">RequiredVersion</S>
                <S N="Value">120.0.0</S>
              </En>
              <En>
                <S N="Key">CanonicalId</S>
                <S N="Value">nuget:OCI.PSModules.Integration/[120.0.0]</S>
              </En>
            </DCT>
          </Obj>
          <Obj RefId="88">
            <TNRef RefId="4" />
            <DCT>
              <En>
                <S N="Key">Name</S>
                <S N="Value">OCI.PSModules.Iot</S>
              </En>
              <En>
                <S N="Key">RequiredVersion</S>
                <S N="Value">120.0.0</S>
              </En>
              <En>
                <S N="Key">CanonicalId</S>
                <S N="Value">nuget:OCI.PSModules.Iot/[120.0.0]</S>
              </En>
            </DCT>
          </Obj>
          <Obj RefId="89">
            <TNRef RefId="4" />
            <DCT>
              <En>
                <S N="Key">Name</S>
                <S N="Value">OCI.PSModules.Jms</S>
              </En>
              <En>
                <S N="Key">RequiredVersion</S>
                <S N="Value">120.0.0</S>
              </En>
              <En>
                <S N="Key">CanonicalId</S>
                <S N="Value">nuget:OCI.PSModules.Jms/[120.0.0]</S>
              </En>
            </DCT>
          </Obj>
          <Obj RefId="90">
            <TNRef RefId="4" />
            <DCT>
              <En>
                <S N="Key">Name</S>
                <S N="Value">OCI.PSModules.Jmsjavadownloads</S>
              </En>
              <En>
                <S N="Key">RequiredVersion</S>
                <S N="Value">120.0.0</S>
              </En>
              <En>
                <S N="Key">CanonicalId</S>
                <S N="Value">nuget:OCI.PSModules.Jmsjavadownloads/[120.0.0]</S>
              </En>
            </DCT>
          </Obj>
          <Obj RefId="91">
            <TNRef RefId="4" />
            <DCT>
              <En>
                <S N="Key">Name</S>
                <S N="Value">OCI.PSModules.Jmsutils</S>
              </En>
              <En>
                <S N="Key">RequiredVersion</S>
                <S N="Value">120.0.0</S>
              </En>
              <En>
                <S N="Key">CanonicalId</S>
                <S N="Value">nuget:OCI.PSModules.Jmsutils/[120.0.0]</S>
              </En>
            </DCT>
          </Obj>
          <Obj RefId="92">
            <TNRef RefId="4" />
            <DCT>
              <En>
                <S N="Key">Name</S>
                <S N="Value">OCI.PSModules.Keymanagement</S>
              </En>
              <En>
                <S N="Key">RequiredVersion</S>
                <S N="Value">120.0.0</S>
              </En>
              <En>
                <S N="Key">CanonicalId</S>
                <S N="Value">nuget:OCI.PSModules.Keymanagement/[120.0.0]</S>
              </En>
            </DCT>
          </Obj>
          <Obj RefId="93">
            <TNRef RefId="4" />
            <DCT>
              <En>
                <S N="Key">Name</S>
                <S N="Value">OCI.PSModules.Licensemanager</S>
              </En>
              <En>
                <S N="Key">RequiredVersion</S>
                <S N="Value">120.0.0</S>
              </En>
              <En>
                <S N="Key">CanonicalId</S>
                <S N="Value">nuget:OCI.PSModules.Licensemanager/[120.0.0]</S>
              </En>
            </DCT>
          </Obj>
          <Obj RefId="94">
            <TNRef RefId="4" />
            <DCT>
              <En>
                <S N="Key">Name</S>
                <S N="Value">OCI.PSModules.Limits</S>
              </En>
              <En>
                <S N="Key">RequiredVersion</S>
                <S N="Value">120.0.0</S>
              </En>
              <En>
                <S N="Key">CanonicalId</S>
                <S N="Value">nuget:OCI.PSModules.Limits/[120.0.0]</S>
              </En>
            </DCT>
          </Obj>
          <Obj RefId="95">
            <TNRef RefId="4" />
            <DCT>
              <En>
                <S N="Key">Name</S>
                <S N="Value">OCI.PSModules.Loadbalancer</S>
              </En>
              <En>
                <S N="Key">RequiredVersion</S>
                <S N="Value">120.0.0</S>
              </En>
              <En>
                <S N="Key">CanonicalId</S>
                <S N="Value">nuget:OCI.PSModules.Loadbalancer/[120.0.0]</S>
              </En>
            </DCT>
          </Obj>
          <Obj RefId="96">
            <TNRef RefId="4" />
            <DCT>
              <En>
                <S N="Key">Name</S>
                <S N="Value">OCI.PSModules.Lockbox</S>
              </En>
              <En>
                <S N="Key">RequiredVersion</S>
                <S N="Value">120.0.0</S>
              </En>
              <En>
                <S N="Key">CanonicalId</S>
                <S N="Value">nuget:OCI.PSModules.Lockbox/[120.0.0]</S>
              </En>
            </DCT>
          </Obj>
          <Obj RefId="97">
            <TNRef RefId="4" />
            <DCT>
              <En>
                <S N="Key">Name</S>
                <S N="Value">OCI.PSModules.Loganalytics</S>
              </En>
              <En>
                <S N="Key">RequiredVersion</S>
                <S N="Value">120.0.0</S>
              </En>
              <En>
                <S N="Key">CanonicalId</S>
                <S N="Value">nuget:OCI.PSModules.Loganalytics/[120.0.0]</S>
              </En>
            </DCT>
          </Obj>
          <Obj RefId="98">
            <TNRef RefId="4" />
            <DCT>
              <En>
                <S N="Key">Name</S>
                <S N="Value">OCI.PSModules.Logging</S>
              </En>
              <En>
                <S N="Key">RequiredVersion</S>
                <S N="Value">120.0.0</S>
              </En>
              <En>
                <S N="Key">CanonicalId</S>
                <S N="Value">nuget:OCI.PSModules.Logging/[120.0.0]</S>
              </En>
            </DCT>
          </Obj>
          <Obj RefId="99">
            <TNRef RefId="4" />
            <DCT>
              <En>
                <S N="Key">Name</S>
                <S N="Value">OCI.PSModules.Loggingingestion</S>
              </En>
              <En>
                <S N="Key">RequiredVersion</S>
                <S N="Value">120.0.0</S>
              </En>
              <En>
                <S N="Key">CanonicalId</S>
                <S N="Value">nuget:OCI.PSModules.Loggingingestion/[120.0.0]</S>
              </En>
            </DCT>
          </Obj>
          <Obj RefId="100">
            <TNRef RefId="4" />
            <DCT>
              <En>
                <S N="Key">Name</S>
                <S N="Value">OCI.PSModules.Loggingsearch</S>
              </En>
              <En>
                <S N="Key">RequiredVersion</S>
                <S N="Value">120.0.0</S>
              </En>
              <En>
                <S N="Key">CanonicalId</S>
                <S N="Value">nuget:OCI.PSModules.Loggingsearch/[120.0.0]</S>
              </En>
            </DCT>
          </Obj>
          <Obj RefId="101">
            <TNRef RefId="4" />
            <DCT>
              <En>
                <S N="Key">Name</S>
                <S N="Value">OCI.PSModules.Lustrefilestorage</S>
              </En>
              <En>
                <S N="Key">RequiredVersion</S>
                <S N="Value">120.0.0</S>
              </En>
              <En>
                <S N="Key">CanonicalId</S>
                <S N="Value">nuget:OCI.PSModules.Lustrefilestorage/[120.0.0]</S>
              </En>
            </DCT>
          </Obj>
          <Obj RefId="102">
            <TNRef RefId="4" />
            <DCT>
              <En>
                <S N="Key">Name</S>
                <S N="Value">OCI.PSModules.Managedkafka</S>
              </En>
              <En>
                <S N="Key">RequiredVersion</S>
                <S N="Value">120.0.0</S>
              </En>
              <En>
                <S N="Key">CanonicalId</S>
                <S N="Value">nuget:OCI.PSModules.Managedkafka/[120.0.0]</S>
              </En>
            </DCT>
          </Obj>
          <Obj RefId="103">
            <TNRef RefId="4" />
            <DCT>
              <En>
                <S N="Key">Name</S>
                <S N="Value">OCI.PSModules.Managementagent</S>
              </En>
              <En>
                <S N="Key">RequiredVersion</S>
                <S N="Value">120.0.0</S>
              </En>
              <En>
                <S N="Key">CanonicalId</S>
                <S N="Value">nuget:OCI.PSModules.Managementagent/[120.0.0]</S>
              </En>
            </DCT>
          </Obj>
          <Obj RefId="104">
            <TNRef RefId="4" />
            <DCT>
              <En>
                <S N="Key">Name</S>
                <S N="Value">OCI.PSModules.Managementdashboard</S>
              </En>
              <En>
                <S N="Key">RequiredVersion</S>
                <S N="Value">120.0.0</S>
              </En>
              <En>
                <S N="Key">CanonicalId</S>
                <S N="Value">nuget:OCI.PSModules.Managementdashboard/[120.0.0]</S>
              </En>
            </DCT>
          </Obj>
          <Obj RefId="105">
            <TNRef RefId="4" />
            <DCT>
              <En>
                <S N="Key">Name</S>
                <S N="Value">OCI.PSModules.Marketplace</S>
              </En>
              <En>
                <S N="Key">RequiredVersion</S>
                <S N="Value">120.0.0</S>
              </En>
              <En>
                <S N="Key">CanonicalId</S>
                <S N="Value">nuget:OCI.PSModules.Marketplace/[120.0.0]</S>
              </En>
            </DCT>
          </Obj>
          <Obj RefId="106">
            <TNRef RefId="4" />
            <DCT>
              <En>
                <S N="Key">Name</S>
                <S N="Value">OCI.PSModules.Marketplaceprivateoffer</S>
              </En>
              <En>
                <S N="Key">RequiredVersion</S>
                <S N="Value">120.0.0</S>
              </En>
              <En>
                <S N="Key">CanonicalId</S>
                <S N="Value">nuget:OCI.PSModules.Marketplaceprivateoffer/[120.0.0]</S>
              </En>
            </DCT>
          </Obj>
          <Obj RefId="107">
            <TNRef RefId="4" />
            <DCT>
              <En>
                <S N="Key">Name</S>
                <S N="Value">OCI.PSModules.Marketplacepublisher</S>
              </En>
              <En>
                <S N="Key">RequiredVersion</S>
                <S N="Value">120.0.0</S>
              </En>
              <En>
                <S N="Key">CanonicalId</S>
                <S N="Value">nuget:OCI.PSModules.Marketplacepublisher/[120.0.0]</S>
              </En>
            </DCT>
          </Obj>
          <Obj RefId="108">
            <TNRef RefId="4" />
            <DCT>
              <En>
                <S N="Key">Name</S>
                <S N="Value">OCI.PSModules.Mediaservices</S>
              </En>
              <En>
                <S N="Key">RequiredVersion</S>
                <S N="Value">120.0.0</S>
              </En>
              <En>
                <S N="Key">CanonicalId</S>
                <S N="Value">nuget:OCI.PSModules.Mediaservices/[120.0.0]</S>
              </En>
            </DCT>
          </Obj>
          <Obj RefId="109">
            <TNRef RefId="4" />
            <DCT>
              <En>
                <S N="Key">Name</S>
                <S N="Value">OCI.PSModules.Mngdmac</S>
              </En>
              <En>
                <S N="Key">RequiredVersion</S>
                <S N="Value">120.0.0</S>
              </En>
              <En>
                <S N="Key">CanonicalId</S>
                <S N="Value">nuget:OCI.PSModules.Mngdmac/[120.0.0]</S>
              </En>
            </DCT>
          </Obj>
          <Obj RefId="110">
            <TNRef RefId="4" />
            <DCT>
              <En>
                <S N="Key">Name</S>
                <S N="Value">OCI.PSModules.Modeldeployment</S>
              </En>
              <En>
                <S N="Key">RequiredVersion</S>
                <S N="Value">120.0.0</S>
              </En>
              <En>
                <S N="Key">CanonicalId</S>
                <S N="Value">nuget:OCI.PSModules.Modeldeployment/[120.0.0]</S>
              </En>
            </DCT>
          </Obj>
          <Obj RefId="111">
            <TNRef RefId="4" />
            <DCT>
              <En>
                <S N="Key">Name</S>
                <S N="Value">OCI.PSModules.Monitoring</S>
              </En>
              <En>
                <S N="Key">RequiredVersion</S>
                <S N="Value">120.0.0</S>
              </En>
              <En>
                <S N="Key">CanonicalId</S>
                <S N="Value">nuget:OCI.PSModules.Monitoring/[120.0.0]</S>
              </En>
            </DCT>
          </Obj>
          <Obj RefId="112">
            <TNRef RefId="4" />
            <DCT>
              <En>
                <S N="Key">Name</S>
                <S N="Value">OCI.PSModules.Multicloud</S>
              </En>
              <En>
                <S N="Key">RequiredVersion</S>
                <S N="Value">120.0.0</S>
              </En>
              <En>
                <S N="Key">CanonicalId</S>
                <S N="Value">nuget:OCI.PSModules.Multicloud/[120.0.0]</S>
              </En>
            </DCT>
          </Obj>
          <Obj RefId="113">
            <TNRef RefId="4" />
            <DCT>
              <En>
                <S N="Key">Name</S>
                <S N="Value">OCI.PSModules.Mysql</S>
              </En>
              <En>
                <S N="Key">RequiredVersion</S>
                <S N="Value">120.0.0</S>
              </En>
              <En>
                <S N="Key">CanonicalId</S>
                <S N="Value">nuget:OCI.PSModules.Mysql/[120.0.0]</S>
              </En>
            </DCT>
          </Obj>
          <Obj RefId="114">
            <TNRef RefId="4" />
            <DCT>
              <En>
                <S N="Key">Name</S>
                <S N="Value">OCI.PSModules.Networkfirewall</S>
              </En>
              <En>
                <S N="Key">RequiredVersion</S>
                <S N="Value">120.0.0</S>
              </En>
              <En>
                <S N="Key">CanonicalId</S>
                <S N="Value">nuget:OCI.PSModules.Networkfirewall/[120.0.0]</S>
              </En>
            </DCT>
          </Obj>
          <Obj RefId="115">
            <TNRef RefId="4" />
            <DCT>
              <En>
                <S N="Key">Name</S>
                <S N="Value">OCI.PSModules.Networkloadbalancer</S>
              </En>
              <En>
                <S N="Key">RequiredVersion</S>
                <S N="Value">120.0.0</S>
              </En>
              <En>
                <S N="Key">CanonicalId</S>
                <S N="Value">nuget:OCI.PSModules.Networkloadbalancer/[120.0.0]</S>
              </En>
            </DCT>
          </Obj>
          <Obj RefId="116">
            <TNRef RefId="4" />
            <DCT>
              <En>
                <S N="Key">Name</S>
                <S N="Value">OCI.PSModules.Nosql</S>
              </En>
              <En>
                <S N="Key">RequiredVersion</S>
                <S N="Value">120.0.0</S>
              </En>
              <En>
                <S N="Key">CanonicalId</S>
                <S N="Value">nuget:OCI.PSModules.Nosql/[120.0.0]</S>
              </En>
            </DCT>
          </Obj>
          <Obj RefId="117">
            <TNRef RefId="4" />
            <DCT>
              <En>
                <S N="Key">Name</S>
                <S N="Value">OCI.PSModules.Objectstorage</S>
              </En>
              <En>
                <S N="Key">RequiredVersion</S>
                <S N="Value">120.0.0</S>
              </En>
              <En>
                <S N="Key">CanonicalId</S>
                <S N="Value">nuget:OCI.PSModules.Objectstorage/[120.0.0]</S>
              </En>
            </DCT>
          </Obj>
          <Obj RefId="118">
            <TNRef RefId="4" />
            <DCT>
              <En>
                <S N="Key">Name</S>
                <S N="Value">OCI.PSModules.Oce</S>
              </En>
              <En>
                <S N="Key">RequiredVersion</S>
                <S N="Value">120.0.0</S>
              </En>
              <En>
                <S N="Key">CanonicalId</S>
                <S N="Value">nuget:OCI.PSModules.Oce/[120.0.0]</S>
              </En>
            </DCT>
          </Obj>
          <Obj RefId="119">
            <TNRef RefId="4" />
            <DCT>
              <En>
                <S N="Key">Name</S>
                <S N="Value">OCI.PSModules.Ocicontrolcenter</S>
              </En>
              <En>
                <S N="Key">RequiredVersion</S>
                <S N="Value">120.0.0</S>
              </En>
              <En>
                <S N="Key">CanonicalId</S>
                <S N="Value">nuget:OCI.PSModules.Ocicontrolcenter/[120.0.0]</S>
              </En>
            </DCT>
          </Obj>
          <Obj RefId="120">
            <TNRef RefId="4" />
            <DCT>
              <En>
                <S N="Key">Name</S>
                <S N="Value">OCI.PSModules.Ocvp</S>
              </En>
              <En>
                <S N="Key">RequiredVersion</S>
                <S N="Value">120.0.0</S>
              </En>
              <En>
                <S N="Key">CanonicalId</S>
                <S N="Value">nuget:OCI.PSModules.Ocvp/[120.0.0]</S>
              </En>
            </DCT>
          </Obj>
          <Obj RefId="121">
            <TNRef RefId="4" />
            <DCT>
              <En>
                <S N="Key">Name</S>
                <S N="Value">OCI.PSModules.Oda</S>
              </En>
              <En>
                <S N="Key">RequiredVersion</S>
                <S N="Value">120.0.0</S>
              </En>
              <En>
                <S N="Key">CanonicalId</S>
                <S N="Value">nuget:OCI.PSModules.Oda/[120.0.0]</S>
              </En>
            </DCT>
          </Obj>
          <Obj RefId="122">
            <TNRef RefId="4" />
            <DCT>
              <En>
                <S N="Key">Name</S>
                <S N="Value">OCI.PSModules.Onesubscription</S>
              </En>
              <En>
                <S N="Key">RequiredVersion</S>
                <S N="Value">120.0.0</S>
              </En>
              <En>
                <S N="Key">CanonicalId</S>
                <S N="Value">nuget:OCI.PSModules.Onesubscription/[120.0.0]</S>
              </En>
            </DCT>
          </Obj>
          <Obj RefId="123">
            <TNRef RefId="4" />
            <DCT>
              <En>
                <S N="Key">Name</S>
                <S N="Value">OCI.PSModules.Ons</S>
              </En>
              <En>
                <S N="Key">RequiredVersion</S>
                <S N="Value">120.0.0</S>
              </En>
              <En>
                <S N="Key">CanonicalId</S>
                <S N="Value">nuget:OCI.PSModules.Ons/[120.0.0]</S>
              </En>
            </DCT>
          </Obj>
          <Obj RefId="124">
            <TNRef RefId="4" />
            <DCT>
              <En>
                <S N="Key">Name</S>
                <S N="Value">OCI.PSModules.Opa</S>
              </En>
              <En>
                <S N="Key">RequiredVersion</S>
                <S N="Value">120.0.0</S>
              </En>
              <En>
                <S N="Key">CanonicalId</S>
                <S N="Value">nuget:OCI.PSModules.Opa/[120.0.0]</S>
              </En>
            </DCT>
          </Obj>
          <Obj RefId="125">
            <TNRef RefId="4" />
            <DCT>
              <En>
                <S N="Key">Name</S>
                <S N="Value">OCI.PSModules.Opensearch</S>
              </En>
              <En>
                <S N="Key">RequiredVersion</S>
                <S N="Value">120.0.0</S>
              </En>
              <En>
                <S N="Key">CanonicalId</S>
                <S N="Value">nuget:OCI.PSModules.Opensearch/[120.0.0]</S>
              </En>
            </DCT>
          </Obj>
          <Obj RefId="126">
            <TNRef RefId="4" />
            <DCT>
              <En>
                <S N="Key">Name</S>
                <S N="Value">OCI.PSModules.Operatoraccesscontrol</S>
              </En>
              <En>
                <S N="Key">RequiredVersion</S>
                <S N="Value">120.0.0</S>
              </En>
              <En>
                <S N="Key">CanonicalId</S>
                <S N="Value">nuget:OCI.PSModules.Operatoraccesscontrol/[120.0.0]</S>
              </En>
            </DCT>
          </Obj>
          <Obj RefId="127">
            <TNRef RefId="4" />
            <DCT>
              <En>
                <S N="Key">Name</S>
                <S N="Value">OCI.PSModules.Opsi</S>
              </En>
              <En>
                <S N="Key">RequiredVersion</S>
                <S N="Value">120.0.0</S>
              </En>
              <En>
                <S N="Key">CanonicalId</S>
                <S N="Value">nuget:OCI.PSModules.Opsi/[120.0.0]</S>
              </En>
            </DCT>
          </Obj>
          <Obj RefId="128">
            <TNRef RefId="4" />
            <DCT>
              <En>
                <S N="Key">Name</S>
                <S N="Value">OCI.PSModules.Optimizer</S>
              </En>
              <En>
                <S N="Key">RequiredVersion</S>
                <S N="Value">120.0.0</S>
              </En>
              <En>
                <S N="Key">CanonicalId</S>
                <S N="Value">nuget:OCI.PSModules.Optimizer/[120.0.0]</S>
              </En>
            </DCT>
          </Obj>
          <Obj RefId="129">
            <TNRef RefId="4" />
            <DCT>
              <En>
                <S N="Key">Name</S>
                <S N="Value">OCI.PSModules.Osmanagementhub</S>
              </En>
              <En>
                <S N="Key">RequiredVersion</S>
                <S N="Value">120.0.0</S>
              </En>
              <En>
                <S N="Key">CanonicalId</S>
                <S N="Value">nuget:OCI.PSModules.Osmanagementhub/[120.0.0]</S>
              </En>
            </DCT>
          </Obj>
          <Obj RefId="130">
            <TNRef RefId="4" />
            <DCT>
              <En>
                <S N="Key">Name</S>
                <S N="Value">OCI.PSModules.Ospgateway</S>
              </En>
              <En>
                <S N="Key">RequiredVersion</S>
                <S N="Value">120.0.0</S>
              </En>
              <En>
                <S N="Key">CanonicalId</S>
                <S N="Value">nuget:OCI.PSModules.Ospgateway/[120.0.0]</S>
              </En>
            </DCT>
          </Obj>
          <Obj RefId="131">
            <TNRef RefId="4" />
            <DCT>
              <En>
                <S N="Key">Name</S>
                <S N="Value">OCI.PSModules.Osubbillingschedule</S>
              </En>
              <En>
                <S N="Key">RequiredVersion</S>
                <S N="Value">120.0.0</S>
              </En>
              <En>
                <S N="Key">CanonicalId</S>
                <S N="Value">nuget:OCI.PSModules.Osubbillingschedule/[120.0.0]</S>
              </En>
            </DCT>
          </Obj>
          <Obj RefId="132">
            <TNRef RefId="4" />
            <DCT>
              <En>
                <S N="Key">Name</S>
                <S N="Value">OCI.PSModules.Osuborganizationsubscription</S>
              </En>
              <En>
                <S N="Key">RequiredVersion</S>
                <S N="Value">120.0.0</S>
              </En>
              <En>
                <S N="Key">CanonicalId</S>
                <S N="Value">nuget:OCI.PSModules.Osuborganizationsubscription/[120.0.0]</S>
              </En>
            </DCT>
          </Obj>
          <Obj RefId="133">
            <TNRef RefId="4" />
            <DCT>
              <En>
                <S N="Key">Name</S>
                <S N="Value">OCI.PSModules.Osubsubscription</S>
              </En>
              <En>
                <S N="Key">RequiredVersion</S>
                <S N="Value">120.0.0</S>
              </En>
              <En>
                <S N="Key">CanonicalId</S>
                <S N="Value">nuget:OCI.PSModules.Osubsubscription/[120.0.0]</S>
              </En>
            </DCT>
          </Obj>
          <Obj RefId="134">
            <TNRef RefId="4" />
            <DCT>
              <En>
                <S N="Key">Name</S>
                <S N="Value">OCI.PSModules.Osubusage</S>
              </En>
              <En>
                <S N="Key">RequiredVersion</S>
                <S N="Value">120.0.0</S>
              </En>
              <En>
                <S N="Key">CanonicalId</S>
                <S N="Value">nuget:OCI.PSModules.Osubusage/[120.0.0]</S>
              </En>
            </DCT>
          </Obj>
          <Obj RefId="135">
            <TNRef RefId="4" />
            <DCT>
              <En>
                <S N="Key">Name</S>
                <S N="Value">OCI.PSModules.Psa</S>
              </En>
              <En>
                <S N="Key">RequiredVersion</S>
                <S N="Value">120.0.0</S>
              </En>
              <En>
                <S N="Key">CanonicalId</S>
                <S N="Value">nuget:OCI.PSModules.Psa/[120.0.0]</S>
              </En>
            </DCT>
          </Obj>
          <Obj RefId="136">
            <TNRef RefId="4" />
            <DCT>
              <En>
                <S N="Key">Name</S>
                <S N="Value">OCI.PSModules.Psql</S>
              </En>
              <En>
                <S N="Key">RequiredVersion</S>
                <S N="Value">120.0.0</S>
              </En>
              <En>
                <S N="Key">CanonicalId</S>
                <S N="Value">nuget:OCI.PSModules.Psql/[120.0.0]</S>
              </En>
            </DCT>
          </Obj>
          <Obj RefId="137">
            <TNRef RefId="4" />
            <DCT>
              <En>
                <S N="Key">Name</S>
                <S N="Value">OCI.PSModules.Queue</S>
              </En>
              <En>
                <S N="Key">RequiredVersion</S>
                <S N="Value">120.0.0</S>
              </En>
              <En>
                <S N="Key">CanonicalId</S>
                <S N="Value">nuget:OCI.PSModules.Queue/[120.0.0]</S>
              </En>
            </DCT>
          </Obj>
          <Obj RefId="138">
            <TNRef RefId="4" />
            <DCT>
              <En>
                <S N="Key">Name</S>
                <S N="Value">OCI.PSModules.Recovery</S>
              </En>
              <En>
                <S N="Key">RequiredVersion</S>
                <S N="Value">120.0.0</S>
              </En>
              <En>
                <S N="Key">CanonicalId</S>
                <S N="Value">nuget:OCI.PSModules.Recovery/[120.0.0]</S>
              </En>
            </DCT>
          </Obj>
          <Obj RefId="139">
            <TNRef RefId="4" />
            <DCT>
              <En>
                <S N="Key">Name</S>
                <S N="Value">OCI.PSModules.Redis</S>
              </En>
              <En>
                <S N="Key">RequiredVersion</S>
                <S N="Value">120.0.0</S>
              </En>
              <En>
                <S N="Key">CanonicalId</S>
                <S N="Value">nuget:OCI.PSModules.Redis/[120.0.0]</S>
              </En>
            </DCT>
          </Obj>
          <Obj RefId="140">
            <TNRef RefId="4" />
            <DCT>
              <En>
                <S N="Key">Name</S>
                <S N="Value">OCI.PSModules.Resourceanalytics</S>
              </En>
              <En>
                <S N="Key">RequiredVersion</S>
                <S N="Value">120.0.0</S>
              </En>
              <En>
                <S N="Key">CanonicalId</S>
                <S N="Value">nuget:OCI.PSModules.Resourceanalytics/[120.0.0]</S>
              </En>
            </DCT>
          </Obj>
          <Obj RefId="141">
            <TNRef RefId="4" />
            <DCT>
              <En>
                <S N="Key">Name</S>
                <S N="Value">OCI.PSModules.Resourcemanager</S>
              </En>
              <En>
                <S N="Key">RequiredVersion</S>
                <S N="Value">120.0.0</S>
              </En>
              <En>
                <S N="Key">CanonicalId</S>
                <S N="Value">nuget:OCI.PSModules.Resourcemanager/[120.0.0]</S>
              </En>
            </DCT>
          </Obj>
          <Obj RefId="142">
            <TNRef RefId="4" />
            <DCT>
              <En>
                <S N="Key">Name</S>
                <S N="Value">OCI.PSModules.Resourcescheduler</S>
              </En>
              <En>
                <S N="Key">RequiredVersion</S>
                <S N="Value">120.0.0</S>
              </En>
              <En>
                <S N="Key">CanonicalId</S>
                <S N="Value">nuget:OCI.PSModules.Resourcescheduler/[120.0.0]</S>
              </En>
            </DCT>
          </Obj>
          <Obj RefId="143">
            <TNRef RefId="4" />
            <DCT>
              <En>
                <S N="Key">Name</S>
                <S N="Value">OCI.PSModules.Resourcesearch</S>
              </En>
              <En>
                <S N="Key">RequiredVersion</S>
                <S N="Value">120.0.0</S>
              </En>
              <En>
                <S N="Key">CanonicalId</S>
                <S N="Value">nuget:OCI.PSModules.Resourcesearch/[120.0.0]</S>
              </En>
            </DCT>
          </Obj>
          <Obj RefId="144">
            <TNRef RefId="4" />
            <DCT>
              <En>
                <S N="Key">Name</S>
                <S N="Value">OCI.PSModules.Rover</S>
              </En>
              <En>
                <S N="Key">RequiredVersion</S>
                <S N="Value">120.0.0</S>
              </En>
              <En>
                <S N="Key">CanonicalId</S>
                <S N="Value">nuget:OCI.PSModules.Rover/[120.0.0]</S>
              </En>
            </DCT>
          </Obj>
          <Obj RefId="145">
            <TNRef RefId="4" />
            <DCT>
              <En>
                <S N="Key">Name</S>
                <S N="Value">OCI.PSModules.Sch</S>
              </En>
              <En>
                <S N="Key">RequiredVersion</S>
                <S N="Value">120.0.0</S>
              </En>
              <En>
                <S N="Key">CanonicalId</S>
                <S N="Value">nuget:OCI.PSModules.Sch/[120.0.0]</S>
              </En>
            </DCT>
          </Obj>
          <Obj RefId="146">
            <TNRef RefId="4" />
            <DCT>
              <En>
                <S N="Key">Name</S>
                <S N="Value">OCI.PSModules.Secrets</S>
              </En>
              <En>
                <S N="Key">RequiredVersion</S>
                <S N="Value">120.0.0</S>
              </En>
              <En>
                <S N="Key">CanonicalId</S>
                <S N="Value">nuget:OCI.PSModules.Secrets/[120.0.0]</S>
              </En>
            </DCT>
          </Obj>
          <Obj RefId="147">
            <TNRef RefId="4" />
            <DCT>
              <En>
                <S N="Key">Name</S>
                <S N="Value">OCI.PSModules.Securityattribute</S>
              </En>
              <En>
                <S N="Key">RequiredVersion</S>
                <S N="Value">120.0.0</S>
              </En>
              <En>
                <S N="Key">CanonicalId</S>
                <S N="Value">nuget:OCI.PSModules.Securityattribute/[120.0.0]</S>
              </En>
            </DCT>
          </Obj>
          <Obj RefId="148">
            <TNRef RefId="4" />
            <DCT>
              <En>
                <S N="Key">Name</S>
                <S N="Value">OCI.PSModules.Servicecatalog</S>
              </En>
              <En>
                <S N="Key">RequiredVersion</S>
                <S N="Value">120.0.0</S>
              </En>
              <En>
                <S N="Key">CanonicalId</S>
                <S N="Value">nuget:OCI.PSModules.Servicecatalog/[120.0.0]</S>
              </En>
            </DCT>
          </Obj>
          <Obj RefId="149">
            <TNRef RefId="4" />
            <DCT>
              <En>
                <S N="Key">Name</S>
                <S N="Value">OCI.PSModules.Servicemanagerproxy</S>
              </En>
              <En>
                <S N="Key">RequiredVersion</S>
                <S N="Value">120.0.0</S>
              </En>
              <En>
                <S N="Key">CanonicalId</S>
                <S N="Value">nuget:OCI.PSModules.Servicemanagerproxy/[120.0.0]</S>
              </En>
            </DCT>
          </Obj>
          <Obj RefId="150">
            <TNRef RefId="4" />
            <DCT>
              <En>
                <S N="Key">Name</S>
                <S N="Value">OCI.PSModules.Stackmonitoring</S>
              </En>
              <En>
                <S N="Key">RequiredVersion</S>
                <S N="Value">120.0.0</S>
              </En>
              <En>
                <S N="Key">CanonicalId</S>
                <S N="Value">nuget:OCI.PSModules.Stackmonitoring/[120.0.0]</S>
              </En>
            </DCT>
          </Obj>
          <Obj RefId="151">
            <TNRef RefId="4" />
            <DCT>
              <En>
                <S N="Key">Name</S>
                <S N="Value">OCI.PSModules.Streaming</S>
              </En>
              <En>
                <S N="Key">RequiredVersion</S>
                <S N="Value">120.0.0</S>
              </En>
              <En>
                <S N="Key">CanonicalId</S>
                <S N="Value">nuget:OCI.PSModules.Streaming/[120.0.0]</S>
              </En>
            </DCT>
          </Obj>
          <Obj RefId="152">
            <TNRef RefId="4" />
            <DCT>
              <En>
                <S N="Key">Name</S>
                <S N="Value">OCI.PSModules.Tenantmanagercontrolplane</S>
              </En>
              <En>
                <S N="Key">RequiredVersion</S>
                <S N="Value">120.0.0</S>
              </En>
              <En>
                <S N="Key">CanonicalId</S>
                <S N="Value">nuget:OCI.PSModules.Tenantmanagercontrolplane/[120.0.0]</S>
              </En>
            </DCT>
          </Obj>
          <Obj RefId="153">
            <TNRef RefId="4" />
            <DCT>
              <En>
                <S N="Key">Name</S>
                <S N="Value">OCI.PSModules.Threatintelligence</S>
              </En>
              <En>
                <S N="Key">RequiredVersion</S>
                <S N="Value">120.0.0</S>
              </En>
              <En>
                <S N="Key">CanonicalId</S>
                <S N="Value">nuget:OCI.PSModules.Threatintelligence/[120.0.0]</S>
              </En>
            </DCT>
          </Obj>
          <Obj RefId="154">
            <TNRef RefId="4" />
            <DCT>
              <En>
                <S N="Key">Name</S>
                <S N="Value">OCI.PSModules.Usage</S>
              </En>
              <En>
                <S N="Key">RequiredVersion</S>
                <S N="Value">120.0.0</S>
              </En>
              <En>
                <S N="Key">CanonicalId</S>
                <S N="Value">nuget:OCI.PSModules.Usage/[120.0.0]</S>
              </En>
            </DCT>
          </Obj>
          <Obj RefId="155">
            <TNRef RefId="4" />
            <DCT>
              <En>
                <S N="Key">Name</S>
                <S N="Value">OCI.PSModules.Usageapi</S>
              </En>
              <En>
                <S N="Key">RequiredVersion</S>
                <S N="Value">120.0.0</S>
              </En>
              <En>
                <S N="Key">CanonicalId</S>
                <S N="Value">nuget:OCI.PSModules.Usageapi/[120.0.0]</S>
              </En>
            </DCT>
          </Obj>
          <Obj RefId="156">
            <TNRef RefId="4" />
            <DCT>
              <En>
                <S N="Key">Name</S>
                <S N="Value">OCI.PSModules.Vault</S>
              </En>
              <En>
                <S N="Key">RequiredVersion</S>
                <S N="Value">120.0.0</S>
              </En>
              <En>
                <S N="Key">CanonicalId</S>
                <S N="Value">nuget:OCI.PSModules.Vault/[120.0.0]</S>
              </En>
            </DCT>
          </Obj>
          <Obj RefId="157">
            <TNRef RefId="4" />
            <DCT>
              <En>
                <S N="Key">Name</S>
                <S N="Value">OCI.PSModules.Vbsinst</S>
              </En>
              <En>
                <S N="Key">RequiredVersion</S>
                <S N="Value">120.0.0</S>
              </En>
              <En>
                <S N="Key">CanonicalId</S>
                <S N="Value">nuget:OCI.PSModules.Vbsinst/[120.0.0]</S>
              </En>
            </DCT>
          </Obj>
          <Obj RefId="158">
            <TNRef RefId="4" />
            <DCT>
              <En>
                <S N="Key">Name</S>
                <S N="Value">OCI.PSModules.Visualbuilder</S>
              </En>
              <En>
                <S N="Key">RequiredVersion</S>
                <S N="Value">120.0.0</S>
              </En>
              <En>
                <S N="Key">CanonicalId</S>
                <S N="Value">nuget:OCI.PSModules.Visualbuilder/[120.0.0]</S>
              </En>
            </DCT>
          </Obj>
          <Obj RefId="159">
            <TNRef RefId="4" />
            <DCT>
              <En>
                <S N="Key">Name</S>
                <S N="Value">OCI.PSModules.Vnmonitoring</S>
              </En>
              <En>
                <S N="Key">RequiredVersion</S>
                <S N="Value">120.0.0</S>
              </En>
              <En>
                <S N="Key">CanonicalId</S>
                <S N="Value">nuget:OCI.PSModules.Vnmonitoring/[120.0.0]</S>
              </En>
            </DCT>
          </Obj>
          <Obj RefId="160">
            <TNRef RefId="4" />
            <DCT>
              <En>
                <S N="Key">Name</S>
                <S N="Value">OCI.PSModules.Vulnerabilityscanning</S>
              </En>
              <En>
                <S N="Key">RequiredVersion</S>
                <S N="Value">120.0.0</S>
              </En>
              <En>
                <S N="Key">CanonicalId</S>
                <S N="Value">nuget:OCI.PSModules.Vulnerabilityscanning/[120.0.0]</S>
              </En>
            </DCT>
          </Obj>
          <Obj RefId="161">
            <TNRef RefId="4" />
            <DCT>
              <En>
                <S N="Key">Name</S>
                <S N="Value">OCI.PSModules.Waa</S>
              </En>
              <En>
                <S N="Key">RequiredVersion</S>
                <S N="Value">120.0.0</S>
              </En>
              <En>
                <S N="Key">CanonicalId</S>
                <S N="Value">nuget:OCI.PSModules.Waa/[120.0.0]</S>
              </En>
            </DCT>
          </Obj>
          <Obj RefId="162">
            <TNRef RefId="4" />
            <DCT>
              <En>
                <S N="Key">Name</S>
                <S N="Value">OCI.PSModules.Waas</S>
              </En>
              <En>
                <S N="Key">RequiredVersion</S>
                <S N="Value">120.0.0</S>
              </En>
              <En>
                <S N="Key">CanonicalId</S>
                <S N="Value">nuget:OCI.PSModules.Waas/[120.0.0]</S>
              </En>
            </DCT>
          </Obj>
          <Obj RefId="163">
            <TNRef RefId="4" />
            <DCT>
              <En>
                <S N="Key">Name</S>
                <S N="Value">OCI.PSModules.Waf</S>
              </En>
              <En>
                <S N="Key">RequiredVersion</S>
                <S N="Value">120.0.0</S>
              </En>
              <En>
                <S N="Key">CanonicalId</S>
                <S N="Value">nuget:OCI.PSModules.Waf/[120.0.0]</S>
              </En>
            </DCT>
          </Obj>
          <Obj RefId="164">
            <TNRef RefId="4" />
            <DCT>
              <En>
                <S N="Key">Name</S>
                <S N="Value">OCI.PSModules.Wlms</S>
              </En>
              <En>
                <S N="Key">RequiredVersion</S>
                <S N="Value">120.0.0</S>
              </En>
              <En>
                <S N="Key">CanonicalId</S>
                <S N="Value">nuget:OCI.PSModules.Wlms/[120.0.0]</S>
              </En>
            </DCT>
          </Obj>
          <Obj RefId="165">
            <TNRef RefId="4" />
            <DCT>
              <En>
                <S N="Key">Name</S>
                <S N="Value">OCI.PSModules.Workrequests</S>
              </En>
              <En>
                <S N="Key">RequiredVersion</S>
                <S N="Value">120.0.0</S>
              </En>
              <En>
                <S N="Key">CanonicalId</S>
                <S N="Value">nuget:OCI.PSModules.Workrequests/[120.0.0]</S>
              </En>
            </DCT>
          </Obj>
          <Obj RefId="166">
            <TNRef RefId="4" />
            <DCT>
              <En>
                <S N="Key">Name</S>
                <S N="Value">OCI.PSModules.Zpr</S>
              </En>
              <En>
                <S N="Key">RequiredVersion</S>
                <S N="Value">120.0.0</S>
              </En>
              <En>
                <S N="Key">CanonicalId</S>
                <S N="Value">nuget:OCI.PSModules.Zpr/[120.0.0]</S>
              </En>
            </DCT>
          </Obj>
        </LST>
      </Obj>
      <S N="RepositorySourceLocation">https://www.powershellgallery.com/api/v2</S>
      <S N="Repository">PSGallery</S>
      <S N="PackageManagementProvider">NuGet</S>
      <Obj N="AdditionalMetadata" RefId="167">
        <TN RefId="5">
          <T>System.Management.Automation.PSCustomObject</T>
          <T>System.Object</T>
        </TN>
        <MS>
          <S N="copyright">(c) Oracle Cloud Infrastructure. All rights reserved.</S>
          <S N="description">Oracle Cloud Infrastructure (OCI) PowerShell Modules - Cmdlets to manage resources in OCI._x000A_For more information, please visit: https://docs.oracle.com/en-us/iaas/Content/API/SDKDocs/powershell.htm</S>
          <S N="requireLicenseAcceptance">False</S>
          <S N="releaseNotes">https://github.com/oracle/oci-powershell-modules/blob/master/CHANGELOG.md</S>
          <S N="isLatestVersion">True</S>
          <S N="isAbsoluteLatestVersion">True</S>
          <S N="versionDownloadCount">43</S>
          <S N="downloadCount">10565</S>
          <S N="packageSize">36487</S>
          <S N="published">11/18/2025 7:10:05 PM +02:00</S>
          <S N="created">11/18/2025 7:10:05 PM +02:00</S>
          <S N="lastUpdated">11/26/2025 9:30:00 PM +02:00</S>
          <S N="tags">PSEdition_Core Windows Linux macOS Oracle OCI Cloud OracleCloudInfrastructure PSModule PSEdition_Desktop</S>
          <S N="developmentDependency">False</S>
          <S N="updated">2025-11-26T21:30:00Z</S>
          <S N="NormalizedVersion">120.0.0</S>
          <S N="Authors">Oracle Cloud Infrastructure</S>
          <S N="IsPrerelease">false</S>
          <S N="ItemType">Module</S>
          <S N="FileList">OCI.PSModules.nuspec|LICENSE.txt|OCI.PSModules.psd1|THIRD_PARTY_LICENSES.txt</S>
          <S N="GUID">5ee167f1-0abc-4d85-b9b3-6d354fcaaa35</S>
          <S N="PowerShellVersion">6.0</S>
          <S N="CompanyName">Oracle Corporation</S>
        </MS>
      </Obj>
      <S N="InstalledLocation">C:\Program Files\PowerShell\Modules\OCI.PSModules\120.0.0</S>
    </MS>
  </Obj>
</Objs>
