<Objs Version="1.1.0.1" xmlns="http://schemas.microsoft.com/powershell/2004/04">
  <Obj RefId="0">
    <TN RefId="0">
      <T>Microsoft.PowerShell.Commands.PSRepositoryItemInfo</T>
      <T>System.Management.Automation.PSCustomObject</T>
      <T>System.Object</T>
    </TN>
    <MS>
      <S N="Name">OCI.PSModules.Ocvp</S>
      <Version N="Version">120.0.0</Version>
      <S N="Type">Module</S>
      <S N="Description">This modules provides Cmdlets for OCI Ocvp Service</S>
      <S N="Author">Oracle Cloud Infrastructure</S>
      <S N="CompanyName">oci-psmodules-grp</S>
      <S N="Copyright">(c) Oracle Cloud Infrastructure. All rights reserved.</S>
      <DT N="PublishedDate">2025-11-18T18:49:32+02:00</DT>
      <Obj N="InstalledDate" RefId="1">
        <DT>2025-11-27T08:18:07.6633191+02:00</DT>
        <MS>
          <Obj N="DisplayHint" RefId="2">
            <TN RefId="1">
              <T>Microsoft.PowerShell.Commands.DisplayHintType</T>
              <T>System.Enum</T>
              <T>System.ValueType</T>
              <T>System.Object</T>
            </TN>
            <ToString>DateTime</ToString>
            <I32>2</I32>
          </Obj>
        </MS>
      </Obj>
      <Nil N="UpdatedDate" />
      <URI N="LicenseUri">https://github.com/oracle/oci-powershell-modules/blob/master/LICENSE.txt</URI>
      <URI N="ProjectUri">https://github.com/oracle/oci-powershell-modules/</URI>
      <URI N="IconUri">https://github.com/oracle/oci-powershell-modules/blob/master/icon.png</URI>
      <Obj N="Tags" RefId="3">
        <TN RefId="2">
          <T>System.Object[]</T>
          <T>System.Array</T>
          <T>System.Object</T>
        </TN>
        <LST>
          <S>PSEdition_Core</S>
          <S>Windows</S>
          <S>Linux</S>
          <S>macOS</S>
          <S>Oracle</S>
          <S>OCI</S>
          <S>Cloud</S>
          <S>OracleCloudInfrastructure</S>
          <S>Ocvp</S>
          <S>PSModule</S>
        </LST>
      </Obj>
      <Obj N="Includes" RefId="4">
        <TN RefId="3">
          <T>System.Collections.Hashtable</T>
          <T>System.Object</T>
        </TN>
        <DCT>
          <En>
            <S N="Key">Function</S>
            <Obj N="Value" RefId="5">
              <TNRef RefId="2" />
              <LST />
            </Obj>
          </En>
          <En>
            <S N="Key">RoleCapability</S>
            <Ref N="Value" RefId="5" />
          </En>
          <En>
            <S N="Key">Cmdlet</S>
            <Obj N="Value" RefId="6">
              <TNRef RefId="2" />
              <LST>
                <S>Add-OCIOcvpBlockVolumeToDatastore</S>
                <S>Add-OCIOcvpDatastoreToDatastoreCluster</S>
                <S>DisMount-OCIOcvpDatastoreClusterFromCluster</S>
                <S>DisMount-OCIOcvpDatastoreClusterFromEsxiHost</S>
                <S>Get-OCIOcvpCluster</S>
                <S>Get-OCIOcvpClustersList</S>
                <S>Get-OCIOcvpDatastore</S>
                <S>Get-OCIOcvpDatastoreCluster</S>
                <S>Get-OCIOcvpDatastoreClustersList</S>
                <S>Get-OCIOcvpDatastoresList</S>
                <S>Get-OCIOcvpEsxiHost</S>
                <S>Get-OCIOcvpEsxiHostsList</S>
                <S>Get-OCIOcvpSddc</S>
                <S>Get-OCIOcvpSddcsList</S>
                <S>Get-OCIOcvpSupportedCommitmentsList</S>
                <S>Get-OCIOcvpSupportedHostShapesList</S>
                <S>Get-OCIOcvpSupportedVmwareSoftwareVersionsList</S>
                <S>Get-OCIOcvpWorkRequest</S>
                <S>Get-OCIOcvpWorkRequestErrorsList</S>
                <S>Get-OCIOcvpWorkRequestLogsList</S>
                <S>Get-OCIOcvpWorkRequestsList</S>
                <S>Invoke-OCIOcvpDowngradeHcx</S>
                <S>Invoke-OCIOcvpInplaceUpgrade</S>
                <S>Invoke-OCIOcvpRefreshHcxLicenseStatus</S>
                <S>Invoke-OCIOcvpReplaceHost</S>
                <S>Invoke-OCIOcvpRetrievePassword</S>
                <S>Invoke-OCIOcvpSwapBilling</S>
                <S>Invoke-OCIOcvpUpgradeHcx</S>
                <S>Mount-OCIOcvpDatastoreClusterToCluster</S>
                <S>Mount-OCIOcvpDatastoreClusterToEsxiHost</S>
                <S>Move-OCIOcvpDatastoreClusterCompartment</S>
                <S>Move-OCIOcvpDatastoreCompartment</S>
                <S>Move-OCIOcvpSddcCompartment</S>
                <S>New-OCIOcvpCluster</S>
                <S>New-OCIOcvpDatastore</S>
                <S>New-OCIOcvpDatastoreCluster</S>
                <S>New-OCIOcvpEsxiHost</S>
                <S>New-OCIOcvpSddc</S>
                <S>Remove-OCIOcvpCluster</S>
                <S>Remove-OCIOcvpDatastore</S>
                <S>Remove-OCIOcvpDatastoreCluster</S>
                <S>Remove-OCIOcvpDatastoreFromDatastoreCluster</S>
                <S>Remove-OCIOcvpEsxiHost</S>
                <S>Remove-OCIOcvpSddc</S>
                <S>Stop-OCIOcvpDowngradeHcx</S>
                <S>Update-OCIOcvpCluster</S>
                <S>Update-OCIOcvpDatastore</S>
                <S>Update-OCIOcvpDatastoreCluster</S>
                <S>Update-OCIOcvpEsxiHost</S>
                <S>Update-OCIOcvpSddc</S>
              </LST>
            </Obj>
          </En>
          <En>
            <S N="Key">DscResource</S>
            <Ref N="Value" RefId="5" />
          </En>
          <En>
            <S N="Key">Command</S>
            <Obj N="Value" RefId="7">
              <TNRef RefId="2" />
              <LST>
                <S>Add-OCIOcvpBlockVolumeToDatastore</S>
                <S>Add-OCIOcvpDatastoreToDatastoreCluster</S>
                <S>DisMount-OCIOcvpDatastoreClusterFromCluster</S>
                <S>DisMount-OCIOcvpDatastoreClusterFromEsxiHost</S>
                <S>Get-OCIOcvpCluster</S>
                <S>Get-OCIOcvpClustersList</S>
                <S>Get-OCIOcvpDatastore</S>
                <S>Get-OCIOcvpDatastoreCluster</S>
                <S>Get-OCIOcvpDatastoreClustersList</S>
                <S>Get-OCIOcvpDatastoresList</S>
                <S>Get-OCIOcvpEsxiHost</S>
                <S>Get-OCIOcvpEsxiHostsList</S>
                <S>Get-OCIOcvpSddc</S>
                <S>Get-OCIOcvpSddcsList</S>
                <S>Get-OCIOcvpSupportedCommitmentsList</S>
                <S>Get-OCIOcvpSupportedHostShapesList</S>
                <S>Get-OCIOcvpSupportedVmwareSoftwareVersionsList</S>
                <S>Get-OCIOcvpWorkRequest</S>
                <S>Get-OCIOcvpWorkRequestErrorsList</S>
                <S>Get-OCIOcvpWorkRequestLogsList</S>
                <S>Get-OCIOcvpWorkRequestsList</S>
                <S>Invoke-OCIOcvpDowngradeHcx</S>
                <S>Invoke-OCIOcvpInplaceUpgrade</S>
                <S>Invoke-OCIOcvpRefreshHcxLicenseStatus</S>
                <S>Invoke-OCIOcvpReplaceHost</S>
                <S>Invoke-OCIOcvpRetrievePassword</S>
                <S>Invoke-OCIOcvpSwapBilling</S>
                <S>Invoke-OCIOcvpUpgradeHcx</S>
                <S>Mount-OCIOcvpDatastoreClusterToCluster</S>
                <S>Mount-OCIOcvpDatastoreClusterToEsxiHost</S>
                <S>Move-OCIOcvpDatastoreClusterCompartment</S>
                <S>Move-OCIOcvpDatastoreCompartment</S>
                <S>Move-OCIOcvpSddcCompartment</S>
                <S>New-OCIOcvpCluster</S>
                <S>New-OCIOcvpDatastore</S>
                <S>New-OCIOcvpDatastoreCluster</S>
                <S>New-OCIOcvpEsxiHost</S>
                <S>New-OCIOcvpSddc</S>
                <S>Remove-OCIOcvpCluster</S>
                <S>Remove-OCIOcvpDatastore</S>
                <S>Remove-OCIOcvpDatastoreCluster</S>
                <S>Remove-OCIOcvpDatastoreFromDatastoreCluster</S>
                <S>Remove-OCIOcvpEsxiHost</S>
                <S>Remove-OCIOcvpSddc</S>
                <S>Stop-OCIOcvpDowngradeHcx</S>
                <S>Update-OCIOcvpCluster</S>
                <S>Update-OCIOcvpDatastore</S>
                <S>Update-OCIOcvpDatastoreCluster</S>
                <S>Update-OCIOcvpEsxiHost</S>
                <S>Update-OCIOcvpSddc</S>
              </LST>
            </Obj>
          </En>
          <En>
            <S N="Key">Workflow</S>
            <Ref N="Value" RefId="5" />
          </En>
        </DCT>
      </Obj>
      <Nil N="PowerShellGetFormatVersion" />
      <S N="ReleaseNotes">https://github.com/oracle/oci-powershell-modules/blob/master/CHANGELOG.md</S>
      <Obj N="Dependencies" RefId="8">
        <TNRef RefId="2" />
        <LST>
          <Obj RefId="9">
            <TN RefId="4">
              <T>System.Collections.Specialized.OrderedDictionary</T>
              <T>System.Object</T>
            </TN>
            <DCT>
              <En>
                <S N="Key">Name</S>
                <S N="Value">OCI.PSModules.Common</S>
              </En>
              <En>
                <S N="Key">RequiredVersion</S>
                <S N="Value">120.0.0</S>
              </En>
              <En>
                <S N="Key">CanonicalId</S>
                <S N="Value">nuget:OCI.PSModules.Common/[120.0.0]</S>
              </En>
            </DCT>
          </Obj>
        </LST>
      </Obj>
      <S N="RepositorySourceLocation">https://www.powershellgallery.com/api/v2</S>
      <S N="Repository">PSGallery</S>
      <S N="PackageManagementProvider">NuGet</S>
      <Obj N="AdditionalMetadata" RefId="10">
        <TN RefId="5">
          <T>System.Management.Automation.PSCustomObject</T>
          <T>System.Object</T>
        </TN>
        <MS>
          <S N="copyright">(c) Oracle Cloud Infrastructure. All rights reserved.</S>
          <S N="description">This modules provides Cmdlets for OCI Ocvp Service</S>
          <S N="requireLicenseAcceptance">False</S>
          <S N="releaseNotes">https://github.com/oracle/oci-powershell-modules/blob/master/CHANGELOG.md</S>
          <S N="isLatestVersion">True</S>
          <S N="isAbsoluteLatestVersion">True</S>
          <S N="versionDownloadCount">47</S>
          <S N="downloadCount">15213</S>
          <S N="packageSize">176306</S>
          <S N="published">11/18/2025 6:49:32 PM +02:00</S>
          <S N="created">11/18/2025 6:49:32 PM +02:00</S>
          <S N="lastUpdated">11/27/2025 5:30:01 AM +02:00</S>
          <S N="tags">PSEdition_Core Windows Linux macOS Oracle OCI Cloud OracleCloudInfrastructure Ocvp PSModule PSCmdlet_Add-OCIOcvpBlockVolumeToDatastore PSCommand_Add-OCIOcvpBlockVolumeToDatastore PSCmdlet_Add-OCIOcvpDatastoreToDatastoreCluster PSCommand_Add-OCIOcvpDatastoreToDatastoreCluster PSCmdlet_DisMount-OCIOcvpDatastoreClusterFromCluster PSCommand_DisMount-OCIOcvpDatastoreClusterFromCluster PSCmdlet_DisMount-OCIOcvpDatastoreClusterFromEsxiHost PSCommand_DisMount-OCIOcvpDatastoreClusterFromEsxiHost PSCmdlet_Get-OCIOcvpCluster PSCommand_Get-OCIOcvpCluster PSCmdlet_Get-OCIOcvpClustersList PSCommand_Get-OCIOcvpClustersList PSCmdlet_Get-OCIOcvpDatastore PSCommand_Get-OCIOcvpDatastore PSCmdlet_Get-OCIOcvpDatastoreCluster PSCommand_Get-OCIOcvpDatastoreCluster PSCmdlet_Get-OCIOcvpDatastoreClustersList PSCommand_Get-OCIOcvpDatastoreClustersList PSCmdlet_Get-OCIOcvpDatastoresList PSCommand_Get-OCIOcvpDatastoresList PSCmdlet_Get-OCIOcvpEsxiHost PSCommand_Get-OCIOcvpEsxiHost PSCmdlet_Get-OCIOcvpEsxiHostsList PSCommand_Get-OCIOcvpEsxiHostsList PSCmdlet_Get-OCIOcvpSddc PSCommand_Get-OCIOcvpSddc PSCmdlet_Get-OCIOcvpSddcsList PSCommand_Get-OCIOcvpSddcsList PSCmdlet_Get-OCIOcvpSupportedCommitmentsList PSCommand_Get-OCIOcvpSupportedCommitmentsList PSCmdlet_Get-OCIOcvpSupportedHostShapesList PSCommand_Get-OCIOcvpSupportedHostShapesList PSCmdlet_Get-OCIOcvpSupportedVmwareSoftwareVersionsList PSCommand_Get-OCIOcvpSupportedVmwareSoftwareVersionsList PSCmdlet_Get-OCIOcvpWorkRequest PSCommand_Get-OCIOcvpWorkRequest PSCmdlet_Get-OCIOcvpWorkRequestErrorsList PSCommand_Get-OCIOcvpWorkRequestErrorsList PSCmdlet_Get-OCIOcvpWorkRequestLogsList PSCommand_Get-OCIOcvpWorkRequestLogsList PSCmdlet_Get-OCIOcvpWorkRequestsList PSCommand_Get-OCIOcvpWorkRequestsList PSCmdlet_Invoke-OCIOcvpDowngradeHcx PSCommand_Invoke-OCIOcvpDowngradeHcx PSCmdlet_Invoke-OCIOcvpInplaceUpgrade PSCommand_Invoke-OCIOcvpInplaceUpgrade PSCmdlet_Invoke-OCIOcvpRefreshHcxLicenseStatus PSCommand_Invoke-OCIOcvpRefreshHcxLicenseStatus PSCmdlet_Invoke-OCIOcvpReplaceHost PSCommand_Invoke-OCIOcvpReplaceHost PSCmdlet_Invoke-OCIOcvpRetrievePassword PSCommand_Invoke-OCIOcvpRetrievePassword PSCmdlet_Invoke-OCIOcvpSwapBilling PSCommand_Invoke-OCIOcvpSwapBilling PSCmdlet_Invoke-OCIOcvpUpgradeHcx PSCommand_Invoke-OCIOcvpUpgradeHcx PSCmdlet_Mount-OCIOcvpDatastoreClusterToCluster PSCommand_Mount-OCIOcvpDatastoreClusterToCluster PSCmdlet_Mount-OCIOcvpDatastoreClusterToEsxiHost PSCommand_Mount-OCIOcvpDatastoreClusterToEsxiHost PSCmdlet_Move-OCIOcvpDatastoreClusterCompartment PSCommand_Move-OCIOcvpDatastoreClusterCompartment PSCmdlet_Move-OCIOcvpDatastoreCompartment PSCommand_Move-OCIOcvpDatastoreCompartment PSCmdlet_Move-OCIOcvpSddcCompartment PSCommand_Move-OCIOcvpSddcCompartment PSCmdlet_New-OCIOcvpCluster PSCommand_New-OCIOcvpCluster PSCmdlet_New-OCIOcvpDatastore PSCommand_New-OCIOcvpDatastore PSCmdlet_New-OCIOcvpDatastoreCluster PSCommand_New-OCIOcvpDatastoreCluster PSCmdlet_New-OCIOcvpEsxiHost PSCommand_New-OCIOcvpEsxiHost PSCmdlet_New-OCIOcvpSddc PSCommand_New-OCIOcvpSddc PSCmdlet_Remove-OCIOcvpCluster PSCommand_Remove-OCIOcvpCluster PSCmdlet_Remove-OCIOcvpDatastore PSCommand_Remove-OCIOcvpDatastore PSCmdlet_Remove-OCIOcvpDatastoreCluster PSCommand_Remove-OCIOcvpDatastoreCluster PSCmdlet_Remove-OCIOcvpDatastoreFromDatastoreCluster PSCommand_Remove-OCIOcvpDatastoreFromDatastoreCluster PSCmdlet_Remove-OCIOcvpEsxiHost PSCommand_Remove-OCIOcvpEsxiHost PSCmdlet_Remove-OCIOcvpSddc PSCommand_Remove-OCIOcvpSddc PSCmdlet_Stop-OCIOcvpDowngradeHcx PSCommand_Stop-OCIOcvpDowngradeHcx PSCmdlet_Update-OCIOcvpCluster PSCommand_Update-OCIOcvpCluster PSCmdlet_Update-OCIOcvpDatastore PSCommand_Update-OCIOcvpDatastore PSCmdlet_Update-OCIOcvpDatastoreCluster PSCommand_Update-OCIOcvpDatastoreCluster PSCmdlet_Update-OCIOcvpEsxiHost PSCommand_Update-OCIOcvpEsxiHost PSCmdlet_Update-OCIOcvpSddc PSCommand_Update-OCIOcvpSddc PSIncludes_Cmdlet</S>
          <S N="developmentDependency">False</S>
          <S N="updated">2025-11-27T05:30:01Z</S>
          <S N="NormalizedVersion">120.0.0</S>
          <S N="Authors">Oracle Cloud Infrastructure</S>
          <S N="IsPrerelease">false</S>
          <S N="ItemType">Module</S>
          <S N="FileList">OCI.PSModules.Ocvp.nuspec|LICENSE.txt|OCI.PSModules.Ocvp.dll-Help.xml|THIRD_PARTY_LICENSES.txt|OCI.PSModules.Ocvp.psd1|assemblies\OCI.PSModules.Ocvp.dll|assemblies\OCI.DotNetSDK.Ocvp.dll</S>
          <S N="GUID">05a069dc-62d0-41ee-b47b-3fe73fff277d</S>
          <S N="PowerShellVersion">6.0</S>
          <S N="CompanyName">Oracle Corporation</S>
        </MS>
      </Obj>
      <S N="InstalledLocation">C:\Program Files\PowerShell\Modules\OCI.PSModules.Ocvp\120.0.0</S>
    </MS>
  </Obj>
</Objs>
