<Objs Version="1.1.0.1" xmlns="http://schemas.microsoft.com/powershell/2004/04">
  <Obj RefId="0">
    <TN RefId="0">
      <T>Microsoft.PowerShell.Commands.PSRepositoryItemInfo</T>
      <T>System.Management.Automation.PSCustomObject</T>
      <T>System.Object</T>
    </TN>
    <MS>
      <S N="Name">OCI.PSModules.Resourceanalytics</S>
      <Version N="Version">120.0.0</Version>
      <S N="Type">Module</S>
      <S N="Description">This modules provides Cmdlets for OCI Resourceanalytics Service</S>
      <S N="Author">Oracle Cloud Infrastructure</S>
      <S N="CompanyName">oci-psmodules-grp</S>
      <S N="Copyright">(c) Oracle Cloud Infrastructure. All rights reserved.</S>
      <DT N="PublishedDate">2025-11-18T18:52:17+02:00</DT>
      <Obj N="InstalledDate" RefId="1">
        <DT>2025-11-27T08:20:15.411499+02:00</DT>
        <MS>
          <Obj N="DisplayHint" RefId="2">
            <TN RefId="1">
              <T>Microsoft.PowerShell.Commands.DisplayHintType</T>
              <T>System.Enum</T>
              <T>System.ValueType</T>
              <T>System.Object</T>
            </TN>
            <ToString>DateTime</ToString>
            <I32>2</I32>
          </Obj>
        </MS>
      </Obj>
      <Nil N="UpdatedDate" />
      <URI N="LicenseUri">https://github.com/oracle/oci-powershell-modules/blob/master/LICENSE.txt</URI>
      <URI N="ProjectUri">https://github.com/oracle/oci-powershell-modules/</URI>
      <URI N="IconUri">https://github.com/oracle/oci-powershell-modules/blob/master/icon.png</URI>
      <Obj N="Tags" RefId="3">
        <TN RefId="2">
          <T>System.Object[]</T>
          <T>System.Array</T>
          <T>System.Object</T>
        </TN>
        <LST>
          <S>PSEdition_Core</S>
          <S>Windows</S>
          <S>Linux</S>
          <S>macOS</S>
          <S>Oracle</S>
          <S>OCI</S>
          <S>Cloud</S>
          <S>OracleCloudInfrastructure</S>
          <S>Resourceanalytics</S>
          <S>PSModule</S>
        </LST>
      </Obj>
      <Obj N="Includes" RefId="4">
        <TN RefId="3">
          <T>System.Collections.Hashtable</T>
          <T>System.Object</T>
        </TN>
        <DCT>
          <En>
            <S N="Key">Function</S>
            <Obj N="Value" RefId="5">
              <TNRef RefId="2" />
              <LST />
            </Obj>
          </En>
          <En>
            <S N="Key">RoleCapability</S>
            <Ref N="Value" RefId="5" />
          </En>
          <En>
            <S N="Key">Cmdlet</S>
            <Obj N="Value" RefId="6">
              <TNRef RefId="2" />
              <LST>
                <S>Get-OCIResourceanalyticsInstance</S>
                <S>Get-OCIResourceanalyticsInstancesList</S>
                <S>Get-OCIResourceanalyticsMonitoredRegion</S>
                <S>Get-OCIResourceanalyticsMonitoredRegionsList</S>
                <S>Get-OCIResourceanalyticsTenancyAttachment</S>
                <S>Get-OCIResourceanalyticsTenancyAttachmentsList</S>
                <S>Get-OCIResourceanalyticsWorkRequest</S>
                <S>Get-OCIResourceanalyticsWorkRequestErrorsList</S>
                <S>Get-OCIResourceanalyticsWorkRequestLogsList</S>
                <S>Get-OCIResourceanalyticsWorkRequestsList</S>
                <S>Invoke-OCIResourceanalyticsResourceAnalyticsInstanceDisableOac</S>
                <S>Invoke-OCIResourceanalyticsResourceAnalyticsInstanceEnableOac</S>
                <S>Move-OCIResourceanalyticsInstanceCompartment</S>
                <S>New-OCIResourceanalyticsInstance</S>
                <S>New-OCIResourceanalyticsMonitoredRegion</S>
                <S>New-OCIResourceanalyticsTenancyAttachment</S>
                <S>Remove-OCIResourceanalyticsInstance</S>
                <S>Remove-OCIResourceanalyticsMonitoredRegion</S>
                <S>Remove-OCIResourceanalyticsTenancyAttachment</S>
                <S>Stop-OCIResourceanalyticsWorkRequest</S>
                <S>Update-OCIResourceanalyticsInstance</S>
                <S>Update-OCIResourceanalyticsTenancyAttachment</S>
              </LST>
            </Obj>
          </En>
          <En>
            <S N="Key">DscResource</S>
            <Ref N="Value" RefId="5" />
          </En>
          <En>
            <S N="Key">Command</S>
            <Obj N="Value" RefId="7">
              <TNRef RefId="2" />
              <LST>
                <S>Get-OCIResourceanalyticsInstance</S>
                <S>Get-OCIResourceanalyticsInstancesList</S>
                <S>Get-OCIResourceanalyticsMonitoredRegion</S>
                <S>Get-OCIResourceanalyticsMonitoredRegionsList</S>
                <S>Get-OCIResourceanalyticsTenancyAttachment</S>
                <S>Get-OCIResourceanalyticsTenancyAttachmentsList</S>
                <S>Get-OCIResourceanalyticsWorkRequest</S>
                <S>Get-OCIResourceanalyticsWorkRequestErrorsList</S>
                <S>Get-OCIResourceanalyticsWorkRequestLogsList</S>
                <S>Get-OCIResourceanalyticsWorkRequestsList</S>
                <S>Invoke-OCIResourceanalyticsResourceAnalyticsInstanceDisableOac</S>
                <S>Invoke-OCIResourceanalyticsResourceAnalyticsInstanceEnableOac</S>
                <S>Move-OCIResourceanalyticsInstanceCompartment</S>
                <S>New-OCIResourceanalyticsInstance</S>
                <S>New-OCIResourceanalyticsMonitoredRegion</S>
                <S>New-OCIResourceanalyticsTenancyAttachment</S>
                <S>Remove-OCIResourceanalyticsInstance</S>
                <S>Remove-OCIResourceanalyticsMonitoredRegion</S>
                <S>Remove-OCIResourceanalyticsTenancyAttachment</S>
                <S>Stop-OCIResourceanalyticsWorkRequest</S>
                <S>Update-OCIResourceanalyticsInstance</S>
                <S>Update-OCIResourceanalyticsTenancyAttachment</S>
              </LST>
            </Obj>
          </En>
          <En>
            <S N="Key">Workflow</S>
            <Ref N="Value" RefId="5" />
          </En>
        </DCT>
      </Obj>
      <Nil N="PowerShellGetFormatVersion" />
      <S N="ReleaseNotes">https://github.com/oracle/oci-powershell-modules/blob/master/CHANGELOG.md</S>
      <Obj N="Dependencies" RefId="8">
        <TNRef RefId="2" />
        <LST>
          <Obj RefId="9">
            <TN RefId="4">
              <T>System.Collections.Specialized.OrderedDictionary</T>
              <T>System.Object</T>
            </TN>
            <DCT>
              <En>
                <S N="Key">Name</S>
                <S N="Value">OCI.PSModules.Common</S>
              </En>
              <En>
                <S N="Key">RequiredVersion</S>
                <S N="Value">120.0.0</S>
              </En>
              <En>
                <S N="Key">CanonicalId</S>
                <S N="Value">nuget:OCI.PSModules.Common/[120.0.0]</S>
              </En>
            </DCT>
          </Obj>
        </LST>
      </Obj>
      <S N="RepositorySourceLocation">https://www.powershellgallery.com/api/v2</S>
      <S N="Repository">PSGallery</S>
      <S N="PackageManagementProvider">NuGet</S>
      <Obj N="AdditionalMetadata" RefId="10">
        <TN RefId="5">
          <T>System.Management.Automation.PSCustomObject</T>
          <T>System.Object</T>
        </TN>
        <MS>
          <S N="copyright">(c) Oracle Cloud Infrastructure. All rights reserved.</S>
          <S N="description">This modules provides Cmdlets for OCI Resourceanalytics Service</S>
          <S N="requireLicenseAcceptance">False</S>
          <S N="releaseNotes">https://github.com/oracle/oci-powershell-modules/blob/master/CHANGELOG.md</S>
          <S N="isLatestVersion">True</S>
          <S N="isAbsoluteLatestVersion">True</S>
          <S N="versionDownloadCount">45</S>
          <S N="downloadCount">405</S>
          <S N="packageSize">109845</S>
          <S N="published">11/18/2025 6:52:17 PM +02:00</S>
          <S N="created">11/18/2025 6:52:17 PM +02:00</S>
          <S N="lastUpdated">11/26/2025 9:30:00 PM +02:00</S>
          <S N="tags">PSEdition_Core Windows Linux macOS Oracle OCI Cloud OracleCloudInfrastructure Resourceanalytics PSModule PSCmdlet_Get-OCIResourceanalyticsInstance PSCommand_Get-OCIResourceanalyticsInstance PSCmdlet_Get-OCIResourceanalyticsInstancesList PSCommand_Get-OCIResourceanalyticsInstancesList PSCmdlet_Get-OCIResourceanalyticsMonitoredRegion PSCommand_Get-OCIResourceanalyticsMonitoredRegion PSCmdlet_Get-OCIResourceanalyticsMonitoredRegionsList PSCommand_Get-OCIResourceanalyticsMonitoredRegionsList PSCmdlet_Get-OCIResourceanalyticsTenancyAttachment PSCommand_Get-OCIResourceanalyticsTenancyAttachment PSCmdlet_Get-OCIResourceanalyticsTenancyAttachmentsList PSCommand_Get-OCIResourceanalyticsTenancyAttachmentsList PSCmdlet_Get-OCIResourceanalyticsWorkRequest PSCommand_Get-OCIResourceanalyticsWorkRequest PSCmdlet_Get-OCIResourceanalyticsWorkRequestErrorsList PSCommand_Get-OCIResourceanalyticsWorkRequestErrorsList PSCmdlet_Get-OCIResourceanalyticsWorkRequestLogsList PSCommand_Get-OCIResourceanalyticsWorkRequestLogsList PSCmdlet_Get-OCIResourceanalyticsWorkRequestsList PSCommand_Get-OCIResourceanalyticsWorkRequestsList PSCmdlet_Invoke-OCIResourceanalyticsResourceAnalyticsInstanceDisableOac PSCommand_Invoke-OCIResourceanalyticsResourceAnalyticsInstanceDisableOac PSCmdlet_Invoke-OCIResourceanalyticsResourceAnalyticsInstanceEnableOac PSCommand_Invoke-OCIResourceanalyticsResourceAnalyticsInstanceEnableOac PSCmdlet_Move-OCIResourceanalyticsInstanceCompartment PSCommand_Move-OCIResourceanalyticsInstanceCompartment PSCmdlet_New-OCIResourceanalyticsInstance PSCommand_New-OCIResourceanalyticsInstance PSCmdlet_New-OCIResourceanalyticsMonitoredRegion PSCommand_New-OCIResourceanalyticsMonitoredRegion PSCmdlet_New-OCIResourceanalyticsTenancyAttachment PSCommand_New-OCIResourceanalyticsTenancyAttachment PSCmdlet_Remove-OCIResourceanalyticsInstance PSCommand_Remove-OCIResourceanalyticsInstance PSCmdlet_Remove-OCIResourceanalyticsMonitoredRegion PSCommand_Remove-OCIResourceanalyticsMonitoredRegion PSCmdlet_Remove-OCIResourceanalyticsTenancyAttachment PSCommand_Remove-OCIResourceanalyticsTenancyAttachment PSCmdlet_Stop-OCIResourceanalyticsWorkRequest PSCommand_Stop-OCIResourceanalyticsWorkRequest PSCmdlet_Update-OCIResourceanalyticsInstance PSCommand_Update-OCIResourceanalyticsInstance PSCmdlet_Update-OCIResourceanalyticsTenancyAttachment PSCommand_Update-OCIResourceanalyticsTenancyAttachment PSIncludes_Cmdlet</S>
          <S N="developmentDependency">False</S>
          <S N="updated">2025-11-26T21:30:00Z</S>
          <S N="NormalizedVersion">120.0.0</S>
          <S N="Authors">Oracle Cloud Infrastructure</S>
          <S N="IsPrerelease">false</S>
          <S N="ItemType">Module</S>
          <S N="FileList">OCI.PSModules.Resourceanalytics.nuspec|OCI.PSModules.Resourceanalytics.psd1|OCI.PSModules.Resourceanalytics.dll-Help.xml|LICENSE.txt|THIRD_PARTY_LICENSES.txt|assemblies\OCI.DotNetSDK.Resourceanalytics.dll|assemblies\OCI.PSModules.Resourceanalytics.dll</S>
          <S N="GUID">070ce821-b9d2-47c1-b8f2-e351ce546ced</S>
          <S N="PowerShellVersion">6.0</S>
          <S N="CompanyName">Oracle Corporation</S>
        </MS>
      </Obj>
      <S N="InstalledLocation">C:\Program Files\PowerShell\Modules\OCI.PSModules.Resourceanalytics\120.0.0</S>
    </MS>
  </Obj>
</Objs>
