<Objs Version="1.1.0.1" xmlns="http://schemas.microsoft.com/powershell/2004/04">
  <Obj RefId="0">
    <TN RefId="0">
      <T>Microsoft.PowerShell.Commands.PSRepositoryItemInfo</T>
      <T>System.Management.Automation.PSCustomObject</T>
      <T>System.Object</T>
    </TN>
    <MS>
      <S N="Name">OCI.PSModules.Osmanagementhub</S>
      <Version N="Version">120.0.0</Version>
      <S N="Type">Module</S>
      <S N="Description">This modules provides Cmdlets for OCI Osmanagementhub Service</S>
      <S N="Author">Oracle Cloud Infrastructure</S>
      <S N="CompanyName">oci-psmodules-grp</S>
      <S N="Copyright">(c) Oracle Cloud Infrastructure. All rights reserved.</S>
      <DT N="PublishedDate">2025-11-18T18:50:47+02:00</DT>
      <Obj N="InstalledDate" RefId="1">
        <DT>2025-11-27T08:19:04.5611454+02:00</DT>
        <MS>
          <Obj N="DisplayHint" RefId="2">
            <TN RefId="1">
              <T>Microsoft.PowerShell.Commands.DisplayHintType</T>
              <T>System.Enum</T>
              <T>System.ValueType</T>
              <T>System.Object</T>
            </TN>
            <ToString>DateTime</ToString>
            <I32>2</I32>
          </Obj>
        </MS>
      </Obj>
      <Nil N="UpdatedDate" />
      <URI N="LicenseUri">https://github.com/oracle/oci-powershell-modules/blob/master/LICENSE.txt</URI>
      <URI N="ProjectUri">https://github.com/oracle/oci-powershell-modules/</URI>
      <URI N="IconUri">https://github.com/oracle/oci-powershell-modules/blob/master/icon.png</URI>
      <Obj N="Tags" RefId="3">
        <TN RefId="2">
          <T>System.Object[]</T>
          <T>System.Array</T>
          <T>System.Object</T>
        </TN>
        <LST>
          <S>PSEdition_Core</S>
          <S>Windows</S>
          <S>Linux</S>
          <S>macOS</S>
          <S>Oracle</S>
          <S>OCI</S>
          <S>Cloud</S>
          <S>OracleCloudInfrastructure</S>
          <S>Osmanagementhub</S>
          <S>PSModule</S>
        </LST>
      </Obj>
      <Obj N="Includes" RefId="4">
        <TN RefId="3">
          <T>System.Collections.Hashtable</T>
          <T>System.Object</T>
        </TN>
        <DCT>
          <En>
            <S N="Key">Function</S>
            <Obj N="Value" RefId="5">
              <TNRef RefId="2" />
              <LST />
            </Obj>
          </En>
          <En>
            <S N="Key">RoleCapability</S>
            <Ref N="Value" RefId="5" />
          </En>
          <En>
            <S N="Key">Cmdlet</S>
            <Obj N="Value" RefId="6">
              <TNRef RefId="2" />
              <LST>
                <S>Add-OCIOsmanagementhubPackagesToSoftwareSource</S>
                <S>Disable-OCIOsmanagementhubModuleStreamOnManagedInstance</S>
                <S>Disable-OCIOsmanagementhubModuleStreamOnManagedInstanceGroup</S>
                <S>DisMount-OCIOsmanagementhubManagedInstancesFromLifecycleStage</S>
                <S>DisMount-OCIOsmanagementhubManagedInstancesFromManagedInstanceGroup</S>
                <S>DisMount-OCIOsmanagementhubProfileFromManagedInstance</S>
                <S>DisMount-OCIOsmanagementhubSoftwareSourcesFromManagedInstance</S>
                <S>DisMount-OCIOsmanagementhubSoftwareSourcesFromManagedInstanceGroup</S>
                <S>DisMount-OCIOsmanagementhubSoftwareSourcesFromProfile</S>
                <S>Enable-OCIOsmanagementhubModuleStreamOnManagedInstance</S>
                <S>Enable-OCIOsmanagementhubModuleStreamOnManagedInstanceGroup</S>
                <S>Get-OCIOsmanagementhubAllSoftwarePackagesList</S>
                <S>Get-OCIOsmanagementhubAvailableSoftwarePackagesList</S>
                <S>Get-OCIOsmanagementhubEntitlementsList</S>
                <S>Get-OCIOsmanagementhubErrataList</S>
                <S>Get-OCIOsmanagementhubErratum</S>
                <S>Get-OCIOsmanagementhubEvent</S>
                <S>Get-OCIOsmanagementhubEventContent</S>
                <S>Get-OCIOsmanagementhubEventsList</S>
                <S>Get-OCIOsmanagementhubLifecycleEnvironment</S>
                <S>Get-OCIOsmanagementhubLifecycleEnvironmentsList</S>
                <S>Get-OCIOsmanagementhubLifecycleStage</S>
                <S>Get-OCIOsmanagementhubLifecycleStageInstalledPackagesList</S>
                <S>Get-OCIOsmanagementhubLifecycleStagesList</S>
                <S>Get-OCIOsmanagementhubManagedInstance</S>
                <S>Get-OCIOsmanagementhubManagedInstanceAnalyticContent</S>
                <S>Get-OCIOsmanagementhubManagedInstanceAvailablePackagesList</S>
                <S>Get-OCIOsmanagementhubManagedInstanceAvailableSoftwareSourcesList</S>
                <S>Get-OCIOsmanagementhubManagedInstanceAvailableWindowsUpdatesList</S>
                <S>Get-OCIOsmanagementhubManagedInstanceContent</S>
                <S>Get-OCIOsmanagementhubManagedInstanceErrataList</S>
                <S>Get-OCIOsmanagementhubManagedInstanceGroup</S>
                <S>Get-OCIOsmanagementhubManagedInstanceGroupAvailableModulesList</S>
                <S>Get-OCIOsmanagementhubManagedInstanceGroupAvailablePackagesList</S>
                <S>Get-OCIOsmanagementhubManagedInstanceGroupAvailableSoftwareSourcesList</S>
                <S>Get-OCIOsmanagementhubManagedInstanceGroupInstalledPackagesList</S>
                <S>Get-OCIOsmanagementhubManagedInstanceGroupModulesList</S>
                <S>Get-OCIOsmanagementhubManagedInstanceGroupsList</S>
                <S>Get-OCIOsmanagementhubManagedInstanceInstalledPackagesList</S>
                <S>Get-OCIOsmanagementhubManagedInstanceInstalledWindowsUpdatesList</S>
                <S>Get-OCIOsmanagementhubManagedInstanceModulesList</S>
                <S>Get-OCIOsmanagementhubManagedInstancesList</S>
                <S>Get-OCIOsmanagementhubManagedInstanceUpdatablePackagesList</S>
                <S>Get-OCIOsmanagementhubManagementStation</S>
                <S>Get-OCIOsmanagementhubManagementStationsList</S>
                <S>Get-OCIOsmanagementhubMirrorsList</S>
                <S>Get-OCIOsmanagementhubModuleStream</S>
                <S>Get-OCIOsmanagementhubModuleStreamProfile</S>
                <S>Get-OCIOsmanagementhubModuleStreamProfilesList</S>
                <S>Get-OCIOsmanagementhubModuleStreamsList</S>
                <S>Get-OCIOsmanagementhubPackageGroup</S>
                <S>Get-OCIOsmanagementhubPackageGroupsList</S>
                <S>Get-OCIOsmanagementhubProfile</S>
                <S>Get-OCIOsmanagementhubProfileAvailableSoftwareSourcesList</S>
                <S>Get-OCIOsmanagementhubProfilesList</S>
                <S>Get-OCIOsmanagementhubProfileVersion</S>
                <S>Get-OCIOsmanagementhubScheduledJob</S>
                <S>Get-OCIOsmanagementhubScheduledJobsList</S>
                <S>Get-OCIOsmanagementhubSoftwarePackage</S>
                <S>Get-OCIOsmanagementhubSoftwarePackageByName</S>
                <S>Get-OCIOsmanagementhubSoftwarePackagesList</S>
                <S>Get-OCIOsmanagementhubSoftwarePackageSoftwareSourcesList</S>
                <S>Get-OCIOsmanagementhubSoftwareSource</S>
                <S>Get-OCIOsmanagementhubSoftwareSourceManifest</S>
                <S>Get-OCIOsmanagementhubSoftwareSourcesList</S>
                <S>Get-OCIOsmanagementhubSoftwareSourceVendorsList</S>
                <S>Get-OCIOsmanagementhubWindowsUpdate</S>
                <S>Get-OCIOsmanagementhubWindowsUpdatesList</S>
                <S>Get-OCIOsmanagementhubWorkRequest</S>
                <S>Get-OCIOsmanagementhubWorkRequestErrorsList</S>
                <S>Get-OCIOsmanagementhubWorkRequestLogsList</S>
                <S>Get-OCIOsmanagementhubWorkRequestsList</S>
                <S>Import-OCIOsmanagementhubEventContent</S>
                <S>Invoke-OCIOsmanagementhubAssociateManagedInstancesWithManagementStation</S>
                <S>Invoke-OCIOsmanagementhubInstallAllWindowsUpdatesOnManagedInstancesInCompartment</S>
                <S>Invoke-OCIOsmanagementhubInstallModuleStreamProfileOnManagedInstance</S>
                <S>Invoke-OCIOsmanagementhubInstallModuleStreamProfileOnManagedInstanceGroup</S>
                <S>Invoke-OCIOsmanagementhubInstallPackagesOnManagedInstance</S>
                <S>Invoke-OCIOsmanagementhubInstallPackagesOnManagedInstanceGroup</S>
                <S>Invoke-OCIOsmanagementhubInstallWindowsUpdatesOnManagedInstance</S>
                <S>Invoke-OCIOsmanagementhubInstallWindowsUpdatesOnManagedInstanceGroup</S>
                <S>Invoke-OCIOsmanagementhubManageModuleStreamsOnManagedInstance</S>
                <S>Invoke-OCIOsmanagementhubManageModuleStreamsOnManagedInstanceGroup</S>
                <S>Invoke-OCIOsmanagementhubPromoteSoftwareSourceToLifecycleStage</S>
                <S>Invoke-OCIOsmanagementhubRebootLifecycleStage</S>
                <S>Invoke-OCIOsmanagementhubRebootManagedInstance</S>
                <S>Invoke-OCIOsmanagementhubRebootManagedInstanceGroup</S>
                <S>Invoke-OCIOsmanagementhubRefreshManagementStationConfig</S>
                <S>Invoke-OCIOsmanagementhubRefreshSoftwareOnManagedInstance</S>
                <S>Invoke-OCIOsmanagementhubReplacePackagesInSoftwareSource</S>
                <S>Invoke-OCIOsmanagementhubRerunWorkRequest</S>
                <S>Invoke-OCIOsmanagementhubRunScheduledJobNow</S>
                <S>Invoke-OCIOsmanagementhubSearchSoftwareSourceModules</S>
                <S>Invoke-OCIOsmanagementhubSearchSoftwareSourceModuleStreams</S>
                <S>Invoke-OCIOsmanagementhubSearchSoftwareSourcePackageGroups</S>
                <S>Invoke-OCIOsmanagementhubSoftwareSourceGenerateMetadata</S>
                <S>Invoke-OCIOsmanagementhubSummarizeManagedInstanceAnalytics</S>
                <S>Invoke-OCIOsmanagementhubSwitchModuleStreamOnManagedInstance</S>
                <S>Invoke-OCIOsmanagementhubSwitchModuleStreamOnManagedInstanceGroup</S>
                <S>Invoke-OCIOsmanagementhubSynchronizeMirrors</S>
                <S>Invoke-OCIOsmanagementhubSynchronizeSingleMirrors</S>
                <S>Mount-OCIOsmanagementhubLifecycleStageToProfile</S>
                <S>Mount-OCIOsmanagementhubManagedInstanceGroupToProfile</S>
                <S>Mount-OCIOsmanagementhubManagedInstancesToLifecycleStage</S>
                <S>Mount-OCIOsmanagementhubManagedInstancesToManagedInstanceGroup</S>
                <S>Mount-OCIOsmanagementhubManagementStationToProfile</S>
                <S>Mount-OCIOsmanagementhubProfileToManagedInstance</S>
                <S>Mount-OCIOsmanagementhubSoftwareSourcesToManagedInstance</S>
                <S>Mount-OCIOsmanagementhubSoftwareSourcesToManagedInstanceGroup</S>
                <S>Mount-OCIOsmanagementhubSoftwareSourcesToProfile</S>
                <S>Move-OCIOsmanagementhubAvailabilityOfSoftwareSources</S>
                <S>Move-OCIOsmanagementhubEventCompartment</S>
                <S>Move-OCIOsmanagementhubLifecycleEnvironmentCompartment</S>
                <S>Move-OCIOsmanagementhubManagedInstanceGroupCompartment</S>
                <S>Move-OCIOsmanagementhubManagementStationCompartment</S>
                <S>Move-OCIOsmanagementhubProfileCompartment</S>
                <S>Move-OCIOsmanagementhubScheduledJobCompartment</S>
                <S>Move-OCIOsmanagementhubSoftwareSourceCompartment</S>
                <S>New-OCIOsmanagementhubEntitlement</S>
                <S>New-OCIOsmanagementhubLifecycleEnvironment</S>
                <S>New-OCIOsmanagementhubManagedInstanceGroup</S>
                <S>New-OCIOsmanagementhubManagementStation</S>
                <S>New-OCIOsmanagementhubProfile</S>
                <S>New-OCIOsmanagementhubScheduledJob</S>
                <S>New-OCIOsmanagementhubSoftwareSource</S>
                <S>Remove-OCIOsmanagementhubEvent</S>
                <S>Remove-OCIOsmanagementhubEventContent</S>
                <S>Remove-OCIOsmanagementhubLifecycleEnvironment</S>
                <S>Remove-OCIOsmanagementhubManagedInstance</S>
                <S>Remove-OCIOsmanagementhubManagedInstanceGroup</S>
                <S>Remove-OCIOsmanagementhubManagementStation</S>
                <S>Remove-OCIOsmanagementhubModuleStreamProfileFromManagedInstance</S>
                <S>Remove-OCIOsmanagementhubModuleStreamProfileFromManagedInstanceGroup</S>
                <S>Remove-OCIOsmanagementhubPackagesFromManagedInstance</S>
                <S>Remove-OCIOsmanagementhubPackagesFromManagedInstanceGroup</S>
                <S>Remove-OCIOsmanagementhubPackagesFromSoftwareSource</S>
                <S>Remove-OCIOsmanagementhubProfile</S>
                <S>Remove-OCIOsmanagementhubScheduledJob</S>
                <S>Remove-OCIOsmanagementhubSoftwareSource</S>
                <S>Update-OCIOsmanagementhubAllPackagesOnManagedInstanceGroup</S>
                <S>Update-OCIOsmanagementhubAllPackagesOnManagedInstancesInCompartment</S>
                <S>Update-OCIOsmanagementhubEvent</S>
                <S>Update-OCIOsmanagementhubLifecycleEnvironment</S>
                <S>Update-OCIOsmanagementhubManagedInstance</S>
                <S>Update-OCIOsmanagementhubManagedInstanceGroup</S>
                <S>Update-OCIOsmanagementhubManagementStation</S>
                <S>Update-OCIOsmanagementhubPackagesOnManagedInstance</S>
                <S>Update-OCIOsmanagementhubProfile</S>
                <S>Update-OCIOsmanagementhubScheduledJob</S>
                <S>Update-OCIOsmanagementhubSoftwareSource</S>
                <S>Update-OCIOsmanagementhubSoftwareSourceManifest</S>
              </LST>
            </Obj>
          </En>
          <En>
            <S N="Key">DscResource</S>
            <Ref N="Value" RefId="5" />
          </En>
          <En>
            <S N="Key">Command</S>
            <Obj N="Value" RefId="7">
              <TNRef RefId="2" />
              <LST>
                <S>Add-OCIOsmanagementhubPackagesToSoftwareSource</S>
                <S>Disable-OCIOsmanagementhubModuleStreamOnManagedInstance</S>
                <S>Disable-OCIOsmanagementhubModuleStreamOnManagedInstanceGroup</S>
                <S>DisMount-OCIOsmanagementhubManagedInstancesFromLifecycleStage</S>
                <S>DisMount-OCIOsmanagementhubManagedInstancesFromManagedInstanceGroup</S>
                <S>DisMount-OCIOsmanagementhubProfileFromManagedInstance</S>
                <S>DisMount-OCIOsmanagementhubSoftwareSourcesFromManagedInstance</S>
                <S>DisMount-OCIOsmanagementhubSoftwareSourcesFromManagedInstanceGroup</S>
                <S>DisMount-OCIOsmanagementhubSoftwareSourcesFromProfile</S>
                <S>Enable-OCIOsmanagementhubModuleStreamOnManagedInstance</S>
                <S>Enable-OCIOsmanagementhubModuleStreamOnManagedInstanceGroup</S>
                <S>Get-OCIOsmanagementhubAllSoftwarePackagesList</S>
                <S>Get-OCIOsmanagementhubAvailableSoftwarePackagesList</S>
                <S>Get-OCIOsmanagementhubEntitlementsList</S>
                <S>Get-OCIOsmanagementhubErrataList</S>
                <S>Get-OCIOsmanagementhubErratum</S>
                <S>Get-OCIOsmanagementhubEvent</S>
                <S>Get-OCIOsmanagementhubEventContent</S>
                <S>Get-OCIOsmanagementhubEventsList</S>
                <S>Get-OCIOsmanagementhubLifecycleEnvironment</S>
                <S>Get-OCIOsmanagementhubLifecycleEnvironmentsList</S>
                <S>Get-OCIOsmanagementhubLifecycleStage</S>
                <S>Get-OCIOsmanagementhubLifecycleStageInstalledPackagesList</S>
                <S>Get-OCIOsmanagementhubLifecycleStagesList</S>
                <S>Get-OCIOsmanagementhubManagedInstance</S>
                <S>Get-OCIOsmanagementhubManagedInstanceAnalyticContent</S>
                <S>Get-OCIOsmanagementhubManagedInstanceAvailablePackagesList</S>
                <S>Get-OCIOsmanagementhubManagedInstanceAvailableSoftwareSourcesList</S>
                <S>Get-OCIOsmanagementhubManagedInstanceAvailableWindowsUpdatesList</S>
                <S>Get-OCIOsmanagementhubManagedInstanceContent</S>
                <S>Get-OCIOsmanagementhubManagedInstanceErrataList</S>
                <S>Get-OCIOsmanagementhubManagedInstanceGroup</S>
                <S>Get-OCIOsmanagementhubManagedInstanceGroupAvailableModulesList</S>
                <S>Get-OCIOsmanagementhubManagedInstanceGroupAvailablePackagesList</S>
                <S>Get-OCIOsmanagementhubManagedInstanceGroupAvailableSoftwareSourcesList</S>
                <S>Get-OCIOsmanagementhubManagedInstanceGroupInstalledPackagesList</S>
                <S>Get-OCIOsmanagementhubManagedInstanceGroupModulesList</S>
                <S>Get-OCIOsmanagementhubManagedInstanceGroupsList</S>
                <S>Get-OCIOsmanagementhubManagedInstanceInstalledPackagesList</S>
                <S>Get-OCIOsmanagementhubManagedInstanceInstalledWindowsUpdatesList</S>
                <S>Get-OCIOsmanagementhubManagedInstanceModulesList</S>
                <S>Get-OCIOsmanagementhubManagedInstancesList</S>
                <S>Get-OCIOsmanagementhubManagedInstanceUpdatablePackagesList</S>
                <S>Get-OCIOsmanagementhubManagementStation</S>
                <S>Get-OCIOsmanagementhubManagementStationsList</S>
                <S>Get-OCIOsmanagementhubMirrorsList</S>
                <S>Get-OCIOsmanagementhubModuleStream</S>
                <S>Get-OCIOsmanagementhubModuleStreamProfile</S>
                <S>Get-OCIOsmanagementhubModuleStreamProfilesList</S>
                <S>Get-OCIOsmanagementhubModuleStreamsList</S>
                <S>Get-OCIOsmanagementhubPackageGroup</S>
                <S>Get-OCIOsmanagementhubPackageGroupsList</S>
                <S>Get-OCIOsmanagementhubProfile</S>
                <S>Get-OCIOsmanagementhubProfileAvailableSoftwareSourcesList</S>
                <S>Get-OCIOsmanagementhubProfilesList</S>
                <S>Get-OCIOsmanagementhubProfileVersion</S>
                <S>Get-OCIOsmanagementhubScheduledJob</S>
                <S>Get-OCIOsmanagementhubScheduledJobsList</S>
                <S>Get-OCIOsmanagementhubSoftwarePackage</S>
                <S>Get-OCIOsmanagementhubSoftwarePackageByName</S>
                <S>Get-OCIOsmanagementhubSoftwarePackagesList</S>
                <S>Get-OCIOsmanagementhubSoftwarePackageSoftwareSourcesList</S>
                <S>Get-OCIOsmanagementhubSoftwareSource</S>
                <S>Get-OCIOsmanagementhubSoftwareSourceManifest</S>
                <S>Get-OCIOsmanagementhubSoftwareSourcesList</S>
                <S>Get-OCIOsmanagementhubSoftwareSourceVendorsList</S>
                <S>Get-OCIOsmanagementhubWindowsUpdate</S>
                <S>Get-OCIOsmanagementhubWindowsUpdatesList</S>
                <S>Get-OCIOsmanagementhubWorkRequest</S>
                <S>Get-OCIOsmanagementhubWorkRequestErrorsList</S>
                <S>Get-OCIOsmanagementhubWorkRequestLogsList</S>
                <S>Get-OCIOsmanagementhubWorkRequestsList</S>
                <S>Import-OCIOsmanagementhubEventContent</S>
                <S>Invoke-OCIOsmanagementhubAssociateManagedInstancesWithManagementStation</S>
                <S>Invoke-OCIOsmanagementhubInstallAllWindowsUpdatesOnManagedInstancesInCompartment</S>
                <S>Invoke-OCIOsmanagementhubInstallModuleStreamProfileOnManagedInstance</S>
                <S>Invoke-OCIOsmanagementhubInstallModuleStreamProfileOnManagedInstanceGroup</S>
                <S>Invoke-OCIOsmanagementhubInstallPackagesOnManagedInstance</S>
                <S>Invoke-OCIOsmanagementhubInstallPackagesOnManagedInstanceGroup</S>
                <S>Invoke-OCIOsmanagementhubInstallWindowsUpdatesOnManagedInstance</S>
                <S>Invoke-OCIOsmanagementhubInstallWindowsUpdatesOnManagedInstanceGroup</S>
                <S>Invoke-OCIOsmanagementhubManageModuleStreamsOnManagedInstance</S>
                <S>Invoke-OCIOsmanagementhubManageModuleStreamsOnManagedInstanceGroup</S>
                <S>Invoke-OCIOsmanagementhubPromoteSoftwareSourceToLifecycleStage</S>
                <S>Invoke-OCIOsmanagementhubRebootLifecycleStage</S>
                <S>Invoke-OCIOsmanagementhubRebootManagedInstance</S>
                <S>Invoke-OCIOsmanagementhubRebootManagedInstanceGroup</S>
                <S>Invoke-OCIOsmanagementhubRefreshManagementStationConfig</S>
                <S>Invoke-OCIOsmanagementhubRefreshSoftwareOnManagedInstance</S>
                <S>Invoke-OCIOsmanagementhubReplacePackagesInSoftwareSource</S>
                <S>Invoke-OCIOsmanagementhubRerunWorkRequest</S>
                <S>Invoke-OCIOsmanagementhubRunScheduledJobNow</S>
                <S>Invoke-OCIOsmanagementhubSearchSoftwareSourceModules</S>
                <S>Invoke-OCIOsmanagementhubSearchSoftwareSourceModuleStreams</S>
                <S>Invoke-OCIOsmanagementhubSearchSoftwareSourcePackageGroups</S>
                <S>Invoke-OCIOsmanagementhubSoftwareSourceGenerateMetadata</S>
                <S>Invoke-OCIOsmanagementhubSummarizeManagedInstanceAnalytics</S>
                <S>Invoke-OCIOsmanagementhubSwitchModuleStreamOnManagedInstance</S>
                <S>Invoke-OCIOsmanagementhubSwitchModuleStreamOnManagedInstanceGroup</S>
                <S>Invoke-OCIOsmanagementhubSynchronizeMirrors</S>
                <S>Invoke-OCIOsmanagementhubSynchronizeSingleMirrors</S>
                <S>Mount-OCIOsmanagementhubLifecycleStageToProfile</S>
                <S>Mount-OCIOsmanagementhubManagedInstanceGroupToProfile</S>
                <S>Mount-OCIOsmanagementhubManagedInstancesToLifecycleStage</S>
                <S>Mount-OCIOsmanagementhubManagedInstancesToManagedInstanceGroup</S>
                <S>Mount-OCIOsmanagementhubManagementStationToProfile</S>
                <S>Mount-OCIOsmanagementhubProfileToManagedInstance</S>
                <S>Mount-OCIOsmanagementhubSoftwareSourcesToManagedInstance</S>
                <S>Mount-OCIOsmanagementhubSoftwareSourcesToManagedInstanceGroup</S>
                <S>Mount-OCIOsmanagementhubSoftwareSourcesToProfile</S>
                <S>Move-OCIOsmanagementhubAvailabilityOfSoftwareSources</S>
                <S>Move-OCIOsmanagementhubEventCompartment</S>
                <S>Move-OCIOsmanagementhubLifecycleEnvironmentCompartment</S>
                <S>Move-OCIOsmanagementhubManagedInstanceGroupCompartment</S>
                <S>Move-OCIOsmanagementhubManagementStationCompartment</S>
                <S>Move-OCIOsmanagementhubProfileCompartment</S>
                <S>Move-OCIOsmanagementhubScheduledJobCompartment</S>
                <S>Move-OCIOsmanagementhubSoftwareSourceCompartment</S>
                <S>New-OCIOsmanagementhubEntitlement</S>
                <S>New-OCIOsmanagementhubLifecycleEnvironment</S>
                <S>New-OCIOsmanagementhubManagedInstanceGroup</S>
                <S>New-OCIOsmanagementhubManagementStation</S>
                <S>New-OCIOsmanagementhubProfile</S>
                <S>New-OCIOsmanagementhubScheduledJob</S>
                <S>New-OCIOsmanagementhubSoftwareSource</S>
                <S>Remove-OCIOsmanagementhubEvent</S>
                <S>Remove-OCIOsmanagementhubEventContent</S>
                <S>Remove-OCIOsmanagementhubLifecycleEnvironment</S>
                <S>Remove-OCIOsmanagementhubManagedInstance</S>
                <S>Remove-OCIOsmanagementhubManagedInstanceGroup</S>
                <S>Remove-OCIOsmanagementhubManagementStation</S>
                <S>Remove-OCIOsmanagementhubModuleStreamProfileFromManagedInstance</S>
                <S>Remove-OCIOsmanagementhubModuleStreamProfileFromManagedInstanceGroup</S>
                <S>Remove-OCIOsmanagementhubPackagesFromManagedInstance</S>
                <S>Remove-OCIOsmanagementhubPackagesFromManagedInstanceGroup</S>
                <S>Remove-OCIOsmanagementhubPackagesFromSoftwareSource</S>
                <S>Remove-OCIOsmanagementhubProfile</S>
                <S>Remove-OCIOsmanagementhubScheduledJob</S>
                <S>Remove-OCIOsmanagementhubSoftwareSource</S>
                <S>Update-OCIOsmanagementhubAllPackagesOnManagedInstanceGroup</S>
                <S>Update-OCIOsmanagementhubAllPackagesOnManagedInstancesInCompartment</S>
                <S>Update-OCIOsmanagementhubEvent</S>
                <S>Update-OCIOsmanagementhubLifecycleEnvironment</S>
                <S>Update-OCIOsmanagementhubManagedInstance</S>
                <S>Update-OCIOsmanagementhubManagedInstanceGroup</S>
                <S>Update-OCIOsmanagementhubManagementStation</S>
                <S>Update-OCIOsmanagementhubPackagesOnManagedInstance</S>
                <S>Update-OCIOsmanagementhubProfile</S>
                <S>Update-OCIOsmanagementhubScheduledJob</S>
                <S>Update-OCIOsmanagementhubSoftwareSource</S>
                <S>Update-OCIOsmanagementhubSoftwareSourceManifest</S>
              </LST>
            </Obj>
          </En>
          <En>
            <S N="Key">Workflow</S>
            <Ref N="Value" RefId="5" />
          </En>
        </DCT>
      </Obj>
      <Nil N="PowerShellGetFormatVersion" />
      <S N="ReleaseNotes">https://github.com/oracle/oci-powershell-modules/blob/master/CHANGELOG.md</S>
      <Obj N="Dependencies" RefId="8">
        <TNRef RefId="2" />
        <LST>
          <Obj RefId="9">
            <TN RefId="4">
              <T>System.Collections.Specialized.OrderedDictionary</T>
              <T>System.Object</T>
            </TN>
            <DCT>
              <En>
                <S N="Key">Name</S>
                <S N="Value">OCI.PSModules.Common</S>
              </En>
              <En>
                <S N="Key">RequiredVersion</S>
                <S N="Value">120.0.0</S>
              </En>
              <En>
                <S N="Key">CanonicalId</S>
                <S N="Value">nuget:OCI.PSModules.Common/[120.0.0]</S>
              </En>
            </DCT>
          </Obj>
        </LST>
      </Obj>
      <S N="RepositorySourceLocation">https://www.powershellgallery.com/api/v2</S>
      <S N="Repository">PSGallery</S>
      <S N="PackageManagementProvider">NuGet</S>
      <Obj N="AdditionalMetadata" RefId="10">
        <TN RefId="5">
          <T>System.Management.Automation.PSCustomObject</T>
          <T>System.Object</T>
        </TN>
        <MS>
          <S N="copyright">(c) Oracle Cloud Infrastructure. All rights reserved.</S>
          <S N="description">This modules provides Cmdlets for OCI Osmanagementhub Service</S>
          <S N="requireLicenseAcceptance">False</S>
          <S N="releaseNotes">https://github.com/oracle/oci-powershell-modules/blob/master/CHANGELOG.md</S>
          <S N="isLatestVersion">True</S>
          <S N="isAbsoluteLatestVersion">True</S>
          <S N="versionDownloadCount">45</S>
          <S N="downloadCount">8717</S>
          <S N="packageSize">495845</S>
          <S N="published">11/18/2025 6:50:47 PM +02:00</S>
          <S N="created">11/18/2025 6:50:47 PM +02:00</S>
          <S N="lastUpdated">11/26/2025 9:30:00 PM +02:00</S>
          <S N="tags">PSEdition_Core Windows Linux macOS Oracle OCI Cloud OracleCloudInfrastructure Osmanagementhub PSModule PSCmdlet_Add-OCIOsmanagementhubPackagesToSoftwareSource PSCommand_Add-OCIOsmanagementhubPackagesToSoftwareSource PSCmdlet_Disable-OCIOsmanagementhubModuleStreamOnManagedInstance PSCommand_Disable-OCIOsmanagementhubModuleStreamOnManagedInstance PSCmdlet_Disable-OCIOsmanagementhubModuleStreamOnManagedInstanceGroup PSCommand_Disable-OCIOsmanagementhubModuleStreamOnManagedInstanceGroup PSCmdlet_DisMount-OCIOsmanagementhubManagedInstancesFromLifecycleStage PSCommand_DisMount-OCIOsmanagementhubManagedInstancesFromLifecycleStage PSCmdlet_DisMount-OCIOsmanagementhubManagedInstancesFromManagedInstanceGroup PSCommand_DisMount-OCIOsmanagementhubManagedInstancesFromManagedInstanceGroup PSCmdlet_DisMount-OCIOsmanagementhubProfileFromManagedInstance PSCommand_DisMount-OCIOsmanagementhubProfileFromManagedInstance PSCmdlet_DisMount-OCIOsmanagementhubSoftwareSourcesFromManagedInstance PSCommand_DisMount-OCIOsmanagementhubSoftwareSourcesFromManagedInstance PSCmdlet_DisMount-OCIOsmanagementhubSoftwareSourcesFromManagedInstanceGroup PSCommand_DisMount-OCIOsmanagementhubSoftwareSourcesFromManagedInstanceGroup PSCmdlet_DisMount-OCIOsmanagementhubSoftwareSourcesFromProfile PSCommand_DisMount-OCIOsmanagementhubSoftwareSourcesFromProfile PSCmdlet_Enable-OCIOsmanagementhubModuleStreamOnManagedInstance PSCommand_Enable-OCIOsmanagementhubModuleStreamOnManagedInstance PSCmdlet_Enable-OCIOsmanagementhubModuleStreamOnManagedInstanceGroup PSCommand_Enable-OCIOsmanagementhubModuleStreamOnManagedInstanceGroup PSCmdlet_Get-OCIOsmanagementhubAllSoftwarePackagesList PSCommand_Get-OCIOsmanagementhubAllSoftwarePackagesList PSCmdlet_Get-OCIOsmanagementhubAvailableSoftwarePackagesList PSCommand_Get-OCIOsmanagementhubAvailableSoftwarePackagesList PSCmdlet_Get-OCIOsmanagementhubEntitlementsList PSCommand_Get-OCIOsmanagementhubEntitlementsList PSCmdlet_Get-OCIOsmanagementhubErrataList PSCommand_Get-OCIOsmanagementhubErrataList PSCmdlet_Get-OCIOsmanagementhubErratum PSCommand_Get-OCIOsmanagementhubErratum PSCmdlet_Get-OCIOsmanagementhubEvent PSCommand_Get-OCIOsmanagementhubEvent PSCmdlet_Get-OCIOsmanagementhubEventContent PSCommand_Get-OCIOsmanagementhubEventContent PSCmdlet_Get-OCIOsmanagementhubEventsList PSCommand_Get-OCIOsmanagementhubEventsList PSCmdlet_Get-OCIOsmanagementhubLifecycleEnvironment PSCommand_Get-OCIOsmanagementhubLifecycleEnvironment PSCmdlet_Get-OCIOsmanagementhubLifecycleEnvironmentsList PSCommand_Get-OCIOsmanagementhubLifecycleEnvironmentsList PSCmdlet_Get-OCIOsmanagementhubLifecycleStage PSCommand_Get-OCIOsmanagementhubLifecycleStage PSCmdlet_Get-OCIOsmanagementhubLifecycleStageInstalledPackagesList PSCommand_Get-OCIOsmanagementhubLifecycleStageInstalledPackagesList PSCmdlet_Get-OCIOsmanagementhubLifecycleStagesList PSCommand_Get-OCIOsmanagementhubLifecycleStagesList PSCmdlet_Get-OCIOsmanagementhubManagedInstance PSCommand_Get-OCIOsmanagementhubManagedInstance PSCmdlet_Get-OCIOsmanagementhubManagedInstanceAnalyticContent PSCommand_Get-OCIOsmanagementhubManagedInstanceAnalyticContent PSCmdlet_Get-OCIOsmanagementhubManagedInstanceAvailablePackagesList PSCommand_Get-OCIOsmanagementhubManagedInstanceAvailablePackagesList PSCmdlet_Get-OCIOsmanagementhubManagedInstanceAvailableSoftwareSourcesList PSCommand_Get-OCIOsmanagementhubManagedInstanceAvailableSoftwareSourcesList PSCmdlet_Get-OCIOsmanagementhubManagedInstanceAvailableWindowsUpdatesList PSCommand_Get-OCIOsmanagementhubManagedInstanceAvailableWindowsUpdatesList PSCmdlet_Get-OCIOsmanagementhubManagedInstanceContent PSCommand_Get-OCIOsmanagementhubManagedInstanceContent PSCmdlet_Get-OCIOsmanagementhubManagedInstanceErrataList PSCommand_Get-OCIOsmanagementhubManagedInstanceErrataList PSCmdlet_Get-OCIOsmanagementhubManagedInstanceGroup PSCommand_Get-OCIOsmanagementhubManagedInstanceGroup PSCmdlet_Get-OCIOsmanagementhubManagedInstanceGroupAvailableModulesList PSCommand_Get-OCIOsmanagementhubManagedInstanceGroupAvailableModulesList PSCmdlet_Get-OCIOsmanagementhubManagedInstanceGroupAvailablePackagesList PSCommand_Get-OCIOsmanagementhubManagedInstanceGroupAvailablePackagesList PSCmdlet_Get-OCIOsmanagementhubManagedInstanceGroupAvailableSoftwareSourcesList PSCommand_Get-OCIOsmanagementhubManagedInstanceGroupAvailableSoftwareSourcesList PSCmdlet_Get-OCIOsmanagementhubManagedInstanceGroupInstalledPackagesList PSCommand_Get-OCIOsmanagementhubManagedInstanceGroupInstalledPackagesList PSCmdlet_Get-OCIOsmanagementhubManagedInstanceGroupModulesList PSCommand_Get-OCIOsmanagementhubManagedInstanceGroupModulesList PSCmdlet_Get-OCIOsmanagementhubManagedInstanceGroupsList PSCommand_Get-OCIOsmanagementhubManagedInstanceGroupsList PSCmdlet_Get-OCIOsmanagementhubManagedInstanceInstalledPackagesList PSCommand_Get-OCIOsmanagementhubManagedInstanceInstalledPackagesList PSCmdlet_Get-OCIOsmanagementhubManagedInstanceInstalledWindowsUpdatesList PSCommand_Get-OCIOsmanagementhubManagedInstanceInstalledWindowsUpdatesList PSCmdlet_Get-OCIOsmanagementhubManagedInstanceModulesList PSCommand_Get-OCIOsmanagementhubManagedInstanceModulesList PSCmdlet_Get-OCIOsmanagementhubManagedInstancesList PSCommand_Get-OCIOsmanagementhubManagedInstancesList PSCmdlet_Get-OCIOsmanagementhubManagedInstanceUpdatablePackagesList PSCommand_Get-OCIOsmanagementhubManagedInstanceUpdatablePackagesList PSCmdlet_Get-OCIOsmanagementhubManagementStation PSCommand_Get-OCIOsmanagementhubManagementStation PSCmdlet_Get-OCIOsmanagementhubManagementStationsList PSCommand_Get-OCIOsmanagementhubManagementStationsList PSCmdlet_Get-OCIOsmanagementhubMirrorsList PSCommand_Get-OCIOsmanagementhubMirrorsList PSCmdlet_Get-OCIOsmanagementhubModuleStream PSCommand_Get-OCIOsmanagementhubModuleStream PSCmdlet_Get-OCIOsmanagementhubModuleStreamProfile PSCommand_Get-OCIOsmanagementhubModuleStreamProfile PSCmdlet_Get-OCIOsmanagementhubModuleStreamProfilesList PSCommand_Get-OCIOsmanagementhubModuleStreamProfilesList PSCmdlet_Get-OCIOsmanagementhubModuleStreamsList PSCommand_Get-OCIOsmanagementhubModuleStreamsList PSCmdlet_Get-OCIOsmanagementhubPackageGroup PSCommand_Get-OCIOsmanagementhubPackageGroup PSCmdlet_Get-OCIOsmanagementhubPackageGroupsList PSCommand_Get-OCIOsmanagementhubPackageGroupsList PSCmdlet_Get-OCIOsmanagementhubProfile PSCommand_Get-OCIOsmanagementhubProfile PSCmdlet_Get-OCIOsmanagementhubProfileAvailableSoftwareSourcesList PSCommand_Get-OCIOsmanagementhubProfileAvailableSoftwareSourcesList PSCmdlet_Get-OCIOsmanagementhubProfilesList PSCommand_Get-OCIOsmanagementhubProfilesList PSCmdlet_Get-OCIOsmanagementhubProfileVersion PSCommand_Get-OCIOsmanagementhubProfileVersion PSCmdlet_Get-OCIOsmanagementhubScheduledJob PSCommand_Get-OCIOsmanagementhubScheduledJob PSCmdlet_Get-OCIOsmanagementhubScheduledJobsList PSCommand_Get-OCIOsmanagementhubScheduledJobsList PSCmdlet_Get-OCIOsmanagementhubSoftwarePackage PSCommand_Get-OCIOsmanagementhubSoftwarePackage PSCmdlet_Get-OCIOsmanagementhubSoftwarePackageByName PSCommand_Get-OCIOsmanagementhubSoftwarePackageByName PSCmdlet_Get-OCIOsmanagementhubSoftwarePackagesList PSCommand_Get-OCIOsmanagementhubSoftwarePackagesList PSCmdlet_Get-OCIOsmanagementhubSoftwarePackageSoftwareSourcesList PSCommand_Get-OCIOsmanagementhubSoftwarePackageSoftwareSourcesList PSCmdlet_Get-OCIOsmanagementhubSoftwareSource PSCommand_Get-OCIOsmanagementhubSoftwareSource PSCmdlet_Get-OCIOsmanagementhubSoftwareSourceManifest PSCommand_Get-OCIOsmanagementhubSoftwareSourceManifest PSCmdlet_Get-OCIOsmanagementhubSoftwareSourcesList PSCommand_Get-OCIOsmanagementhubSoftwareSourcesList PSCmdlet_Get-OCIOsmanagementhubSoftwareSourceVendorsList PSCommand_Get-OCIOsmanagementhubSoftwareSourceVendorsList PSCmdlet_Get-OCIOsmanagementhubWindowsUpdate PSCommand_Get-OCIOsmanagementhubWindowsUpdate PSCmdlet_Get-OCIOsmanagementhubWindowsUpdatesList PSCommand_Get-OCIOsmanagementhubWindowsUpdatesList PSCmdlet_Get-OCIOsmanagementhubWorkRequest PSCommand_Get-OCIOsmanagementhubWorkRequest PSCmdlet_Get-OCIOsmanagementhubWorkRequestErrorsList PSCommand_Get-OCIOsmanagementhubWorkRequestErrorsList PSCmdlet_Get-OCIOsmanagementhubWorkRequestLogsList PSCommand_Get-OCIOsmanagementhubWorkRequestLogsList PSCmdlet_Get-OCIOsmanagementhubWorkRequestsList PSCommand_Get-OCIOsmanagementhubWorkRequestsList PSCmdlet_Import-OCIOsmanagementhubEventContent PSCommand_Import-OCIOsmanagementhubEventContent PSCmdlet_Invoke-OCIOsmanagementhubAssociateManagedInstancesWithManagementStation PSCommand_Invoke-OCIOsmanagementhubAssociateManagedInstancesWithManagementStation PSCmdlet_Invoke-OCIOsmanagementhubInstallAllWindowsUpdatesOnManagedInstancesInCompartment PSCommand_Invoke-OCIOsmanagementhubInstallAllWindowsUpdatesOnManagedInstancesInCompartment PSCmdlet_Invoke-OCIOsmanagementhubInstallModuleStreamProfileOnManagedInstance PSCommand_Invoke-OCIOsmanagementhubInstallModuleStreamProfileOnManagedInstance PSCmdlet_Invoke-OCIOsmanagementhubInstallModuleStreamProfileOnManagedInstanceGroup PSCommand_Invoke-OCIOsmanagementhubInstallModuleStreamProfileOnManagedInstanceGroup PSCmdlet_Invoke-OCIOsmanagementhubInstallPackagesOnManagedInstance PSCommand_Invoke-OCIOsmanagementhubInstallPackagesOnManagedInstance PSCmdlet_Invoke-OCIOsmanagementhubInstallPackagesOnManagedInstanceGroup PSCommand_Invoke-OCIOsmanagementhubInstallPackagesOnManagedInstanceGroup PSCmdlet_Invoke-OCIOsmanagementhubInstallWindowsUpdatesOnManagedInstance PSCommand_Invoke-OCIOsmanagementhubInstallWindowsUpdatesOnManagedInstance PSCmdlet_Invoke-OCIOsmanagementhubInstallWindowsUpdatesOnManagedInstanceGroup PSCommand_Invoke-OCIOsmanagementhubInstallWindowsUpdatesOnManagedInstanceGroup PSCmdlet_Invoke-OCIOsmanagementhubManageModuleStreamsOnManagedInstance PSCommand_Invoke-OCIOsmanagementhubManageModuleStreamsOnManagedInstance PSCmdlet_Invoke-OCIOsmanagementhubManageModuleStreamsOnManagedInstanceGroup PSCommand_Invoke-OCIOsmanagementhubManageModuleStreamsOnManagedInstanceGroup PSCmdlet_Invoke-OCIOsmanagementhubPromoteSoftwareSourceToLifecycleStage PSCommand_Invoke-OCIOsmanagementhubPromoteSoftwareSourceToLifecycleStage PSCmdlet_Invoke-OCIOsmanagementhubRebootLifecycleStage PSCommand_Invoke-OCIOsmanagementhubRebootLifecycleStage PSCmdlet_Invoke-OCIOsmanagementhubRebootManagedInstance PSCommand_Invoke-OCIOsmanagementhubRebootManagedInstance PSCmdlet_Invoke-OCIOsmanagementhubRebootManagedInstanceGroup PSCommand_Invoke-OCIOsmanagementhubRebootManagedInstanceGroup PSCmdlet_Invoke-OCIOsmanagementhubRefreshManagementStationConfig PSCommand_Invoke-OCIOsmanagementhubRefreshManagementStationConfig PSCmdlet_Invoke-OCIOsmanagementhubRefreshSoftwareOnManagedInstance PSCommand_Invoke-OCIOsmanagementhubRefreshSoftwareOnManagedInstance PSCmdlet_Invoke-OCIOsmanagementhubReplacePackagesInSoftwareSource PSCommand_Invoke-OCIOsmanagementhubReplacePackagesInSoftwareSource PSCmdlet_Invoke-OCIOsmanagementhubRerunWorkRequest PSCommand_Invoke-OCIOsmanagementhubRerunWorkRequest PSCmdlet_Invoke-OCIOsmanagementhubRunScheduledJobNow PSCommand_Invoke-OCIOsmanagementhubRunScheduledJobNow PSCmdlet_Invoke-OCIOsmanagementhubSearchSoftwareSourceModules PSCommand_Invoke-OCIOsmanagementhubSearchSoftwareSourceModules PSCmdlet_Invoke-OCIOsmanagementhubSearchSoftwareSourceModuleStreams PSCommand_Invoke-OCIOsmanagementhubSearchSoftwareSourceModuleStreams PSCmdlet_Invoke-OCIOsmanagementhubSearchSoftwareSourcePackageGroups PSCommand_Invoke-OCIOsmanagementhubSearchSoftwareSourcePackageGroups PSCmdlet_Invoke-OCIOsmanagementhubSoftwareSourceGenerateMetadata PSCommand_Invoke-OCIOsmanagementhubSoftwareSourceGenerateMetadata PSCmdlet_Invoke-OCIOsmanagementhubSummarizeManagedInstanceAnalytics PSCommand_Invoke-OCIOsmanagementhubSummarizeManagedInstanceAnalytics PSCmdlet_Invoke-OCIOsmanagementhubSwitchModuleStreamOnManagedInstance PSCommand_Invoke-OCIOsmanagementhubSwitchModuleStreamOnManagedInstance PSCmdlet_Invoke-OCIOsmanagementhubSwitchModuleStreamOnManagedInstanceGroup PSCommand_Invoke-OCIOsmanagementhubSwitchModuleStreamOnManagedInstanceGroup PSCmdlet_Invoke-OCIOsmanagementhubSynchronizeMirrors PSCommand_Invoke-OCIOsmanagementhubSynchronizeMirrors PSCmdlet_Invoke-OCIOsmanagementhubSynchronizeSingleMirrors PSCommand_Invoke-OCIOsmanagementhubSynchronizeSingleMirrors PSCmdlet_Mount-OCIOsmanagementhubLifecycleStageToProfile PSCommand_Mount-OCIOsmanagementhubLifecycleStageToProfile PSCmdlet_Mount-OCIOsmanagementhubManagedInstanceGroupToProfile PSCommand_Mount-OCIOsmanagementhubManagedInstanceGroupToProfile PSCmdlet_Mount-OCIOsmanagementhubManagedInstancesToLifecycleStage PSCommand_Mount-OCIOsmanagementhubManagedInstancesToLifecycleStage PSCmdlet_Mount-OCIOsmanagementhubManagedInstancesToManagedInstanceGroup PSCommand_Mount-OCIOsmanagementhubManagedInstancesToManagedInstanceGroup PSCmdlet_Mount-OCIOsmanagementhubManagementStationToProfile PSCommand_Mount-OCIOsmanagementhubManagementStationToProfile PSCmdlet_Mount-OCIOsmanagementhubProfileToManagedInstance PSCommand_Mount-OCIOsmanagementhubProfileToManagedInstance PSCmdlet_Mount-OCIOsmanagementhubSoftwareSourcesToManagedInstance PSCommand_Mount-OCIOsmanagementhubSoftwareSourcesToManagedInstance PSCmdlet_Mount-OCIOsmanagementhubSoftwareSourcesToManagedInstanceGroup PSCommand_Mount-OCIOsmanagementhubSoftwareSourcesToManagedInstanceGroup PSCmdlet_Mount-OCIOsmanagementhubSoftwareSourcesToProfile PSCommand_Mount-OCIOsmanagementhubSoftwareSourcesToProfile PSCmdlet_Move-OCIOsmanagementhubAvailabilityOfSoftwareSources PSCommand_Move-OCIOsmanagementhubAvailabilityOfSoftwareSources PSCmdlet_Move-OCIOsmanagementhubEventCompartment PSCommand_Move-OCIOsmanagementhubEventCompartment PSCmdlet_Move-OCIOsmanagementhubLifecycleEnvironmentCompartment PSCommand_Move-OCIOsmanagementhubLifecycleEnvironmentCompartment PSCmdlet_Move-OCIOsmanagementhubManagedInstanceGroupCompartment PSCommand_Move-OCIOsmanagementhubManagedInstanceGroupCompartment PSCmdlet_Move-OCIOsmanagementhubManagementStationCompartment PSCommand_Move-OCIOsmanagementhubManagementStationCompartment PSCmdlet_Move-OCIOsmanagementhubProfileCompartment PSCommand_Move-OCIOsmanagementhubProfileCompartment PSCmdlet_Move-OCIOsmanagementhubScheduledJobCompartment PSCommand_Move-OCIOsmanagementhubScheduledJobCompartment PSCmdlet_Move-OCIOsmanagementhubSoftwareSourceCompartment PSCommand_Move-OCIOsmanagementhubSoftwareSourceCompartment PSCmdlet_New-OCIOsmanagementhubEntitlement PSCommand_New-OCIOsmanagementhubEntitlement PSCmdlet_New-OCIOsmanagementhubLifecycleEnvironment PSCommand_New-OCIOsmanagementhubLifecycleEnvironment PSCmdlet_New-OCIOsmanagementhubManagedInstanceGroup PSCommand_New-OCIOsmanagementhubManagedInstanceGroup PSCmdlet_New-OCIOsmanagementhubManagementStation PSCommand_New-OCIOsmanagementhubManagementStation PSCmdlet_New-OCIOsmanagementhubProfile PSCommand_New-OCIOsmanagementhubProfile PSCmdlet_New-OCIOsmanagementhubScheduledJob PSCommand_New-OCIOsmanagementhubScheduledJob PSCmdlet_New-OCIOsmanagementhubSoftwareSource PSCommand_New-OCIOsmanagementhubSoftwareSource PSCmdlet_Remove-OCIOsmanagementhubEvent PSCommand_Remove-OCIOsmanagementhubEvent PSCmdlet_Remove-OCIOsmanagementhubEventContent PSCommand_Remove-OCIOsmanagementhubEventContent PSCmdlet_Remove-OCIOsmanagementhubLifecycleEnvironment PSCommand_Remove-OCIOsmanagementhubLifecycleEnvironment PSCmdlet_Remove-OCIOsmanagementhubManagedInstance PSCommand_Remove-OCIOsmanagementhubManagedInstance PSCmdlet_Remove-OCIOsmanagementhubManagedInstanceGroup PSCommand_Remove-OCIOsmanagementhubManagedInstanceGroup PSCmdlet_Remove-OCIOsmanagementhubManagementStation PSCommand_Remove-OCIOsmanagementhubManagementStation PSCmdlet_Remove-OCIOsmanagementhubModuleStreamProfileFromManagedInstance PSCommand_Remove-OCIOsmanagementhubModuleStreamProfileFromManagedInstance PSCmdlet_Remove-OCIOsmanagementhubModuleStreamProfileFromManagedInstanceGroup PSCommand_Remove-OCIOsmanagementhubModuleStreamProfileFromManagedInstanceGroup PSCmdlet_Remove-OCIOsmanagementhubPackagesFromManagedInstance PSCommand_Remove-OCIOsmanagementhubPackagesFromManagedInstance PSCmdlet_Remove-OCIOsmanagementhubPackagesFromManagedInstanceGroup PSCommand_Remove-OCIOsmanagementhubPackagesFromManagedInstanceGroup PSCmdlet_Remove-OCIOsmanagementhubPackagesFromSoftwareSource PSCommand_Remove-OCIOsmanagementhubPackagesFromSoftwareSource PSCmdlet_Remove-OCIOsmanagementhubProfile PSCommand_Remove-OCIOsmanagementhubProfile PSCmdlet_Remove-OCIOsmanagementhubScheduledJob PSCommand_Remove-OCIOsmanagementhubScheduledJob PSCmdlet_Remove-OCIOsmanagementhubSoftwareSource PSCommand_Remove-OCIOsmanagementhubSoftwareSource PSCmdlet_Update-OCIOsmanagementhubAllPackagesOnManagedInstanceGroup PSCommand_Update-OCIOsmanagementhubAllPackagesOnManagedInstanceGroup PSCmdlet_Update-OCIOsmanagementhubAllPackagesOnManagedInstancesInCompartment PSCommand_Update-OCIOsmanagementhubAllPackagesOnManagedInstancesInCompartment PSCmdlet_Update-OCIOsmanagementhubEvent PSCommand_Update-OCIOsmanagementhubEvent PSCmdlet_Update-OCIOsmanagementhubLifecycleEnvironment PSCommand_Update-OCIOsmanagementhubLifecycleEnvironment PSCmdlet_Update-OCIOsmanagementhubManagedInstance PSCommand_Update-OCIOsmanagementhubManagedInstance PSCmdlet_Update-OCIOsmanagementhubManagedInstanceGroup PSCommand_Update-OCIOsmanagementhubManagedInstanceGroup PSCmdlet_Update-OCIOsmanagementhubManagementStation PSCommand_Update-OCIOsmanagementhubManagementStation PSCmdlet_Update-OCIOsmanagementhubPackagesOnManagedInstance PSCommand_Update-OCIOsmanagementhubPackagesOnManagedInstance PSCmdlet_Update-OCIOsmanagementhubProfile PSCommand_Update-OCIOsmanagementhubProfile PSCmdlet_Update-OCIOsmanagementhubScheduledJob PSCommand_Update-OCIOsmanagementhubScheduledJob PSCmdlet_Update-OCIOsmanagementhubSoftwareSource PSCommand_Update-OCIOsmanagementhubSoftwareSource PSCmdlet_Update-OCIOsmanagementhubSoftwareSourceManifest PSCommand_Update-OCIOsmanagementhubSoftwareSourceManifest PSIncludes_Cmdlet</S>
          <S N="developmentDependency">False</S>
          <S N="updated">2025-11-26T21:30:00Z</S>
          <S N="NormalizedVersion">120.0.0</S>
          <S N="Authors">Oracle Cloud Infrastructure</S>
          <S N="IsPrerelease">false</S>
          <S N="ItemType">Module</S>
          <S N="FileList">OCI.PSModules.Osmanagementhub.nuspec|OCI.PSModules.Osmanagementhub.psd1|OCI.PSModules.Osmanagementhub.dll-Help.xml|LICENSE.txt|THIRD_PARTY_LICENSES.txt|assemblies\OCI.PSModules.Osmanagementhub.dll|assemblies\OCI.DotNetSDK.Osmanagementhub.dll</S>
          <S N="GUID">114fe920-9645-46a9-9e65-26c95a3d3613</S>
          <S N="PowerShellVersion">6.0</S>
          <S N="CompanyName">Oracle Corporation</S>
        </MS>
      </Obj>
      <S N="InstalledLocation">C:\Program Files\PowerShell\Modules\OCI.PSModules.Osmanagementhub\120.0.0</S>
    </MS>
  </Obj>
</Objs>
