<Objs Version="1.1.0.1" xmlns="http://schemas.microsoft.com/powershell/2004/04">
  <Obj RefId="0">
    <TN RefId="0">
      <T>Microsoft.PowerShell.Commands.PSRepositoryItemInfo</T>
      <T>System.Management.Automation.PSCustomObject</T>
      <T>System.Object</T>
    </TN>
    <MS>
      <S N="Name">AWSPowerShell</S>
      <Version N="Version">4.1.753</Version>
      <S N="Type">Module</S>
      <S N="Description">The AWS Tools for Windows PowerShell lets developers and administrators manage their AWS services from the Windows PowerShell scripting environment._x000D__x000A_This version of AWS Tools for Windows PowerShell is compatible with Windows PowerShell 2-5.1. An alternative module, AWSPowerShell.NetCore, provides support for Windows PowerShell 3+ and PowerShell Core 6+ on Windows, Linux and macOS._x000D__x000A_This product provides support for all AWS services in a single module. As an alternative, a modular variant is also available: separate smaller modules (e.g. AWS.Tools.EC2, AWS.Tools.S3...) allow managing each AWS Service.</S>
      <S N="Author">Amazon.com Inc</S>
      <S N="CompanyName">aws-dotnet-sdk-team</S>
      <S N="Copyright">Copyright 2012-2025 Amazon.com, Inc. or its affiliates. All Rights Reserved.</S>
      <DT N="PublishedDate">2025-02-07T22:39:46+02:00</DT>
      <Obj N="InstalledDate" RefId="1">
        <DT>2025-02-08T01:18:12.6460219+02:00</DT>
        <MS>
          <Obj N="DisplayHint" RefId="2">
            <TN RefId="1">
              <T>Microsoft.PowerShell.Commands.DisplayHintType</T>
              <T>System.Enum</T>
              <T>System.ValueType</T>
              <T>System.Object</T>
            </TN>
            <ToString>DateTime</ToString>
            <I32>2</I32>
          </Obj>
        </MS>
      </Obj>
      <Nil N="UpdatedDate" />
      <URI N="LicenseUri">https://aws.amazon.com/apache-2-0/</URI>
      <URI N="ProjectUri">https://github.com/aws/aws-tools-for-powershell</URI>
      <URI N="IconUri">https://sdk-for-net.amazonwebservices.com/images/AWSLogo128x128.png</URI>
      <Obj N="Tags" RefId="3">
        <TN RefId="2">
          <T>System.Object[]</T>
          <T>System.Array</T>
          <T>System.Object</T>
        </TN>
        <LST>
          <S>AWS</S>
          <S>cloud</S>
          <S>Windows</S>
          <S>PSEdition_Desktop</S>
          <S>PSModule</S>
        </LST>
      </Obj>
      <Obj N="Includes" RefId="4">
        <TN RefId="3">
          <T>System.Collections.Hashtable</T>
          <T>System.Object</T>
        </TN>
        <DCT>
          <En>
            <S N="Key">Command</S>
            <Obj N="Value" RefId="5">
              <TNRef RefId="2" />
              <LST>
                <S>*-*</S>
              </LST>
            </Obj>
          </En>
          <En>
            <S N="Key">Workflow</S>
            <Obj N="Value" RefId="6">
              <TNRef RefId="2" />
              <LST />
            </Obj>
          </En>
          <En>
            <S N="Key">DscResource</S>
            <Ref N="Value" RefId="6" />
          </En>
          <En>
            <S N="Key">RoleCapability</S>
            <Ref N="Value" RefId="6" />
          </En>
          <En>
            <S N="Key">Function</S>
            <Ref N="Value" RefId="6" />
          </En>
          <En>
            <S N="Key">Cmdlet</S>
            <Obj N="Value" RefId="7">
              <TNRef RefId="2" />
              <LST>
                <S>*-*</S>
              </LST>
            </Obj>
          </En>
        </DCT>
      </Obj>
      <Nil N="PowerShellGetFormatVersion" />
      <S N="ReleaseNotes">https://github.com/aws/aws-tools-for-powershell/blob/master/CHANGELOG.md</S>
      <Obj N="Dependencies" RefId="8">
        <TNRef RefId="2" />
        <LST />
      </Obj>
      <S N="RepositorySourceLocation">https://www.powershellgallery.com/api/v2</S>
      <S N="Repository">PSGallery</S>
      <S N="PackageManagementProvider">NuGet</S>
      <Obj N="AdditionalMetadata" RefId="9">
        <TN RefId="4">
          <T>System.Management.Automation.PSCustomObject</T>
          <T>System.Object</T>
        </TN>
        <MS>
          <S N="copyright">Copyright 2012-2025 Amazon.com, Inc. or its affiliates. All Rights Reserved.</S>
          <S N="description">The AWS Tools for Windows PowerShell lets developers and administrators manage their AWS services from the Windows PowerShell scripting environment._x000D__x000A_This version of AWS Tools for Windows PowerShell is compatible with Windows PowerShell 2-5.1. An alternative module, AWSPowerShell.NetCore, provides support for Windows PowerShell 3+ and PowerShell Core 6+ on Windows, Linux and macOS._x000D__x000A_This product provides support for all AWS services in a single module. As an alternative, a modular variant is also available: separate smaller modules (e.g. AWS.Tools.EC2, AWS.Tools.S3...) allow managing each AWS Service.</S>
          <S N="requireLicenseAcceptance">False</S>
          <S N="releaseNotes">https://github.com/aws/aws-tools-for-powershell/blob/master/CHANGELOG.md</S>
          <S N="isLatestVersion">True</S>
          <S N="isAbsoluteLatestVersion">False</S>
          <S N="versionDownloadCount">155</S>
          <S N="downloadCount">26802765</S>
          <S N="packageSize">82413424</S>
          <S N="published">2/7/2025 10:39:46 PM +02:00</S>
          <S N="created">2/7/2025 10:39:46 PM +02:00</S>
          <S N="lastUpdated">2/7/2025 11:10:00 PM +02:00</S>
          <S N="tags">AWS cloud Windows PSEdition_Desktop PSModule PSCmdlet_*-* PSCommand_*-* PSIncludes_Cmdlet</S>
          <S N="developmentDependency">False</S>
          <S N="updated">2025-02-07T23:10:00Z</S>
          <S N="NormalizedVersion">4.1.753</S>
          <S N="Authors">Amazon.com Inc</S>
          <S N="IsPrerelease">false</S>
          <S N="ItemType">Module</S>
          <S N="FileList">AWSPowerShell.nuspec|AWSSDK.IoTTwinMaker.dll|AWSSDK.MediaStore.dll|AWSSDK.PrometheusService.dll|AWSSDK.Signer.dll|aws-crt-auth.dll|AWSSDK.BackupSearch.dll|AWSSDK.CognitoIdentity.dll|AWSSDK.ElasticLoadBalancingV2.dll|AWSSDK.IoTWireless.dll|AWSSDK.MediaStoreData.dll|AWSSDK.Proton.dll|AWSSDK.SimpleDB.dll|aws-crt-checksums.dll|AWSSDK.Batch.dll|AWSSDK.CognitoIdentityProvider.dll|AWSSDK.ElasticMapReduce.dll|AWSSDK.IVS.dll|AWSSDK.MediaTailor.dll|AWSSDK.QApps.dll|AWSSDK.SimpleEmail.dll|aws-crt-http.dll|AWSSDK.BCMDataExports.dll|AWSSDK.CognitoSync.dll|AWSSDK.Elasticsearch.dll|AWSSDK.Ivschat.dll|AWSSDK.MedicalImaging.dll|AWSSDK.QBusiness.dll|AWSSDK.SimpleEmailV2.dll|aws-crt.dll|AWSSDK.BCMPricingCalculator.dll|AWSSDK.Comprehend.dll|AWSSDK.ElasticTranscoder.dll|AWSSDK.IVSRealTime.dll|AWSSDK.MemoryDB.dll|AWSSDK.QConnect.dll|AWSSDK.SimpleNotificationService.dll|AWSAliases.ps1|AWSSDK.Bedrock.dll|AWSSDK.ComprehendMedical.dll|AWSSDK.EMRContainers.dll|AWSSDK.Kafka.dll|AWSSDK.Mgn.dll|AWSSDK.QLDB.dll|AWSSDK.SimpleSystemsManagement.dll|AWSPowerShell.dll|AWSSDK.BedrockAgent.dll|AWSSDK.ComputeOptimizer.dll|AWSSDK.EMRServerless.dll|AWSSDK.KafkaConnect.dll|AWSSDK.MigrationHub.dll|AWSSDK.QLDBSession.dll|AWSSDK.SimpleWorkflow.dll|AWSPowerShell.dll-Help.xml|AWSSDK.BedrockAgentRuntime.dll|AWSSDK.ConfigService.dll|AWSSDK.EntityResolution.dll|AWSSDK.Kendra.dll|AWSSDK.MigrationHubConfig.dll|AWSSDK.QuickSight.dll|AWSSDK.SimSpaceWeaver.dll|AWSPowerShell.Format.ps1xml|AWSSDK.BedrockDataAutomation.dll|AWSSDK.Connect.dll|AWSSDK.EventBridge.dll|AWSSDK.KendraRanking.dll|AWSSDK.MigrationHubOrchestrator.dll|AWSSDK.RAM.dll|AWSSDK.Snowball.dll|AWSSDK.BedrockDataAutomationRuntime.dll|AWSSDK.ConnectCampaignService.dll|AWSSDK.Extensions.CrtIntegration.dll|AWSSDK.KeyManagementService.dll|AWSSDK.MigrationHubRefactorSpaces.dll|AWSSDK.RDS.dll|AWSSDK.SnowDeviceManagement.dll|AWSPowerShell.psd1|AWSSDK.BedrockRuntime.dll|AWSSDK.ConnectCampaignsV2.dll|AWSSDK.Finspace.dll|AWSSDK.Keyspaces.dll|AWSSDK.MigrationHubStrategyRecommendations.dll|AWSSDK.RDSDataService.dll|AWSSDK.SocialMessaging.dll|AWSPowerShell.TypeExtensions.ps1xml|AWSSDK.Billing.dll|AWSSDK.ConnectCases.dll|AWSSDK.FinSpaceData.dll|AWSSDK.Kinesis.dll|AWSSDK.MobileAnalytics.dll|AWSSDK.RecycleBin.dll|AWSSDK.SQS.dll|AWSPowerShell.XML|AWSSDK.BillingConductor.dll|AWSSDK.ConnectContactLens.dll|AWSSDK.FIS.dll|AWSSDK.KinesisAnalytics.dll|AWSSDK.MQ.dll|AWSSDK.Redshift.dll|AWSSDK.SSMContacts.dll|AWSPowerShellCompleters.psm1|AWSSDK.Braket.dll|AWSSDK.ConnectParticipant.dll|AWSSDK.FMS.dll|AWSSDK.KinesisAnalyticsV2.dll|AWSSDK.MTurk.dll|AWSSDK.RedshiftDataAPIService.dll|AWSSDK.SSMIncidents.dll|AWSPowerShellLegacyAliases.psm1|AWSSDK.Budgets.dll|AWSSDK.ConnectWisdomService.dll|AWSSDK.ForecastQueryService.dll|AWSSDK.KinesisFirehose.dll|AWSSDK.MWAA.dll|AWSSDK.RedshiftServerless.dll|AWSSDK.SSMQuickSetup.dll|AWSSDK.AccessAnalyzer.dll|AWSSDK.CertificateManager.dll|AWSSDK.ControlCatalog.dll|AWSSDK.ForecastService.dll|AWSSDK.KinesisVideo.dll|AWSSDK.Neptune.dll|AWSSDK.Rekognition.dll|AWSSDK.SsmSap.dll|AWSSDK.Account.dll|AWSSDK.Chatbot.dll|AWSSDK.ControlTower.dll|AWSSDK.FraudDetector.dll|AWSSDK.KinesisVideoArchivedMedia.dll|AWSSDK.Neptunedata.dll|AWSSDK.Repostspace.dll|AWSSDK.SSO.dll|AWSSDK.ACMPCA.dll|AWSSDK.Chime.dll|AWSSDK.Core.dll|AWSSDK.FreeTier.dll|AWSSDK.KinesisVideoMedia.dll|AWSSDK.NeptuneGraph.dll|AWSSDK.ResilienceHub.dll|AWSSDK.SSOAdmin.dll|AWSSDK.Amplify.dll|AWSSDK.ChimeSDKIdentity.dll|AWSSDK.CostAndUsageReport.dll|AWSSDK.FSx.dll|AWSSDK.KinesisVideoSignalingChannels.dll|AWSSDK.NetworkFirewall.dll|AWSSDK.ResourceExplorer2.dll|AWSSDK.SSOOIDC.dll|AWSSDK.AmplifyBackend.dll|AWSSDK.ChimeSDKMediaPipelines.dll|AWSSDK.CostExplorer.dll|AWSSDK.GameLift.dll|AWSSDK.KinesisVideoWebRTCStorage.dll|AWSSDK.NetworkFlowMonitor.dll|AWSSDK.ResourceGroups.dll|AWSSDK.StepFunctions.dll|AWSSDK.AmplifyUIBuilder.dll|AWSSDK.ChimeSDKMeetings.dll|AWSSDK.CostOptimizationHub.dll|AWSSDK.GeoMaps.dll|AWSSDK.LakeFormation.dll|AWSSDK.NetworkManager.dll|AWSSDK.ResourceGroupsTaggingAPI.dll|AWSSDK.StorageGateway.dll|AWSSDK.APIGateway.dll|AWSSDK.ChimeSDKMessaging.dll|AWSSDK.CustomerProfiles.dll|AWSSDK.GeoPlaces.dll|AWSSDK.Lambda.dll|AWSSDK.NetworkMonitor.dll|AWSSDK.RoboMaker.dll|AWSSDK.SupplyChain.dll|AWSSDK.ApiGatewayManagementApi.dll|AWSSDK.ChimeSDKVoice.dll|AWSSDK.DatabaseMigrationService.dll|AWSSDK.GeoRoutes.dll|AWSSDK.LaunchWizard.dll|AWSSDK.Notifications.dll|AWSSDK.Route53.dll|AWSSDK.SupportApp.dll|AWSSDK.ApiGatewayV2.dll|AWSSDK.CleanRooms.dll|AWSSDK.DataExchange.dll|AWSSDK.Glacier.dll|AWSSDK.Lex.dll|AWSSDK.NotificationsContacts.dll|AWSSDK.Route53Domains.dll|AWSSDK.Synthetics.dll|AWSSDK.AppConfig.dll|AWSSDK.CleanRoomsML.dll|AWSSDK.DataPipeline.dll|AWSSDK.GlobalAccelerator.dll|AWSSDK.LexModelBuildingService.dll|AWSSDK.OAM.dll|AWSSDK.Route53Profiles.dll|AWSSDK.TaxSettings.dll|AWSSDK.AppConfigData.dll|AWSSDK.Cloud9.dll|AWSSDK.DataSync.dll|AWSSDK.Glue.dll|AWSSDK.LexModelsV2.dll|AWSSDK.ObservabilityAdmin.dll|AWSSDK.Route53RecoveryCluster.dll|AWSSDK.Textract.dll|AWSSDK.AppFabric.dll|AWSSDK.CloudControlApi.dll|AWSSDK.DataZone.dll|AWSSDK.GlueDataBrew.dll|AWSSDK.LexRuntimeV2.dll|AWSSDK.Omics.dll|AWSSDK.Route53RecoveryControlConfig.dll|AWSSDK.TimestreamInfluxDB.dll|AWSSDK.Appflow.dll|AWSSDK.CloudDirectory.dll|AWSSDK.DAX.dll|AWSSDK.Greengrass.dll|AWSSDK.LicenseManager.dll|AWSSDK.OpenSearchServerless.dll|AWSSDK.Route53RecoveryReadiness.dll|AWSSDK.TimestreamQuery.dll|AWSSDK.AppIntegrationsService.dll|AWSSDK.CloudFormation.dll|AWSSDK.Deadline.dll|AWSSDK.GreengrassV2.dll|AWSSDK.LicenseManagerLinuxSubscriptions.dll|AWSSDK.OpenSearchService.dll|AWSSDK.Route53Resolver.dll|AWSSDK.TimestreamWrite.dll|AWSSDK.ApplicationAutoScaling.dll|AWSSDK.CloudFront.dll|AWSSDK.Detective.dll|AWSSDK.GroundStation.dll|AWSSDK.LicenseManagerUserSubscriptions.dll|AWSSDK.OpsWorks.dll|AWSSDK.S3.dll|AWSSDK.Tnb.dll|AWSSDK.ApplicationCostProfiler.dll|AWSSDK.CloudFrontKeyValueStore.dll|AWSSDK.DeviceFarm.dll|AWSSDK.GuardDuty.dll|AWSSDK.Lightsail.dll|AWSSDK.OpsWorksCM.dll|AWSSDK.S3Control.dll|AWSSDK.TranscribeService.dll|AWSSDK.ApplicationDiscoveryService.dll|AWSSDK.CloudHSM.dll|AWSSDK.DevOpsGuru.dll|AWSSDK.HealthLake.dll|AWSSDK.LocationService.dll|AWSSDK.Organizations.dll|AWSSDK.S3Outposts.dll|AWSSDK.Transfer.dll|AWSSDK.ApplicationInsights.dll|AWSSDK.CloudHSMV2.dll|AWSSDK.DirectConnect.dll|AWSSDK.IAMRolesAnywhere.dll|AWSSDK.LookoutEquipment.dll|AWSSDK.OSIS.dll|AWSSDK.S3Tables.dll|AWSSDK.Translate.dll|AWSSDK.ApplicationSignals.dll|AWSSDK.CloudSearch.dll|AWSSDK.DirectoryService.dll|AWSSDK.IdentityManagement.dll|AWSSDK.LookoutforVision.dll|AWSSDK.Outposts.dll|AWSSDK.SageMaker.dll|AWSSDK.TrustedAdvisor.dll|AWSSDK.AppMesh.dll|AWSSDK.CloudSearchDomain.dll|AWSSDK.DirectoryServiceData.dll|AWSSDK.IdentityStore.dll|AWSSDK.LookoutMetrics.dll|AWSSDK.Panorama.dll|AWSSDK.SagemakerEdgeManager.dll|AWSSDK.VerifiedPermissions.dll|AWSSDK.AppRegistry.dll|AWSSDK.CloudTrail.dll|AWSSDK.DLM.dll|AWSSDK.Imagebuilder.dll|AWSSDK.MachineLearning.dll|AWSSDK.PartnerCentralSelling.dll|AWSSDK.SageMakerFeatureStoreRuntime.dll|AWSSDK.VoiceID.dll|AWSSDK.AppRunner.dll|AWSSDK.CloudTrailData.dll|AWSSDK.DocDB.dll|AWSSDK.ImportExport.dll|AWSSDK.Macie2.dll|AWSSDK.PaymentCryptography.dll|AWSSDK.SageMakerGeospatial.dll|AWSSDK.VPCLattice.dll|AWSSDK.AppStream.dll|AWSSDK.CloudWatch.dll|AWSSDK.DocDBElastic.dll|AWSSDK.Inspector.dll|AWSSDK.MailManager.dll|AWSSDK.PaymentCryptographyData.dll|AWSSDK.SageMakerMetrics.dll|AWSSDK.WAF.dll|AWSSDK.AppSync.dll|AWSSDK.CloudWatchEvents.dll|AWSSDK.Drs.dll|AWSSDK.Inspector2.dll|AWSSDK.MainframeModernization.dll|AWSSDK.PcaConnectorAd.dll|AWSSDK.SageMakerRuntime.dll|AWSSDK.WAFRegional.dll|AWSSDK.AppTest.dll|AWSSDK.CloudWatchEvidently.dll|AWSSDK.DSQL.dll|AWSSDK.InspectorScan.dll|AWSSDK.ManagedBlockchain.dll|AWSSDK.PcaConnectorScep.dll|AWSSDK.SavingsPlans.dll|AWSSDK.WAFV2.dll|AWSSDK.ARCZonalShift.dll|AWSSDK.CloudWatchLogs.dll|AWSSDK.DynamoDBv2.dll|AWSSDK.InternetMonitor.dll|AWSSDK.ManagedBlockchainQuery.dll|AWSSDK.PCS.dll|AWSSDK.Scheduler.dll|AWSSDK.WellArchitected.dll|AWSSDK.Artifact.dll|AWSSDK.CloudWatchRUM.dll|AWSSDK.EBS.dll|AWSSDK.Invoicing.dll|AWSSDK.ManagedGrafana.dll|AWSSDK.Personalize.dll|AWSSDK.Schemas.dll|AWSSDK.WorkDocs.dll|AWSSDK.Athena.dll|AWSSDK.CodeArtifact.dll|AWSSDK.EC2.dll|AWSSDK.IoT.dll|AWSSDK.MarketplaceAgreement.dll|AWSSDK.PersonalizeEvents.dll|AWSSDK.SecretsManager.dll|AWSSDK.WorkMail.dll|AWSSDK.AuditManager.dll|AWSSDK.CodeBuild.dll|AWSSDK.EC2InstanceConnect.dll|AWSSDK.IoTAnalytics.dll|AWSSDK.MarketplaceCatalog.dll|AWSSDK.PersonalizeRuntime.dll|AWSSDK.SecurityHub.dll|AWSSDK.WorkMailMessageFlow.dll|AWSSDK.AugmentedAIRuntime.dll|AWSSDK.CodeCatalyst.dll|AWSSDK.ECR.dll|AWSSDK.IotData.dll|AWSSDK.MarketplaceDeployment.dll|AWSSDK.PI.dll|AWSSDK.SecurityIR.dll|AWSSDK.WorkSpaces.dll|AWSSDK.AutoScaling.dll|AWSSDK.CodeCommit.dll|AWSSDK.ECRPublic.dll|AWSSDK.IoTDeviceAdvisor.dll|AWSSDK.MarketplaceEntitlementService.dll|AWSSDK.Pinpoint.dll|AWSSDK.SecurityLake.dll|AWSSDK.WorkSpacesThinClient.dll|AWSSDK.AutoScalingPlans.dll|AWSSDK.CodeConnections.dll|AWSSDK.ECS.dll|AWSSDK.IoTEvents.dll|AWSSDK.MarketplaceReporting.dll|AWSSDK.PinpointEmail.dll|AWSSDK.SecurityToken.dll|AWSSDK.WorkSpacesWeb.dll|AWSSDK.AWSHealth.dll|AWSSDK.CodeDeploy.dll|AWSSDK.EKS.dll|AWSSDK.IoTEventsData.dll|AWSSDK.MediaConnect.dll|AWSSDK.PinpointSMSVoice.dll|AWSSDK.ServerlessApplicationRepository.dll|AWSSDK.XRay.dll|AWSSDK.AWSMarketplaceCommerceAnalytics.dll|AWSSDK.CodeGuruProfiler.dll|AWSSDK.EKSAuth.dll|AWSSDK.IoTFleetHub.dll|AWSSDK.MediaConvert.dll|AWSSDK.PinpointSMSVoiceV2.dll|AWSSDK.ServerMigrationService.dll|CHANGELOG.txt|AWSSDK.AWSMarketplaceMetering.dll|AWSSDK.CodeGuruReviewer.dll|AWSSDK.ElastiCache.dll|AWSSDK.IoTFleetWise.dll|AWSSDK.MediaLive.dll|AWSSDK.Pipes.dll|AWSSDK.ServiceCatalog.dll|ImportGuard.ps1|AWSSDK.AWSSupport.dll|AWSSDK.CodeGuruSecurity.dll|AWSSDK.ElasticBeanstalk.dll|AWSSDK.IoTJobsDataPlane.dll|AWSSDK.MediaPackage.dll|AWSSDK.Polly.dll|AWSSDK.ServiceDiscovery.dll|LICENSE|AWSSDK.B2bi.dll|AWSSDK.CodePipeline.dll|AWSSDK.ElasticFileSystem.dll|AWSSDK.IoTSecureTunneling.dll|AWSSDK.MediaPackageV2.dll|AWSSDK.Pricing.dll|AWSSDK.ServiceQuotas.dll|log4net.dll|AWSSDK.Backup.dll|AWSSDK.CodeStarconnections.dll|AWSSDK.ElasticInference.dll|AWSSDK.IoTSiteWise.dll|AWSSDK.MediaPackageVod.dll|AWSSDK.Private5G.dll|AWSSDK.Shield.dll|NOTICE|AWSSDK.BackupGateway.dll|AWSSDK.CodeStarNotifications.dll|AWSSDK.ElasticLoadBalancing.dll|AWSSDK.IoTThingsGraph.dll</S>
          <S N="GUID">21f083f2-4c41-4b5d-88ec-7d24c9e88769</S>
          <S N="PowerShellVersion">3.0</S>
          <S N="DotNetFrameworkVersion">4.5</S>
          <S N="CompanyName">Amazon.com, Inc</S>
        </MS>
      </Obj>
      <S N="InstalledLocation">C:\Program Files\PowerShell\Modules\AWSPowerShell\4.1.753</S>
    </MS>
  </Obj>
</Objs>
