<Objs Version="1.1.0.1" xmlns="http://schemas.microsoft.com/powershell/2004/04">
  <Obj RefId="0">
    <TN RefId="0">
      <T>Microsoft.PowerShell.Commands.PSRepositoryItemInfo</T>
      <T>System.Management.Automation.PSCustomObject</T>
      <T>System.Object</T>
    </TN>
    <MS>
      <S N="Name">OCI.PSModules.Filestorage</S>
      <Version N="Version">120.0.0</Version>
      <S N="Type">Module</S>
      <S N="Description">This modules provides Cmdlets for OCI Filestorage Service</S>
      <S N="Author">Oracle Cloud Infrastructure</S>
      <S N="CompanyName">oci-psmodules-grp</S>
      <S N="Copyright">(c) Oracle Cloud Infrastructure. All rights reserved.</S>
      <DT N="PublishedDate">2025-11-18T18:42:33+02:00</DT>
      <Obj N="InstalledDate" RefId="1">
        <DT>2025-11-27T08:13:18.1626+02:00</DT>
        <MS>
          <Obj N="DisplayHint" RefId="2">
            <TN RefId="1">
              <T>Microsoft.PowerShell.Commands.DisplayHintType</T>
              <T>System.Enum</T>
              <T>System.ValueType</T>
              <T>System.Object</T>
            </TN>
            <ToString>DateTime</ToString>
            <I32>2</I32>
          </Obj>
        </MS>
      </Obj>
      <Nil N="UpdatedDate" />
      <URI N="LicenseUri">https://github.com/oracle/oci-powershell-modules/blob/master/LICENSE.txt</URI>
      <URI N="ProjectUri">https://github.com/oracle/oci-powershell-modules/</URI>
      <URI N="IconUri">https://github.com/oracle/oci-powershell-modules/blob/master/icon.png</URI>
      <Obj N="Tags" RefId="3">
        <TN RefId="2">
          <T>System.Object[]</T>
          <T>System.Array</T>
          <T>System.Object</T>
        </TN>
        <LST>
          <S>PSEdition_Core</S>
          <S>Windows</S>
          <S>Linux</S>
          <S>macOS</S>
          <S>Oracle</S>
          <S>OCI</S>
          <S>Cloud</S>
          <S>OracleCloudInfrastructure</S>
          <S>Filestorage</S>
          <S>PSModule</S>
        </LST>
      </Obj>
      <Obj N="Includes" RefId="4">
        <TN RefId="3">
          <T>System.Collections.Hashtable</T>
          <T>System.Object</T>
        </TN>
        <DCT>
          <En>
            <S N="Key">Function</S>
            <Obj N="Value" RefId="5">
              <TNRef RefId="2" />
              <LST />
            </Obj>
          </En>
          <En>
            <S N="Key">RoleCapability</S>
            <Ref N="Value" RefId="5" />
          </En>
          <En>
            <S N="Key">Cmdlet</S>
            <Obj N="Value" RefId="6">
              <TNRef RefId="2" />
              <LST>
                <S>Add-OCIFilestorageExportLock</S>
                <S>Add-OCIFilestorageFileSystemLock</S>
                <S>Add-OCIFilestorageFilesystemSnapshotPolicyLock</S>
                <S>Add-OCIFilestorageMountTargetLock</S>
                <S>Add-OCIFilestorageOutboundConnectorLock</S>
                <S>Add-OCIFilestorageReplicationLock</S>
                <S>Add-OCIFilestorageSnapshotLock</S>
                <S>Confirm-OCIFilestorageKeyTabs</S>
                <S>DisMount-OCIFilestorageClone</S>
                <S>Get-OCIFilestorageExport</S>
                <S>Get-OCIFilestorageExportSet</S>
                <S>Get-OCIFilestorageExportSetsList</S>
                <S>Get-OCIFilestorageExportsList</S>
                <S>Get-OCIFilestorageFileSystem</S>
                <S>Get-OCIFilestorageFileSystemsList</S>
                <S>Get-OCIFilestorageFilesystemSnapshotPoliciesList</S>
                <S>Get-OCIFilestorageFilesystemSnapshotPolicy</S>
                <S>Get-OCIFilestorageMountTarget</S>
                <S>Get-OCIFilestorageMountTargetsList</S>
                <S>Get-OCIFilestorageOutboundConnector</S>
                <S>Get-OCIFilestorageOutboundConnectorsList</S>
                <S>Get-OCIFilestorageQuotaRule</S>
                <S>Get-OCIFilestorageQuotaRulesList</S>
                <S>Get-OCIFilestorageReplication</S>
                <S>Get-OCIFilestorageReplicationsList</S>
                <S>Get-OCIFilestorageReplicationTarget</S>
                <S>Get-OCIFilestorageReplicationTargetsList</S>
                <S>Get-OCIFilestorageSnapshot</S>
                <S>Get-OCIFilestorageSnapshotsList</S>
                <S>Invoke-OCIFilestorageEstimateReplication</S>
                <S>Invoke-OCIFilestoragePauseFilesystemSnapshotPolicy</S>
                <S>Invoke-OCIFilestorageScheduleDowngradeShapeMountTarget</S>
                <S>Invoke-OCIFilestorageToggleQuotaRules</S>
                <S>Invoke-OCIFilestorageUnpauseFilesystemSnapshotPolicy</S>
                <S>Invoke-OCIFilestorageUpgradeShapeMountTarget</S>
                <S>Move-OCIFilestorageFileSystemCompartment</S>
                <S>Move-OCIFilestorageFilesystemSnapshotPolicyCompartment</S>
                <S>Move-OCIFilestorageMountTargetCompartment</S>
                <S>Move-OCIFilestorageOutboundConnectorCompartment</S>
                <S>Move-OCIFilestorageReplicationCompartment</S>
                <S>New-OCIFilestorageExport</S>
                <S>New-OCIFilestorageFileSystem</S>
                <S>New-OCIFilestorageFilesystemSnapshotPolicy</S>
                <S>New-OCIFilestorageMountTarget</S>
                <S>New-OCIFilestorageOutboundConnector</S>
                <S>New-OCIFilestorageQuotaRule</S>
                <S>New-OCIFilestorageReplication</S>
                <S>New-OCIFilestorageSnapshot</S>
                <S>Remove-OCIFilestorageExport</S>
                <S>Remove-OCIFilestorageExportLock</S>
                <S>Remove-OCIFilestorageFileSystem</S>
                <S>Remove-OCIFilestorageFileSystemLock</S>
                <S>Remove-OCIFilestorageFilesystemSnapshotPolicy</S>
                <S>Remove-OCIFilestorageFilesystemSnapshotPolicyLock</S>
                <S>Remove-OCIFilestorageMountTarget</S>
                <S>Remove-OCIFilestorageMountTargetLock</S>
                <S>Remove-OCIFilestorageOutboundConnector</S>
                <S>Remove-OCIFilestorageOutboundConnectorLock</S>
                <S>Remove-OCIFilestorageQuotaRule</S>
                <S>Remove-OCIFilestorageReplication</S>
                <S>Remove-OCIFilestorageReplicationLock</S>
                <S>Remove-OCIFilestorageReplicationTarget</S>
                <S>Remove-OCIFilestorageSnapshot</S>
                <S>Remove-OCIFilestorageSnapshotLock</S>
                <S>Stop-OCIFilestorageDowngradeShapeMountTarget</S>
                <S>Update-OCIFilestorageExport</S>
                <S>Update-OCIFilestorageExportSet</S>
                <S>Update-OCIFilestorageFileSystem</S>
                <S>Update-OCIFilestorageFilesystemSnapshotPolicy</S>
                <S>Update-OCIFilestorageMountTarget</S>
                <S>Update-OCIFilestorageOutboundConnector</S>
                <S>Update-OCIFilestorageQuotaRule</S>
                <S>Update-OCIFilestorageReplication</S>
                <S>Update-OCIFilestorageSnapshot</S>
              </LST>
            </Obj>
          </En>
          <En>
            <S N="Key">DscResource</S>
            <Ref N="Value" RefId="5" />
          </En>
          <En>
            <S N="Key">Command</S>
            <Obj N="Value" RefId="7">
              <TNRef RefId="2" />
              <LST>
                <S>Add-OCIFilestorageExportLock</S>
                <S>Add-OCIFilestorageFileSystemLock</S>
                <S>Add-OCIFilestorageFilesystemSnapshotPolicyLock</S>
                <S>Add-OCIFilestorageMountTargetLock</S>
                <S>Add-OCIFilestorageOutboundConnectorLock</S>
                <S>Add-OCIFilestorageReplicationLock</S>
                <S>Add-OCIFilestorageSnapshotLock</S>
                <S>Confirm-OCIFilestorageKeyTabs</S>
                <S>DisMount-OCIFilestorageClone</S>
                <S>Get-OCIFilestorageExport</S>
                <S>Get-OCIFilestorageExportSet</S>
                <S>Get-OCIFilestorageExportSetsList</S>
                <S>Get-OCIFilestorageExportsList</S>
                <S>Get-OCIFilestorageFileSystem</S>
                <S>Get-OCIFilestorageFileSystemsList</S>
                <S>Get-OCIFilestorageFilesystemSnapshotPoliciesList</S>
                <S>Get-OCIFilestorageFilesystemSnapshotPolicy</S>
                <S>Get-OCIFilestorageMountTarget</S>
                <S>Get-OCIFilestorageMountTargetsList</S>
                <S>Get-OCIFilestorageOutboundConnector</S>
                <S>Get-OCIFilestorageOutboundConnectorsList</S>
                <S>Get-OCIFilestorageQuotaRule</S>
                <S>Get-OCIFilestorageQuotaRulesList</S>
                <S>Get-OCIFilestorageReplication</S>
                <S>Get-OCIFilestorageReplicationsList</S>
                <S>Get-OCIFilestorageReplicationTarget</S>
                <S>Get-OCIFilestorageReplicationTargetsList</S>
                <S>Get-OCIFilestorageSnapshot</S>
                <S>Get-OCIFilestorageSnapshotsList</S>
                <S>Invoke-OCIFilestorageEstimateReplication</S>
                <S>Invoke-OCIFilestoragePauseFilesystemSnapshotPolicy</S>
                <S>Invoke-OCIFilestorageScheduleDowngradeShapeMountTarget</S>
                <S>Invoke-OCIFilestorageToggleQuotaRules</S>
                <S>Invoke-OCIFilestorageUnpauseFilesystemSnapshotPolicy</S>
                <S>Invoke-OCIFilestorageUpgradeShapeMountTarget</S>
                <S>Move-OCIFilestorageFileSystemCompartment</S>
                <S>Move-OCIFilestorageFilesystemSnapshotPolicyCompartment</S>
                <S>Move-OCIFilestorageMountTargetCompartment</S>
                <S>Move-OCIFilestorageOutboundConnectorCompartment</S>
                <S>Move-OCIFilestorageReplicationCompartment</S>
                <S>New-OCIFilestorageExport</S>
                <S>New-OCIFilestorageFileSystem</S>
                <S>New-OCIFilestorageFilesystemSnapshotPolicy</S>
                <S>New-OCIFilestorageMountTarget</S>
                <S>New-OCIFilestorageOutboundConnector</S>
                <S>New-OCIFilestorageQuotaRule</S>
                <S>New-OCIFilestorageReplication</S>
                <S>New-OCIFilestorageSnapshot</S>
                <S>Remove-OCIFilestorageExport</S>
                <S>Remove-OCIFilestorageExportLock</S>
                <S>Remove-OCIFilestorageFileSystem</S>
                <S>Remove-OCIFilestorageFileSystemLock</S>
                <S>Remove-OCIFilestorageFilesystemSnapshotPolicy</S>
                <S>Remove-OCIFilestorageFilesystemSnapshotPolicyLock</S>
                <S>Remove-OCIFilestorageMountTarget</S>
                <S>Remove-OCIFilestorageMountTargetLock</S>
                <S>Remove-OCIFilestorageOutboundConnector</S>
                <S>Remove-OCIFilestorageOutboundConnectorLock</S>
                <S>Remove-OCIFilestorageQuotaRule</S>
                <S>Remove-OCIFilestorageReplication</S>
                <S>Remove-OCIFilestorageReplicationLock</S>
                <S>Remove-OCIFilestorageReplicationTarget</S>
                <S>Remove-OCIFilestorageSnapshot</S>
                <S>Remove-OCIFilestorageSnapshotLock</S>
                <S>Stop-OCIFilestorageDowngradeShapeMountTarget</S>
                <S>Update-OCIFilestorageExport</S>
                <S>Update-OCIFilestorageExportSet</S>
                <S>Update-OCIFilestorageFileSystem</S>
                <S>Update-OCIFilestorageFilesystemSnapshotPolicy</S>
                <S>Update-OCIFilestorageMountTarget</S>
                <S>Update-OCIFilestorageOutboundConnector</S>
                <S>Update-OCIFilestorageQuotaRule</S>
                <S>Update-OCIFilestorageReplication</S>
                <S>Update-OCIFilestorageSnapshot</S>
              </LST>
            </Obj>
          </En>
          <En>
            <S N="Key">Workflow</S>
            <Ref N="Value" RefId="5" />
          </En>
        </DCT>
      </Obj>
      <Nil N="PowerShellGetFormatVersion" />
      <S N="ReleaseNotes">https://github.com/oracle/oci-powershell-modules/blob/master/CHANGELOG.md</S>
      <Obj N="Dependencies" RefId="8">
        <TNRef RefId="2" />
        <LST>
          <Obj RefId="9">
            <TN RefId="4">
              <T>System.Collections.Specialized.OrderedDictionary</T>
              <T>System.Object</T>
            </TN>
            <DCT>
              <En>
                <S N="Key">Name</S>
                <S N="Value">OCI.PSModules.Common</S>
              </En>
              <En>
                <S N="Key">RequiredVersion</S>
                <S N="Value">120.0.0</S>
              </En>
              <En>
                <S N="Key">CanonicalId</S>
                <S N="Value">nuget:OCI.PSModules.Common/[120.0.0]</S>
              </En>
            </DCT>
          </Obj>
        </LST>
      </Obj>
      <S N="RepositorySourceLocation">https://www.powershellgallery.com/api/v2</S>
      <S N="Repository">PSGallery</S>
      <S N="PackageManagementProvider">NuGet</S>
      <Obj N="AdditionalMetadata" RefId="10">
        <TN RefId="5">
          <T>System.Management.Automation.PSCustomObject</T>
          <T>System.Object</T>
        </TN>
        <MS>
          <S N="copyright">(c) Oracle Cloud Infrastructure. All rights reserved.</S>
          <S N="description">This modules provides Cmdlets for OCI Filestorage Service</S>
          <S N="requireLicenseAcceptance">False</S>
          <S N="releaseNotes">https://github.com/oracle/oci-powershell-modules/blob/master/CHANGELOG.md</S>
          <S N="isLatestVersion">True</S>
          <S N="isAbsoluteLatestVersion">True</S>
          <S N="versionDownloadCount">47</S>
          <S N="downloadCount">15965</S>
          <S N="packageSize">225930</S>
          <S N="published">11/18/2025 6:42:33 PM +02:00</S>
          <S N="created">11/18/2025 6:42:33 PM +02:00</S>
          <S N="lastUpdated">11/26/2025 9:30:00 PM +02:00</S>
          <S N="tags">PSEdition_Core Windows Linux macOS Oracle OCI Cloud OracleCloudInfrastructure Filestorage PSModule PSCmdlet_Add-OCIFilestorageExportLock PSCommand_Add-OCIFilestorageExportLock PSCmdlet_Add-OCIFilestorageFileSystemLock PSCommand_Add-OCIFilestorageFileSystemLock PSCmdlet_Add-OCIFilestorageFilesystemSnapshotPolicyLock PSCommand_Add-OCIFilestorageFilesystemSnapshotPolicyLock PSCmdlet_Add-OCIFilestorageMountTargetLock PSCommand_Add-OCIFilestorageMountTargetLock PSCmdlet_Add-OCIFilestorageOutboundConnectorLock PSCommand_Add-OCIFilestorageOutboundConnectorLock PSCmdlet_Add-OCIFilestorageReplicationLock PSCommand_Add-OCIFilestorageReplicationLock PSCmdlet_Add-OCIFilestorageSnapshotLock PSCommand_Add-OCIFilestorageSnapshotLock PSCmdlet_Confirm-OCIFilestorageKeyTabs PSCommand_Confirm-OCIFilestorageKeyTabs PSCmdlet_DisMount-OCIFilestorageClone PSCommand_DisMount-OCIFilestorageClone PSCmdlet_Get-OCIFilestorageExport PSCommand_Get-OCIFilestorageExport PSCmdlet_Get-OCIFilestorageExportSet PSCommand_Get-OCIFilestorageExportSet PSCmdlet_Get-OCIFilestorageExportSetsList PSCommand_Get-OCIFilestorageExportSetsList PSCmdlet_Get-OCIFilestorageExportsList PSCommand_Get-OCIFilestorageExportsList PSCmdlet_Get-OCIFilestorageFileSystem PSCommand_Get-OCIFilestorageFileSystem PSCmdlet_Get-OCIFilestorageFileSystemsList PSCommand_Get-OCIFilestorageFileSystemsList PSCmdlet_Get-OCIFilestorageFilesystemSnapshotPoliciesList PSCommand_Get-OCIFilestorageFilesystemSnapshotPoliciesList PSCmdlet_Get-OCIFilestorageFilesystemSnapshotPolicy PSCommand_Get-OCIFilestorageFilesystemSnapshotPolicy PSCmdlet_Get-OCIFilestorageMountTarget PSCommand_Get-OCIFilestorageMountTarget PSCmdlet_Get-OCIFilestorageMountTargetsList PSCommand_Get-OCIFilestorageMountTargetsList PSCmdlet_Get-OCIFilestorageOutboundConnector PSCommand_Get-OCIFilestorageOutboundConnector PSCmdlet_Get-OCIFilestorageOutboundConnectorsList PSCommand_Get-OCIFilestorageOutboundConnectorsList PSCmdlet_Get-OCIFilestorageQuotaRule PSCommand_Get-OCIFilestorageQuotaRule PSCmdlet_Get-OCIFilestorageQuotaRulesList PSCommand_Get-OCIFilestorageQuotaRulesList PSCmdlet_Get-OCIFilestorageReplication PSCommand_Get-OCIFilestorageReplication PSCmdlet_Get-OCIFilestorageReplicationsList PSCommand_Get-OCIFilestorageReplicationsList PSCmdlet_Get-OCIFilestorageReplicationTarget PSCommand_Get-OCIFilestorageReplicationTarget PSCmdlet_Get-OCIFilestorageReplicationTargetsList PSCommand_Get-OCIFilestorageReplicationTargetsList PSCmdlet_Get-OCIFilestorageSnapshot PSCommand_Get-OCIFilestorageSnapshot PSCmdlet_Get-OCIFilestorageSnapshotsList PSCommand_Get-OCIFilestorageSnapshotsList PSCmdlet_Invoke-OCIFilestorageEstimateReplication PSCommand_Invoke-OCIFilestorageEstimateReplication PSCmdlet_Invoke-OCIFilestoragePauseFilesystemSnapshotPolicy PSCommand_Invoke-OCIFilestoragePauseFilesystemSnapshotPolicy PSCmdlet_Invoke-OCIFilestorageScheduleDowngradeShapeMountTarget PSCommand_Invoke-OCIFilestorageScheduleDowngradeShapeMountTarget PSCmdlet_Invoke-OCIFilestorageToggleQuotaRules PSCommand_Invoke-OCIFilestorageToggleQuotaRules PSCmdlet_Invoke-OCIFilestorageUnpauseFilesystemSnapshotPolicy PSCommand_Invoke-OCIFilestorageUnpauseFilesystemSnapshotPolicy PSCmdlet_Invoke-OCIFilestorageUpgradeShapeMountTarget PSCommand_Invoke-OCIFilestorageUpgradeShapeMountTarget PSCmdlet_Move-OCIFilestorageFileSystemCompartment PSCommand_Move-OCIFilestorageFileSystemCompartment PSCmdlet_Move-OCIFilestorageFilesystemSnapshotPolicyCompartment PSCommand_Move-OCIFilestorageFilesystemSnapshotPolicyCompartment PSCmdlet_Move-OCIFilestorageMountTargetCompartment PSCommand_Move-OCIFilestorageMountTargetCompartment PSCmdlet_Move-OCIFilestorageOutboundConnectorCompartment PSCommand_Move-OCIFilestorageOutboundConnectorCompartment PSCmdlet_Move-OCIFilestorageReplicationCompartment PSCommand_Move-OCIFilestorageReplicationCompartment PSCmdlet_New-OCIFilestorageExport PSCommand_New-OCIFilestorageExport PSCmdlet_New-OCIFilestorageFileSystem PSCommand_New-OCIFilestorageFileSystem PSCmdlet_New-OCIFilestorageFilesystemSnapshotPolicy PSCommand_New-OCIFilestorageFilesystemSnapshotPolicy PSCmdlet_New-OCIFilestorageMountTarget PSCommand_New-OCIFilestorageMountTarget PSCmdlet_New-OCIFilestorageOutboundConnector PSCommand_New-OCIFilestorageOutboundConnector PSCmdlet_New-OCIFilestorageQuotaRule PSCommand_New-OCIFilestorageQuotaRule PSCmdlet_New-OCIFilestorageReplication PSCommand_New-OCIFilestorageReplication PSCmdlet_New-OCIFilestorageSnapshot PSCommand_New-OCIFilestorageSnapshot PSCmdlet_Remove-OCIFilestorageExport PSCommand_Remove-OCIFilestorageExport PSCmdlet_Remove-OCIFilestorageExportLock PSCommand_Remove-OCIFilestorageExportLock PSCmdlet_Remove-OCIFilestorageFileSystem PSCommand_Remove-OCIFilestorageFileSystem PSCmdlet_Remove-OCIFilestorageFileSystemLock PSCommand_Remove-OCIFilestorageFileSystemLock PSCmdlet_Remove-OCIFilestorageFilesystemSnapshotPolicy PSCommand_Remove-OCIFilestorageFilesystemSnapshotPolicy PSCmdlet_Remove-OCIFilestorageFilesystemSnapshotPolicyLock PSCommand_Remove-OCIFilestorageFilesystemSnapshotPolicyLock PSCmdlet_Remove-OCIFilestorageMountTarget PSCommand_Remove-OCIFilestorageMountTarget PSCmdlet_Remove-OCIFilestorageMountTargetLock PSCommand_Remove-OCIFilestorageMountTargetLock PSCmdlet_Remove-OCIFilestorageOutboundConnector PSCommand_Remove-OCIFilestorageOutboundConnector PSCmdlet_Remove-OCIFilestorageOutboundConnectorLock PSCommand_Remove-OCIFilestorageOutboundConnectorLock PSCmdlet_Remove-OCIFilestorageQuotaRule PSCommand_Remove-OCIFilestorageQuotaRule PSCmdlet_Remove-OCIFilestorageReplication PSCommand_Remove-OCIFilestorageReplication PSCmdlet_Remove-OCIFilestorageReplicationLock PSCommand_Remove-OCIFilestorageReplicationLock PSCmdlet_Remove-OCIFilestorageReplicationTarget PSCommand_Remove-OCIFilestorageReplicationTarget PSCmdlet_Remove-OCIFilestorageSnapshot PSCommand_Remove-OCIFilestorageSnapshot PSCmdlet_Remove-OCIFilestorageSnapshotLock PSCommand_Remove-OCIFilestorageSnapshotLock PSCmdlet_Stop-OCIFilestorageDowngradeShapeMountTarget PSCommand_Stop-OCIFilestorageDowngradeShapeMountTarget PSCmdlet_Update-OCIFilestorageExport PSCommand_Update-OCIFilestorageExport PSCmdlet_Update-OCIFilestorageExportSet PSCommand_Update-OCIFilestorageExportSet PSCmdlet_Update-OCIFilestorageFileSystem PSCommand_Update-OCIFilestorageFileSystem PSCmdlet_Update-OCIFilestorageFilesystemSnapshotPolicy PSCommand_Update-OCIFilestorageFilesystemSnapshotPolicy PSCmdlet_Update-OCIFilestorageMountTarget PSCommand_Update-OCIFilestorageMountTarget PSCmdlet_Update-OCIFilestorageOutboundConnector PSCommand_Update-OCIFilestorageOutboundConnector PSCmdlet_Update-OCIFilestorageQuotaRule PSCommand_Update-OCIFilestorageQuotaRule PSCmdlet_Update-OCIFilestorageReplication PSCommand_Update-OCIFilestorageReplication PSCmdlet_Update-OCIFilestorageSnapshot PSCommand_Update-OCIFilestorageSnapshot PSIncludes_Cmdlet</S>
          <S N="developmentDependency">False</S>
          <S N="updated">2025-11-26T21:30:00Z</S>
          <S N="NormalizedVersion">120.0.0</S>
          <S N="Authors">Oracle Cloud Infrastructure</S>
          <S N="IsPrerelease">false</S>
          <S N="ItemType">Module</S>
          <S N="FileList">OCI.PSModules.Filestorage.nuspec|OCI.PSModules.Filestorage.psd1|LICENSE.txt|THIRD_PARTY_LICENSES.txt|OCI.PSModules.Filestorage.dll-Help.xml|assemblies\OCI.DotNetSDK.Filestorage.dll|assemblies\OCI.PSModules.Filestorage.dll</S>
          <S N="GUID">85a998bb-f613-464a-af19-f5aaed2d127b</S>
          <S N="PowerShellVersion">6.0</S>
          <S N="CompanyName">Oracle Corporation</S>
        </MS>
      </Obj>
      <S N="InstalledLocation">C:\Program Files\PowerShell\Modules\OCI.PSModules.Filestorage\120.0.0</S>
    </MS>
  </Obj>
</Objs>
