﻿<helpItems schema="maml"><command xmlns:maml="http://schemas.microsoft.com/maml/2004/10" xmlns:command="http://schemas.microsoft.com/maml/dev/command/2004/10" xmlns:dev="http://schemas.microsoft.com/maml/dev/2004/10"><details><name>Start-MCASupportDataExport</name><description><para>Calls the AWS Marketplace Commerce Analytics StartSupportDataExport API operation.</para></description><verb>Start</verb><noun>MCASupportDataExport</noun><copyright><para>&amp;copy; Copyright Amazon.com, Inc.or its affiliates.All Rights Reserved.</para></copyright></details><description><para><i>This target has been deprecated.</i> Given a data set type and a from date, asynchronously publishes the requested customer support data to the specified S3 bucket and notifies the specified SNS topic once the data is available. Returns a unique request identifier that can be used to correlate requests with notifications from the SNS topic. Data sets will be published in comma-separated values (CSV) format with the file name {data_set_type}_YYYY-MM-DD&amp;#39;T&amp;#39;HH-mm-ss&amp;#39;Z&amp;#39;.csv. If a file with the same name already exists (e.g. if the same data set is requested twice), the original file will be overwritten by the new file. Requires a Role with an attached permissions policy providing Allow permissions for the following actions: s3:PutObject, s3:GetBucketLocation, sns:GetTopicAttributes, sns:Publish, iam:GetRolePolicy.<br /><br />This operation is deprecated. </para></description><syntax><syntaxItem><name>Start-MCASupportDataExport</name><parameter required="False" variableLength="false" globbing="false" pipelineInput="True (ByPropertyName)" position="Named"><name>CustomerDefinedValue</name><description><para><i>This target has been deprecated.</i> (Optional) Key-value pairs which will be returned, unmodified, in the Amazon SNS notification message and the data set metadata file. </para></description><parameterValue required="true" variableLength="false">System.Collections.Hashtable</parameterValue></parameter><parameter required="True" variableLength="false" globbing="false" pipelineInput="True (ByPropertyName)" position="Named"><name>DataSetType</name><description><para><i>This target has been deprecated.</i> Specifies the data set type to be written to the output csv file. The data set types customer_support_contacts_data and test_customer_support_contacts_data both result in a csv file containing the following fields: Product Id, Product Code, Customer Guid, Subscription Guid, Subscription Start Date, Organization, AWS Account Id, Given Name, Surname, Telephone Number, Email, Title, Country Code, ZIP Code, Operation Type, and Operation Time.  
 -<i>customer_support_contacts_data</i> Customer support contact data. The data set will contain all changes (Creates, Updates, and Deletes) to customer support contact data from the date specified in the from_date parameter. 
 -<i>test_customer_support_contacts_data</i> An example data set containing static test data in the same format as customer_support_contacts_data </para></description><parameterValue required="true" variableLength="false">Amazon.AWSMarketplaceCommerceAnalytics.SupportDataSetType</parameterValue></parameter><parameter required="True" variableLength="false" globbing="false" pipelineInput="True (ByPropertyName)" position="Named"><name>DestinationS3BucketName</name><description><para><i>This target has been deprecated.</i> The name (friendly name, not ARN) of the destination S3 bucket. </para></description><parameterValue required="true" variableLength="false">System.String</parameterValue></parameter><parameter required="False" variableLength="false" globbing="false" pipelineInput="True (ByPropertyName)" position="Named"><name>DestinationS3Prefix</name><description><para><i>This target has been deprecated.</i> (Optional) The desired S3 prefix for the published data set, similar to a directory path in standard file systems. For example, if given the bucket name &quot;mybucket&quot; and the prefix &quot;myprefix/mydatasets&quot;, the output file &quot;outputfile&quot; would be published to &quot;s3://mybucket/myprefix/mydatasets/outputfile&quot;. If the prefix directory structure does not exist, it will be created. If no prefix is provided, the data set will be published to the S3 bucket root. </para></description><parameterValue required="true" variableLength="false">System.String</parameterValue></parameter><parameter required="True" variableLength="false" globbing="false" pipelineInput="True (ByPropertyName)" position="Named"><name>FromDate</name><description><para><i>This target has been deprecated.</i> The start date from which to retrieve the data set in UTC. This parameter only affects the customer_support_contacts_data data set type. </para></description><parameterValue required="true" variableLength="false">System.DateTime</parameterValue></parameter><parameter required="True" variableLength="false" globbing="false" pipelineInput="True (ByPropertyName)" position="Named"><name>RoleNameArn</name><description><para><i>This target has been deprecated.</i> The Amazon Resource Name (ARN) of the Role with an attached permissions policy to interact with the provided AWS services. </para></description><parameterValue required="true" variableLength="false">System.String</parameterValue></parameter><parameter required="True" variableLength="false" globbing="false" pipelineInput="True (ByPropertyName)" position="Named"><name>SnsTopicArn</name><description><para><i>This target has been deprecated.</i> Amazon Resource Name (ARN) for the SNS Topic that will be notified when the data set has been published or if an error has occurred. </para></description><parameterValue required="true" variableLength="false">System.String</parameterValue></parameter><parameter required="False" variableLength="false" globbing="false" pipelineInput="True (ByPropertyName)" position="Named"><name>Select</name><description><para>Use the -Select parameter to control the cmdlet output. The default value is &#39;DataSetRequestId&#39;. Specifying -Select &#39;*&#39; will result in the cmdlet returning the whole service response (Amazon.AWSMarketplaceCommerceAnalytics.Model.StartSupportDataExportResponse). Specifying the name of a property of type Amazon.AWSMarketplaceCommerceAnalytics.Model.StartSupportDataExportResponse will result in that property being returned. Specifying -Select &#39;^ParameterName&#39; will result in the cmdlet returning the selected cmdlet parameter value. </para></description><parameterValue required="true" variableLength="false">System.String</parameterValue></parameter><parameter required="False" variableLength="false" globbing="false" pipelineInput="True (ByPropertyName)" position="Named"><name>ClientConfig</name><description><para>Amazon.PowerShell.Cmdlets.MCA.AmazonAWSMarketplaceCommerceAnalyticsClientCmdlet.ClientConfig </para></description><parameterValue required="true" variableLength="false">Amazon.AWSMarketplaceCommerceAnalytics.AmazonAWSMarketplaceCommerceAnalyticsConfig</parameterValue></parameter><parameter required="False" variableLength="false" globbing="false" pipelineInput="True (ByPropertyName)" position="Named"><name>EndpointUrl</name><description><para>The endpoint to make the call against. 
<b>Note:</b> This parameter is primarily for internal AWS use and is not required/should not be specified for  normal usage. The cmdlets normally determine which endpoint to call based on the region specified to the -Region parameter or set as default in the shell (via Set-DefaultAWSRegion). Only specify this parameter if you must direct the call to a specific custom endpoint. </para></description><parameterValue required="true" variableLength="false">System.String</parameterValue></parameter><parameter required="False" variableLength="false" globbing="false" pipelineInput="True (ByPropertyName)" position="Named"><name>Region</name><description><para>The system name of an AWS region or an AWSRegion instance. This governs the endpoint that will be used when calling service operations. Note that  the AWS resources referenced in a call are usually region-specific. </para></description><parameterValue required="true" variableLength="false">System.Object</parameterValue></parameter><parameter required="False" variableLength="false" globbing="false" pipelineInput="True (ByPropertyName)" position="Named"><name>AccessKey</name><description><para>The AWS access key for the user account. This can be a temporary access key if the corresponding session token is supplied to the -SessionToken parameter. </para></description><parameterValue required="true" variableLength="false">System.String</parameterValue></parameter><parameter required="False" variableLength="false" globbing="false" pipelineInput="True (ByPropertyName)" position="Named"><name>SecretKey</name><description><para>The AWS secret key for the user account. This can be a temporary secret key if the corresponding session token is supplied to the -SessionToken parameter. </para></description><parameterValue required="true" variableLength="false">System.String</parameterValue></parameter><parameter required="False" variableLength="false" globbing="false" pipelineInput="True (ByPropertyName)" position="Named"><name>SessionToken</name><description><para>The session token if the access and secret keys are temporary session-based credentials. </para></description><parameterValue required="true" variableLength="false">System.String</parameterValue></parameter><parameter required="False" variableLength="false" globbing="false" pipelineInput="True (ByPropertyName)" position="Named"><name>ProfileName</name><description><para>The user-defined name of an AWS credentials or SAML-based role profile containing credential information. The profile is expected to be found in the secure credential file shared with the AWS SDK for .NET and AWS Toolkit for Visual Studio. You can also specify the name of a profile stored in the .ini-format credential file used with  the AWS CLI and other AWS SDKs. </para></description><parameterValue required="true" variableLength="false">System.String</parameterValue></parameter><parameter required="False" variableLength="false" globbing="false" pipelineInput="True (ByPropertyName)" position="Named"><name>ProfileLocation</name><description><para>Used to specify the name and location of the ini-format credential file (shared with the AWS CLI and other AWS SDKs) 
If this optional parameter is omitted this cmdlet will search the encrypted credential file used by the AWS SDK for .NET and AWS Toolkit for Visual Studio first. If the profile is not found then the cmdlet will search in the ini-format credential file at the default location: (user&#39;s home directory)\.aws\credentials. 
If this parameter is specified then this cmdlet will only search the ini-format credential file at the location given. 
As the current folder can vary in a shell or during script execution it is advised that you use specify a fully qualified path instead of a relative path. </para></description><parameterValue required="true" variableLength="false">System.String</parameterValue></parameter><parameter required="False" variableLength="false" globbing="false" pipelineInput="True (ByValue, ByPropertyName)" position="Named"><name>Credential</name><description><para>An AWSCredentials object instance containing access and secret key information, and optionally a token for session-based credentials. </para></description><parameterValue required="true" variableLength="false">Amazon.Runtime.AWSCredentials</parameterValue></parameter><parameter required="False" variableLength="false" globbing="false" pipelineInput="True (ByValue, ByPropertyName)" position="Named"><name>NetworkCredential</name><description><para>Used with SAML-based authentication when ProfileName references a SAML role profile.  Contains the network credentials to be supplied during authentication with the  configured identity provider&#39;s endpoint. This parameter is not required if the user&#39;s default network identity can or should be used during authentication. </para></description><parameterValue required="true" variableLength="false">System.Management.Automation.PSCredential</parameterValue></parameter></syntaxItem></syntax><parameters><parameter required="False" variableLength="false" globbing="false" pipelineInput="True (ByPropertyName)" position="Named"><name>AccessKey</name><description><para>The AWS access key for the user account. This can be a temporary access key if the corresponding session token is supplied to the -SessionToken parameter. </para></description><parameterValue required="true" variableLength="false">System.String</parameterValue><type><name>System.String</name><uri /></type><defaultValue>None</defaultValue></parameter><parameter required="False" variableLength="false" globbing="false" pipelineInput="True (ByPropertyName)" position="Named"><name>ClientConfig</name><description><para>Amazon.PowerShell.Cmdlets.MCA.AmazonAWSMarketplaceCommerceAnalyticsClientCmdlet.ClientConfig </para></description><parameterValue required="true" variableLength="false">Amazon.AWSMarketplaceCommerceAnalytics.AmazonAWSMarketplaceCommerceAnalyticsConfig</parameterValue><type><name>Amazon.AWSMarketplaceCommerceAnalytics.AmazonAWSMarketplaceCommerceAnalyticsConfig</name><uri /></type><defaultValue>None</defaultValue></parameter><parameter required="False" variableLength="false" globbing="false" pipelineInput="True (ByValue, ByPropertyName)" position="Named"><name>Credential</name><description><para>An AWSCredentials object instance containing access and secret key information, and optionally a token for session-based credentials. </para></description><parameterValue required="true" variableLength="false">Amazon.Runtime.AWSCredentials</parameterValue><type><name>Amazon.Runtime.AWSCredentials</name><uri /></type><defaultValue>None</defaultValue></parameter><parameter required="False" variableLength="false" globbing="false" pipelineInput="True (ByPropertyName)" position="Named"><name>CustomerDefinedValue</name><description><para><i>This target has been deprecated.</i> (Optional) Key-value pairs which will be returned, unmodified, in the Amazon SNS notification message and the data set metadata file. </para></description><parameterValue required="true" variableLength="false">System.Collections.Hashtable</parameterValue><type><name>System.Collections.Hashtable</name><uri /></type><defaultValue>None</defaultValue></parameter><parameter required="True" variableLength="false" globbing="false" pipelineInput="True (ByPropertyName)" position="Named"><name>DataSetType</name><description><para><i>This target has been deprecated.</i> Specifies the data set type to be written to the output csv file. The data set types customer_support_contacts_data and test_customer_support_contacts_data both result in a csv file containing the following fields: Product Id, Product Code, Customer Guid, Subscription Guid, Subscription Start Date, Organization, AWS Account Id, Given Name, Surname, Telephone Number, Email, Title, Country Code, ZIP Code, Operation Type, and Operation Time.  
 -<i>customer_support_contacts_data</i> Customer support contact data. The data set will contain all changes (Creates, Updates, and Deletes) to customer support contact data from the date specified in the from_date parameter. 
 -<i>test_customer_support_contacts_data</i> An example data set containing static test data in the same format as customer_support_contacts_data </para></description><parameterValue required="true" variableLength="false">Amazon.AWSMarketplaceCommerceAnalytics.SupportDataSetType</parameterValue><type><name>Amazon.AWSMarketplaceCommerceAnalytics.SupportDataSetType</name><uri /></type><defaultValue>None</defaultValue></parameter><parameter required="True" variableLength="false" globbing="false" pipelineInput="True (ByPropertyName)" position="Named"><name>DestinationS3BucketName</name><description><para><i>This target has been deprecated.</i> The name (friendly name, not ARN) of the destination S3 bucket. </para></description><parameterValue required="true" variableLength="false">System.String</parameterValue><type><name>System.String</name><uri /></type><defaultValue>None</defaultValue></parameter><parameter required="False" variableLength="false" globbing="false" pipelineInput="True (ByPropertyName)" position="Named"><name>DestinationS3Prefix</name><description><para><i>This target has been deprecated.</i> (Optional) The desired S3 prefix for the published data set, similar to a directory path in standard file systems. For example, if given the bucket name &quot;mybucket&quot; and the prefix &quot;myprefix/mydatasets&quot;, the output file &quot;outputfile&quot; would be published to &quot;s3://mybucket/myprefix/mydatasets/outputfile&quot;. If the prefix directory structure does not exist, it will be created. If no prefix is provided, the data set will be published to the S3 bucket root. </para></description><parameterValue required="true" variableLength="false">System.String</parameterValue><type><name>System.String</name><uri /></type><defaultValue>None</defaultValue></parameter><parameter required="False" variableLength="false" globbing="false" pipelineInput="True (ByPropertyName)" position="Named"><name>EndpointUrl</name><description><para>The endpoint to make the call against. 
<b>Note:</b> This parameter is primarily for internal AWS use and is not required/should not be specified for  normal usage. The cmdlets normally determine which endpoint to call based on the region specified to the -Region parameter or set as default in the shell (via Set-DefaultAWSRegion). Only specify this parameter if you must direct the call to a specific custom endpoint. </para></description><parameterValue required="true" variableLength="false">System.String</parameterValue><type><name>System.String</name><uri /></type><defaultValue>None</defaultValue></parameter><parameter required="True" variableLength="false" globbing="false" pipelineInput="True (ByPropertyName)" position="Named"><name>FromDate</name><description><para><i>This target has been deprecated.</i> The start date from which to retrieve the data set in UTC. This parameter only affects the customer_support_contacts_data data set type. </para></description><parameterValue required="true" variableLength="false">System.DateTime</parameterValue><type><name>System.DateTime</name><uri /></type><defaultValue>None</defaultValue></parameter><parameter required="False" variableLength="false" globbing="false" pipelineInput="True (ByValue, ByPropertyName)" position="Named"><name>NetworkCredential</name><description><para>Used with SAML-based authentication when ProfileName references a SAML role profile.  Contains the network credentials to be supplied during authentication with the  configured identity provider&#39;s endpoint. This parameter is not required if the user&#39;s default network identity can or should be used during authentication. </para></description><parameterValue required="true" variableLength="false">System.Management.Automation.PSCredential</parameterValue><type><name>System.Management.Automation.PSCredential</name><uri /></type><defaultValue>None</defaultValue></parameter><parameter required="False" variableLength="false" globbing="false" pipelineInput="True (ByPropertyName)" position="Named"><name>ProfileLocation</name><description><para>Used to specify the name and location of the ini-format credential file (shared with the AWS CLI and other AWS SDKs) 
If this optional parameter is omitted this cmdlet will search the encrypted credential file used by the AWS SDK for .NET and AWS Toolkit for Visual Studio first. If the profile is not found then the cmdlet will search in the ini-format credential file at the default location: (user&#39;s home directory)\.aws\credentials. 
If this parameter is specified then this cmdlet will only search the ini-format credential file at the location given. 
As the current folder can vary in a shell or during script execution it is advised that you use specify a fully qualified path instead of a relative path. </para></description><parameterValue required="true" variableLength="false">System.String</parameterValue><type><name>System.String</name><uri /></type><defaultValue>None</defaultValue></parameter><parameter required="False" variableLength="false" globbing="false" pipelineInput="True (ByPropertyName)" position="Named"><name>ProfileName</name><description><para>The user-defined name of an AWS credentials or SAML-based role profile containing credential information. The profile is expected to be found in the secure credential file shared with the AWS SDK for .NET and AWS Toolkit for Visual Studio. You can also specify the name of a profile stored in the .ini-format credential file used with  the AWS CLI and other AWS SDKs. </para></description><parameterValue required="true" variableLength="false">System.String</parameterValue><type><name>System.String</name><uri /></type><defaultValue>None</defaultValue></parameter><parameter required="False" variableLength="false" globbing="false" pipelineInput="True (ByPropertyName)" position="Named"><name>Region</name><description><para>The system name of an AWS region or an AWSRegion instance. This governs the endpoint that will be used when calling service operations. Note that  the AWS resources referenced in a call are usually region-specific. </para></description><parameterValue required="true" variableLength="false">System.Object</parameterValue><type><name>System.Object</name><uri /></type><defaultValue>None</defaultValue></parameter><parameter required="True" variableLength="false" globbing="false" pipelineInput="True (ByPropertyName)" position="Named"><name>RoleNameArn</name><description><para><i>This target has been deprecated.</i> The Amazon Resource Name (ARN) of the Role with an attached permissions policy to interact with the provided AWS services. </para></description><parameterValue required="true" variableLength="false">System.String</parameterValue><type><name>System.String</name><uri /></type><defaultValue>None</defaultValue></parameter><parameter required="False" variableLength="false" globbing="false" pipelineInput="True (ByPropertyName)" position="Named"><name>SecretKey</name><description><para>The AWS secret key for the user account. This can be a temporary secret key if the corresponding session token is supplied to the -SessionToken parameter. </para></description><parameterValue required="true" variableLength="false">System.String</parameterValue><type><name>System.String</name><uri /></type><defaultValue>None</defaultValue></parameter><parameter required="False" variableLength="false" globbing="false" pipelineInput="True (ByPropertyName)" position="Named"><name>Select</name><description><para>Use the -Select parameter to control the cmdlet output. The default value is &#39;DataSetRequestId&#39;. Specifying -Select &#39;*&#39; will result in the cmdlet returning the whole service response (Amazon.AWSMarketplaceCommerceAnalytics.Model.StartSupportDataExportResponse). Specifying the name of a property of type Amazon.AWSMarketplaceCommerceAnalytics.Model.StartSupportDataExportResponse will result in that property being returned. Specifying -Select &#39;^ParameterName&#39; will result in the cmdlet returning the selected cmdlet parameter value. </para></description><parameterValue required="true" variableLength="false">System.String</parameterValue><type><name>System.String</name><uri /></type><defaultValue>None</defaultValue></parameter><parameter required="False" variableLength="false" globbing="false" pipelineInput="True (ByPropertyName)" position="Named"><name>SessionToken</name><description><para>The session token if the access and secret keys are temporary session-based credentials. </para></description><parameterValue required="true" variableLength="false">System.String</parameterValue><type><name>System.String</name><uri /></type><defaultValue>None</defaultValue></parameter><parameter required="True" variableLength="false" globbing="false" pipelineInput="True (ByPropertyName)" position="Named"><name>SnsTopicArn</name><description><para><i>This target has been deprecated.</i> Amazon Resource Name (ARN) for the SNS Topic that will be notified when the data set has been published or if an error has occurred. </para></description><parameterValue required="true" variableLength="false">System.String</parameterValue><type><name>System.String</name><uri /></type><defaultValue>None</defaultValue></parameter></parameters><returnValues><returnValue><type><name>System.String or Amazon.AWSMarketplaceCommerceAnalytics.Model.StartSupportDataExportResponse</name><uri /><description /></type><description><para>This cmdlet returns a System.String object.
The service call response (type Amazon.AWSMarketplaceCommerceAnalytics.Model.StartSupportDataExportResponse) can be returned by specifying '-Select *'.</para></description></returnValue></returnValues><relatedLinks><navigationLink><linkText>Online version:</linkText><uri>http://docs.aws.amazon.com/powershell/latest/reference/index.html?page=Start-MCASupportDataExport.html&amp;tocid=Start-MCASupportDataExport</uri></navigationLink><navigationLink><linkText>Common credential and region parameters: </linkText><uri>http://docs.aws.amazon.com/powershell/latest/reference/items/pstoolsref-commonparams.html</uri></navigationLink><navigationLink><linkText>User Guide:</linkText><uri>https://docs.aws.amazon.com/mobileanalytics/latest/ug/</uri></navigationLink></relatedLinks></command><command xmlns:maml="http://schemas.microsoft.com/maml/2004/10" xmlns:command="http://schemas.microsoft.com/maml/dev/command/2004/10" xmlns:dev="http://schemas.microsoft.com/maml/dev/2004/10"><details><name>New-MCADataSet</name><description><para>Calls the AWS Marketplace Commerce Analytics GenerateDataSet API operation.</para></description><verb>New</verb><noun>MCADataSet</noun><copyright><para>&amp;copy; Copyright Amazon.com, Inc.or its affiliates.All Rights Reserved.</para></copyright></details><description><para>Given a data set type and data set publication date, asynchronously publishes the requested data set to the specified S3 bucket and notifies the specified SNS topic once the data is available. Returns a unique request identifier that can be used to correlate requests with notifications from the SNS topic. Data sets will be published in comma-separated values (CSV) format with the file name {data_set_type}_YYYY-MM-DD.csv. If a file with the same name already exists (e.g. if the same data set is requested twice), the original file will be overwritten by the new file. Requires a Role with an attached permissions policy providing Allow permissions for the following actions: s3:PutObject, s3:GetBucketLocation, sns:GetTopicAttributes, sns:Publish, iam:GetRolePolicy. </para></description><syntax><syntaxItem><name>New-MCADataSet</name><parameter required="True" variableLength="false" globbing="false" pipelineInput="True (ByPropertyName)" position="2"><name>DestinationS3BucketName</name><description><para>The name (friendly name, not ARN) of the destination S3 bucket. </para></description><parameterValue required="true" variableLength="false">System.String</parameterValue></parameter><parameter required="True" variableLength="false" globbing="false" pipelineInput="True (ByPropertyName)" position="3"><name>RoleNameArn</name><description><para>The Amazon Resource Name (ARN) of the Role with an attached permissions policy to interact with the provided AWS services. </para></description><parameterValue required="true" variableLength="false">System.String</parameterValue></parameter><parameter required="True" variableLength="false" globbing="false" pipelineInput="True (ByPropertyName)" position="4"><name>SnsTopicArn</name><description><para>Amazon Resource Name (ARN) for the SNS Topic that will be notified when the data set has been published or if an error has occurred. </para></description><parameterValue required="true" variableLength="false">System.String</parameterValue></parameter><parameter required="False" variableLength="false" globbing="false" pipelineInput="True (ByPropertyName)" position="Named"><name>CustomerDefinedValue</name><description><para>(Optional) Key-value pairs which will be returned, unmodified, in the Amazon SNS notification message and the data set metadata file. These key-value pairs can be used to correlated responses with tracking information from other systems. </para></description><parameterValue required="true" variableLength="false">System.Collections.Hashtable</parameterValue></parameter><parameter required="True" variableLength="false" globbing="false" pipelineInput="True (ByPropertyName)" position="Named"><name>DataSetPublicationDate</name><description><para>The date a data set was published. For daily data sets, provide a date with day-level granularity for the desired day. For monthly data sets except those with prefix disbursed_amount, provide a date with month-level granularity for the desired month (the day value will be ignored). For data sets with prefix disbursed_amount, provide a date with day-level granularity for the desired day. For these data sets we will look backwards in time over the range of 31 days until the first data set is found (the latest one). </para></description><parameterValue required="true" variableLength="false">System.DateTime</parameterValue></parameter><parameter required="True" variableLength="false" globbing="false" pipelineInput="True (ByPropertyName)" position="Named"><name>DataSetType</name><description><para>The desired data set type. 
 -customer_subscriber_hourly_monthly_subscriptions From 2017-09-15 to present: Available daily by 24:00 UTC. 
 -customer_subscriber_annual_subscriptions From 2017-09-15 to present: Available daily by 24:00 UTC. 
 -daily_business_usage_by_instance_type From 2017-09-15 to present: Available daily by 24:00 UTC. 
 -daily_business_fees From 2017-09-15 to present: Available daily by 24:00 UTC. 
 -daily_business_free_trial_conversions From 2017-09-15 to present: Available daily by 24:00 UTC. 
 -daily_business_new_instances From 2017-09-15 to present: Available daily by 24:00 UTC. 
 -daily_business_new_product_subscribers From 2017-09-15 to present: Available daily by 24:00 UTC. 
 -daily_business_canceled_product_subscribers From 2017-09-15 to present: Available daily by 24:00 UTC. 
 -monthly_revenue_billing_and_revenue_data From 2017-09-15 to present: Available monthly on the 15th day of the month by 24:00 UTC. Data includes metered transactions (e.g. hourly) from one month prior. 
 -monthly_revenue_annual_subscriptions From 2017-09-15 to present: Available monthly on the 15th day of the month by 24:00 UTC. Data includes up-front software charges (e.g. annual) from one month prior. 
 -monthly_revenue_field_demonstration_usage From 2018-03-15 to present: Available monthly on the 15th day of the month by 24:00 UTC. 
 -monthly_revenue_flexible_payment_schedule From 2018-11-15 to present: Available monthly on the 15th day of the month by 24:00 UTC. 
 -disbursed_amount_by_product From 2017-09-15 to present: Available every 30 days by 24:00 UTC. 
 -disbursed_amount_by_instance_hours From 2017-09-15 to present: Available every 30 days by 24:00 UTC. 
 -disbursed_amount_by_customer_geo From 2017-09-15 to present: Available every 30 days by 24:00 UTC. 
 -disbursed_amount_by_age_of_uncollected_funds From 2017-09-15 to present: Available every 30 days by 24:00 UTC. 
 -disbursed_amount_by_age_of_disbursed_funds From 2017-09-15 to present: Available every 30 days by 24:00 UTC. 
 -disbursed_amount_by_age_of_past_due_funds From 2018-04-07 to present: Available every 30 days by 24:00 UTC. 
 -disbursed_amount_by_uncollected_funds_breakdown From 2019-10-04 to present: Available every 30 days by 24:00 UTC. 
 -sales_compensation_billed_revenue From 2017-09-15 to present: Available monthly on the 15th day of the month by 24:00 UTC. Data includes metered transactions (e.g. hourly) from one month prior, and up-front software charges (e.g. annual) from one month prior. 
 -us_sales_and_use_tax_records From 2017-09-15 to present: Available monthly on the 15th day of the month by 24:00 UTC. 
 -disbursed_amount_by_product_with_uncollected_funds This data set is deprecated. Download related reports from AMMP instead! 
 -customer_profile_by_industry This data set is deprecated. Download related reports from AMMP instead! 
 -customer_profile_by_revenue This data set is deprecated. Download related reports from AMMP instead! 
 -customer_profile_by_geography This data set is deprecated. Download related reports from AMMP instead! </para></description><parameterValue required="true" variableLength="false">Amazon.AWSMarketplaceCommerceAnalytics.DataSetType</parameterValue></parameter><parameter required="False" variableLength="false" globbing="false" pipelineInput="True (ByPropertyName)" position="Named"><name>DestinationS3Prefix</name><description><para>(Optional) The desired S3 prefix for the published data set, similar to a directory path in standard file systems. For example, if given the bucket name &quot;mybucket&quot; and the prefix &quot;myprefix/mydatasets&quot;, the output file &quot;outputfile&quot; would be published to &quot;s3://mybucket/myprefix/mydatasets/outputfile&quot;. If the prefix directory structure does not exist, it will be created. If no prefix is provided, the data set will be published to the S3 bucket root. </para></description><parameterValue required="true" variableLength="false">System.String</parameterValue></parameter><parameter required="False" variableLength="false" globbing="false" pipelineInput="True (ByPropertyName)" position="Named"><name>Select</name><description><para>Use the -Select parameter to control the cmdlet output. The default value is &#39;DataSetRequestId&#39;. Specifying -Select &#39;*&#39; will result in the cmdlet returning the whole service response (Amazon.AWSMarketplaceCommerceAnalytics.Model.GenerateDataSetResponse). Specifying the name of a property of type Amazon.AWSMarketplaceCommerceAnalytics.Model.GenerateDataSetResponse will result in that property being returned. Specifying -Select &#39;^ParameterName&#39; will result in the cmdlet returning the selected cmdlet parameter value. </para></description><parameterValue required="true" variableLength="false">System.String</parameterValue></parameter><parameter required="False" variableLength="false" globbing="false" pipelineInput="True (ByPropertyName)" position="Named"><name>ClientConfig</name><description><para>Amazon.PowerShell.Cmdlets.MCA.AmazonAWSMarketplaceCommerceAnalyticsClientCmdlet.ClientConfig </para></description><parameterValue required="true" variableLength="false">Amazon.AWSMarketplaceCommerceAnalytics.AmazonAWSMarketplaceCommerceAnalyticsConfig</parameterValue></parameter><parameter required="False" variableLength="false" globbing="false" pipelineInput="True (ByPropertyName)" position="Named"><name>EndpointUrl</name><description><para>The endpoint to make the call against. 
<b>Note:</b> This parameter is primarily for internal AWS use and is not required/should not be specified for  normal usage. The cmdlets normally determine which endpoint to call based on the region specified to the -Region parameter or set as default in the shell (via Set-DefaultAWSRegion). Only specify this parameter if you must direct the call to a specific custom endpoint. </para></description><parameterValue required="true" variableLength="false">System.String</parameterValue></parameter><parameter required="False" variableLength="false" globbing="false" pipelineInput="True (ByPropertyName)" position="Named"><name>Region</name><description><para>The system name of an AWS region or an AWSRegion instance. This governs the endpoint that will be used when calling service operations. Note that  the AWS resources referenced in a call are usually region-specific. </para></description><parameterValue required="true" variableLength="false">System.Object</parameterValue></parameter><parameter required="False" variableLength="false" globbing="false" pipelineInput="True (ByPropertyName)" position="Named"><name>AccessKey</name><description><para>The AWS access key for the user account. This can be a temporary access key if the corresponding session token is supplied to the -SessionToken parameter. </para></description><parameterValue required="true" variableLength="false">System.String</parameterValue></parameter><parameter required="False" variableLength="false" globbing="false" pipelineInput="True (ByPropertyName)" position="Named"><name>SecretKey</name><description><para>The AWS secret key for the user account. This can be a temporary secret key if the corresponding session token is supplied to the -SessionToken parameter. </para></description><parameterValue required="true" variableLength="false">System.String</parameterValue></parameter><parameter required="False" variableLength="false" globbing="false" pipelineInput="True (ByPropertyName)" position="Named"><name>SessionToken</name><description><para>The session token if the access and secret keys are temporary session-based credentials. </para></description><parameterValue required="true" variableLength="false">System.String</parameterValue></parameter><parameter required="False" variableLength="false" globbing="false" pipelineInput="True (ByPropertyName)" position="Named"><name>ProfileName</name><description><para>The user-defined name of an AWS credentials or SAML-based role profile containing credential information. The profile is expected to be found in the secure credential file shared with the AWS SDK for .NET and AWS Toolkit for Visual Studio. You can also specify the name of a profile stored in the .ini-format credential file used with  the AWS CLI and other AWS SDKs. </para></description><parameterValue required="true" variableLength="false">System.String</parameterValue></parameter><parameter required="False" variableLength="false" globbing="false" pipelineInput="True (ByPropertyName)" position="Named"><name>ProfileLocation</name><description><para>Used to specify the name and location of the ini-format credential file (shared with the AWS CLI and other AWS SDKs) 
If this optional parameter is omitted this cmdlet will search the encrypted credential file used by the AWS SDK for .NET and AWS Toolkit for Visual Studio first. If the profile is not found then the cmdlet will search in the ini-format credential file at the default location: (user&#39;s home directory)\.aws\credentials. 
If this parameter is specified then this cmdlet will only search the ini-format credential file at the location given. 
As the current folder can vary in a shell or during script execution it is advised that you use specify a fully qualified path instead of a relative path. </para></description><parameterValue required="true" variableLength="false">System.String</parameterValue></parameter><parameter required="False" variableLength="false" globbing="false" pipelineInput="True (ByValue, ByPropertyName)" position="Named"><name>Credential</name><description><para>An AWSCredentials object instance containing access and secret key information, and optionally a token for session-based credentials. </para></description><parameterValue required="true" variableLength="false">Amazon.Runtime.AWSCredentials</parameterValue></parameter><parameter required="False" variableLength="false" globbing="false" pipelineInput="True (ByValue, ByPropertyName)" position="Named"><name>NetworkCredential</name><description><para>Used with SAML-based authentication when ProfileName references a SAML role profile.  Contains the network credentials to be supplied during authentication with the  configured identity provider&#39;s endpoint. This parameter is not required if the user&#39;s default network identity can or should be used during authentication. </para></description><parameterValue required="true" variableLength="false">System.Management.Automation.PSCredential</parameterValue></parameter></syntaxItem></syntax><parameters><parameter required="False" variableLength="false" globbing="false" pipelineInput="True (ByPropertyName)" position="Named"><name>AccessKey</name><description><para>The AWS access key for the user account. This can be a temporary access key if the corresponding session token is supplied to the -SessionToken parameter. </para></description><parameterValue required="true" variableLength="false">System.String</parameterValue><type><name>System.String</name><uri /></type><defaultValue>None</defaultValue></parameter><parameter required="False" variableLength="false" globbing="false" pipelineInput="True (ByPropertyName)" position="Named"><name>ClientConfig</name><description><para>Amazon.PowerShell.Cmdlets.MCA.AmazonAWSMarketplaceCommerceAnalyticsClientCmdlet.ClientConfig </para></description><parameterValue required="true" variableLength="false">Amazon.AWSMarketplaceCommerceAnalytics.AmazonAWSMarketplaceCommerceAnalyticsConfig</parameterValue><type><name>Amazon.AWSMarketplaceCommerceAnalytics.AmazonAWSMarketplaceCommerceAnalyticsConfig</name><uri /></type><defaultValue>None</defaultValue></parameter><parameter required="False" variableLength="false" globbing="false" pipelineInput="True (ByValue, ByPropertyName)" position="Named"><name>Credential</name><description><para>An AWSCredentials object instance containing access and secret key information, and optionally a token for session-based credentials. </para></description><parameterValue required="true" variableLength="false">Amazon.Runtime.AWSCredentials</parameterValue><type><name>Amazon.Runtime.AWSCredentials</name><uri /></type><defaultValue>None</defaultValue></parameter><parameter required="False" variableLength="false" globbing="false" pipelineInput="True (ByPropertyName)" position="Named"><name>CustomerDefinedValue</name><description><para>(Optional) Key-value pairs which will be returned, unmodified, in the Amazon SNS notification message and the data set metadata file. These key-value pairs can be used to correlated responses with tracking information from other systems. </para></description><parameterValue required="true" variableLength="false">System.Collections.Hashtable</parameterValue><type><name>System.Collections.Hashtable</name><uri /></type><defaultValue>None</defaultValue></parameter><parameter required="True" variableLength="false" globbing="false" pipelineInput="True (ByPropertyName)" position="Named"><name>DataSetPublicationDate</name><description><para>The date a data set was published. For daily data sets, provide a date with day-level granularity for the desired day. For monthly data sets except those with prefix disbursed_amount, provide a date with month-level granularity for the desired month (the day value will be ignored). For data sets with prefix disbursed_amount, provide a date with day-level granularity for the desired day. For these data sets we will look backwards in time over the range of 31 days until the first data set is found (the latest one). </para></description><parameterValue required="true" variableLength="false">System.DateTime</parameterValue><type><name>System.DateTime</name><uri /></type><defaultValue>None</defaultValue></parameter><parameter required="True" variableLength="false" globbing="false" pipelineInput="True (ByPropertyName)" position="Named"><name>DataSetType</name><description><para>The desired data set type. 
 -customer_subscriber_hourly_monthly_subscriptions From 2017-09-15 to present: Available daily by 24:00 UTC. 
 -customer_subscriber_annual_subscriptions From 2017-09-15 to present: Available daily by 24:00 UTC. 
 -daily_business_usage_by_instance_type From 2017-09-15 to present: Available daily by 24:00 UTC. 
 -daily_business_fees From 2017-09-15 to present: Available daily by 24:00 UTC. 
 -daily_business_free_trial_conversions From 2017-09-15 to present: Available daily by 24:00 UTC. 
 -daily_business_new_instances From 2017-09-15 to present: Available daily by 24:00 UTC. 
 -daily_business_new_product_subscribers From 2017-09-15 to present: Available daily by 24:00 UTC. 
 -daily_business_canceled_product_subscribers From 2017-09-15 to present: Available daily by 24:00 UTC. 
 -monthly_revenue_billing_and_revenue_data From 2017-09-15 to present: Available monthly on the 15th day of the month by 24:00 UTC. Data includes metered transactions (e.g. hourly) from one month prior. 
 -monthly_revenue_annual_subscriptions From 2017-09-15 to present: Available monthly on the 15th day of the month by 24:00 UTC. Data includes up-front software charges (e.g. annual) from one month prior. 
 -monthly_revenue_field_demonstration_usage From 2018-03-15 to present: Available monthly on the 15th day of the month by 24:00 UTC. 
 -monthly_revenue_flexible_payment_schedule From 2018-11-15 to present: Available monthly on the 15th day of the month by 24:00 UTC. 
 -disbursed_amount_by_product From 2017-09-15 to present: Available every 30 days by 24:00 UTC. 
 -disbursed_amount_by_instance_hours From 2017-09-15 to present: Available every 30 days by 24:00 UTC. 
 -disbursed_amount_by_customer_geo From 2017-09-15 to present: Available every 30 days by 24:00 UTC. 
 -disbursed_amount_by_age_of_uncollected_funds From 2017-09-15 to present: Available every 30 days by 24:00 UTC. 
 -disbursed_amount_by_age_of_disbursed_funds From 2017-09-15 to present: Available every 30 days by 24:00 UTC. 
 -disbursed_amount_by_age_of_past_due_funds From 2018-04-07 to present: Available every 30 days by 24:00 UTC. 
 -disbursed_amount_by_uncollected_funds_breakdown From 2019-10-04 to present: Available every 30 days by 24:00 UTC. 
 -sales_compensation_billed_revenue From 2017-09-15 to present: Available monthly on the 15th day of the month by 24:00 UTC. Data includes metered transactions (e.g. hourly) from one month prior, and up-front software charges (e.g. annual) from one month prior. 
 -us_sales_and_use_tax_records From 2017-09-15 to present: Available monthly on the 15th day of the month by 24:00 UTC. 
 -disbursed_amount_by_product_with_uncollected_funds This data set is deprecated. Download related reports from AMMP instead! 
 -customer_profile_by_industry This data set is deprecated. Download related reports from AMMP instead! 
 -customer_profile_by_revenue This data set is deprecated. Download related reports from AMMP instead! 
 -customer_profile_by_geography This data set is deprecated. Download related reports from AMMP instead! </para></description><parameterValue required="true" variableLength="false">Amazon.AWSMarketplaceCommerceAnalytics.DataSetType</parameterValue><type><name>Amazon.AWSMarketplaceCommerceAnalytics.DataSetType</name><uri /></type><defaultValue>None</defaultValue></parameter><parameter required="True" variableLength="false" globbing="false" pipelineInput="True (ByPropertyName)" position="2"><name>DestinationS3BucketName</name><description><para>The name (friendly name, not ARN) of the destination S3 bucket. </para></description><parameterValue required="true" variableLength="false">System.String</parameterValue><type><name>System.String</name><uri /></type><defaultValue>None</defaultValue></parameter><parameter required="False" variableLength="false" globbing="false" pipelineInput="True (ByPropertyName)" position="Named"><name>DestinationS3Prefix</name><description><para>(Optional) The desired S3 prefix for the published data set, similar to a directory path in standard file systems. For example, if given the bucket name &quot;mybucket&quot; and the prefix &quot;myprefix/mydatasets&quot;, the output file &quot;outputfile&quot; would be published to &quot;s3://mybucket/myprefix/mydatasets/outputfile&quot;. If the prefix directory structure does not exist, it will be created. If no prefix is provided, the data set will be published to the S3 bucket root. </para></description><parameterValue required="true" variableLength="false">System.String</parameterValue><type><name>System.String</name><uri /></type><defaultValue>None</defaultValue></parameter><parameter required="False" variableLength="false" globbing="false" pipelineInput="True (ByPropertyName)" position="Named"><name>EndpointUrl</name><description><para>The endpoint to make the call against. 
<b>Note:</b> This parameter is primarily for internal AWS use and is not required/should not be specified for  normal usage. The cmdlets normally determine which endpoint to call based on the region specified to the -Region parameter or set as default in the shell (via Set-DefaultAWSRegion). Only specify this parameter if you must direct the call to a specific custom endpoint. </para></description><parameterValue required="true" variableLength="false">System.String</parameterValue><type><name>System.String</name><uri /></type><defaultValue>None</defaultValue></parameter><parameter required="False" variableLength="false" globbing="false" pipelineInput="True (ByValue, ByPropertyName)" position="Named"><name>NetworkCredential</name><description><para>Used with SAML-based authentication when ProfileName references a SAML role profile.  Contains the network credentials to be supplied during authentication with the  configured identity provider&#39;s endpoint. This parameter is not required if the user&#39;s default network identity can or should be used during authentication. </para></description><parameterValue required="true" variableLength="false">System.Management.Automation.PSCredential</parameterValue><type><name>System.Management.Automation.PSCredential</name><uri /></type><defaultValue>None</defaultValue></parameter><parameter required="False" variableLength="false" globbing="false" pipelineInput="True (ByPropertyName)" position="Named"><name>ProfileLocation</name><description><para>Used to specify the name and location of the ini-format credential file (shared with the AWS CLI and other AWS SDKs) 
If this optional parameter is omitted this cmdlet will search the encrypted credential file used by the AWS SDK for .NET and AWS Toolkit for Visual Studio first. If the profile is not found then the cmdlet will search in the ini-format credential file at the default location: (user&#39;s home directory)\.aws\credentials. 
If this parameter is specified then this cmdlet will only search the ini-format credential file at the location given. 
As the current folder can vary in a shell or during script execution it is advised that you use specify a fully qualified path instead of a relative path. </para></description><parameterValue required="true" variableLength="false">System.String</parameterValue><type><name>System.String</name><uri /></type><defaultValue>None</defaultValue></parameter><parameter required="False" variableLength="false" globbing="false" pipelineInput="True (ByPropertyName)" position="Named"><name>ProfileName</name><description><para>The user-defined name of an AWS credentials or SAML-based role profile containing credential information. The profile is expected to be found in the secure credential file shared with the AWS SDK for .NET and AWS Toolkit for Visual Studio. You can also specify the name of a profile stored in the .ini-format credential file used with  the AWS CLI and other AWS SDKs. </para></description><parameterValue required="true" variableLength="false">System.String</parameterValue><type><name>System.String</name><uri /></type><defaultValue>None</defaultValue></parameter><parameter required="False" variableLength="false" globbing="false" pipelineInput="True (ByPropertyName)" position="Named"><name>Region</name><description><para>The system name of an AWS region or an AWSRegion instance. This governs the endpoint that will be used when calling service operations. Note that  the AWS resources referenced in a call are usually region-specific. </para></description><parameterValue required="true" variableLength="false">System.Object</parameterValue><type><name>System.Object</name><uri /></type><defaultValue>None</defaultValue></parameter><parameter required="True" variableLength="false" globbing="false" pipelineInput="True (ByPropertyName)" position="3"><name>RoleNameArn</name><description><para>The Amazon Resource Name (ARN) of the Role with an attached permissions policy to interact with the provided AWS services. </para></description><parameterValue required="true" variableLength="false">System.String</parameterValue><type><name>System.String</name><uri /></type><defaultValue>None</defaultValue></parameter><parameter required="False" variableLength="false" globbing="false" pipelineInput="True (ByPropertyName)" position="Named"><name>SecretKey</name><description><para>The AWS secret key for the user account. This can be a temporary secret key if the corresponding session token is supplied to the -SessionToken parameter. </para></description><parameterValue required="true" variableLength="false">System.String</parameterValue><type><name>System.String</name><uri /></type><defaultValue>None</defaultValue></parameter><parameter required="False" variableLength="false" globbing="false" pipelineInput="True (ByPropertyName)" position="Named"><name>Select</name><description><para>Use the -Select parameter to control the cmdlet output. The default value is &#39;DataSetRequestId&#39;. Specifying -Select &#39;*&#39; will result in the cmdlet returning the whole service response (Amazon.AWSMarketplaceCommerceAnalytics.Model.GenerateDataSetResponse). Specifying the name of a property of type Amazon.AWSMarketplaceCommerceAnalytics.Model.GenerateDataSetResponse will result in that property being returned. Specifying -Select &#39;^ParameterName&#39; will result in the cmdlet returning the selected cmdlet parameter value. </para></description><parameterValue required="true" variableLength="false">System.String</parameterValue><type><name>System.String</name><uri /></type><defaultValue>None</defaultValue></parameter><parameter required="False" variableLength="false" globbing="false" pipelineInput="True (ByPropertyName)" position="Named"><name>SessionToken</name><description><para>The session token if the access and secret keys are temporary session-based credentials. </para></description><parameterValue required="true" variableLength="false">System.String</parameterValue><type><name>System.String</name><uri /></type><defaultValue>None</defaultValue></parameter><parameter required="True" variableLength="false" globbing="false" pipelineInput="True (ByPropertyName)" position="4"><name>SnsTopicArn</name><description><para>Amazon Resource Name (ARN) for the SNS Topic that will be notified when the data set has been published or if an error has occurred. </para></description><parameterValue required="true" variableLength="false">System.String</parameterValue><type><name>System.String</name><uri /></type><defaultValue>None</defaultValue></parameter></parameters><returnValues><returnValue><type><name>System.String or Amazon.AWSMarketplaceCommerceAnalytics.Model.GenerateDataSetResponse</name><uri /><description /></type><description><para>This cmdlet returns a System.String object.
The service call response (type Amazon.AWSMarketplaceCommerceAnalytics.Model.GenerateDataSetResponse) can be returned by specifying '-Select *'.</para></description></returnValue></returnValues><relatedLinks><navigationLink><linkText>Online version:</linkText><uri>http://docs.aws.amazon.com/powershell/latest/reference/index.html?page=New-MCADataSet.html&amp;tocid=New-MCADataSet</uri></navigationLink><navigationLink><linkText>Common credential and region parameters: </linkText><uri>http://docs.aws.amazon.com/powershell/latest/reference/items/pstoolsref-commonparams.html</uri></navigationLink><navigationLink><linkText>User Guide:</linkText><uri>https://docs.aws.amazon.com/mobileanalytics/latest/ug/</uri></navigationLink></relatedLinks></command></helpItems>