<Objs Version="1.1.0.1" xmlns="http://schemas.microsoft.com/powershell/2004/04">
  <Obj RefId="0">
    <TN RefId="0">
      <T>Microsoft.PowerShell.Commands.PSRepositoryItemInfo</T>
      <T>System.Management.Automation.PSCustomObject</T>
      <T>System.Object</T>
    </TN>
    <MS>
      <S N="Name">OCI.PSModules.Stackmonitoring</S>
      <Version N="Version">120.0.0</Version>
      <S N="Type">Module</S>
      <S N="Description">This modules provides Cmdlets for OCI Stackmonitoring Service</S>
      <S N="Author">Oracle Cloud Infrastructure</S>
      <S N="CompanyName">oci-psmodules-grp</S>
      <S N="Copyright">(c) Oracle Cloud Infrastructure. All rights reserved.</S>
      <DT N="PublishedDate">2025-11-18T18:53:37+02:00</DT>
      <Obj N="InstalledDate" RefId="1">
        <DT>2025-11-27T08:21:21.2863473+02:00</DT>
        <MS>
          <Obj N="DisplayHint" RefId="2">
            <TN RefId="1">
              <T>Microsoft.PowerShell.Commands.DisplayHintType</T>
              <T>System.Enum</T>
              <T>System.ValueType</T>
              <T>System.Object</T>
            </TN>
            <ToString>DateTime</ToString>
            <I32>2</I32>
          </Obj>
        </MS>
      </Obj>
      <Nil N="UpdatedDate" />
      <URI N="LicenseUri">https://github.com/oracle/oci-powershell-modules/blob/master/LICENSE.txt</URI>
      <URI N="ProjectUri">https://github.com/oracle/oci-powershell-modules/</URI>
      <URI N="IconUri">https://github.com/oracle/oci-powershell-modules/blob/master/icon.png</URI>
      <Obj N="Tags" RefId="3">
        <TN RefId="2">
          <T>System.Object[]</T>
          <T>System.Array</T>
          <T>System.Object</T>
        </TN>
        <LST>
          <S>PSEdition_Core</S>
          <S>Windows</S>
          <S>Linux</S>
          <S>macOS</S>
          <S>Oracle</S>
          <S>OCI</S>
          <S>Cloud</S>
          <S>OracleCloudInfrastructure</S>
          <S>Stackmonitoring</S>
          <S>PSModule</S>
        </LST>
      </Obj>
      <Obj N="Includes" RefId="4">
        <TN RefId="3">
          <T>System.Collections.Hashtable</T>
          <T>System.Object</T>
        </TN>
        <DCT>
          <En>
            <S N="Key">Function</S>
            <Obj N="Value" RefId="5">
              <TNRef RefId="2" />
              <LST />
            </Obj>
          </En>
          <En>
            <S N="Key">RoleCapability</S>
            <Ref N="Value" RefId="5" />
          </En>
          <En>
            <S N="Key">Cmdlet</S>
            <Obj N="Value" RefId="6">
              <TNRef RefId="2" />
              <LST>
                <S>Disable-OCIStackmonitoringExternalDatabase</S>
                <S>Disable-OCIStackmonitoringMetricExtension</S>
                <S>Enable-OCIStackmonitoringMetricExtension</S>
                <S>Export-OCIStackmonitoringMetricExtension</S>
                <S>Export-OCIStackmonitoringMonitoringTemplate</S>
                <S>Get-OCIStackmonitoringAlarmCondition</S>
                <S>Get-OCIStackmonitoringAlarmConditionsList</S>
                <S>Get-OCIStackmonitoringBaselineableMetric</S>
                <S>Get-OCIStackmonitoringBaselineableMetricsList</S>
                <S>Get-OCIStackmonitoringConfig</S>
                <S>Get-OCIStackmonitoringConfigsList</S>
                <S>Get-OCIStackmonitoringDefinedMonitoringTemplatesList</S>
                <S>Get-OCIStackmonitoringDiscoveryJob</S>
                <S>Get-OCIStackmonitoringDiscoveryJobLogsList</S>
                <S>Get-OCIStackmonitoringDiscoveryJobsList</S>
                <S>Get-OCIStackmonitoringMaintenanceWindow</S>
                <S>Get-OCIStackmonitoringMaintenanceWindowsList</S>
                <S>Get-OCIStackmonitoringMetricExtension</S>
                <S>Get-OCIStackmonitoringMetricExtensionsList</S>
                <S>Get-OCIStackmonitoringMonitoredResource</S>
                <S>Get-OCIStackmonitoringMonitoredResourcesList</S>
                <S>Get-OCIStackmonitoringMonitoredResourceTask</S>
                <S>Get-OCIStackmonitoringMonitoredResourceTasksList</S>
                <S>Get-OCIStackmonitoringMonitoredResourceType</S>
                <S>Get-OCIStackmonitoringMonitoredResourceTypesList</S>
                <S>Get-OCIStackmonitoringMonitoringTemplate</S>
                <S>Get-OCIStackmonitoringMonitoringTemplatesList</S>
                <S>Get-OCIStackmonitoringProcessSet</S>
                <S>Get-OCIStackmonitoringProcessSetsList</S>
                <S>Get-OCIStackmonitoringWorkRequest</S>
                <S>Get-OCIStackmonitoringWorkRequestErrorsList</S>
                <S>Get-OCIStackmonitoringWorkRequestLogsList</S>
                <S>Get-OCIStackmonitoringWorkRequestsList</S>
                <S>Invoke-OCIStackmonitoringApplyMonitoringTemplate</S>
                <S>Invoke-OCIStackmonitoringAssociateMonitoredResources</S>
                <S>Invoke-OCIStackmonitoringDisassociateMonitoredResources</S>
                <S>Invoke-OCIStackmonitoringEvaluateBaselineableMetric</S>
                <S>Invoke-OCIStackmonitoringManageLicense</S>
                <S>Invoke-OCIStackmonitoringPublishMetricExtension</S>
                <S>Invoke-OCIStackmonitoringRequestMonitoredResourcesSummarizedCount</S>
                <S>Invoke-OCIStackmonitoringRequestSummarizedMetricExtensionsMetrics</S>
                <S>Invoke-OCIStackmonitoringRequestSummarizedMetricExtensionsResources</S>
                <S>Invoke-OCIStackmonitoringRetryFailedMaintenanceWindowOperation</S>
                <S>Invoke-OCIStackmonitoringSearchAssociatedResources</S>
                <S>Invoke-OCIStackmonitoringSearchMonitoredResourceAssociations</S>
                <S>Invoke-OCIStackmonitoringSearchMonitoredResourceMembers</S>
                <S>Invoke-OCIStackmonitoringSearchMonitoredResources</S>
                <S>Invoke-OCIStackmonitoringTestMetricExtension</S>
                <S>Invoke-OCIStackmonitoringUnapplyMonitoringTemplate</S>
                <S>Move-OCIStackmonitoringConfigCompartment</S>
                <S>Move-OCIStackmonitoringMetricExtensionCompartment</S>
                <S>Move-OCIStackmonitoringMonitoredResourceCompartment</S>
                <S>Move-OCIStackmonitoringMonitoredResourceTaskCompartment</S>
                <S>Move-OCIStackmonitoringProcessSetCompartment</S>
                <S>New-OCIStackmonitoringAlarmCondition</S>
                <S>New-OCIStackmonitoringBaselineableMetric</S>
                <S>New-OCIStackmonitoringConfig</S>
                <S>New-OCIStackmonitoringDiscoveryJob</S>
                <S>New-OCIStackmonitoringMaintenanceWindow</S>
                <S>New-OCIStackmonitoringMetricExtension</S>
                <S>New-OCIStackmonitoringMonitoredResource</S>
                <S>New-OCIStackmonitoringMonitoredResourceTask</S>
                <S>New-OCIStackmonitoringMonitoredResourceType</S>
                <S>New-OCIStackmonitoringMonitoringTemplate</S>
                <S>New-OCIStackmonitoringProcessSet</S>
                <S>Remove-OCIStackmonitoringAlarmCondition</S>
                <S>Remove-OCIStackmonitoringBaselineableMetric</S>
                <S>Remove-OCIStackmonitoringConfig</S>
                <S>Remove-OCIStackmonitoringDiscoveryJob</S>
                <S>Remove-OCIStackmonitoringMaintenanceWindow</S>
                <S>Remove-OCIStackmonitoringMetricExtension</S>
                <S>Remove-OCIStackmonitoringMonitoredResource</S>
                <S>Remove-OCIStackmonitoringMonitoredResourceType</S>
                <S>Remove-OCIStackmonitoringMonitoringTemplate</S>
                <S>Remove-OCIStackmonitoringProcessSet</S>
                <S>Stop-OCIStackmonitoringMaintenanceWindow</S>
                <S>Update-OCIStackmonitoringAlarmCondition</S>
                <S>Update-OCIStackmonitoringAndPropagateTags</S>
                <S>Update-OCIStackmonitoringBaselineableMetric</S>
                <S>Update-OCIStackmonitoringConfig</S>
                <S>Update-OCIStackmonitoringMaintenanceWindow</S>
                <S>Update-OCIStackmonitoringMetricExtension</S>
                <S>Update-OCIStackmonitoringMonitoredResource</S>
                <S>Update-OCIStackmonitoringMonitoredResourceTask</S>
                <S>Update-OCIStackmonitoringMonitoredResourceType</S>
                <S>Update-OCIStackmonitoringMonitoringTemplate</S>
                <S>Update-OCIStackmonitoringProcessSet</S>
              </LST>
            </Obj>
          </En>
          <En>
            <S N="Key">DscResource</S>
            <Ref N="Value" RefId="5" />
          </En>
          <En>
            <S N="Key">Command</S>
            <Obj N="Value" RefId="7">
              <TNRef RefId="2" />
              <LST>
                <S>Disable-OCIStackmonitoringExternalDatabase</S>
                <S>Disable-OCIStackmonitoringMetricExtension</S>
                <S>Enable-OCIStackmonitoringMetricExtension</S>
                <S>Export-OCIStackmonitoringMetricExtension</S>
                <S>Export-OCIStackmonitoringMonitoringTemplate</S>
                <S>Get-OCIStackmonitoringAlarmCondition</S>
                <S>Get-OCIStackmonitoringAlarmConditionsList</S>
                <S>Get-OCIStackmonitoringBaselineableMetric</S>
                <S>Get-OCIStackmonitoringBaselineableMetricsList</S>
                <S>Get-OCIStackmonitoringConfig</S>
                <S>Get-OCIStackmonitoringConfigsList</S>
                <S>Get-OCIStackmonitoringDefinedMonitoringTemplatesList</S>
                <S>Get-OCIStackmonitoringDiscoveryJob</S>
                <S>Get-OCIStackmonitoringDiscoveryJobLogsList</S>
                <S>Get-OCIStackmonitoringDiscoveryJobsList</S>
                <S>Get-OCIStackmonitoringMaintenanceWindow</S>
                <S>Get-OCIStackmonitoringMaintenanceWindowsList</S>
                <S>Get-OCIStackmonitoringMetricExtension</S>
                <S>Get-OCIStackmonitoringMetricExtensionsList</S>
                <S>Get-OCIStackmonitoringMonitoredResource</S>
                <S>Get-OCIStackmonitoringMonitoredResourcesList</S>
                <S>Get-OCIStackmonitoringMonitoredResourceTask</S>
                <S>Get-OCIStackmonitoringMonitoredResourceTasksList</S>
                <S>Get-OCIStackmonitoringMonitoredResourceType</S>
                <S>Get-OCIStackmonitoringMonitoredResourceTypesList</S>
                <S>Get-OCIStackmonitoringMonitoringTemplate</S>
                <S>Get-OCIStackmonitoringMonitoringTemplatesList</S>
                <S>Get-OCIStackmonitoringProcessSet</S>
                <S>Get-OCIStackmonitoringProcessSetsList</S>
                <S>Get-OCIStackmonitoringWorkRequest</S>
                <S>Get-OCIStackmonitoringWorkRequestErrorsList</S>
                <S>Get-OCIStackmonitoringWorkRequestLogsList</S>
                <S>Get-OCIStackmonitoringWorkRequestsList</S>
                <S>Invoke-OCIStackmonitoringApplyMonitoringTemplate</S>
                <S>Invoke-OCIStackmonitoringAssociateMonitoredResources</S>
                <S>Invoke-OCIStackmonitoringDisassociateMonitoredResources</S>
                <S>Invoke-OCIStackmonitoringEvaluateBaselineableMetric</S>
                <S>Invoke-OCIStackmonitoringManageLicense</S>
                <S>Invoke-OCIStackmonitoringPublishMetricExtension</S>
                <S>Invoke-OCIStackmonitoringRequestMonitoredResourcesSummarizedCount</S>
                <S>Invoke-OCIStackmonitoringRequestSummarizedMetricExtensionsMetrics</S>
                <S>Invoke-OCIStackmonitoringRequestSummarizedMetricExtensionsResources</S>
                <S>Invoke-OCIStackmonitoringRetryFailedMaintenanceWindowOperation</S>
                <S>Invoke-OCIStackmonitoringSearchAssociatedResources</S>
                <S>Invoke-OCIStackmonitoringSearchMonitoredResourceAssociations</S>
                <S>Invoke-OCIStackmonitoringSearchMonitoredResourceMembers</S>
                <S>Invoke-OCIStackmonitoringSearchMonitoredResources</S>
                <S>Invoke-OCIStackmonitoringTestMetricExtension</S>
                <S>Invoke-OCIStackmonitoringUnapplyMonitoringTemplate</S>
                <S>Move-OCIStackmonitoringConfigCompartment</S>
                <S>Move-OCIStackmonitoringMetricExtensionCompartment</S>
                <S>Move-OCIStackmonitoringMonitoredResourceCompartment</S>
                <S>Move-OCIStackmonitoringMonitoredResourceTaskCompartment</S>
                <S>Move-OCIStackmonitoringProcessSetCompartment</S>
                <S>New-OCIStackmonitoringAlarmCondition</S>
                <S>New-OCIStackmonitoringBaselineableMetric</S>
                <S>New-OCIStackmonitoringConfig</S>
                <S>New-OCIStackmonitoringDiscoveryJob</S>
                <S>New-OCIStackmonitoringMaintenanceWindow</S>
                <S>New-OCIStackmonitoringMetricExtension</S>
                <S>New-OCIStackmonitoringMonitoredResource</S>
                <S>New-OCIStackmonitoringMonitoredResourceTask</S>
                <S>New-OCIStackmonitoringMonitoredResourceType</S>
                <S>New-OCIStackmonitoringMonitoringTemplate</S>
                <S>New-OCIStackmonitoringProcessSet</S>
                <S>Remove-OCIStackmonitoringAlarmCondition</S>
                <S>Remove-OCIStackmonitoringBaselineableMetric</S>
                <S>Remove-OCIStackmonitoringConfig</S>
                <S>Remove-OCIStackmonitoringDiscoveryJob</S>
                <S>Remove-OCIStackmonitoringMaintenanceWindow</S>
                <S>Remove-OCIStackmonitoringMetricExtension</S>
                <S>Remove-OCIStackmonitoringMonitoredResource</S>
                <S>Remove-OCIStackmonitoringMonitoredResourceType</S>
                <S>Remove-OCIStackmonitoringMonitoringTemplate</S>
                <S>Remove-OCIStackmonitoringProcessSet</S>
                <S>Stop-OCIStackmonitoringMaintenanceWindow</S>
                <S>Update-OCIStackmonitoringAlarmCondition</S>
                <S>Update-OCIStackmonitoringAndPropagateTags</S>
                <S>Update-OCIStackmonitoringBaselineableMetric</S>
                <S>Update-OCIStackmonitoringConfig</S>
                <S>Update-OCIStackmonitoringMaintenanceWindow</S>
                <S>Update-OCIStackmonitoringMetricExtension</S>
                <S>Update-OCIStackmonitoringMonitoredResource</S>
                <S>Update-OCIStackmonitoringMonitoredResourceTask</S>
                <S>Update-OCIStackmonitoringMonitoredResourceType</S>
                <S>Update-OCIStackmonitoringMonitoringTemplate</S>
                <S>Update-OCIStackmonitoringProcessSet</S>
              </LST>
            </Obj>
          </En>
          <En>
            <S N="Key">Workflow</S>
            <Ref N="Value" RefId="5" />
          </En>
        </DCT>
      </Obj>
      <Nil N="PowerShellGetFormatVersion" />
      <S N="ReleaseNotes">https://github.com/oracle/oci-powershell-modules/blob/master/CHANGELOG.md</S>
      <Obj N="Dependencies" RefId="8">
        <TNRef RefId="2" />
        <LST>
          <Obj RefId="9">
            <TN RefId="4">
              <T>System.Collections.Specialized.OrderedDictionary</T>
              <T>System.Object</T>
            </TN>
            <DCT>
              <En>
                <S N="Key">Name</S>
                <S N="Value">OCI.PSModules.Common</S>
              </En>
              <En>
                <S N="Key">RequiredVersion</S>
                <S N="Value">120.0.0</S>
              </En>
              <En>
                <S N="Key">CanonicalId</S>
                <S N="Value">nuget:OCI.PSModules.Common/[120.0.0]</S>
              </En>
            </DCT>
          </Obj>
        </LST>
      </Obj>
      <S N="RepositorySourceLocation">https://www.powershellgallery.com/api/v2</S>
      <S N="Repository">PSGallery</S>
      <S N="PackageManagementProvider">NuGet</S>
      <Obj N="AdditionalMetadata" RefId="10">
        <TN RefId="5">
          <T>System.Management.Automation.PSCustomObject</T>
          <T>System.Object</T>
        </TN>
        <MS>
          <S N="copyright">(c) Oracle Cloud Infrastructure. All rights reserved.</S>
          <S N="description">This modules provides Cmdlets for OCI Stackmonitoring Service</S>
          <S N="requireLicenseAcceptance">False</S>
          <S N="releaseNotes">https://github.com/oracle/oci-powershell-modules/blob/master/CHANGELOG.md</S>
          <S N="isLatestVersion">True</S>
          <S N="isAbsoluteLatestVersion">True</S>
          <S N="versionDownloadCount">45</S>
          <S N="downloadCount">10835</S>
          <S N="packageSize">296475</S>
          <S N="published">11/18/2025 6:53:37 PM +02:00</S>
          <S N="created">11/18/2025 6:53:37 PM +02:00</S>
          <S N="lastUpdated">11/26/2025 9:30:00 PM +02:00</S>
          <S N="tags">PSEdition_Core Windows Linux macOS Oracle OCI Cloud OracleCloudInfrastructure Stackmonitoring PSModule PSCmdlet_Disable-OCIStackmonitoringExternalDatabase PSCommand_Disable-OCIStackmonitoringExternalDatabase PSCmdlet_Disable-OCIStackmonitoringMetricExtension PSCommand_Disable-OCIStackmonitoringMetricExtension PSCmdlet_Enable-OCIStackmonitoringMetricExtension PSCommand_Enable-OCIStackmonitoringMetricExtension PSCmdlet_Export-OCIStackmonitoringMetricExtension PSCommand_Export-OCIStackmonitoringMetricExtension PSCmdlet_Export-OCIStackmonitoringMonitoringTemplate PSCommand_Export-OCIStackmonitoringMonitoringTemplate PSCmdlet_Get-OCIStackmonitoringAlarmCondition PSCommand_Get-OCIStackmonitoringAlarmCondition PSCmdlet_Get-OCIStackmonitoringAlarmConditionsList PSCommand_Get-OCIStackmonitoringAlarmConditionsList PSCmdlet_Get-OCIStackmonitoringBaselineableMetric PSCommand_Get-OCIStackmonitoringBaselineableMetric PSCmdlet_Get-OCIStackmonitoringBaselineableMetricsList PSCommand_Get-OCIStackmonitoringBaselineableMetricsList PSCmdlet_Get-OCIStackmonitoringConfig PSCommand_Get-OCIStackmonitoringConfig PSCmdlet_Get-OCIStackmonitoringConfigsList PSCommand_Get-OCIStackmonitoringConfigsList PSCmdlet_Get-OCIStackmonitoringDefinedMonitoringTemplatesList PSCommand_Get-OCIStackmonitoringDefinedMonitoringTemplatesList PSCmdlet_Get-OCIStackmonitoringDiscoveryJob PSCommand_Get-OCIStackmonitoringDiscoveryJob PSCmdlet_Get-OCIStackmonitoringDiscoveryJobLogsList PSCommand_Get-OCIStackmonitoringDiscoveryJobLogsList PSCmdlet_Get-OCIStackmonitoringDiscoveryJobsList PSCommand_Get-OCIStackmonitoringDiscoveryJobsList PSCmdlet_Get-OCIStackmonitoringMaintenanceWindow PSCommand_Get-OCIStackmonitoringMaintenanceWindow PSCmdlet_Get-OCIStackmonitoringMaintenanceWindowsList PSCommand_Get-OCIStackmonitoringMaintenanceWindowsList PSCmdlet_Get-OCIStackmonitoringMetricExtension PSCommand_Get-OCIStackmonitoringMetricExtension PSCmdlet_Get-OCIStackmonitoringMetricExtensionsList PSCommand_Get-OCIStackmonitoringMetricExtensionsList PSCmdlet_Get-OCIStackmonitoringMonitoredResource PSCommand_Get-OCIStackmonitoringMonitoredResource PSCmdlet_Get-OCIStackmonitoringMonitoredResourcesList PSCommand_Get-OCIStackmonitoringMonitoredResourcesList PSCmdlet_Get-OCIStackmonitoringMonitoredResourceTask PSCommand_Get-OCIStackmonitoringMonitoredResourceTask PSCmdlet_Get-OCIStackmonitoringMonitoredResourceTasksList PSCommand_Get-OCIStackmonitoringMonitoredResourceTasksList PSCmdlet_Get-OCIStackmonitoringMonitoredResourceType PSCommand_Get-OCIStackmonitoringMonitoredResourceType PSCmdlet_Get-OCIStackmonitoringMonitoredResourceTypesList PSCommand_Get-OCIStackmonitoringMonitoredResourceTypesList PSCmdlet_Get-OCIStackmonitoringMonitoringTemplate PSCommand_Get-OCIStackmonitoringMonitoringTemplate PSCmdlet_Get-OCIStackmonitoringMonitoringTemplatesList PSCommand_Get-OCIStackmonitoringMonitoringTemplatesList PSCmdlet_Get-OCIStackmonitoringProcessSet PSCommand_Get-OCIStackmonitoringProcessSet PSCmdlet_Get-OCIStackmonitoringProcessSetsList PSCommand_Get-OCIStackmonitoringProcessSetsList PSCmdlet_Get-OCIStackmonitoringWorkRequest PSCommand_Get-OCIStackmonitoringWorkRequest PSCmdlet_Get-OCIStackmonitoringWorkRequestErrorsList PSCommand_Get-OCIStackmonitoringWorkRequestErrorsList PSCmdlet_Get-OCIStackmonitoringWorkRequestLogsList PSCommand_Get-OCIStackmonitoringWorkRequestLogsList PSCmdlet_Get-OCIStackmonitoringWorkRequestsList PSCommand_Get-OCIStackmonitoringWorkRequestsList PSCmdlet_Invoke-OCIStackmonitoringApplyMonitoringTemplate PSCommand_Invoke-OCIStackmonitoringApplyMonitoringTemplate PSCmdlet_Invoke-OCIStackmonitoringAssociateMonitoredResources PSCommand_Invoke-OCIStackmonitoringAssociateMonitoredResources PSCmdlet_Invoke-OCIStackmonitoringDisassociateMonitoredResources PSCommand_Invoke-OCIStackmonitoringDisassociateMonitoredResources PSCmdlet_Invoke-OCIStackmonitoringEvaluateBaselineableMetric PSCommand_Invoke-OCIStackmonitoringEvaluateBaselineableMetric PSCmdlet_Invoke-OCIStackmonitoringManageLicense PSCommand_Invoke-OCIStackmonitoringManageLicense PSCmdlet_Invoke-OCIStackmonitoringPublishMetricExtension PSCommand_Invoke-OCIStackmonitoringPublishMetricExtension PSCmdlet_Invoke-OCIStackmonitoringRequestMonitoredResourcesSummarizedCount PSCommand_Invoke-OCIStackmonitoringRequestMonitoredResourcesSummarizedCount PSCmdlet_Invoke-OCIStackmonitoringRequestSummarizedMetricExtensionsMetrics PSCommand_Invoke-OCIStackmonitoringRequestSummarizedMetricExtensionsMetrics PSCmdlet_Invoke-OCIStackmonitoringRequestSummarizedMetricExtensionsResources PSCommand_Invoke-OCIStackmonitoringRequestSummarizedMetricExtensionsResources PSCmdlet_Invoke-OCIStackmonitoringRetryFailedMaintenanceWindowOperation PSCommand_Invoke-OCIStackmonitoringRetryFailedMaintenanceWindowOperation PSCmdlet_Invoke-OCIStackmonitoringSearchAssociatedResources PSCommand_Invoke-OCIStackmonitoringSearchAssociatedResources PSCmdlet_Invoke-OCIStackmonitoringSearchMonitoredResourceAssociations PSCommand_Invoke-OCIStackmonitoringSearchMonitoredResourceAssociations PSCmdlet_Invoke-OCIStackmonitoringSearchMonitoredResourceMembers PSCommand_Invoke-OCIStackmonitoringSearchMonitoredResourceMembers PSCmdlet_Invoke-OCIStackmonitoringSearchMonitoredResources PSCommand_Invoke-OCIStackmonitoringSearchMonitoredResources PSCmdlet_Invoke-OCIStackmonitoringTestMetricExtension PSCommand_Invoke-OCIStackmonitoringTestMetricExtension PSCmdlet_Invoke-OCIStackmonitoringUnapplyMonitoringTemplate PSCommand_Invoke-OCIStackmonitoringUnapplyMonitoringTemplate PSCmdlet_Move-OCIStackmonitoringConfigCompartment PSCommand_Move-OCIStackmonitoringConfigCompartment PSCmdlet_Move-OCIStackmonitoringMetricExtensionCompartment PSCommand_Move-OCIStackmonitoringMetricExtensionCompartment PSCmdlet_Move-OCIStackmonitoringMonitoredResourceCompartment PSCommand_Move-OCIStackmonitoringMonitoredResourceCompartment PSCmdlet_Move-OCIStackmonitoringMonitoredResourceTaskCompartment PSCommand_Move-OCIStackmonitoringMonitoredResourceTaskCompartment PSCmdlet_Move-OCIStackmonitoringProcessSetCompartment PSCommand_Move-OCIStackmonitoringProcessSetCompartment PSCmdlet_New-OCIStackmonitoringAlarmCondition PSCommand_New-OCIStackmonitoringAlarmCondition PSCmdlet_New-OCIStackmonitoringBaselineableMetric PSCommand_New-OCIStackmonitoringBaselineableMetric PSCmdlet_New-OCIStackmonitoringConfig PSCommand_New-OCIStackmonitoringConfig PSCmdlet_New-OCIStackmonitoringDiscoveryJob PSCommand_New-OCIStackmonitoringDiscoveryJob PSCmdlet_New-OCIStackmonitoringMaintenanceWindow PSCommand_New-OCIStackmonitoringMaintenanceWindow PSCmdlet_New-OCIStackmonitoringMetricExtension PSCommand_New-OCIStackmonitoringMetricExtension PSCmdlet_New-OCIStackmonitoringMonitoredResource PSCommand_New-OCIStackmonitoringMonitoredResource PSCmdlet_New-OCIStackmonitoringMonitoredResourceTask PSCommand_New-OCIStackmonitoringMonitoredResourceTask PSCmdlet_New-OCIStackmonitoringMonitoredResourceType PSCommand_New-OCIStackmonitoringMonitoredResourceType PSCmdlet_New-OCIStackmonitoringMonitoringTemplate PSCommand_New-OCIStackmonitoringMonitoringTemplate PSCmdlet_New-OCIStackmonitoringProcessSet PSCommand_New-OCIStackmonitoringProcessSet PSCmdlet_Remove-OCIStackmonitoringAlarmCondition PSCommand_Remove-OCIStackmonitoringAlarmCondition PSCmdlet_Remove-OCIStackmonitoringBaselineableMetric PSCommand_Remove-OCIStackmonitoringBaselineableMetric PSCmdlet_Remove-OCIStackmonitoringConfig PSCommand_Remove-OCIStackmonitoringConfig PSCmdlet_Remove-OCIStackmonitoringDiscoveryJob PSCommand_Remove-OCIStackmonitoringDiscoveryJob PSCmdlet_Remove-OCIStackmonitoringMaintenanceWindow PSCommand_Remove-OCIStackmonitoringMaintenanceWindow PSCmdlet_Remove-OCIStackmonitoringMetricExtension PSCommand_Remove-OCIStackmonitoringMetricExtension PSCmdlet_Remove-OCIStackmonitoringMonitoredResource PSCommand_Remove-OCIStackmonitoringMonitoredResource PSCmdlet_Remove-OCIStackmonitoringMonitoredResourceType PSCommand_Remove-OCIStackmonitoringMonitoredResourceType PSCmdlet_Remove-OCIStackmonitoringMonitoringTemplate PSCommand_Remove-OCIStackmonitoringMonitoringTemplate PSCmdlet_Remove-OCIStackmonitoringProcessSet PSCommand_Remove-OCIStackmonitoringProcessSet PSCmdlet_Stop-OCIStackmonitoringMaintenanceWindow PSCommand_Stop-OCIStackmonitoringMaintenanceWindow PSCmdlet_Update-OCIStackmonitoringAlarmCondition PSCommand_Update-OCIStackmonitoringAlarmCondition PSCmdlet_Update-OCIStackmonitoringAndPropagateTags PSCommand_Update-OCIStackmonitoringAndPropagateTags PSCmdlet_Update-OCIStackmonitoringBaselineableMetric PSCommand_Update-OCIStackmonitoringBaselineableMetric PSCmdlet_Update-OCIStackmonitoringConfig PSCommand_Update-OCIStackmonitoringConfig PSCmdlet_Update-OCIStackmonitoringMaintenanceWindow PSCommand_Update-OCIStackmonitoringMaintenanceWindow PSCmdlet_Update-OCIStackmonitoringMetricExtension PSCommand_Update-OCIStackmonitoringMetricExtension PSCmdlet_Update-OCIStackmonitoringMonitoredResource PSCommand_Update-OCIStackmonitoringMonitoredResource PSCmdlet_Update-OCIStackmonitoringMonitoredResourceTask PSCommand_Update-OCIStackmonitoringMonitoredResourceTask PSCmdlet_Update-OCIStackmonitoringMonitoredResourceType PSCommand_Update-OCIStackmonitoringMonitoredResourceType PSCmdlet_Update-OCIStackmonitoringMonitoringTemplate PSCommand_Update-OCIStackmonitoringMonitoringTemplate PSCmdlet_Update-OCIStackmonitoringProcessSet PSCommand_Update-OCIStackmonitoringProcessSet PSIncludes_Cmdlet</S>
          <S N="developmentDependency">False</S>
          <S N="updated">2025-11-26T21:30:00Z</S>
          <S N="NormalizedVersion">120.0.0</S>
          <S N="Authors">Oracle Cloud Infrastructure</S>
          <S N="IsPrerelease">false</S>
          <S N="ItemType">Module</S>
          <S N="FileList">OCI.PSModules.Stackmonitoring.nuspec|OCI.PSModules.Stackmonitoring.psd1|LICENSE.txt|THIRD_PARTY_LICENSES.txt|OCI.PSModules.Stackmonitoring.dll-Help.xml|assemblies\OCI.DotNetSDK.Stackmonitoring.dll|assemblies\OCI.PSModules.Stackmonitoring.dll</S>
          <S N="GUID">72fd42de-2724-406e-9e11-bceb4c8ef8b6</S>
          <S N="PowerShellVersion">6.0</S>
          <S N="CompanyName">Oracle Corporation</S>
        </MS>
      </Obj>
      <S N="InstalledLocation">C:\Program Files\PowerShell\Modules\OCI.PSModules.Stackmonitoring\120.0.0</S>
    </MS>
  </Obj>
</Objs>
