﻿<helpItems schema="maml"><command xmlns:maml="http://schemas.microsoft.com/maml/2004/10" xmlns:command="http://schemas.microsoft.com/maml/dev/command/2004/10" xmlns:dev="http://schemas.microsoft.com/maml/dev/2004/10"><details><name>Start-A2IRHumanLoop</name><description><para>Calls the Amazon Augmented AI (A2I) Runtime StartHumanLoop API operation.</para></description><verb>Start</verb><noun>A2IRHumanLoop</noun><copyright><para>&amp;copy; Copyright Amazon.com, Inc.or its affiliates.All Rights Reserved.</para></copyright></details><description><para>Starts a human loop, provided that at least one activation condition is met. </para></description><syntax><syntaxItem><name>Start-A2IRHumanLoop</name><parameter required="True" variableLength="false" globbing="false" pipelineInput="True (ByValue, ByPropertyName)" position="1"><name>HumanLoopName</name><description><para>The name of the human loop. </para></description><parameterValue required="true" variableLength="false">System.String</parameterValue></parameter><parameter required="False" variableLength="false" globbing="false" pipelineInput="True (ByPropertyName)" position="Named"><name>DataAttributes_ContentClassifier</name><description><para>Declares that your content is free of personally identifiable information or adult content. 
Amazon SageMaker can restrict the Amazon Mechanical Turk workers who can view your task based on this information. </para></description><parameterValue required="true" variableLength="false">System.String[]</parameterValue></parameter><parameter required="True" variableLength="false" globbing="false" pipelineInput="True (ByPropertyName)" position="Named"><name>FlowDefinitionArn</name><description><para>The Amazon Resource Name (ARN) of the flow definition associated with this human loop. </para></description><parameterValue required="true" variableLength="false">System.String</parameterValue></parameter><parameter required="True" variableLength="false" globbing="false" pipelineInput="True (ByPropertyName)" position="Named"><name>HumanLoopInput_InputContent</name><description><para>Serialized input from the human loop. The input must be a string representation of a file in JSON format. </para></description><parameterValue required="true" variableLength="false">System.String</parameterValue></parameter><parameter required="False" variableLength="false" globbing="false" pipelineInput="True (ByPropertyName)" position="Named"><name>Select</name><description><para>Use the -Select parameter to control the cmdlet output. The default value is &#39;*&#39;. Specifying -Select &#39;*&#39; will result in the cmdlet returning the whole service response (Amazon.AugmentedAIRuntime.Model.StartHumanLoopResponse). Specifying the name of a property of type Amazon.AugmentedAIRuntime.Model.StartHumanLoopResponse will result in that property being returned. Specifying -Select &#39;^ParameterName&#39; will result in the cmdlet returning the selected cmdlet parameter value. </para></description><parameterValue required="true" variableLength="false">System.String</parameterValue></parameter><parameter required="False" variableLength="false" globbing="false" pipelineInput="True (ByPropertyName)" position="Named"><name>PassThru</name><description><para>Changes the cmdlet behavior to return the value passed to the HumanLoopName parameter. The -PassThru parameter is deprecated, use -Select &#39;^HumanLoopName&#39; instead. This parameter will be removed in a future version. </para></description><parameterValue required="true" variableLength="false">System.Management.Automation.SwitchParameter</parameterValue></parameter><parameter required="False" variableLength="false" globbing="false" pipelineInput="True (ByPropertyName)" position="Named"><name>Force</name><description><para>This parameter overrides confirmation prompts to force  the cmdlet to continue its operation. This parameter should always be used with caution. </para></description><parameterValue required="true" variableLength="false">System.Management.Automation.SwitchParameter</parameterValue></parameter><parameter required="False" variableLength="false" globbing="false" pipelineInput="True (ByPropertyName)" position="Named"><name>ClientConfig</name><description><para>Amazon.PowerShell.Cmdlets.A2IR.AmazonAugmentedAIRuntimeClientCmdlet.ClientConfig </para></description><parameterValue required="true" variableLength="false">Amazon.AugmentedAIRuntime.AmazonAugmentedAIRuntimeConfig</parameterValue></parameter><parameter required="False" variableLength="false" globbing="false" pipelineInput="True (ByPropertyName)" position="Named"><name>EndpointUrl</name><description><para>The endpoint to make the call against. 
<b>Note:</b> This parameter is primarily for internal AWS use and is not required/should not be specified for  normal usage. The cmdlets normally determine which endpoint to call based on the region specified to the -Region parameter or set as default in the shell (via Set-DefaultAWSRegion). Only specify this parameter if you must direct the call to a specific custom endpoint. </para></description><parameterValue required="true" variableLength="false">System.String</parameterValue></parameter><parameter required="False" variableLength="false" globbing="false" pipelineInput="True (ByPropertyName)" position="Named"><name>Region</name><description><para>The system name of an AWS region or an AWSRegion instance. This governs the endpoint that will be used when calling service operations. Note that  the AWS resources referenced in a call are usually region-specific. </para></description><parameterValue required="true" variableLength="false">System.Object</parameterValue></parameter><parameter required="False" variableLength="false" globbing="false" pipelineInput="True (ByPropertyName)" position="Named"><name>AccessKey</name><description><para>The AWS access key for the user account. This can be a temporary access key if the corresponding session token is supplied to the -SessionToken parameter. </para></description><parameterValue required="true" variableLength="false">System.String</parameterValue></parameter><parameter required="False" variableLength="false" globbing="false" pipelineInput="True (ByPropertyName)" position="Named"><name>SecretKey</name><description><para>The AWS secret key for the user account. This can be a temporary secret key if the corresponding session token is supplied to the -SessionToken parameter. </para></description><parameterValue required="true" variableLength="false">System.String</parameterValue></parameter><parameter required="False" variableLength="false" globbing="false" pipelineInput="True (ByPropertyName)" position="Named"><name>SessionToken</name><description><para>The session token if the access and secret keys are temporary session-based credentials. </para></description><parameterValue required="true" variableLength="false">System.String</parameterValue></parameter><parameter required="False" variableLength="false" globbing="false" pipelineInput="True (ByPropertyName)" position="Named"><name>ProfileName</name><description><para>The user-defined name of an AWS credentials or SAML-based role profile containing credential information. The profile is expected to be found in the secure credential file shared with the AWS SDK for .NET and AWS Toolkit for Visual Studio. You can also specify the name of a profile stored in the .ini-format credential file used with  the AWS CLI and other AWS SDKs. </para></description><parameterValue required="true" variableLength="false">System.String</parameterValue></parameter><parameter required="False" variableLength="false" globbing="false" pipelineInput="True (ByPropertyName)" position="Named"><name>ProfileLocation</name><description><para>Used to specify the name and location of the ini-format credential file (shared with the AWS CLI and other AWS SDKs) 
If this optional parameter is omitted this cmdlet will search the encrypted credential file used by the AWS SDK for .NET and AWS Toolkit for Visual Studio first. If the profile is not found then the cmdlet will search in the ini-format credential file at the default location: (user&#39;s home directory)\.aws\credentials. 
If this parameter is specified then this cmdlet will only search the ini-format credential file at the location given. 
As the current folder can vary in a shell or during script execution it is advised that you use specify a fully qualified path instead of a relative path. </para></description><parameterValue required="true" variableLength="false">System.String</parameterValue></parameter><parameter required="False" variableLength="false" globbing="false" pipelineInput="True (ByValue, ByPropertyName)" position="Named"><name>Credential</name><description><para>An AWSCredentials object instance containing access and secret key information, and optionally a token for session-based credentials. </para></description><parameterValue required="true" variableLength="false">Amazon.Runtime.AWSCredentials</parameterValue></parameter><parameter required="False" variableLength="false" globbing="false" pipelineInput="True (ByValue, ByPropertyName)" position="Named"><name>NetworkCredential</name><description><para>Used with SAML-based authentication when ProfileName references a SAML role profile.  Contains the network credentials to be supplied during authentication with the  configured identity provider&#39;s endpoint. This parameter is not required if the user&#39;s default network identity can or should be used during authentication. </para></description><parameterValue required="true" variableLength="false">System.Management.Automation.PSCredential</parameterValue></parameter></syntaxItem></syntax><parameters><parameter required="False" variableLength="false" globbing="false" pipelineInput="True (ByPropertyName)" position="Named"><name>AccessKey</name><description><para>The AWS access key for the user account. This can be a temporary access key if the corresponding session token is supplied to the -SessionToken parameter. </para></description><parameterValue required="true" variableLength="false">System.String</parameterValue><type><name>System.String</name><uri /></type><defaultValue>None</defaultValue></parameter><parameter required="False" variableLength="false" globbing="false" pipelineInput="True (ByPropertyName)" position="Named"><name>ClientConfig</name><description><para>Amazon.PowerShell.Cmdlets.A2IR.AmazonAugmentedAIRuntimeClientCmdlet.ClientConfig </para></description><parameterValue required="true" variableLength="false">Amazon.AugmentedAIRuntime.AmazonAugmentedAIRuntimeConfig</parameterValue><type><name>Amazon.AugmentedAIRuntime.AmazonAugmentedAIRuntimeConfig</name><uri /></type><defaultValue>None</defaultValue></parameter><parameter required="False" variableLength="false" globbing="false" pipelineInput="True (ByValue, ByPropertyName)" position="Named"><name>Credential</name><description><para>An AWSCredentials object instance containing access and secret key information, and optionally a token for session-based credentials. </para></description><parameterValue required="true" variableLength="false">Amazon.Runtime.AWSCredentials</parameterValue><type><name>Amazon.Runtime.AWSCredentials</name><uri /></type><defaultValue>None</defaultValue></parameter><parameter required="False" variableLength="false" globbing="false" pipelineInput="True (ByPropertyName)" position="Named"><name>DataAttributes_ContentClassifier</name><description><para>Declares that your content is free of personally identifiable information or adult content. 
Amazon SageMaker can restrict the Amazon Mechanical Turk workers who can view your task based on this information. </para></description><parameterValue required="true" variableLength="false">System.String[]</parameterValue><type><name>System.String[]</name><uri /></type><defaultValue>None</defaultValue></parameter><parameter required="False" variableLength="false" globbing="false" pipelineInput="True (ByPropertyName)" position="Named"><name>EndpointUrl</name><description><para>The endpoint to make the call against. 
<b>Note:</b> This parameter is primarily for internal AWS use and is not required/should not be specified for  normal usage. The cmdlets normally determine which endpoint to call based on the region specified to the -Region parameter or set as default in the shell (via Set-DefaultAWSRegion). Only specify this parameter if you must direct the call to a specific custom endpoint. </para></description><parameterValue required="true" variableLength="false">System.String</parameterValue><type><name>System.String</name><uri /></type><defaultValue>None</defaultValue></parameter><parameter required="True" variableLength="false" globbing="false" pipelineInput="True (ByPropertyName)" position="Named"><name>FlowDefinitionArn</name><description><para>The Amazon Resource Name (ARN) of the flow definition associated with this human loop. </para></description><parameterValue required="true" variableLength="false">System.String</parameterValue><type><name>System.String</name><uri /></type><defaultValue>None</defaultValue></parameter><parameter required="False" variableLength="false" globbing="false" pipelineInput="True (ByPropertyName)" position="Named"><name>Force</name><description><para>This parameter overrides confirmation prompts to force  the cmdlet to continue its operation. This parameter should always be used with caution. </para></description><parameterValue required="true" variableLength="false">System.Management.Automation.SwitchParameter</parameterValue><type><name>System.Management.Automation.SwitchParameter</name><uri /></type><defaultValue>None</defaultValue></parameter><parameter required="True" variableLength="false" globbing="false" pipelineInput="True (ByPropertyName)" position="Named"><name>HumanLoopInput_InputContent</name><description><para>Serialized input from the human loop. The input must be a string representation of a file in JSON format. </para></description><parameterValue required="true" variableLength="false">System.String</parameterValue><type><name>System.String</name><uri /></type><defaultValue>None</defaultValue></parameter><parameter required="True" variableLength="false" globbing="false" pipelineInput="True (ByValue, ByPropertyName)" position="1"><name>HumanLoopName</name><description><para>The name of the human loop. </para></description><parameterValue required="true" variableLength="false">System.String</parameterValue><type><name>System.String</name><uri /></type><defaultValue>None</defaultValue></parameter><parameter required="False" variableLength="false" globbing="false" pipelineInput="True (ByValue, ByPropertyName)" position="Named"><name>NetworkCredential</name><description><para>Used with SAML-based authentication when ProfileName references a SAML role profile.  Contains the network credentials to be supplied during authentication with the  configured identity provider&#39;s endpoint. This parameter is not required if the user&#39;s default network identity can or should be used during authentication. </para></description><parameterValue required="true" variableLength="false">System.Management.Automation.PSCredential</parameterValue><type><name>System.Management.Automation.PSCredential</name><uri /></type><defaultValue>None</defaultValue></parameter><parameter required="False" variableLength="false" globbing="false" pipelineInput="True (ByPropertyName)" position="Named"><name>PassThru</name><description><para>Changes the cmdlet behavior to return the value passed to the HumanLoopName parameter. The -PassThru parameter is deprecated, use -Select &#39;^HumanLoopName&#39; instead. This parameter will be removed in a future version. </para></description><parameterValue required="true" variableLength="false">System.Management.Automation.SwitchParameter</parameterValue><type><name>System.Management.Automation.SwitchParameter</name><uri /></type><defaultValue>None</defaultValue></parameter><parameter required="False" variableLength="false" globbing="false" pipelineInput="True (ByPropertyName)" position="Named"><name>ProfileLocation</name><description><para>Used to specify the name and location of the ini-format credential file (shared with the AWS CLI and other AWS SDKs) 
If this optional parameter is omitted this cmdlet will search the encrypted credential file used by the AWS SDK for .NET and AWS Toolkit for Visual Studio first. If the profile is not found then the cmdlet will search in the ini-format credential file at the default location: (user&#39;s home directory)\.aws\credentials. 
If this parameter is specified then this cmdlet will only search the ini-format credential file at the location given. 
As the current folder can vary in a shell or during script execution it is advised that you use specify a fully qualified path instead of a relative path. </para></description><parameterValue required="true" variableLength="false">System.String</parameterValue><type><name>System.String</name><uri /></type><defaultValue>None</defaultValue></parameter><parameter required="False" variableLength="false" globbing="false" pipelineInput="True (ByPropertyName)" position="Named"><name>ProfileName</name><description><para>The user-defined name of an AWS credentials or SAML-based role profile containing credential information. The profile is expected to be found in the secure credential file shared with the AWS SDK for .NET and AWS Toolkit for Visual Studio. You can also specify the name of a profile stored in the .ini-format credential file used with  the AWS CLI and other AWS SDKs. </para></description><parameterValue required="true" variableLength="false">System.String</parameterValue><type><name>System.String</name><uri /></type><defaultValue>None</defaultValue></parameter><parameter required="False" variableLength="false" globbing="false" pipelineInput="True (ByPropertyName)" position="Named"><name>Region</name><description><para>The system name of an AWS region or an AWSRegion instance. This governs the endpoint that will be used when calling service operations. Note that  the AWS resources referenced in a call are usually region-specific. </para></description><parameterValue required="true" variableLength="false">System.Object</parameterValue><type><name>System.Object</name><uri /></type><defaultValue>None</defaultValue></parameter><parameter required="False" variableLength="false" globbing="false" pipelineInput="True (ByPropertyName)" position="Named"><name>SecretKey</name><description><para>The AWS secret key for the user account. This can be a temporary secret key if the corresponding session token is supplied to the -SessionToken parameter. </para></description><parameterValue required="true" variableLength="false">System.String</parameterValue><type><name>System.String</name><uri /></type><defaultValue>None</defaultValue></parameter><parameter required="False" variableLength="false" globbing="false" pipelineInput="True (ByPropertyName)" position="Named"><name>Select</name><description><para>Use the -Select parameter to control the cmdlet output. The default value is &#39;*&#39;. Specifying -Select &#39;*&#39; will result in the cmdlet returning the whole service response (Amazon.AugmentedAIRuntime.Model.StartHumanLoopResponse). Specifying the name of a property of type Amazon.AugmentedAIRuntime.Model.StartHumanLoopResponse will result in that property being returned. Specifying -Select &#39;^ParameterName&#39; will result in the cmdlet returning the selected cmdlet parameter value. </para></description><parameterValue required="true" variableLength="false">System.String</parameterValue><type><name>System.String</name><uri /></type><defaultValue>None</defaultValue></parameter><parameter required="False" variableLength="false" globbing="false" pipelineInput="True (ByPropertyName)" position="Named"><name>SessionToken</name><description><para>The session token if the access and secret keys are temporary session-based credentials. </para></description><parameterValue required="true" variableLength="false">System.String</parameterValue><type><name>System.String</name><uri /></type><defaultValue>None</defaultValue></parameter></parameters><returnValues><returnValue><type><name>Amazon.AugmentedAIRuntime.Model.StartHumanLoopResponse</name><uri /><description /></type><description><para>This cmdlet returns an Amazon.AugmentedAIRuntime.Model.StartHumanLoopResponse object containing multiple properties.</para></description></returnValue></returnValues><relatedLinks><navigationLink><linkText>Online version:</linkText><uri>http://docs.aws.amazon.com/powershell/latest/reference/index.html?page=Start-A2IRHumanLoop.html&amp;tocid=Start-A2IRHumanLoop</uri></navigationLink><navigationLink><linkText>Common credential and region parameters: </linkText><uri>http://docs.aws.amazon.com/powershell/latest/reference/items/pstoolsref-commonparams.html</uri></navigationLink></relatedLinks></command><command xmlns:maml="http://schemas.microsoft.com/maml/2004/10" xmlns:command="http://schemas.microsoft.com/maml/dev/command/2004/10" xmlns:dev="http://schemas.microsoft.com/maml/dev/2004/10"><details><name>Get-A2IRHumanLoopList</name><description><para>Calls the Amazon Augmented AI (A2I) Runtime ListHumanLoops API operation.</para></description><verb>Get</verb><noun>A2IRHumanLoopList</noun><copyright><para>&amp;copy; Copyright Amazon.com, Inc.or its affiliates.All Rights Reserved.</para></copyright></details><description><para>Returns information about human loops, given the specified parameters. If a human loop was deleted, it will not be included.<br /><br />This cmdlet automatically pages all available results to the pipeline - parameters related to iteration are only needed if you want to manually control the paginated output. To disable autopagination, use -NoAutoIteration. </para></description><syntax><syntaxItem><name>Get-A2IRHumanLoopList</name><parameter required="False" variableLength="false" globbing="false" pipelineInput="True (ByPropertyName)" position="Named"><name>CreationTimeAfter</name><description><para>(Optional) The timestamp of the date when you want the human loops to begin in ISO 8601 format. For example, <c>2020-02-24</c>. </para></description><parameterValue required="true" variableLength="false">System.DateTime</parameterValue></parameter><parameter required="False" variableLength="false" globbing="false" pipelineInput="True (ByPropertyName)" position="Named"><name>CreationTimeBefore</name><description><para>(Optional) The timestamp of the date before which you want the human loops to begin in ISO 8601 format. For example, <c>2020-02-24</c>. </para></description><parameterValue required="true" variableLength="false">System.DateTime</parameterValue></parameter><parameter required="True" variableLength="false" globbing="false" pipelineInput="True (ByPropertyName)" position="Named"><name>FlowDefinitionArn</name><description><para>The Amazon Resource Name (ARN) of a flow definition. </para></description><parameterValue required="true" variableLength="false">System.String</parameterValue></parameter><parameter required="False" variableLength="false" globbing="false" pipelineInput="True (ByPropertyName)" position="Named"><name>SortOrder</name><description><para>Optional. The order for displaying results. Valid values: <c>Ascending</c> and <c>Descending</c>. </para></description><parameterValue required="true" variableLength="false">Amazon.AugmentedAIRuntime.SortOrder</parameterValue></parameter><parameter required="False" variableLength="false" globbing="false" pipelineInput="True (ByPropertyName)" position="Named"><name>MaxResult</name><description><para>The total number of items to return. If the total number of available items is more than the value specified in <c>MaxResults</c>, then a <c>NextToken</c> is returned in the output. You can use this token to display the next page of results.  </para></description><parameterValue required="true" variableLength="false">System.Int32</parameterValue></parameter><parameter required="False" variableLength="false" globbing="false" pipelineInput="True (ByPropertyName)" position="Named"><name>NextToken</name><description><para>A token to display the next page of results. 
<br /><b>Note:</b> This parameter is only used if you are manually controlling output pagination of the service API call. <br />&#39;NextToken&#39; is only returned by the cmdlet when &#39;-Select *&#39; is specified. In order to manually control output pagination, set &#39;-NextToken&#39; to null for the first call then set the &#39;NextToken&#39; using the same property output from the previous call for subsequent calls. </para></description><parameterValue required="true" variableLength="false">System.String</parameterValue></parameter><parameter required="False" variableLength="false" globbing="false" pipelineInput="True (ByPropertyName)" position="Named"><name>Select</name><description><para>Use the -Select parameter to control the cmdlet output. The default value is &#39;HumanLoopSummaries&#39;. Specifying -Select &#39;*&#39; will result in the cmdlet returning the whole service response (Amazon.AugmentedAIRuntime.Model.ListHumanLoopsResponse). Specifying the name of a property of type Amazon.AugmentedAIRuntime.Model.ListHumanLoopsResponse will result in that property being returned. Specifying -Select &#39;^ParameterName&#39; will result in the cmdlet returning the selected cmdlet parameter value. </para></description><parameterValue required="true" variableLength="false">System.String</parameterValue></parameter><parameter required="False" variableLength="false" globbing="false" pipelineInput="True (ByPropertyName)" position="Named"><name>NoAutoIteration</name><description><para>By default the cmdlet will auto-iterate and retrieve all results to the pipeline by performing multiple service calls. If set, the cmdlet will retrieve only the next &#39;page&#39; of results using the value of NextToken as the start point. </para></description><parameterValue required="true" variableLength="false">System.Management.Automation.SwitchParameter</parameterValue></parameter><parameter required="False" variableLength="false" globbing="false" pipelineInput="True (ByPropertyName)" position="Named"><name>ClientConfig</name><description><para>Amazon.PowerShell.Cmdlets.A2IR.AmazonAugmentedAIRuntimeClientCmdlet.ClientConfig </para></description><parameterValue required="true" variableLength="false">Amazon.AugmentedAIRuntime.AmazonAugmentedAIRuntimeConfig</parameterValue></parameter><parameter required="False" variableLength="false" globbing="false" pipelineInput="True (ByPropertyName)" position="Named"><name>EndpointUrl</name><description><para>The endpoint to make the call against. 
<b>Note:</b> This parameter is primarily for internal AWS use and is not required/should not be specified for  normal usage. The cmdlets normally determine which endpoint to call based on the region specified to the -Region parameter or set as default in the shell (via Set-DefaultAWSRegion). Only specify this parameter if you must direct the call to a specific custom endpoint. </para></description><parameterValue required="true" variableLength="false">System.String</parameterValue></parameter><parameter required="False" variableLength="false" globbing="false" pipelineInput="True (ByPropertyName)" position="Named"><name>Region</name><description><para>The system name of an AWS region or an AWSRegion instance. This governs the endpoint that will be used when calling service operations. Note that  the AWS resources referenced in a call are usually region-specific. </para></description><parameterValue required="true" variableLength="false">System.Object</parameterValue></parameter><parameter required="False" variableLength="false" globbing="false" pipelineInput="True (ByPropertyName)" position="Named"><name>AccessKey</name><description><para>The AWS access key for the user account. This can be a temporary access key if the corresponding session token is supplied to the -SessionToken parameter. </para></description><parameterValue required="true" variableLength="false">System.String</parameterValue></parameter><parameter required="False" variableLength="false" globbing="false" pipelineInput="True (ByPropertyName)" position="Named"><name>SecretKey</name><description><para>The AWS secret key for the user account. This can be a temporary secret key if the corresponding session token is supplied to the -SessionToken parameter. </para></description><parameterValue required="true" variableLength="false">System.String</parameterValue></parameter><parameter required="False" variableLength="false" globbing="false" pipelineInput="True (ByPropertyName)" position="Named"><name>SessionToken</name><description><para>The session token if the access and secret keys are temporary session-based credentials. </para></description><parameterValue required="true" variableLength="false">System.String</parameterValue></parameter><parameter required="False" variableLength="false" globbing="false" pipelineInput="True (ByPropertyName)" position="Named"><name>ProfileName</name><description><para>The user-defined name of an AWS credentials or SAML-based role profile containing credential information. The profile is expected to be found in the secure credential file shared with the AWS SDK for .NET and AWS Toolkit for Visual Studio. You can also specify the name of a profile stored in the .ini-format credential file used with  the AWS CLI and other AWS SDKs. </para></description><parameterValue required="true" variableLength="false">System.String</parameterValue></parameter><parameter required="False" variableLength="false" globbing="false" pipelineInput="True (ByPropertyName)" position="Named"><name>ProfileLocation</name><description><para>Used to specify the name and location of the ini-format credential file (shared with the AWS CLI and other AWS SDKs) 
If this optional parameter is omitted this cmdlet will search the encrypted credential file used by the AWS SDK for .NET and AWS Toolkit for Visual Studio first. If the profile is not found then the cmdlet will search in the ini-format credential file at the default location: (user&#39;s home directory)\.aws\credentials. 
If this parameter is specified then this cmdlet will only search the ini-format credential file at the location given. 
As the current folder can vary in a shell or during script execution it is advised that you use specify a fully qualified path instead of a relative path. </para></description><parameterValue required="true" variableLength="false">System.String</parameterValue></parameter><parameter required="False" variableLength="false" globbing="false" pipelineInput="True (ByValue, ByPropertyName)" position="Named"><name>Credential</name><description><para>An AWSCredentials object instance containing access and secret key information, and optionally a token for session-based credentials. </para></description><parameterValue required="true" variableLength="false">Amazon.Runtime.AWSCredentials</parameterValue></parameter><parameter required="False" variableLength="false" globbing="false" pipelineInput="True (ByValue, ByPropertyName)" position="Named"><name>NetworkCredential</name><description><para>Used with SAML-based authentication when ProfileName references a SAML role profile.  Contains the network credentials to be supplied during authentication with the  configured identity provider&#39;s endpoint. This parameter is not required if the user&#39;s default network identity can or should be used during authentication. </para></description><parameterValue required="true" variableLength="false">System.Management.Automation.PSCredential</parameterValue></parameter></syntaxItem></syntax><parameters><parameter required="False" variableLength="false" globbing="false" pipelineInput="True (ByPropertyName)" position="Named"><name>AccessKey</name><description><para>The AWS access key for the user account. This can be a temporary access key if the corresponding session token is supplied to the -SessionToken parameter. </para></description><parameterValue required="true" variableLength="false">System.String</parameterValue><type><name>System.String</name><uri /></type><defaultValue>None</defaultValue></parameter><parameter required="False" variableLength="false" globbing="false" pipelineInput="True (ByPropertyName)" position="Named"><name>ClientConfig</name><description><para>Amazon.PowerShell.Cmdlets.A2IR.AmazonAugmentedAIRuntimeClientCmdlet.ClientConfig </para></description><parameterValue required="true" variableLength="false">Amazon.AugmentedAIRuntime.AmazonAugmentedAIRuntimeConfig</parameterValue><type><name>Amazon.AugmentedAIRuntime.AmazonAugmentedAIRuntimeConfig</name><uri /></type><defaultValue>None</defaultValue></parameter><parameter required="False" variableLength="false" globbing="false" pipelineInput="True (ByPropertyName)" position="Named"><name>CreationTimeAfter</name><description><para>(Optional) The timestamp of the date when you want the human loops to begin in ISO 8601 format. For example, <c>2020-02-24</c>. </para></description><parameterValue required="true" variableLength="false">System.DateTime</parameterValue><type><name>System.DateTime</name><uri /></type><defaultValue>None</defaultValue></parameter><parameter required="False" variableLength="false" globbing="false" pipelineInput="True (ByPropertyName)" position="Named"><name>CreationTimeBefore</name><description><para>(Optional) The timestamp of the date before which you want the human loops to begin in ISO 8601 format. For example, <c>2020-02-24</c>. </para></description><parameterValue required="true" variableLength="false">System.DateTime</parameterValue><type><name>System.DateTime</name><uri /></type><defaultValue>None</defaultValue></parameter><parameter required="False" variableLength="false" globbing="false" pipelineInput="True (ByValue, ByPropertyName)" position="Named"><name>Credential</name><description><para>An AWSCredentials object instance containing access and secret key information, and optionally a token for session-based credentials. </para></description><parameterValue required="true" variableLength="false">Amazon.Runtime.AWSCredentials</parameterValue><type><name>Amazon.Runtime.AWSCredentials</name><uri /></type><defaultValue>None</defaultValue></parameter><parameter required="False" variableLength="false" globbing="false" pipelineInput="True (ByPropertyName)" position="Named"><name>EndpointUrl</name><description><para>The endpoint to make the call against. 
<b>Note:</b> This parameter is primarily for internal AWS use and is not required/should not be specified for  normal usage. The cmdlets normally determine which endpoint to call based on the region specified to the -Region parameter or set as default in the shell (via Set-DefaultAWSRegion). Only specify this parameter if you must direct the call to a specific custom endpoint. </para></description><parameterValue required="true" variableLength="false">System.String</parameterValue><type><name>System.String</name><uri /></type><defaultValue>None</defaultValue></parameter><parameter required="True" variableLength="false" globbing="false" pipelineInput="True (ByPropertyName)" position="Named"><name>FlowDefinitionArn</name><description><para>The Amazon Resource Name (ARN) of a flow definition. </para></description><parameterValue required="true" variableLength="false">System.String</parameterValue><type><name>System.String</name><uri /></type><defaultValue>None</defaultValue></parameter><parameter required="False" variableLength="false" globbing="false" pipelineInput="True (ByPropertyName)" position="Named"><name>MaxResult</name><description><para>The total number of items to return. If the total number of available items is more than the value specified in <c>MaxResults</c>, then a <c>NextToken</c> is returned in the output. You can use this token to display the next page of results.  </para></description><parameterValue required="true" variableLength="false">System.Int32</parameterValue><type><name>System.Int32</name><uri /></type><defaultValue>None</defaultValue></parameter><parameter required="False" variableLength="false" globbing="false" pipelineInput="True (ByValue, ByPropertyName)" position="Named"><name>NetworkCredential</name><description><para>Used with SAML-based authentication when ProfileName references a SAML role profile.  Contains the network credentials to be supplied during authentication with the  configured identity provider&#39;s endpoint. This parameter is not required if the user&#39;s default network identity can or should be used during authentication. </para></description><parameterValue required="true" variableLength="false">System.Management.Automation.PSCredential</parameterValue><type><name>System.Management.Automation.PSCredential</name><uri /></type><defaultValue>None</defaultValue></parameter><parameter required="False" variableLength="false" globbing="false" pipelineInput="True (ByPropertyName)" position="Named"><name>NextToken</name><description><para>A token to display the next page of results. 
<br /><b>Note:</b> This parameter is only used if you are manually controlling output pagination of the service API call. <br />&#39;NextToken&#39; is only returned by the cmdlet when &#39;-Select *&#39; is specified. In order to manually control output pagination, set &#39;-NextToken&#39; to null for the first call then set the &#39;NextToken&#39; using the same property output from the previous call for subsequent calls. </para></description><parameterValue required="true" variableLength="false">System.String</parameterValue><type><name>System.String</name><uri /></type><defaultValue>None</defaultValue></parameter><parameter required="False" variableLength="false" globbing="false" pipelineInput="True (ByPropertyName)" position="Named"><name>NoAutoIteration</name><description><para>By default the cmdlet will auto-iterate and retrieve all results to the pipeline by performing multiple service calls. If set, the cmdlet will retrieve only the next &#39;page&#39; of results using the value of NextToken as the start point. </para></description><parameterValue required="true" variableLength="false">System.Management.Automation.SwitchParameter</parameterValue><type><name>System.Management.Automation.SwitchParameter</name><uri /></type><defaultValue>None</defaultValue></parameter><parameter required="False" variableLength="false" globbing="false" pipelineInput="True (ByPropertyName)" position="Named"><name>ProfileLocation</name><description><para>Used to specify the name and location of the ini-format credential file (shared with the AWS CLI and other AWS SDKs) 
If this optional parameter is omitted this cmdlet will search the encrypted credential file used by the AWS SDK for .NET and AWS Toolkit for Visual Studio first. If the profile is not found then the cmdlet will search in the ini-format credential file at the default location: (user&#39;s home directory)\.aws\credentials. 
If this parameter is specified then this cmdlet will only search the ini-format credential file at the location given. 
As the current folder can vary in a shell or during script execution it is advised that you use specify a fully qualified path instead of a relative path. </para></description><parameterValue required="true" variableLength="false">System.String</parameterValue><type><name>System.String</name><uri /></type><defaultValue>None</defaultValue></parameter><parameter required="False" variableLength="false" globbing="false" pipelineInput="True (ByPropertyName)" position="Named"><name>ProfileName</name><description><para>The user-defined name of an AWS credentials or SAML-based role profile containing credential information. The profile is expected to be found in the secure credential file shared with the AWS SDK for .NET and AWS Toolkit for Visual Studio. You can also specify the name of a profile stored in the .ini-format credential file used with  the AWS CLI and other AWS SDKs. </para></description><parameterValue required="true" variableLength="false">System.String</parameterValue><type><name>System.String</name><uri /></type><defaultValue>None</defaultValue></parameter><parameter required="False" variableLength="false" globbing="false" pipelineInput="True (ByPropertyName)" position="Named"><name>Region</name><description><para>The system name of an AWS region or an AWSRegion instance. This governs the endpoint that will be used when calling service operations. Note that  the AWS resources referenced in a call are usually region-specific. </para></description><parameterValue required="true" variableLength="false">System.Object</parameterValue><type><name>System.Object</name><uri /></type><defaultValue>None</defaultValue></parameter><parameter required="False" variableLength="false" globbing="false" pipelineInput="True (ByPropertyName)" position="Named"><name>SecretKey</name><description><para>The AWS secret key for the user account. This can be a temporary secret key if the corresponding session token is supplied to the -SessionToken parameter. </para></description><parameterValue required="true" variableLength="false">System.String</parameterValue><type><name>System.String</name><uri /></type><defaultValue>None</defaultValue></parameter><parameter required="False" variableLength="false" globbing="false" pipelineInput="True (ByPropertyName)" position="Named"><name>Select</name><description><para>Use the -Select parameter to control the cmdlet output. The default value is &#39;HumanLoopSummaries&#39;. Specifying -Select &#39;*&#39; will result in the cmdlet returning the whole service response (Amazon.AugmentedAIRuntime.Model.ListHumanLoopsResponse). Specifying the name of a property of type Amazon.AugmentedAIRuntime.Model.ListHumanLoopsResponse will result in that property being returned. Specifying -Select &#39;^ParameterName&#39; will result in the cmdlet returning the selected cmdlet parameter value. </para></description><parameterValue required="true" variableLength="false">System.String</parameterValue><type><name>System.String</name><uri /></type><defaultValue>None</defaultValue></parameter><parameter required="False" variableLength="false" globbing="false" pipelineInput="True (ByPropertyName)" position="Named"><name>SessionToken</name><description><para>The session token if the access and secret keys are temporary session-based credentials. </para></description><parameterValue required="true" variableLength="false">System.String</parameterValue><type><name>System.String</name><uri /></type><defaultValue>None</defaultValue></parameter><parameter required="False" variableLength="false" globbing="false" pipelineInput="True (ByPropertyName)" position="Named"><name>SortOrder</name><description><para>Optional. The order for displaying results. Valid values: <c>Ascending</c> and <c>Descending</c>. </para></description><parameterValue required="true" variableLength="false">Amazon.AugmentedAIRuntime.SortOrder</parameterValue><type><name>Amazon.AugmentedAIRuntime.SortOrder</name><uri /></type><defaultValue>None</defaultValue></parameter></parameters><returnValues><returnValue><type><name>Amazon.AugmentedAIRuntime.Model.HumanLoopSummary or Amazon.AugmentedAIRuntime.Model.ListHumanLoopsResponse</name><uri /><description /></type><description><para>This cmdlet returns a collection of Amazon.AugmentedAIRuntime.Model.HumanLoopSummary objects.
The service call response (type Amazon.AugmentedAIRuntime.Model.ListHumanLoopsResponse) can be returned by specifying '-Select *'.</para></description></returnValue></returnValues><relatedLinks><navigationLink><linkText>Online version:</linkText><uri>http://docs.aws.amazon.com/powershell/latest/reference/index.html?page=Get-A2IRHumanLoopList.html&amp;tocid=Get-A2IRHumanLoopList</uri></navigationLink><navigationLink><linkText>Common credential and region parameters: </linkText><uri>http://docs.aws.amazon.com/powershell/latest/reference/items/pstoolsref-commonparams.html</uri></navigationLink></relatedLinks></command><command xmlns:maml="http://schemas.microsoft.com/maml/2004/10" xmlns:command="http://schemas.microsoft.com/maml/dev/command/2004/10" xmlns:dev="http://schemas.microsoft.com/maml/dev/2004/10"><details><name>Remove-A2IRHumanLoop</name><description><para>Calls the Amazon Augmented AI (A2I) Runtime DeleteHumanLoop API operation.</para></description><verb>Remove</verb><noun>A2IRHumanLoop</noun><copyright><para>&amp;copy; Copyright Amazon.com, Inc.or its affiliates.All Rights Reserved.</para></copyright></details><description><para>Deletes the specified human loop for a flow definition. 
If the human loop was deleted, this operation will return a <c>ResourceNotFoundException</c>. </para></description><syntax><syntaxItem><name>Remove-A2IRHumanLoop</name><parameter required="True" variableLength="false" globbing="false" pipelineInput="True (ByValue, ByPropertyName)" position="1"><name>HumanLoopName</name><description><para>The name of the human loop that you want to delete. </para></description><parameterValue required="true" variableLength="false">System.String</parameterValue></parameter><parameter required="False" variableLength="false" globbing="false" pipelineInput="True (ByPropertyName)" position="Named"><name>Select</name><description><para>Use the -Select parameter to control the cmdlet output. The cmdlet doesn&#39;t have a return value by default. Specifying -Select &#39;*&#39; will result in the cmdlet returning the whole service response (Amazon.AugmentedAIRuntime.Model.DeleteHumanLoopResponse). Specifying -Select &#39;^ParameterName&#39; will result in the cmdlet returning the selected cmdlet parameter value. </para></description><parameterValue required="true" variableLength="false">System.String</parameterValue></parameter><parameter required="False" variableLength="false" globbing="false" pipelineInput="True (ByPropertyName)" position="Named"><name>PassThru</name><description><para>Changes the cmdlet behavior to return the value passed to the HumanLoopName parameter. The -PassThru parameter is deprecated, use -Select &#39;^HumanLoopName&#39; instead. This parameter will be removed in a future version. </para></description><parameterValue required="true" variableLength="false">System.Management.Automation.SwitchParameter</parameterValue></parameter><parameter required="False" variableLength="false" globbing="false" pipelineInput="True (ByPropertyName)" position="Named"><name>Force</name><description><para>This parameter overrides confirmation prompts to force  the cmdlet to continue its operation. This parameter should always be used with caution. </para></description><parameterValue required="true" variableLength="false">System.Management.Automation.SwitchParameter</parameterValue></parameter><parameter required="False" variableLength="false" globbing="false" pipelineInput="True (ByPropertyName)" position="Named"><name>ClientConfig</name><description><para>Amazon.PowerShell.Cmdlets.A2IR.AmazonAugmentedAIRuntimeClientCmdlet.ClientConfig </para></description><parameterValue required="true" variableLength="false">Amazon.AugmentedAIRuntime.AmazonAugmentedAIRuntimeConfig</parameterValue></parameter><parameter required="False" variableLength="false" globbing="false" pipelineInput="True (ByPropertyName)" position="Named"><name>EndpointUrl</name><description><para>The endpoint to make the call against. 
<b>Note:</b> This parameter is primarily for internal AWS use and is not required/should not be specified for  normal usage. The cmdlets normally determine which endpoint to call based on the region specified to the -Region parameter or set as default in the shell (via Set-DefaultAWSRegion). Only specify this parameter if you must direct the call to a specific custom endpoint. </para></description><parameterValue required="true" variableLength="false">System.String</parameterValue></parameter><parameter required="False" variableLength="false" globbing="false" pipelineInput="True (ByPropertyName)" position="Named"><name>Region</name><description><para>The system name of an AWS region or an AWSRegion instance. This governs the endpoint that will be used when calling service operations. Note that  the AWS resources referenced in a call are usually region-specific. </para></description><parameterValue required="true" variableLength="false">System.Object</parameterValue></parameter><parameter required="False" variableLength="false" globbing="false" pipelineInput="True (ByPropertyName)" position="Named"><name>AccessKey</name><description><para>The AWS access key for the user account. This can be a temporary access key if the corresponding session token is supplied to the -SessionToken parameter. </para></description><parameterValue required="true" variableLength="false">System.String</parameterValue></parameter><parameter required="False" variableLength="false" globbing="false" pipelineInput="True (ByPropertyName)" position="Named"><name>SecretKey</name><description><para>The AWS secret key for the user account. This can be a temporary secret key if the corresponding session token is supplied to the -SessionToken parameter. </para></description><parameterValue required="true" variableLength="false">System.String</parameterValue></parameter><parameter required="False" variableLength="false" globbing="false" pipelineInput="True (ByPropertyName)" position="Named"><name>SessionToken</name><description><para>The session token if the access and secret keys are temporary session-based credentials. </para></description><parameterValue required="true" variableLength="false">System.String</parameterValue></parameter><parameter required="False" variableLength="false" globbing="false" pipelineInput="True (ByPropertyName)" position="Named"><name>ProfileName</name><description><para>The user-defined name of an AWS credentials or SAML-based role profile containing credential information. The profile is expected to be found in the secure credential file shared with the AWS SDK for .NET and AWS Toolkit for Visual Studio. You can also specify the name of a profile stored in the .ini-format credential file used with  the AWS CLI and other AWS SDKs. </para></description><parameterValue required="true" variableLength="false">System.String</parameterValue></parameter><parameter required="False" variableLength="false" globbing="false" pipelineInput="True (ByPropertyName)" position="Named"><name>ProfileLocation</name><description><para>Used to specify the name and location of the ini-format credential file (shared with the AWS CLI and other AWS SDKs) 
If this optional parameter is omitted this cmdlet will search the encrypted credential file used by the AWS SDK for .NET and AWS Toolkit for Visual Studio first. If the profile is not found then the cmdlet will search in the ini-format credential file at the default location: (user&#39;s home directory)\.aws\credentials. 
If this parameter is specified then this cmdlet will only search the ini-format credential file at the location given. 
As the current folder can vary in a shell or during script execution it is advised that you use specify a fully qualified path instead of a relative path. </para></description><parameterValue required="true" variableLength="false">System.String</parameterValue></parameter><parameter required="False" variableLength="false" globbing="false" pipelineInput="True (ByValue, ByPropertyName)" position="Named"><name>Credential</name><description><para>An AWSCredentials object instance containing access and secret key information, and optionally a token for session-based credentials. </para></description><parameterValue required="true" variableLength="false">Amazon.Runtime.AWSCredentials</parameterValue></parameter><parameter required="False" variableLength="false" globbing="false" pipelineInput="True (ByValue, ByPropertyName)" position="Named"><name>NetworkCredential</name><description><para>Used with SAML-based authentication when ProfileName references a SAML role profile.  Contains the network credentials to be supplied during authentication with the  configured identity provider&#39;s endpoint. This parameter is not required if the user&#39;s default network identity can or should be used during authentication. </para></description><parameterValue required="true" variableLength="false">System.Management.Automation.PSCredential</parameterValue></parameter></syntaxItem></syntax><parameters><parameter required="False" variableLength="false" globbing="false" pipelineInput="True (ByPropertyName)" position="Named"><name>AccessKey</name><description><para>The AWS access key for the user account. This can be a temporary access key if the corresponding session token is supplied to the -SessionToken parameter. </para></description><parameterValue required="true" variableLength="false">System.String</parameterValue><type><name>System.String</name><uri /></type><defaultValue>None</defaultValue></parameter><parameter required="False" variableLength="false" globbing="false" pipelineInput="True (ByPropertyName)" position="Named"><name>ClientConfig</name><description><para>Amazon.PowerShell.Cmdlets.A2IR.AmazonAugmentedAIRuntimeClientCmdlet.ClientConfig </para></description><parameterValue required="true" variableLength="false">Amazon.AugmentedAIRuntime.AmazonAugmentedAIRuntimeConfig</parameterValue><type><name>Amazon.AugmentedAIRuntime.AmazonAugmentedAIRuntimeConfig</name><uri /></type><defaultValue>None</defaultValue></parameter><parameter required="False" variableLength="false" globbing="false" pipelineInput="True (ByValue, ByPropertyName)" position="Named"><name>Credential</name><description><para>An AWSCredentials object instance containing access and secret key information, and optionally a token for session-based credentials. </para></description><parameterValue required="true" variableLength="false">Amazon.Runtime.AWSCredentials</parameterValue><type><name>Amazon.Runtime.AWSCredentials</name><uri /></type><defaultValue>None</defaultValue></parameter><parameter required="False" variableLength="false" globbing="false" pipelineInput="True (ByPropertyName)" position="Named"><name>EndpointUrl</name><description><para>The endpoint to make the call against. 
<b>Note:</b> This parameter is primarily for internal AWS use and is not required/should not be specified for  normal usage. The cmdlets normally determine which endpoint to call based on the region specified to the -Region parameter or set as default in the shell (via Set-DefaultAWSRegion). Only specify this parameter if you must direct the call to a specific custom endpoint. </para></description><parameterValue required="true" variableLength="false">System.String</parameterValue><type><name>System.String</name><uri /></type><defaultValue>None</defaultValue></parameter><parameter required="False" variableLength="false" globbing="false" pipelineInput="True (ByPropertyName)" position="Named"><name>Force</name><description><para>This parameter overrides confirmation prompts to force  the cmdlet to continue its operation. This parameter should always be used with caution. </para></description><parameterValue required="true" variableLength="false">System.Management.Automation.SwitchParameter</parameterValue><type><name>System.Management.Automation.SwitchParameter</name><uri /></type><defaultValue>None</defaultValue></parameter><parameter required="True" variableLength="false" globbing="false" pipelineInput="True (ByValue, ByPropertyName)" position="1"><name>HumanLoopName</name><description><para>The name of the human loop that you want to delete. </para></description><parameterValue required="true" variableLength="false">System.String</parameterValue><type><name>System.String</name><uri /></type><defaultValue>None</defaultValue></parameter><parameter required="False" variableLength="false" globbing="false" pipelineInput="True (ByValue, ByPropertyName)" position="Named"><name>NetworkCredential</name><description><para>Used with SAML-based authentication when ProfileName references a SAML role profile.  Contains the network credentials to be supplied during authentication with the  configured identity provider&#39;s endpoint. This parameter is not required if the user&#39;s default network identity can or should be used during authentication. </para></description><parameterValue required="true" variableLength="false">System.Management.Automation.PSCredential</parameterValue><type><name>System.Management.Automation.PSCredential</name><uri /></type><defaultValue>None</defaultValue></parameter><parameter required="False" variableLength="false" globbing="false" pipelineInput="True (ByPropertyName)" position="Named"><name>PassThru</name><description><para>Changes the cmdlet behavior to return the value passed to the HumanLoopName parameter. The -PassThru parameter is deprecated, use -Select &#39;^HumanLoopName&#39; instead. This parameter will be removed in a future version. </para></description><parameterValue required="true" variableLength="false">System.Management.Automation.SwitchParameter</parameterValue><type><name>System.Management.Automation.SwitchParameter</name><uri /></type><defaultValue>None</defaultValue></parameter><parameter required="False" variableLength="false" globbing="false" pipelineInput="True (ByPropertyName)" position="Named"><name>ProfileLocation</name><description><para>Used to specify the name and location of the ini-format credential file (shared with the AWS CLI and other AWS SDKs) 
If this optional parameter is omitted this cmdlet will search the encrypted credential file used by the AWS SDK for .NET and AWS Toolkit for Visual Studio first. If the profile is not found then the cmdlet will search in the ini-format credential file at the default location: (user&#39;s home directory)\.aws\credentials. 
If this parameter is specified then this cmdlet will only search the ini-format credential file at the location given. 
As the current folder can vary in a shell or during script execution it is advised that you use specify a fully qualified path instead of a relative path. </para></description><parameterValue required="true" variableLength="false">System.String</parameterValue><type><name>System.String</name><uri /></type><defaultValue>None</defaultValue></parameter><parameter required="False" variableLength="false" globbing="false" pipelineInput="True (ByPropertyName)" position="Named"><name>ProfileName</name><description><para>The user-defined name of an AWS credentials or SAML-based role profile containing credential information. The profile is expected to be found in the secure credential file shared with the AWS SDK for .NET and AWS Toolkit for Visual Studio. You can also specify the name of a profile stored in the .ini-format credential file used with  the AWS CLI and other AWS SDKs. </para></description><parameterValue required="true" variableLength="false">System.String</parameterValue><type><name>System.String</name><uri /></type><defaultValue>None</defaultValue></parameter><parameter required="False" variableLength="false" globbing="false" pipelineInput="True (ByPropertyName)" position="Named"><name>Region</name><description><para>The system name of an AWS region or an AWSRegion instance. This governs the endpoint that will be used when calling service operations. Note that  the AWS resources referenced in a call are usually region-specific. </para></description><parameterValue required="true" variableLength="false">System.Object</parameterValue><type><name>System.Object</name><uri /></type><defaultValue>None</defaultValue></parameter><parameter required="False" variableLength="false" globbing="false" pipelineInput="True (ByPropertyName)" position="Named"><name>SecretKey</name><description><para>The AWS secret key for the user account. This can be a temporary secret key if the corresponding session token is supplied to the -SessionToken parameter. </para></description><parameterValue required="true" variableLength="false">System.String</parameterValue><type><name>System.String</name><uri /></type><defaultValue>None</defaultValue></parameter><parameter required="False" variableLength="false" globbing="false" pipelineInput="True (ByPropertyName)" position="Named"><name>Select</name><description><para>Use the -Select parameter to control the cmdlet output. The cmdlet doesn&#39;t have a return value by default. Specifying -Select &#39;*&#39; will result in the cmdlet returning the whole service response (Amazon.AugmentedAIRuntime.Model.DeleteHumanLoopResponse). Specifying -Select &#39;^ParameterName&#39; will result in the cmdlet returning the selected cmdlet parameter value. </para></description><parameterValue required="true" variableLength="false">System.String</parameterValue><type><name>System.String</name><uri /></type><defaultValue>None</defaultValue></parameter><parameter required="False" variableLength="false" globbing="false" pipelineInput="True (ByPropertyName)" position="Named"><name>SessionToken</name><description><para>The session token if the access and secret keys are temporary session-based credentials. </para></description><parameterValue required="true" variableLength="false">System.String</parameterValue><type><name>System.String</name><uri /></type><defaultValue>None</defaultValue></parameter></parameters><returnValues><returnValue><type><name>None or Amazon.AugmentedAIRuntime.Model.DeleteHumanLoopResponse</name><uri /><description /></type><description><para>This cmdlet does not generate any output.The service response (type Amazon.AugmentedAIRuntime.Model.DeleteHumanLoopResponse) be returned by specifying '-Select *'.</para></description></returnValue></returnValues><relatedLinks><navigationLink><linkText>Online version:</linkText><uri>http://docs.aws.amazon.com/powershell/latest/reference/index.html?page=Remove-A2IRHumanLoop.html&amp;tocid=Remove-A2IRHumanLoop</uri></navigationLink><navigationLink><linkText>Common credential and region parameters: </linkText><uri>http://docs.aws.amazon.com/powershell/latest/reference/items/pstoolsref-commonparams.html</uri></navigationLink></relatedLinks></command><command xmlns:maml="http://schemas.microsoft.com/maml/2004/10" xmlns:command="http://schemas.microsoft.com/maml/dev/command/2004/10" xmlns:dev="http://schemas.microsoft.com/maml/dev/2004/10"><details><name>Get-A2IRHumanLoop</name><description><para>Calls the Amazon Augmented AI (A2I) Runtime DescribeHumanLoop API operation.</para></description><verb>Get</verb><noun>A2IRHumanLoop</noun><copyright><para>&amp;copy; Copyright Amazon.com, Inc.or its affiliates.All Rights Reserved.</para></copyright></details><description><para>Returns information about the specified human loop. If the human loop was deleted, this operation will return a <c>ResourceNotFoundException</c> error. </para></description><syntax><syntaxItem><name>Get-A2IRHumanLoop</name><parameter required="True" variableLength="false" globbing="false" pipelineInput="True (ByValue, ByPropertyName)" position="1"><name>HumanLoopName</name><description><para>The name of the human loop that you want information about. </para></description><parameterValue required="true" variableLength="false">System.String</parameterValue></parameter><parameter required="False" variableLength="false" globbing="false" pipelineInput="True (ByPropertyName)" position="Named"><name>Select</name><description><para>Use the -Select parameter to control the cmdlet output. The default value is &#39;*&#39;. Specifying -Select &#39;*&#39; will result in the cmdlet returning the whole service response (Amazon.AugmentedAIRuntime.Model.DescribeHumanLoopResponse). Specifying the name of a property of type Amazon.AugmentedAIRuntime.Model.DescribeHumanLoopResponse will result in that property being returned. Specifying -Select &#39;^ParameterName&#39; will result in the cmdlet returning the selected cmdlet parameter value. </para></description><parameterValue required="true" variableLength="false">System.String</parameterValue></parameter><parameter required="False" variableLength="false" globbing="false" pipelineInput="True (ByPropertyName)" position="Named"><name>PassThru</name><description><para>Changes the cmdlet behavior to return the value passed to the HumanLoopName parameter. The -PassThru parameter is deprecated, use -Select &#39;^HumanLoopName&#39; instead. This parameter will be removed in a future version. </para></description><parameterValue required="true" variableLength="false">System.Management.Automation.SwitchParameter</parameterValue></parameter><parameter required="False" variableLength="false" globbing="false" pipelineInput="True (ByPropertyName)" position="Named"><name>ClientConfig</name><description><para>Amazon.PowerShell.Cmdlets.A2IR.AmazonAugmentedAIRuntimeClientCmdlet.ClientConfig </para></description><parameterValue required="true" variableLength="false">Amazon.AugmentedAIRuntime.AmazonAugmentedAIRuntimeConfig</parameterValue></parameter><parameter required="False" variableLength="false" globbing="false" pipelineInput="True (ByPropertyName)" position="Named"><name>EndpointUrl</name><description><para>The endpoint to make the call against. 
<b>Note:</b> This parameter is primarily for internal AWS use and is not required/should not be specified for  normal usage. The cmdlets normally determine which endpoint to call based on the region specified to the -Region parameter or set as default in the shell (via Set-DefaultAWSRegion). Only specify this parameter if you must direct the call to a specific custom endpoint. </para></description><parameterValue required="true" variableLength="false">System.String</parameterValue></parameter><parameter required="False" variableLength="false" globbing="false" pipelineInput="True (ByPropertyName)" position="Named"><name>Region</name><description><para>The system name of an AWS region or an AWSRegion instance. This governs the endpoint that will be used when calling service operations. Note that  the AWS resources referenced in a call are usually region-specific. </para></description><parameterValue required="true" variableLength="false">System.Object</parameterValue></parameter><parameter required="False" variableLength="false" globbing="false" pipelineInput="True (ByPropertyName)" position="Named"><name>AccessKey</name><description><para>The AWS access key for the user account. This can be a temporary access key if the corresponding session token is supplied to the -SessionToken parameter. </para></description><parameterValue required="true" variableLength="false">System.String</parameterValue></parameter><parameter required="False" variableLength="false" globbing="false" pipelineInput="True (ByPropertyName)" position="Named"><name>SecretKey</name><description><para>The AWS secret key for the user account. This can be a temporary secret key if the corresponding session token is supplied to the -SessionToken parameter. </para></description><parameterValue required="true" variableLength="false">System.String</parameterValue></parameter><parameter required="False" variableLength="false" globbing="false" pipelineInput="True (ByPropertyName)" position="Named"><name>SessionToken</name><description><para>The session token if the access and secret keys are temporary session-based credentials. </para></description><parameterValue required="true" variableLength="false">System.String</parameterValue></parameter><parameter required="False" variableLength="false" globbing="false" pipelineInput="True (ByPropertyName)" position="Named"><name>ProfileName</name><description><para>The user-defined name of an AWS credentials or SAML-based role profile containing credential information. The profile is expected to be found in the secure credential file shared with the AWS SDK for .NET and AWS Toolkit for Visual Studio. You can also specify the name of a profile stored in the .ini-format credential file used with  the AWS CLI and other AWS SDKs. </para></description><parameterValue required="true" variableLength="false">System.String</parameterValue></parameter><parameter required="False" variableLength="false" globbing="false" pipelineInput="True (ByPropertyName)" position="Named"><name>ProfileLocation</name><description><para>Used to specify the name and location of the ini-format credential file (shared with the AWS CLI and other AWS SDKs) 
If this optional parameter is omitted this cmdlet will search the encrypted credential file used by the AWS SDK for .NET and AWS Toolkit for Visual Studio first. If the profile is not found then the cmdlet will search in the ini-format credential file at the default location: (user&#39;s home directory)\.aws\credentials. 
If this parameter is specified then this cmdlet will only search the ini-format credential file at the location given. 
As the current folder can vary in a shell or during script execution it is advised that you use specify a fully qualified path instead of a relative path. </para></description><parameterValue required="true" variableLength="false">System.String</parameterValue></parameter><parameter required="False" variableLength="false" globbing="false" pipelineInput="True (ByValue, ByPropertyName)" position="Named"><name>Credential</name><description><para>An AWSCredentials object instance containing access and secret key information, and optionally a token for session-based credentials. </para></description><parameterValue required="true" variableLength="false">Amazon.Runtime.AWSCredentials</parameterValue></parameter><parameter required="False" variableLength="false" globbing="false" pipelineInput="True (ByValue, ByPropertyName)" position="Named"><name>NetworkCredential</name><description><para>Used with SAML-based authentication when ProfileName references a SAML role profile.  Contains the network credentials to be supplied during authentication with the  configured identity provider&#39;s endpoint. This parameter is not required if the user&#39;s default network identity can or should be used during authentication. </para></description><parameterValue required="true" variableLength="false">System.Management.Automation.PSCredential</parameterValue></parameter></syntaxItem></syntax><parameters><parameter required="False" variableLength="false" globbing="false" pipelineInput="True (ByPropertyName)" position="Named"><name>AccessKey</name><description><para>The AWS access key for the user account. This can be a temporary access key if the corresponding session token is supplied to the -SessionToken parameter. </para></description><parameterValue required="true" variableLength="false">System.String</parameterValue><type><name>System.String</name><uri /></type><defaultValue>None</defaultValue></parameter><parameter required="False" variableLength="false" globbing="false" pipelineInput="True (ByPropertyName)" position="Named"><name>ClientConfig</name><description><para>Amazon.PowerShell.Cmdlets.A2IR.AmazonAugmentedAIRuntimeClientCmdlet.ClientConfig </para></description><parameterValue required="true" variableLength="false">Amazon.AugmentedAIRuntime.AmazonAugmentedAIRuntimeConfig</parameterValue><type><name>Amazon.AugmentedAIRuntime.AmazonAugmentedAIRuntimeConfig</name><uri /></type><defaultValue>None</defaultValue></parameter><parameter required="False" variableLength="false" globbing="false" pipelineInput="True (ByValue, ByPropertyName)" position="Named"><name>Credential</name><description><para>An AWSCredentials object instance containing access and secret key information, and optionally a token for session-based credentials. </para></description><parameterValue required="true" variableLength="false">Amazon.Runtime.AWSCredentials</parameterValue><type><name>Amazon.Runtime.AWSCredentials</name><uri /></type><defaultValue>None</defaultValue></parameter><parameter required="False" variableLength="false" globbing="false" pipelineInput="True (ByPropertyName)" position="Named"><name>EndpointUrl</name><description><para>The endpoint to make the call against. 
<b>Note:</b> This parameter is primarily for internal AWS use and is not required/should not be specified for  normal usage. The cmdlets normally determine which endpoint to call based on the region specified to the -Region parameter or set as default in the shell (via Set-DefaultAWSRegion). Only specify this parameter if you must direct the call to a specific custom endpoint. </para></description><parameterValue required="true" variableLength="false">System.String</parameterValue><type><name>System.String</name><uri /></type><defaultValue>None</defaultValue></parameter><parameter required="True" variableLength="false" globbing="false" pipelineInput="True (ByValue, ByPropertyName)" position="1"><name>HumanLoopName</name><description><para>The name of the human loop that you want information about. </para></description><parameterValue required="true" variableLength="false">System.String</parameterValue><type><name>System.String</name><uri /></type><defaultValue>None</defaultValue></parameter><parameter required="False" variableLength="false" globbing="false" pipelineInput="True (ByValue, ByPropertyName)" position="Named"><name>NetworkCredential</name><description><para>Used with SAML-based authentication when ProfileName references a SAML role profile.  Contains the network credentials to be supplied during authentication with the  configured identity provider&#39;s endpoint. This parameter is not required if the user&#39;s default network identity can or should be used during authentication. </para></description><parameterValue required="true" variableLength="false">System.Management.Automation.PSCredential</parameterValue><type><name>System.Management.Automation.PSCredential</name><uri /></type><defaultValue>None</defaultValue></parameter><parameter required="False" variableLength="false" globbing="false" pipelineInput="True (ByPropertyName)" position="Named"><name>PassThru</name><description><para>Changes the cmdlet behavior to return the value passed to the HumanLoopName parameter. The -PassThru parameter is deprecated, use -Select &#39;^HumanLoopName&#39; instead. This parameter will be removed in a future version. </para></description><parameterValue required="true" variableLength="false">System.Management.Automation.SwitchParameter</parameterValue><type><name>System.Management.Automation.SwitchParameter</name><uri /></type><defaultValue>None</defaultValue></parameter><parameter required="False" variableLength="false" globbing="false" pipelineInput="True (ByPropertyName)" position="Named"><name>ProfileLocation</name><description><para>Used to specify the name and location of the ini-format credential file (shared with the AWS CLI and other AWS SDKs) 
If this optional parameter is omitted this cmdlet will search the encrypted credential file used by the AWS SDK for .NET and AWS Toolkit for Visual Studio first. If the profile is not found then the cmdlet will search in the ini-format credential file at the default location: (user&#39;s home directory)\.aws\credentials. 
If this parameter is specified then this cmdlet will only search the ini-format credential file at the location given. 
As the current folder can vary in a shell or during script execution it is advised that you use specify a fully qualified path instead of a relative path. </para></description><parameterValue required="true" variableLength="false">System.String</parameterValue><type><name>System.String</name><uri /></type><defaultValue>None</defaultValue></parameter><parameter required="False" variableLength="false" globbing="false" pipelineInput="True (ByPropertyName)" position="Named"><name>ProfileName</name><description><para>The user-defined name of an AWS credentials or SAML-based role profile containing credential information. The profile is expected to be found in the secure credential file shared with the AWS SDK for .NET and AWS Toolkit for Visual Studio. You can also specify the name of a profile stored in the .ini-format credential file used with  the AWS CLI and other AWS SDKs. </para></description><parameterValue required="true" variableLength="false">System.String</parameterValue><type><name>System.String</name><uri /></type><defaultValue>None</defaultValue></parameter><parameter required="False" variableLength="false" globbing="false" pipelineInput="True (ByPropertyName)" position="Named"><name>Region</name><description><para>The system name of an AWS region or an AWSRegion instance. This governs the endpoint that will be used when calling service operations. Note that  the AWS resources referenced in a call are usually region-specific. </para></description><parameterValue required="true" variableLength="false">System.Object</parameterValue><type><name>System.Object</name><uri /></type><defaultValue>None</defaultValue></parameter><parameter required="False" variableLength="false" globbing="false" pipelineInput="True (ByPropertyName)" position="Named"><name>SecretKey</name><description><para>The AWS secret key for the user account. This can be a temporary secret key if the corresponding session token is supplied to the -SessionToken parameter. </para></description><parameterValue required="true" variableLength="false">System.String</parameterValue><type><name>System.String</name><uri /></type><defaultValue>None</defaultValue></parameter><parameter required="False" variableLength="false" globbing="false" pipelineInput="True (ByPropertyName)" position="Named"><name>Select</name><description><para>Use the -Select parameter to control the cmdlet output. The default value is &#39;*&#39;. Specifying -Select &#39;*&#39; will result in the cmdlet returning the whole service response (Amazon.AugmentedAIRuntime.Model.DescribeHumanLoopResponse). Specifying the name of a property of type Amazon.AugmentedAIRuntime.Model.DescribeHumanLoopResponse will result in that property being returned. Specifying -Select &#39;^ParameterName&#39; will result in the cmdlet returning the selected cmdlet parameter value. </para></description><parameterValue required="true" variableLength="false">System.String</parameterValue><type><name>System.String</name><uri /></type><defaultValue>None</defaultValue></parameter><parameter required="False" variableLength="false" globbing="false" pipelineInput="True (ByPropertyName)" position="Named"><name>SessionToken</name><description><para>The session token if the access and secret keys are temporary session-based credentials. </para></description><parameterValue required="true" variableLength="false">System.String</parameterValue><type><name>System.String</name><uri /></type><defaultValue>None</defaultValue></parameter></parameters><returnValues><returnValue><type><name>Amazon.AugmentedAIRuntime.Model.DescribeHumanLoopResponse</name><uri /><description /></type><description><para>This cmdlet returns an Amazon.AugmentedAIRuntime.Model.DescribeHumanLoopResponse object containing multiple properties.</para></description></returnValue></returnValues><relatedLinks><navigationLink><linkText>Online version:</linkText><uri>http://docs.aws.amazon.com/powershell/latest/reference/index.html?page=Get-A2IRHumanLoop.html&amp;tocid=Get-A2IRHumanLoop</uri></navigationLink><navigationLink><linkText>Common credential and region parameters: </linkText><uri>http://docs.aws.amazon.com/powershell/latest/reference/items/pstoolsref-commonparams.html</uri></navigationLink></relatedLinks></command><command xmlns:maml="http://schemas.microsoft.com/maml/2004/10" xmlns:command="http://schemas.microsoft.com/maml/dev/command/2004/10" xmlns:dev="http://schemas.microsoft.com/maml/dev/2004/10"><details><name>Stop-A2IRHumanLoop</name><description><para>Calls the Amazon Augmented AI (A2I) Runtime StopHumanLoop API operation.</para></description><verb>Stop</verb><noun>A2IRHumanLoop</noun><copyright><para>&amp;copy; Copyright Amazon.com, Inc.or its affiliates.All Rights Reserved.</para></copyright></details><description><para>Stops the specified human loop. </para></description><syntax><syntaxItem><name>Stop-A2IRHumanLoop</name><parameter required="True" variableLength="false" globbing="false" pipelineInput="True (ByValue, ByPropertyName)" position="1"><name>HumanLoopName</name><description><para>The name of the human loop that you want to stop. </para></description><parameterValue required="true" variableLength="false">System.String</parameterValue></parameter><parameter required="False" variableLength="false" globbing="false" pipelineInput="True (ByPropertyName)" position="Named"><name>Select</name><description><para>Use the -Select parameter to control the cmdlet output. The cmdlet doesn&#39;t have a return value by default. Specifying -Select &#39;*&#39; will result in the cmdlet returning the whole service response (Amazon.AugmentedAIRuntime.Model.StopHumanLoopResponse). Specifying -Select &#39;^ParameterName&#39; will result in the cmdlet returning the selected cmdlet parameter value. </para></description><parameterValue required="true" variableLength="false">System.String</parameterValue></parameter><parameter required="False" variableLength="false" globbing="false" pipelineInput="True (ByPropertyName)" position="Named"><name>PassThru</name><description><para>Changes the cmdlet behavior to return the value passed to the HumanLoopName parameter. The -PassThru parameter is deprecated, use -Select &#39;^HumanLoopName&#39; instead. This parameter will be removed in a future version. </para></description><parameterValue required="true" variableLength="false">System.Management.Automation.SwitchParameter</parameterValue></parameter><parameter required="False" variableLength="false" globbing="false" pipelineInput="True (ByPropertyName)" position="Named"><name>Force</name><description><para>This parameter overrides confirmation prompts to force  the cmdlet to continue its operation. This parameter should always be used with caution. </para></description><parameterValue required="true" variableLength="false">System.Management.Automation.SwitchParameter</parameterValue></parameter><parameter required="False" variableLength="false" globbing="false" pipelineInput="True (ByPropertyName)" position="Named"><name>ClientConfig</name><description><para>Amazon.PowerShell.Cmdlets.A2IR.AmazonAugmentedAIRuntimeClientCmdlet.ClientConfig </para></description><parameterValue required="true" variableLength="false">Amazon.AugmentedAIRuntime.AmazonAugmentedAIRuntimeConfig</parameterValue></parameter><parameter required="False" variableLength="false" globbing="false" pipelineInput="True (ByPropertyName)" position="Named"><name>EndpointUrl</name><description><para>The endpoint to make the call against. 
<b>Note:</b> This parameter is primarily for internal AWS use and is not required/should not be specified for  normal usage. The cmdlets normally determine which endpoint to call based on the region specified to the -Region parameter or set as default in the shell (via Set-DefaultAWSRegion). Only specify this parameter if you must direct the call to a specific custom endpoint. </para></description><parameterValue required="true" variableLength="false">System.String</parameterValue></parameter><parameter required="False" variableLength="false" globbing="false" pipelineInput="True (ByPropertyName)" position="Named"><name>Region</name><description><para>The system name of an AWS region or an AWSRegion instance. This governs the endpoint that will be used when calling service operations. Note that  the AWS resources referenced in a call are usually region-specific. </para></description><parameterValue required="true" variableLength="false">System.Object</parameterValue></parameter><parameter required="False" variableLength="false" globbing="false" pipelineInput="True (ByPropertyName)" position="Named"><name>AccessKey</name><description><para>The AWS access key for the user account. This can be a temporary access key if the corresponding session token is supplied to the -SessionToken parameter. </para></description><parameterValue required="true" variableLength="false">System.String</parameterValue></parameter><parameter required="False" variableLength="false" globbing="false" pipelineInput="True (ByPropertyName)" position="Named"><name>SecretKey</name><description><para>The AWS secret key for the user account. This can be a temporary secret key if the corresponding session token is supplied to the -SessionToken parameter. </para></description><parameterValue required="true" variableLength="false">System.String</parameterValue></parameter><parameter required="False" variableLength="false" globbing="false" pipelineInput="True (ByPropertyName)" position="Named"><name>SessionToken</name><description><para>The session token if the access and secret keys are temporary session-based credentials. </para></description><parameterValue required="true" variableLength="false">System.String</parameterValue></parameter><parameter required="False" variableLength="false" globbing="false" pipelineInput="True (ByPropertyName)" position="Named"><name>ProfileName</name><description><para>The user-defined name of an AWS credentials or SAML-based role profile containing credential information. The profile is expected to be found in the secure credential file shared with the AWS SDK for .NET and AWS Toolkit for Visual Studio. You can also specify the name of a profile stored in the .ini-format credential file used with  the AWS CLI and other AWS SDKs. </para></description><parameterValue required="true" variableLength="false">System.String</parameterValue></parameter><parameter required="False" variableLength="false" globbing="false" pipelineInput="True (ByPropertyName)" position="Named"><name>ProfileLocation</name><description><para>Used to specify the name and location of the ini-format credential file (shared with the AWS CLI and other AWS SDKs) 
If this optional parameter is omitted this cmdlet will search the encrypted credential file used by the AWS SDK for .NET and AWS Toolkit for Visual Studio first. If the profile is not found then the cmdlet will search in the ini-format credential file at the default location: (user&#39;s home directory)\.aws\credentials. 
If this parameter is specified then this cmdlet will only search the ini-format credential file at the location given. 
As the current folder can vary in a shell or during script execution it is advised that you use specify a fully qualified path instead of a relative path. </para></description><parameterValue required="true" variableLength="false">System.String</parameterValue></parameter><parameter required="False" variableLength="false" globbing="false" pipelineInput="True (ByValue, ByPropertyName)" position="Named"><name>Credential</name><description><para>An AWSCredentials object instance containing access and secret key information, and optionally a token for session-based credentials. </para></description><parameterValue required="true" variableLength="false">Amazon.Runtime.AWSCredentials</parameterValue></parameter><parameter required="False" variableLength="false" globbing="false" pipelineInput="True (ByValue, ByPropertyName)" position="Named"><name>NetworkCredential</name><description><para>Used with SAML-based authentication when ProfileName references a SAML role profile.  Contains the network credentials to be supplied during authentication with the  configured identity provider&#39;s endpoint. This parameter is not required if the user&#39;s default network identity can or should be used during authentication. </para></description><parameterValue required="true" variableLength="false">System.Management.Automation.PSCredential</parameterValue></parameter></syntaxItem></syntax><parameters><parameter required="False" variableLength="false" globbing="false" pipelineInput="True (ByPropertyName)" position="Named"><name>AccessKey</name><description><para>The AWS access key for the user account. This can be a temporary access key if the corresponding session token is supplied to the -SessionToken parameter. </para></description><parameterValue required="true" variableLength="false">System.String</parameterValue><type><name>System.String</name><uri /></type><defaultValue>None</defaultValue></parameter><parameter required="False" variableLength="false" globbing="false" pipelineInput="True (ByPropertyName)" position="Named"><name>ClientConfig</name><description><para>Amazon.PowerShell.Cmdlets.A2IR.AmazonAugmentedAIRuntimeClientCmdlet.ClientConfig </para></description><parameterValue required="true" variableLength="false">Amazon.AugmentedAIRuntime.AmazonAugmentedAIRuntimeConfig</parameterValue><type><name>Amazon.AugmentedAIRuntime.AmazonAugmentedAIRuntimeConfig</name><uri /></type><defaultValue>None</defaultValue></parameter><parameter required="False" variableLength="false" globbing="false" pipelineInput="True (ByValue, ByPropertyName)" position="Named"><name>Credential</name><description><para>An AWSCredentials object instance containing access and secret key information, and optionally a token for session-based credentials. </para></description><parameterValue required="true" variableLength="false">Amazon.Runtime.AWSCredentials</parameterValue><type><name>Amazon.Runtime.AWSCredentials</name><uri /></type><defaultValue>None</defaultValue></parameter><parameter required="False" variableLength="false" globbing="false" pipelineInput="True (ByPropertyName)" position="Named"><name>EndpointUrl</name><description><para>The endpoint to make the call against. 
<b>Note:</b> This parameter is primarily for internal AWS use and is not required/should not be specified for  normal usage. The cmdlets normally determine which endpoint to call based on the region specified to the -Region parameter or set as default in the shell (via Set-DefaultAWSRegion). Only specify this parameter if you must direct the call to a specific custom endpoint. </para></description><parameterValue required="true" variableLength="false">System.String</parameterValue><type><name>System.String</name><uri /></type><defaultValue>None</defaultValue></parameter><parameter required="False" variableLength="false" globbing="false" pipelineInput="True (ByPropertyName)" position="Named"><name>Force</name><description><para>This parameter overrides confirmation prompts to force  the cmdlet to continue its operation. This parameter should always be used with caution. </para></description><parameterValue required="true" variableLength="false">System.Management.Automation.SwitchParameter</parameterValue><type><name>System.Management.Automation.SwitchParameter</name><uri /></type><defaultValue>None</defaultValue></parameter><parameter required="True" variableLength="false" globbing="false" pipelineInput="True (ByValue, ByPropertyName)" position="1"><name>HumanLoopName</name><description><para>The name of the human loop that you want to stop. </para></description><parameterValue required="true" variableLength="false">System.String</parameterValue><type><name>System.String</name><uri /></type><defaultValue>None</defaultValue></parameter><parameter required="False" variableLength="false" globbing="false" pipelineInput="True (ByValue, ByPropertyName)" position="Named"><name>NetworkCredential</name><description><para>Used with SAML-based authentication when ProfileName references a SAML role profile.  Contains the network credentials to be supplied during authentication with the  configured identity provider&#39;s endpoint. This parameter is not required if the user&#39;s default network identity can or should be used during authentication. </para></description><parameterValue required="true" variableLength="false">System.Management.Automation.PSCredential</parameterValue><type><name>System.Management.Automation.PSCredential</name><uri /></type><defaultValue>None</defaultValue></parameter><parameter required="False" variableLength="false" globbing="false" pipelineInput="True (ByPropertyName)" position="Named"><name>PassThru</name><description><para>Changes the cmdlet behavior to return the value passed to the HumanLoopName parameter. The -PassThru parameter is deprecated, use -Select &#39;^HumanLoopName&#39; instead. This parameter will be removed in a future version. </para></description><parameterValue required="true" variableLength="false">System.Management.Automation.SwitchParameter</parameterValue><type><name>System.Management.Automation.SwitchParameter</name><uri /></type><defaultValue>None</defaultValue></parameter><parameter required="False" variableLength="false" globbing="false" pipelineInput="True (ByPropertyName)" position="Named"><name>ProfileLocation</name><description><para>Used to specify the name and location of the ini-format credential file (shared with the AWS CLI and other AWS SDKs) 
If this optional parameter is omitted this cmdlet will search the encrypted credential file used by the AWS SDK for .NET and AWS Toolkit for Visual Studio first. If the profile is not found then the cmdlet will search in the ini-format credential file at the default location: (user&#39;s home directory)\.aws\credentials. 
If this parameter is specified then this cmdlet will only search the ini-format credential file at the location given. 
As the current folder can vary in a shell or during script execution it is advised that you use specify a fully qualified path instead of a relative path. </para></description><parameterValue required="true" variableLength="false">System.String</parameterValue><type><name>System.String</name><uri /></type><defaultValue>None</defaultValue></parameter><parameter required="False" variableLength="false" globbing="false" pipelineInput="True (ByPropertyName)" position="Named"><name>ProfileName</name><description><para>The user-defined name of an AWS credentials or SAML-based role profile containing credential information. The profile is expected to be found in the secure credential file shared with the AWS SDK for .NET and AWS Toolkit for Visual Studio. You can also specify the name of a profile stored in the .ini-format credential file used with  the AWS CLI and other AWS SDKs. </para></description><parameterValue required="true" variableLength="false">System.String</parameterValue><type><name>System.String</name><uri /></type><defaultValue>None</defaultValue></parameter><parameter required="False" variableLength="false" globbing="false" pipelineInput="True (ByPropertyName)" position="Named"><name>Region</name><description><para>The system name of an AWS region or an AWSRegion instance. This governs the endpoint that will be used when calling service operations. Note that  the AWS resources referenced in a call are usually region-specific. </para></description><parameterValue required="true" variableLength="false">System.Object</parameterValue><type><name>System.Object</name><uri /></type><defaultValue>None</defaultValue></parameter><parameter required="False" variableLength="false" globbing="false" pipelineInput="True (ByPropertyName)" position="Named"><name>SecretKey</name><description><para>The AWS secret key for the user account. This can be a temporary secret key if the corresponding session token is supplied to the -SessionToken parameter. </para></description><parameterValue required="true" variableLength="false">System.String</parameterValue><type><name>System.String</name><uri /></type><defaultValue>None</defaultValue></parameter><parameter required="False" variableLength="false" globbing="false" pipelineInput="True (ByPropertyName)" position="Named"><name>Select</name><description><para>Use the -Select parameter to control the cmdlet output. The cmdlet doesn&#39;t have a return value by default. Specifying -Select &#39;*&#39; will result in the cmdlet returning the whole service response (Amazon.AugmentedAIRuntime.Model.StopHumanLoopResponse). Specifying -Select &#39;^ParameterName&#39; will result in the cmdlet returning the selected cmdlet parameter value. </para></description><parameterValue required="true" variableLength="false">System.String</parameterValue><type><name>System.String</name><uri /></type><defaultValue>None</defaultValue></parameter><parameter required="False" variableLength="false" globbing="false" pipelineInput="True (ByPropertyName)" position="Named"><name>SessionToken</name><description><para>The session token if the access and secret keys are temporary session-based credentials. </para></description><parameterValue required="true" variableLength="false">System.String</parameterValue><type><name>System.String</name><uri /></type><defaultValue>None</defaultValue></parameter></parameters><returnValues><returnValue><type><name>None or Amazon.AugmentedAIRuntime.Model.StopHumanLoopResponse</name><uri /><description /></type><description><para>This cmdlet does not generate any output.The service response (type Amazon.AugmentedAIRuntime.Model.StopHumanLoopResponse) be returned by specifying '-Select *'.</para></description></returnValue></returnValues><relatedLinks><navigationLink><linkText>Online version:</linkText><uri>http://docs.aws.amazon.com/powershell/latest/reference/index.html?page=Stop-A2IRHumanLoop.html&amp;tocid=Stop-A2IRHumanLoop</uri></navigationLink><navigationLink><linkText>Common credential and region parameters: </linkText><uri>http://docs.aws.amazon.com/powershell/latest/reference/items/pstoolsref-commonparams.html</uri></navigationLink></relatedLinks></command></helpItems>