<Objs Version="1.1.0.1" xmlns="http://schemas.microsoft.com/powershell/2004/04">
  <Obj RefId="0">
    <TN RefId="0">
      <T>Microsoft.PowerShell.Commands.PSRepositoryItemInfo</T>
      <T>System.Management.Automation.PSCustomObject</T>
      <T>System.Object</T>
    </TN>
    <MS>
      <S N="Name">OCI.PSModules.Computecloudatcustomer</S>
      <S N="Version">95.1.0</S>
      <S N="Type">Module</S>
      <S N="Description">This modules provides Cmdlets for OCI Computecloudatcustomer Service</S>
      <S N="Author">Oracle Cloud Infrastructure</S>
      <S N="CompanyName">oci-psmodules-grp</S>
      <S N="Copyright">(c) Oracle Cloud Infrastructure. All rights reserved.</S>
      <DT N="PublishedDate">2024-11-12T18:44:42+02:00</DT>
      <Nil N="InstalledDate" />
      <Nil N="UpdatedDate" />
      <URI N="LicenseUri">https://github.com/oracle/oci-powershell-modules/blob/master/LICENSE.txt</URI>
      <URI N="ProjectUri">https://github.com/oracle/oci-powershell-modules/</URI>
      <URI N="IconUri">https://github.com/oracle/oci-powershell-modules/blob/master/icon.png</URI>
      <Obj N="Tags" RefId="1">
        <TN RefId="1">
          <T>System.Object[]</T>
          <T>System.Array</T>
          <T>System.Object</T>
        </TN>
        <LST>
          <S>PSEdition_Core</S>
          <S>Windows</S>
          <S>Linux</S>
          <S>macOS</S>
          <S>Oracle</S>
          <S>OCI</S>
          <S>Cloud</S>
          <S>OracleCloudInfrastructure</S>
          <S>Computecloudatcustomer</S>
          <S>PSModule</S>
        </LST>
      </Obj>
      <Obj N="Includes" RefId="2">
        <TN RefId="2">
          <T>System.Collections.Hashtable</T>
          <T>System.Object</T>
        </TN>
        <DCT>
          <En>
            <S N="Key">Function</S>
            <Obj N="Value" RefId="3">
              <TNRef RefId="1" />
              <LST />
            </Obj>
          </En>
          <En>
            <S N="Key">Workflow</S>
            <Ref N="Value" RefId="3" />
          </En>
          <En>
            <S N="Key">DscResource</S>
            <Ref N="Value" RefId="3" />
          </En>
          <En>
            <S N="Key">RoleCapability</S>
            <Ref N="Value" RefId="3" />
          </En>
          <En>
            <S N="Key">Command</S>
            <Obj N="Value" RefId="4">
              <TNRef RefId="1" />
              <LST>
                <S>Get-OCIComputecloudatcustomerCccInfrastructure</S>
                <S>Get-OCIComputecloudatcustomerCccInfrastructuresList</S>
                <S>Get-OCIComputecloudatcustomerCccUpgradeSchedule</S>
                <S>Get-OCIComputecloudatcustomerCccUpgradeSchedulesList</S>
                <S>Move-OCIComputecloudatcustomerCccInfrastructureCompartment</S>
                <S>Move-OCIComputecloudatcustomerCccUpgradeScheduleCompartment</S>
                <S>New-OCIComputecloudatcustomerCccInfrastructure</S>
                <S>New-OCIComputecloudatcustomerCccUpgradeSchedule</S>
                <S>Remove-OCIComputecloudatcustomerCccInfrastructure</S>
                <S>Remove-OCIComputecloudatcustomerCccUpgradeSchedule</S>
                <S>Update-OCIComputecloudatcustomerCccInfrastructure</S>
                <S>Update-OCIComputecloudatcustomerCccUpgradeSchedule</S>
              </LST>
            </Obj>
          </En>
          <En>
            <S N="Key">Cmdlet</S>
            <Obj N="Value" RefId="5">
              <TNRef RefId="1" />
              <LST>
                <S>Get-OCIComputecloudatcustomerCccInfrastructure</S>
                <S>Get-OCIComputecloudatcustomerCccInfrastructuresList</S>
                <S>Get-OCIComputecloudatcustomerCccUpgradeSchedule</S>
                <S>Get-OCIComputecloudatcustomerCccUpgradeSchedulesList</S>
                <S>Move-OCIComputecloudatcustomerCccInfrastructureCompartment</S>
                <S>Move-OCIComputecloudatcustomerCccUpgradeScheduleCompartment</S>
                <S>New-OCIComputecloudatcustomerCccInfrastructure</S>
                <S>New-OCIComputecloudatcustomerCccUpgradeSchedule</S>
                <S>Remove-OCIComputecloudatcustomerCccInfrastructure</S>
                <S>Remove-OCIComputecloudatcustomerCccUpgradeSchedule</S>
                <S>Update-OCIComputecloudatcustomerCccInfrastructure</S>
                <S>Update-OCIComputecloudatcustomerCccUpgradeSchedule</S>
              </LST>
            </Obj>
          </En>
        </DCT>
      </Obj>
      <Nil N="PowerShellGetFormatVersion" />
      <S N="ReleaseNotes">https://github.com/oracle/oci-powershell-modules/blob/master/CHANGELOG.md</S>
      <Obj N="Dependencies" RefId="6">
        <TNRef RefId="1" />
        <LST>
          <Obj RefId="7">
            <TN RefId="3">
              <T>System.Collections.Specialized.OrderedDictionary</T>
              <T>System.Object</T>
            </TN>
            <DCT>
              <En>
                <S N="Key">Name</S>
                <S N="Value">OCI.PSModules.Common</S>
              </En>
              <En>
                <S N="Key">RequiredVersion</S>
                <S N="Value">95.1.0</S>
              </En>
              <En>
                <S N="Key">CanonicalId</S>
                <S N="Value">nuget:OCI.PSModules.Common/[95.1.0]</S>
              </En>
            </DCT>
          </Obj>
        </LST>
      </Obj>
      <S N="RepositorySourceLocation">https://www.powershellgallery.com/api/v2</S>
      <S N="Repository">PSGallery</S>
      <S N="PackageManagementProvider">NuGet</S>
      <Obj N="AdditionalMetadata" RefId="8">
        <TN RefId="4">
          <T>System.Management.Automation.PSCustomObject</T>
          <T>System.Object</T>
        </TN>
        <MS>
          <S N="copyright">(c) Oracle Cloud Infrastructure. All rights reserved.</S>
          <S N="description">This modules provides Cmdlets for OCI Computecloudatcustomer Service</S>
          <S N="requireLicenseAcceptance">False</S>
          <S N="releaseNotes">https://github.com/oracle/oci-powershell-modules/blob/master/CHANGELOG.md</S>
          <S N="isLatestVersion">True</S>
          <S N="isAbsoluteLatestVersion">True</S>
          <S N="versionDownloadCount">303</S>
          <S N="downloadCount">4984</S>
          <S N="packageSize">93073</S>
          <S N="published">11/12/2024 6:44:42 PM +02:00</S>
          <S N="created">11/12/2024 6:44:42 PM +02:00</S>
          <S N="lastUpdated">12/8/2024 9:30:00 PM +02:00</S>
          <S N="tags">PSEdition_Core Windows Linux macOS Oracle OCI Cloud OracleCloudInfrastructure Computecloudatcustomer PSModule PSCmdlet_Get-OCIComputecloudatcustomerCccInfrastructure PSCommand_Get-OCIComputecloudatcustomerCccInfrastructure PSCmdlet_Get-OCIComputecloudatcustomerCccInfrastructuresList PSCommand_Get-OCIComputecloudatcustomerCccInfrastructuresList PSCmdlet_Get-OCIComputecloudatcustomerCccUpgradeSchedule PSCommand_Get-OCIComputecloudatcustomerCccUpgradeSchedule PSCmdlet_Get-OCIComputecloudatcustomerCccUpgradeSchedulesList PSCommand_Get-OCIComputecloudatcustomerCccUpgradeSchedulesList PSCmdlet_Move-OCIComputecloudatcustomerCccInfrastructureCompartment PSCommand_Move-OCIComputecloudatcustomerCccInfrastructureCompartment PSCmdlet_Move-OCIComputecloudatcustomerCccUpgradeScheduleCompartment PSCommand_Move-OCIComputecloudatcustomerCccUpgradeScheduleCompartment PSCmdlet_New-OCIComputecloudatcustomerCccInfrastructure PSCommand_New-OCIComputecloudatcustomerCccInfrastructure PSCmdlet_New-OCIComputecloudatcustomerCccUpgradeSchedule PSCommand_New-OCIComputecloudatcustomerCccUpgradeSchedule PSCmdlet_Remove-OCIComputecloudatcustomerCccInfrastructure PSCommand_Remove-OCIComputecloudatcustomerCccInfrastructure PSCmdlet_Remove-OCIComputecloudatcustomerCccUpgradeSchedule PSCommand_Remove-OCIComputecloudatcustomerCccUpgradeSchedule PSCmdlet_Update-OCIComputecloudatcustomerCccInfrastructure PSCommand_Update-OCIComputecloudatcustomerCccInfrastructure PSCmdlet_Update-OCIComputecloudatcustomerCccUpgradeSchedule PSCommand_Update-OCIComputecloudatcustomerCccUpgradeSchedule PSIncludes_Cmdlet</S>
          <S N="developmentDependency">False</S>
          <S N="updated">2024-12-08T21:30:00Z</S>
          <S N="NormalizedVersion">95.1.0</S>
          <S N="Authors">Oracle Cloud Infrastructure</S>
          <S N="IsPrerelease">false</S>
          <S N="ItemType">Module</S>
          <S N="FileList">OCI.PSModules.Computecloudatcustomer.nuspec|THIRD_PARTY_LICENSES.txt|OCI.PSModules.Computecloudatcustomer.dll-Help.xml|OCI.PSModules.Computecloudatcustomer.psd1|LICENSE.txt|assemblies\OCI.PSModules.Computecloudatcustomer.dll|assemblies\OCI.DotNetSDK.Computecloudatcustomer.dll</S>
          <S N="GUID">5ad07485-5877-44d1-87e8-7e7611e4c92b</S>
          <S N="PowerShellVersion">6.0</S>
          <S N="CompanyName">Oracle Corporation</S>
        </MS>
      </Obj>
      <S N="InstalledLocation">C:\Users\MarcoFekry\Downloads\OCI.PSModules\OCI.PSModules.Computecloudatcustomer\95.1.0</S>
    </MS>
  </Obj>
</Objs>
