<Objs Version="1.1.0.1" xmlns="http://schemas.microsoft.com/powershell/2004/04">
  <Obj RefId="0">
    <TN RefId="0">
      <T>Microsoft.PowerShell.Commands.PSRepositoryItemInfo</T>
      <T>System.Management.Automation.PSCustomObject</T>
      <T>System.Object</T>
    </TN>
    <MS>
      <S N="Name">OCI.PSModules.Common</S>
      <S N="Version">119.1.0</S>
      <S N="Type">Module</S>
      <S N="Description">OCI Common module exports Cmdlets that manages features offered by OCI Modules for Powershell like History Store, OCI Configuration file setup and Per-Session Region/Config/Profile preferences. Common module also contains some functionalties that are common to all OCI Service modules, therefore all OCI Service modules depends on Common module.</S>
      <S N="Author">Oracle Cloud Infrastructure</S>
      <S N="CompanyName">oci-psmodules-grp</S>
      <S N="Copyright">(c) Oracle Corporation 2020. All rights reserved.</S>
      <DT N="PublishedDate">2025-11-10T20:09:03+02:00</DT>
      <Nil N="InstalledDate" />
      <Nil N="UpdatedDate" />
      <URI N="LicenseUri">https://github.com/oracle/oci-powershell-modules/blob/master/LICENSE.txt</URI>
      <URI N="ProjectUri">https://github.com/oracle/oci-powershell-modules/</URI>
      <URI N="IconUri">https://github.com/oracle/oci-powershell-modules/blob/master/icon.png</URI>
      <Obj N="Tags" RefId="1">
        <TN RefId="1">
          <T>System.Object[]</T>
          <T>System.Array</T>
          <T>System.Object</T>
        </TN>
        <LST>
          <S>PSEdition_Core</S>
          <S>Windows</S>
          <S>Linux</S>
          <S>macOS</S>
          <S>Oracle</S>
          <S>OCI</S>
          <S>Cloud</S>
          <S>OracleCloudInfrastructure</S>
          <S>Common</S>
          <S>PSModule</S>
        </LST>
      </Obj>
      <Obj N="Includes" RefId="2">
        <TN RefId="2">
          <T>System.Collections.Hashtable</T>
          <T>System.Object</T>
        </TN>
        <DCT>
          <En>
            <S N="Key">Cmdlet</S>
            <Obj N="Value" RefId="3">
              <TNRef RefId="1" />
              <LST>
                <S>Get-OCICmdletHistory</S>
                <S>Set-OCICmdletHistory</S>
                <S>Clear-OCICmdletHistory</S>
                <S>Get-OCIClientSession</S>
                <S>Set-OCIClientSession</S>
                <S>Set-OCIClientConfig</S>
                <S>New-OCIClientKeys</S>
                <S>Clear-OCIClientSession</S>
                <S>Register-OCIRealm</S>
                <S>Register-OCIRegion</S>
                <S>Get-OCIRegion</S>
                <S>Get-OCIRegionsList</S>
                <S>Get-OCIRealm</S>
                <S>Get-OCIRealmsList</S>
              </LST>
            </Obj>
          </En>
          <En>
            <S N="Key">Function</S>
            <Obj N="Value" RefId="4">
              <TNRef RefId="1" />
              <LST />
            </Obj>
          </En>
          <En>
            <S N="Key">Workflow</S>
            <Ref N="Value" RefId="4" />
          </En>
          <En>
            <S N="Key">RoleCapability</S>
            <Ref N="Value" RefId="4" />
          </En>
          <En>
            <S N="Key">DscResource</S>
            <Ref N="Value" RefId="4" />
          </En>
          <En>
            <S N="Key">Command</S>
            <Obj N="Value" RefId="5">
              <TNRef RefId="1" />
              <LST>
                <S>Get-OCICmdletHistory</S>
                <S>Set-OCICmdletHistory</S>
                <S>Clear-OCICmdletHistory</S>
                <S>Get-OCIClientSession</S>
                <S>Set-OCIClientSession</S>
                <S>Set-OCIClientConfig</S>
                <S>New-OCIClientKeys</S>
                <S>Clear-OCIClientSession</S>
                <S>Register-OCIRealm</S>
                <S>Register-OCIRegion</S>
                <S>Get-OCIRegion</S>
                <S>Get-OCIRegionsList</S>
                <S>Get-OCIRealm</S>
                <S>Get-OCIRealmsList</S>
              </LST>
            </Obj>
          </En>
        </DCT>
      </Obj>
      <Nil N="PowerShellGetFormatVersion" />
      <S N="ReleaseNotes">https://github.com/oracle/oci-powershell-modules/blob/master/CHANGELOG.md</S>
      <Obj N="Dependencies" RefId="6">
        <TNRef RefId="1" />
        <LST />
      </Obj>
      <S N="RepositorySourceLocation">https://www.powershellgallery.com/api/v2</S>
      <S N="Repository">PSGallery</S>
      <S N="PackageManagementProvider">NuGet</S>
      <Obj N="AdditionalMetadata" RefId="7">
        <TN RefId="3">
          <T>System.Management.Automation.PSCustomObject</T>
          <T>System.Object</T>
        </TN>
        <MS>
          <S N="copyright">(c) Oracle Corporation 2020. All rights reserved.</S>
          <S N="description">OCI Common module exports Cmdlets that manages features offered by OCI Modules for Powershell like History Store, OCI Configuration file setup and Per-Session Region/Config/Profile preferences. Common module also contains some functionalties that are common to all OCI Service modules, therefore all OCI Service modules depends on Common module.</S>
          <S N="requireLicenseAcceptance">False</S>
          <S N="releaseNotes">https://github.com/oracle/oci-powershell-modules/blob/master/CHANGELOG.md</S>
          <S N="isLatestVersion">True</S>
          <S N="isAbsoluteLatestVersion">True</S>
          <S N="versionDownloadCount">580</S>
          <S N="downloadCount">330044</S>
          <S N="packageSize">3239623</S>
          <S N="published">11/10/2025 8:09:03 PM +02:00</S>
          <S N="created">11/10/2025 8:09:03 PM +02:00</S>
          <S N="lastUpdated">11/16/2025 7:10:00 AM +02:00</S>
          <S N="tags">PSEdition_Core Windows Linux macOS Oracle OCI Cloud OracleCloudInfrastructure Common PSModule PSCmdlet_Get-OCICmdletHistory PSCommand_Get-OCICmdletHistory PSCmdlet_Set-OCICmdletHistory PSCommand_Set-OCICmdletHistory PSCmdlet_Clear-OCICmdletHistory PSCommand_Clear-OCICmdletHistory PSCmdlet_Get-OCIClientSession PSCommand_Get-OCIClientSession PSCmdlet_Set-OCIClientSession PSCommand_Set-OCIClientSession PSCmdlet_Set-OCIClientConfig PSCommand_Set-OCIClientConfig PSCmdlet_New-OCIClientKeys PSCommand_New-OCIClientKeys PSCmdlet_Clear-OCIClientSession PSCommand_Clear-OCIClientSession PSCmdlet_Register-OCIRealm PSCommand_Register-OCIRealm PSCmdlet_Register-OCIRegion PSCommand_Register-OCIRegion PSCmdlet_Get-OCIRegion PSCommand_Get-OCIRegion PSCmdlet_Get-OCIRegionsList PSCommand_Get-OCIRegionsList PSCmdlet_Get-OCIRealm PSCommand_Get-OCIRealm PSCmdlet_Get-OCIRealmsList PSCommand_Get-OCIRealmsList PSIncludes_Cmdlet</S>
          <S N="developmentDependency">False</S>
          <S N="updated">2025-11-16T07:10:00Z</S>
          <S N="NormalizedVersion">119.1.0</S>
          <S N="Authors">Oracle Cloud Infrastructure</S>
          <S N="IsPrerelease">false</S>
          <S N="ItemType">Module</S>
          <S N="FileList">OCI.PSModules.Common.nuspec|LICENSE.txt|THIRD_PARTY_LICENSES.txt|OCI.PSModules.Common.psd1|OCI.PSModules.Common.format.ps1xml|OCI.PSModules.Common.dll-Help.xml|assemblies\OCI.PSModules.Common.dll|assemblies\Microsoft.Bcl.AsyncInterfaces.dll|assemblies\Microsoft.IdentityModel.Logging.dll|assemblies\Newtonsoft.Json.dll|assemblies\NLog.dll|assemblies\System.Security.Cryptography.Cng.dll|assemblies\BouncyCastle.Crypto.dll|assemblies\System.IdentityModel.Tokens.Jwt.dll|assemblies\System.Buffers.dll|assemblies\Microsoft.IdentityModel.Tokens.dll|assemblies\Microsoft.CSharp.dll|assemblies\Polly.dll|assemblies\System.Text.Json.dll|assemblies\System.Text.Encodings.Web.dll|assemblies\System.Runtime.CompilerServices.Unsafe.dll|assemblies\System.Memory.dll|assemblies\System.Numerics.Vectors.dll|assemblies\Microsoft.IdentityModel.Abstractions.dll|assemblies\System.Threading.Tasks.Extensions.dll|assemblies\OCI.DotNetSDK.Common.dll|assemblies\Microsoft.IdentityModel.JsonWebTokens.dll|assemblies\System.ComponentModel.Annotations.dll</S>
          <S N="GUID">b3061a0d-375b-4099-ae76-f92fb3cdcdae</S>
          <S N="PowerShellVersion">6.0</S>
          <S N="CompanyName">Oracle Corporation</S>
        </MS>
      </Obj>
      <S N="InstalledLocation">C:\Program Files\PowerShell\Modules\OCI.PSModules.Common\119.1.0</S>
    </MS>
  </Obj>
</Objs>
