<Objs Version="1.1.0.1" xmlns="http://schemas.microsoft.com/powershell/2004/04">
  <Obj RefId="0">
    <TN RefId="0">
      <T>Microsoft.PowerShell.Commands.PSRepositoryItemInfo</T>
      <T>System.Management.Automation.PSCustomObject</T>
      <T>System.Object</T>
    </TN>
    <MS>
      <S N="Name">OCI.PSModules.Mysql</S>
      <Version N="Version">120.0.0</Version>
      <S N="Type">Module</S>
      <S N="Description">This modules provides Cmdlets for OCI Mysql Service</S>
      <S N="Author">Oracle Cloud Infrastructure</S>
      <S N="CompanyName">oci-psmodules-grp</S>
      <S N="Copyright">(c) Oracle Cloud Infrastructure. All rights reserved.</S>
      <DT N="PublishedDate">2025-11-18T18:48:34+02:00</DT>
      <Obj N="InstalledDate" RefId="1">
        <DT>2025-11-27T08:17:24.6302255+02:00</DT>
        <MS>
          <Obj N="DisplayHint" RefId="2">
            <TN RefId="1">
              <T>Microsoft.PowerShell.Commands.DisplayHintType</T>
              <T>System.Enum</T>
              <T>System.ValueType</T>
              <T>System.Object</T>
            </TN>
            <ToString>DateTime</ToString>
            <I32>2</I32>
          </Obj>
        </MS>
      </Obj>
      <Nil N="UpdatedDate" />
      <URI N="LicenseUri">https://github.com/oracle/oci-powershell-modules/blob/master/LICENSE.txt</URI>
      <URI N="ProjectUri">https://github.com/oracle/oci-powershell-modules/</URI>
      <URI N="IconUri">https://github.com/oracle/oci-powershell-modules/blob/master/icon.png</URI>
      <Obj N="Tags" RefId="3">
        <TN RefId="2">
          <T>System.Object[]</T>
          <T>System.Array</T>
          <T>System.Object</T>
        </TN>
        <LST>
          <S>PSEdition_Core</S>
          <S>Windows</S>
          <S>Linux</S>
          <S>macOS</S>
          <S>Oracle</S>
          <S>OCI</S>
          <S>Cloud</S>
          <S>OracleCloudInfrastructure</S>
          <S>Mysql</S>
          <S>PSModule</S>
        </LST>
      </Obj>
      <Obj N="Includes" RefId="4">
        <TN RefId="3">
          <T>System.Collections.Hashtable</T>
          <T>System.Object</T>
        </TN>
        <DCT>
          <En>
            <S N="Key">Function</S>
            <Obj N="Value" RefId="5">
              <TNRef RefId="2" />
              <LST />
            </Obj>
          </En>
          <En>
            <S N="Key">RoleCapability</S>
            <Ref N="Value" RefId="5" />
          </En>
          <En>
            <S N="Key">Cmdlet</S>
            <Obj N="Value" RefId="6">
              <TNRef RefId="2" />
              <LST>
                <S>Add-OCIMysqlHeatWaveCluster</S>
                <S>Confirm-OCIMysqlBackup</S>
                <S>Copy-OCIMysqlBackup</S>
                <S>Get-OCIMysqlBackup</S>
                <S>Get-OCIMysqlBackupsList</S>
                <S>Get-OCIMysqlChannel</S>
                <S>Get-OCIMysqlChannelsList</S>
                <S>Get-OCIMysqlConfiguration</S>
                <S>Get-OCIMysqlConfigurationsList</S>
                <S>Get-OCIMysqlDbSystem</S>
                <S>Get-OCIMysqlDbSystemsList</S>
                <S>Get-OCIMysqlHeatWaveCluster</S>
                <S>Get-OCIMysqlHeatWaveClusterMemoryEstimate</S>
                <S>Get-OCIMysqlReplica</S>
                <S>Get-OCIMysqlReplicasList</S>
                <S>Get-OCIMysqlShapesList</S>
                <S>Get-OCIMysqlVersionsList</S>
                <S>Get-OCIMysqlWorkRequest</S>
                <S>Get-OCIMysqlWorkRequestErrorsList</S>
                <S>Get-OCIMysqlWorkRequestLogsList</S>
                <S>Get-OCIMysqlWorkRequestsList</S>
                <S>Invoke-OCIMysqlResumeChannel</S>
                <S>Move-OCIMysqlBackupCompartment</S>
                <S>New-OCIMysqlBackup</S>
                <S>New-OCIMysqlChannel</S>
                <S>New-OCIMysqlConfiguration</S>
                <S>New-OCIMysqlDbSystem</S>
                <S>New-OCIMysqlHeatWaveClusterMemoryEstimate</S>
                <S>New-OCIMysqlReplica</S>
                <S>Remove-OCIMysqlBackup</S>
                <S>Remove-OCIMysqlChannel</S>
                <S>Remove-OCIMysqlConfiguration</S>
                <S>Remove-OCIMysqlDbSystem</S>
                <S>Remove-OCIMysqlHeatWaveCluster</S>
                <S>Remove-OCIMysqlReplica</S>
                <S>Reset-OCIMysqlChannel</S>
                <S>Restart-OCIMysqlDbSystem</S>
                <S>Restart-OCIMysqlHeatWaveCluster</S>
                <S>Start-OCIMysqlDbSystem</S>
                <S>Start-OCIMysqlHeatWaveCluster</S>
                <S>Stop-OCIMysqlBackupDeletion</S>
                <S>Stop-OCIMysqlDbSystem</S>
                <S>Stop-OCIMysqlHeatWaveCluster</S>
                <S>Update-OCIMysqlBackup</S>
                <S>Update-OCIMysqlChannel</S>
                <S>Update-OCIMysqlConfiguration</S>
                <S>Update-OCIMysqlDbSystem</S>
                <S>Update-OCIMysqlHeatWaveCluster</S>
                <S>Update-OCIMysqlReplica</S>
              </LST>
            </Obj>
          </En>
          <En>
            <S N="Key">DscResource</S>
            <Ref N="Value" RefId="5" />
          </En>
          <En>
            <S N="Key">Command</S>
            <Obj N="Value" RefId="7">
              <TNRef RefId="2" />
              <LST>
                <S>Add-OCIMysqlHeatWaveCluster</S>
                <S>Confirm-OCIMysqlBackup</S>
                <S>Copy-OCIMysqlBackup</S>
                <S>Get-OCIMysqlBackup</S>
                <S>Get-OCIMysqlBackupsList</S>
                <S>Get-OCIMysqlChannel</S>
                <S>Get-OCIMysqlChannelsList</S>
                <S>Get-OCIMysqlConfiguration</S>
                <S>Get-OCIMysqlConfigurationsList</S>
                <S>Get-OCIMysqlDbSystem</S>
                <S>Get-OCIMysqlDbSystemsList</S>
                <S>Get-OCIMysqlHeatWaveCluster</S>
                <S>Get-OCIMysqlHeatWaveClusterMemoryEstimate</S>
                <S>Get-OCIMysqlReplica</S>
                <S>Get-OCIMysqlReplicasList</S>
                <S>Get-OCIMysqlShapesList</S>
                <S>Get-OCIMysqlVersionsList</S>
                <S>Get-OCIMysqlWorkRequest</S>
                <S>Get-OCIMysqlWorkRequestErrorsList</S>
                <S>Get-OCIMysqlWorkRequestLogsList</S>
                <S>Get-OCIMysqlWorkRequestsList</S>
                <S>Invoke-OCIMysqlResumeChannel</S>
                <S>Move-OCIMysqlBackupCompartment</S>
                <S>New-OCIMysqlBackup</S>
                <S>New-OCIMysqlChannel</S>
                <S>New-OCIMysqlConfiguration</S>
                <S>New-OCIMysqlDbSystem</S>
                <S>New-OCIMysqlHeatWaveClusterMemoryEstimate</S>
                <S>New-OCIMysqlReplica</S>
                <S>Remove-OCIMysqlBackup</S>
                <S>Remove-OCIMysqlChannel</S>
                <S>Remove-OCIMysqlConfiguration</S>
                <S>Remove-OCIMysqlDbSystem</S>
                <S>Remove-OCIMysqlHeatWaveCluster</S>
                <S>Remove-OCIMysqlReplica</S>
                <S>Reset-OCIMysqlChannel</S>
                <S>Restart-OCIMysqlDbSystem</S>
                <S>Restart-OCIMysqlHeatWaveCluster</S>
                <S>Start-OCIMysqlDbSystem</S>
                <S>Start-OCIMysqlHeatWaveCluster</S>
                <S>Stop-OCIMysqlBackupDeletion</S>
                <S>Stop-OCIMysqlDbSystem</S>
                <S>Stop-OCIMysqlHeatWaveCluster</S>
                <S>Update-OCIMysqlBackup</S>
                <S>Update-OCIMysqlChannel</S>
                <S>Update-OCIMysqlConfiguration</S>
                <S>Update-OCIMysqlDbSystem</S>
                <S>Update-OCIMysqlHeatWaveCluster</S>
                <S>Update-OCIMysqlReplica</S>
              </LST>
            </Obj>
          </En>
          <En>
            <S N="Key">Workflow</S>
            <Ref N="Value" RefId="5" />
          </En>
        </DCT>
      </Obj>
      <Nil N="PowerShellGetFormatVersion" />
      <S N="ReleaseNotes">https://github.com/oracle/oci-powershell-modules/blob/master/CHANGELOG.md</S>
      <Obj N="Dependencies" RefId="8">
        <TNRef RefId="2" />
        <LST>
          <Obj RefId="9">
            <TN RefId="4">
              <T>System.Collections.Specialized.OrderedDictionary</T>
              <T>System.Object</T>
            </TN>
            <DCT>
              <En>
                <S N="Key">Name</S>
                <S N="Value">OCI.PSModules.Common</S>
              </En>
              <En>
                <S N="Key">RequiredVersion</S>
                <S N="Value">120.0.0</S>
              </En>
              <En>
                <S N="Key">CanonicalId</S>
                <S N="Value">nuget:OCI.PSModules.Common/[120.0.0]</S>
              </En>
            </DCT>
          </Obj>
        </LST>
      </Obj>
      <S N="RepositorySourceLocation">https://www.powershellgallery.com/api/v2</S>
      <S N="Repository">PSGallery</S>
      <S N="PackageManagementProvider">NuGet</S>
      <Obj N="AdditionalMetadata" RefId="10">
        <TN RefId="5">
          <T>System.Management.Automation.PSCustomObject</T>
          <T>System.Object</T>
        </TN>
        <MS>
          <S N="copyright">(c) Oracle Cloud Infrastructure. All rights reserved.</S>
          <S N="description">This modules provides Cmdlets for OCI Mysql Service</S>
          <S N="requireLicenseAcceptance">False</S>
          <S N="releaseNotes">https://github.com/oracle/oci-powershell-modules/blob/master/CHANGELOG.md</S>
          <S N="isLatestVersion">True</S>
          <S N="isAbsoluteLatestVersion">True</S>
          <S N="versionDownloadCount">49</S>
          <S N="downloadCount">26077</S>
          <S N="packageSize">207893</S>
          <S N="published">11/18/2025 6:48:34 PM +02:00</S>
          <S N="created">11/18/2025 6:48:34 PM +02:00</S>
          <S N="lastUpdated">11/26/2025 9:30:00 PM +02:00</S>
          <S N="tags">PSEdition_Core Windows Linux macOS Oracle OCI Cloud OracleCloudInfrastructure Mysql PSModule PSCmdlet_Add-OCIMysqlHeatWaveCluster PSCommand_Add-OCIMysqlHeatWaveCluster PSCmdlet_Confirm-OCIMysqlBackup PSCommand_Confirm-OCIMysqlBackup PSCmdlet_Copy-OCIMysqlBackup PSCommand_Copy-OCIMysqlBackup PSCmdlet_Get-OCIMysqlBackup PSCommand_Get-OCIMysqlBackup PSCmdlet_Get-OCIMysqlBackupsList PSCommand_Get-OCIMysqlBackupsList PSCmdlet_Get-OCIMysqlChannel PSCommand_Get-OCIMysqlChannel PSCmdlet_Get-OCIMysqlChannelsList PSCommand_Get-OCIMysqlChannelsList PSCmdlet_Get-OCIMysqlConfiguration PSCommand_Get-OCIMysqlConfiguration PSCmdlet_Get-OCIMysqlConfigurationsList PSCommand_Get-OCIMysqlConfigurationsList PSCmdlet_Get-OCIMysqlDbSystem PSCommand_Get-OCIMysqlDbSystem PSCmdlet_Get-OCIMysqlDbSystemsList PSCommand_Get-OCIMysqlDbSystemsList PSCmdlet_Get-OCIMysqlHeatWaveCluster PSCommand_Get-OCIMysqlHeatWaveCluster PSCmdlet_Get-OCIMysqlHeatWaveClusterMemoryEstimate PSCommand_Get-OCIMysqlHeatWaveClusterMemoryEstimate PSCmdlet_Get-OCIMysqlReplica PSCommand_Get-OCIMysqlReplica PSCmdlet_Get-OCIMysqlReplicasList PSCommand_Get-OCIMysqlReplicasList PSCmdlet_Get-OCIMysqlShapesList PSCommand_Get-OCIMysqlShapesList PSCmdlet_Get-OCIMysqlVersionsList PSCommand_Get-OCIMysqlVersionsList PSCmdlet_Get-OCIMysqlWorkRequest PSCommand_Get-OCIMysqlWorkRequest PSCmdlet_Get-OCIMysqlWorkRequestErrorsList PSCommand_Get-OCIMysqlWorkRequestErrorsList PSCmdlet_Get-OCIMysqlWorkRequestLogsList PSCommand_Get-OCIMysqlWorkRequestLogsList PSCmdlet_Get-OCIMysqlWorkRequestsList PSCommand_Get-OCIMysqlWorkRequestsList PSCmdlet_Invoke-OCIMysqlResumeChannel PSCommand_Invoke-OCIMysqlResumeChannel PSCmdlet_Move-OCIMysqlBackupCompartment PSCommand_Move-OCIMysqlBackupCompartment PSCmdlet_New-OCIMysqlBackup PSCommand_New-OCIMysqlBackup PSCmdlet_New-OCIMysqlChannel PSCommand_New-OCIMysqlChannel PSCmdlet_New-OCIMysqlConfiguration PSCommand_New-OCIMysqlConfiguration PSCmdlet_New-OCIMysqlDbSystem PSCommand_New-OCIMysqlDbSystem PSCmdlet_New-OCIMysqlHeatWaveClusterMemoryEstimate PSCommand_New-OCIMysqlHeatWaveClusterMemoryEstimate PSCmdlet_New-OCIMysqlReplica PSCommand_New-OCIMysqlReplica PSCmdlet_Remove-OCIMysqlBackup PSCommand_Remove-OCIMysqlBackup PSCmdlet_Remove-OCIMysqlChannel PSCommand_Remove-OCIMysqlChannel PSCmdlet_Remove-OCIMysqlConfiguration PSCommand_Remove-OCIMysqlConfiguration PSCmdlet_Remove-OCIMysqlDbSystem PSCommand_Remove-OCIMysqlDbSystem PSCmdlet_Remove-OCIMysqlHeatWaveCluster PSCommand_Remove-OCIMysqlHeatWaveCluster PSCmdlet_Remove-OCIMysqlReplica PSCommand_Remove-OCIMysqlReplica PSCmdlet_Reset-OCIMysqlChannel PSCommand_Reset-OCIMysqlChannel PSCmdlet_Restart-OCIMysqlDbSystem PSCommand_Restart-OCIMysqlDbSystem PSCmdlet_Restart-OCIMysqlHeatWaveCluster PSCommand_Restart-OCIMysqlHeatWaveCluster PSCmdlet_Start-OCIMysqlDbSystem PSCommand_Start-OCIMysqlDbSystem PSCmdlet_Start-OCIMysqlHeatWaveCluster PSCommand_Start-OCIMysqlHeatWaveCluster PSCmdlet_Stop-OCIMysqlBackupDeletion PSCommand_Stop-OCIMysqlBackupDeletion PSCmdlet_Stop-OCIMysqlDbSystem PSCommand_Stop-OCIMysqlDbSystem PSCmdlet_Stop-OCIMysqlHeatWaveCluster PSCommand_Stop-OCIMysqlHeatWaveCluster PSCmdlet_Update-OCIMysqlBackup PSCommand_Update-OCIMysqlBackup PSCmdlet_Update-OCIMysqlChannel PSCommand_Update-OCIMysqlChannel PSCmdlet_Update-OCIMysqlConfiguration PSCommand_Update-OCIMysqlConfiguration PSCmdlet_Update-OCIMysqlDbSystem PSCommand_Update-OCIMysqlDbSystem PSCmdlet_Update-OCIMysqlHeatWaveCluster PSCommand_Update-OCIMysqlHeatWaveCluster PSCmdlet_Update-OCIMysqlReplica PSCommand_Update-OCIMysqlReplica PSIncludes_Cmdlet</S>
          <S N="developmentDependency">False</S>
          <S N="updated">2025-11-26T21:30:00Z</S>
          <S N="NormalizedVersion">120.0.0</S>
          <S N="Authors">Oracle Cloud Infrastructure</S>
          <S N="IsPrerelease">false</S>
          <S N="ItemType">Module</S>
          <S N="FileList">OCI.PSModules.Mysql.nuspec|OCI.PSModules.Mysql.psd1|LICENSE.txt|OCI.PSModules.Mysql.dll-Help.xml|THIRD_PARTY_LICENSES.txt|assemblies\OCI.PSModules.Mysql.dll|assemblies\OCI.DotNetSDK.Mysql.dll</S>
          <S N="GUID">ad8c5447-7619-4d20-8318-cfb7688ec98d</S>
          <S N="PowerShellVersion">6.0</S>
          <S N="CompanyName">Oracle Corporation</S>
        </MS>
      </Obj>
      <S N="InstalledLocation">C:\Program Files\PowerShell\Modules\OCI.PSModules.Mysql\120.0.0</S>
    </MS>
  </Obj>
</Objs>
