<Objs Version="1.1.0.1" xmlns="http://schemas.microsoft.com/powershell/2004/04">
  <Obj RefId="0">
    <TN RefId="0">
      <T>Microsoft.PowerShell.Commands.PSRepositoryItemInfo</T>
      <T>System.Management.Automation.PSCustomObject</T>
      <T>System.Object</T>
    </TN>
    <MS>
      <S N="Name">OCI.PSModules.Fleetsoftwareupdate</S>
      <S N="Version">95.1.0</S>
      <S N="Type">Module</S>
      <S N="Description">This modules provides Cmdlets for OCI Fleetsoftwareupdate Service</S>
      <S N="Author">Oracle Cloud Infrastructure</S>
      <S N="CompanyName">oci-psmodules-grp</S>
      <S N="Copyright">(c) Oracle Cloud Infrastructure. All rights reserved.</S>
      <DT N="PublishedDate">2024-11-12T18:47:43+02:00</DT>
      <Nil N="InstalledDate" />
      <Nil N="UpdatedDate" />
      <URI N="LicenseUri">https://github.com/oracle/oci-powershell-modules/blob/master/LICENSE.txt</URI>
      <URI N="ProjectUri">https://github.com/oracle/oci-powershell-modules/</URI>
      <URI N="IconUri">https://github.com/oracle/oci-powershell-modules/blob/master/icon.png</URI>
      <Obj N="Tags" RefId="1">
        <TN RefId="1">
          <T>System.Object[]</T>
          <T>System.Array</T>
          <T>System.Object</T>
        </TN>
        <LST>
          <S>PSEdition_Core</S>
          <S>Windows</S>
          <S>Linux</S>
          <S>macOS</S>
          <S>Oracle</S>
          <S>OCI</S>
          <S>Cloud</S>
          <S>OracleCloudInfrastructure</S>
          <S>Fleetsoftwareupdate</S>
          <S>PSModule</S>
        </LST>
      </Obj>
      <Obj N="Includes" RefId="2">
        <TN RefId="2">
          <T>System.Collections.Hashtable</T>
          <T>System.Object</T>
        </TN>
        <DCT>
          <En>
            <S N="Key">Function</S>
            <Obj N="Value" RefId="3">
              <TNRef RefId="1" />
              <LST />
            </Obj>
          </En>
          <En>
            <S N="Key">Workflow</S>
            <Ref N="Value" RefId="3" />
          </En>
          <En>
            <S N="Key">DscResource</S>
            <Ref N="Value" RefId="3" />
          </En>
          <En>
            <S N="Key">RoleCapability</S>
            <Ref N="Value" RefId="3" />
          </En>
          <En>
            <S N="Key">Command</S>
            <Obj N="Value" RefId="4">
              <TNRef RefId="1" />
              <LST>
                <S>Add-OCIFleetsoftwareupdateFsuCollectionTargets</S>
                <S>Get-OCIFleetsoftwareupdateFsuAction</S>
                <S>Get-OCIFleetsoftwareupdateFsuActionOutputContent</S>
                <S>Get-OCIFleetsoftwareupdateFsuActionsList</S>
                <S>Get-OCIFleetsoftwareupdateFsuCollection</S>
                <S>Get-OCIFleetsoftwareupdateFsuCollectionsList</S>
                <S>Get-OCIFleetsoftwareupdateFsuCollectionTarget</S>
                <S>Get-OCIFleetsoftwareupdateFsuCollectionTargetsList</S>
                <S>Get-OCIFleetsoftwareupdateFsuCycle</S>
                <S>Get-OCIFleetsoftwareupdateFsuCyclesList</S>
                <S>Get-OCIFleetsoftwareupdateFsuDiscoveriesList</S>
                <S>Get-OCIFleetsoftwareupdateFsuDiscovery</S>
                <S>Get-OCIFleetsoftwareupdateFsuDiscoveryTargetsList</S>
                <S>Get-OCIFleetsoftwareupdateFsuJob</S>
                <S>Get-OCIFleetsoftwareupdateFsuJobOutputContent</S>
                <S>Get-OCIFleetsoftwareupdateFsuJobOutputsList</S>
                <S>Get-OCIFleetsoftwareupdateFsuJobsList</S>
                <S>Get-OCIFleetsoftwareupdateWorkRequest</S>
                <S>Get-OCIFleetsoftwareupdateWorkRequestErrorsList</S>
                <S>Get-OCIFleetsoftwareupdateWorkRequestLogsList</S>
                <S>Get-OCIFleetsoftwareupdateWorkRequestsList</S>
                <S>Invoke-OCIFleetsoftwareupdateCloneFsuCycle</S>
                <S>Invoke-OCIFleetsoftwareupdateResumeFsuAction</S>
                <S>Invoke-OCIFleetsoftwareupdateRetryFsuJob</S>
                <S>Move-OCIFleetsoftwareupdateFsuActionCompartment</S>
                <S>Move-OCIFleetsoftwareupdateFsuCollectionCompartment</S>
                <S>Move-OCIFleetsoftwareupdateFsuCycleCompartment</S>
                <S>Move-OCIFleetsoftwareupdateFsuDiscoveryCompartment</S>
                <S>New-OCIFleetsoftwareupdateFsuAction</S>
                <S>New-OCIFleetsoftwareupdateFsuCollection</S>
                <S>New-OCIFleetsoftwareupdateFsuCycle</S>
                <S>New-OCIFleetsoftwareupdateFsuDiscovery</S>
                <S>Remove-OCIFleetsoftwareupdateFsuAction</S>
                <S>Remove-OCIFleetsoftwareupdateFsuCollection</S>
                <S>Remove-OCIFleetsoftwareupdateFsuCollectionTarget</S>
                <S>Remove-OCIFleetsoftwareupdateFsuCollectionTargets</S>
                <S>Remove-OCIFleetsoftwareupdateFsuCycle</S>
                <S>Remove-OCIFleetsoftwareupdateFsuDiscovery</S>
                <S>Remove-OCIFleetsoftwareupdateFsuJob</S>
                <S>Stop-OCIFleetsoftwareupdateFsuAction</S>
                <S>Stop-OCIFleetsoftwareupdateFsuDiscovery</S>
                <S>Update-OCIFleetsoftwareupdateFsuAction</S>
                <S>Update-OCIFleetsoftwareupdateFsuCollection</S>
                <S>Update-OCIFleetsoftwareupdateFsuCycle</S>
                <S>Update-OCIFleetsoftwareupdateFsuDiscovery</S>
                <S>Update-OCIFleetsoftwareupdateFsuJob</S>
              </LST>
            </Obj>
          </En>
          <En>
            <S N="Key">Cmdlet</S>
            <Obj N="Value" RefId="5">
              <TNRef RefId="1" />
              <LST>
                <S>Add-OCIFleetsoftwareupdateFsuCollectionTargets</S>
                <S>Get-OCIFleetsoftwareupdateFsuAction</S>
                <S>Get-OCIFleetsoftwareupdateFsuActionOutputContent</S>
                <S>Get-OCIFleetsoftwareupdateFsuActionsList</S>
                <S>Get-OCIFleetsoftwareupdateFsuCollection</S>
                <S>Get-OCIFleetsoftwareupdateFsuCollectionsList</S>
                <S>Get-OCIFleetsoftwareupdateFsuCollectionTarget</S>
                <S>Get-OCIFleetsoftwareupdateFsuCollectionTargetsList</S>
                <S>Get-OCIFleetsoftwareupdateFsuCycle</S>
                <S>Get-OCIFleetsoftwareupdateFsuCyclesList</S>
                <S>Get-OCIFleetsoftwareupdateFsuDiscoveriesList</S>
                <S>Get-OCIFleetsoftwareupdateFsuDiscovery</S>
                <S>Get-OCIFleetsoftwareupdateFsuDiscoveryTargetsList</S>
                <S>Get-OCIFleetsoftwareupdateFsuJob</S>
                <S>Get-OCIFleetsoftwareupdateFsuJobOutputContent</S>
                <S>Get-OCIFleetsoftwareupdateFsuJobOutputsList</S>
                <S>Get-OCIFleetsoftwareupdateFsuJobsList</S>
                <S>Get-OCIFleetsoftwareupdateWorkRequest</S>
                <S>Get-OCIFleetsoftwareupdateWorkRequestErrorsList</S>
                <S>Get-OCIFleetsoftwareupdateWorkRequestLogsList</S>
                <S>Get-OCIFleetsoftwareupdateWorkRequestsList</S>
                <S>Invoke-OCIFleetsoftwareupdateCloneFsuCycle</S>
                <S>Invoke-OCIFleetsoftwareupdateResumeFsuAction</S>
                <S>Invoke-OCIFleetsoftwareupdateRetryFsuJob</S>
                <S>Move-OCIFleetsoftwareupdateFsuActionCompartment</S>
                <S>Move-OCIFleetsoftwareupdateFsuCollectionCompartment</S>
                <S>Move-OCIFleetsoftwareupdateFsuCycleCompartment</S>
                <S>Move-OCIFleetsoftwareupdateFsuDiscoveryCompartment</S>
                <S>New-OCIFleetsoftwareupdateFsuAction</S>
                <S>New-OCIFleetsoftwareupdateFsuCollection</S>
                <S>New-OCIFleetsoftwareupdateFsuCycle</S>
                <S>New-OCIFleetsoftwareupdateFsuDiscovery</S>
                <S>Remove-OCIFleetsoftwareupdateFsuAction</S>
                <S>Remove-OCIFleetsoftwareupdateFsuCollection</S>
                <S>Remove-OCIFleetsoftwareupdateFsuCollectionTarget</S>
                <S>Remove-OCIFleetsoftwareupdateFsuCollectionTargets</S>
                <S>Remove-OCIFleetsoftwareupdateFsuCycle</S>
                <S>Remove-OCIFleetsoftwareupdateFsuDiscovery</S>
                <S>Remove-OCIFleetsoftwareupdateFsuJob</S>
                <S>Stop-OCIFleetsoftwareupdateFsuAction</S>
                <S>Stop-OCIFleetsoftwareupdateFsuDiscovery</S>
                <S>Update-OCIFleetsoftwareupdateFsuAction</S>
                <S>Update-OCIFleetsoftwareupdateFsuCollection</S>
                <S>Update-OCIFleetsoftwareupdateFsuCycle</S>
                <S>Update-OCIFleetsoftwareupdateFsuDiscovery</S>
                <S>Update-OCIFleetsoftwareupdateFsuJob</S>
              </LST>
            </Obj>
          </En>
        </DCT>
      </Obj>
      <Nil N="PowerShellGetFormatVersion" />
      <S N="ReleaseNotes">https://github.com/oracle/oci-powershell-modules/blob/master/CHANGELOG.md</S>
      <Obj N="Dependencies" RefId="6">
        <TNRef RefId="1" />
        <LST>
          <Obj RefId="7">
            <TN RefId="3">
              <T>System.Collections.Specialized.OrderedDictionary</T>
              <T>System.Object</T>
            </TN>
            <DCT>
              <En>
                <S N="Key">Name</S>
                <S N="Value">OCI.PSModules.Common</S>
              </En>
              <En>
                <S N="Key">RequiredVersion</S>
                <S N="Value">95.1.0</S>
              </En>
              <En>
                <S N="Key">CanonicalId</S>
                <S N="Value">nuget:OCI.PSModules.Common/[95.1.0]</S>
              </En>
            </DCT>
          </Obj>
        </LST>
      </Obj>
      <S N="RepositorySourceLocation">https://www.powershellgallery.com/api/v2</S>
      <S N="Repository">PSGallery</S>
      <S N="PackageManagementProvider">NuGet</S>
      <Obj N="AdditionalMetadata" RefId="8">
        <TN RefId="4">
          <T>System.Management.Automation.PSCustomObject</T>
          <T>System.Object</T>
        </TN>
        <MS>
          <S N="copyright">(c) Oracle Cloud Infrastructure. All rights reserved.</S>
          <S N="description">This modules provides Cmdlets for OCI Fleetsoftwareupdate Service</S>
          <S N="requireLicenseAcceptance">False</S>
          <S N="releaseNotes">https://github.com/oracle/oci-powershell-modules/blob/master/CHANGELOG.md</S>
          <S N="isLatestVersion">True</S>
          <S N="isAbsoluteLatestVersion">True</S>
          <S N="versionDownloadCount">301</S>
          <S N="downloadCount">5119</S>
          <S N="packageSize">188111</S>
          <S N="published">11/12/2024 6:47:43 PM +02:00</S>
          <S N="created">11/12/2024 6:47:43 PM +02:00</S>
          <S N="lastUpdated">12/8/2024 9:30:00 PM +02:00</S>
          <S N="tags">PSEdition_Core Windows Linux macOS Oracle OCI Cloud OracleCloudInfrastructure Fleetsoftwareupdate PSModule PSCmdlet_Add-OCIFleetsoftwareupdateFsuCollectionTargets PSCommand_Add-OCIFleetsoftwareupdateFsuCollectionTargets PSCmdlet_Get-OCIFleetsoftwareupdateFsuAction PSCommand_Get-OCIFleetsoftwareupdateFsuAction PSCmdlet_Get-OCIFleetsoftwareupdateFsuActionOutputContent PSCommand_Get-OCIFleetsoftwareupdateFsuActionOutputContent PSCmdlet_Get-OCIFleetsoftwareupdateFsuActionsList PSCommand_Get-OCIFleetsoftwareupdateFsuActionsList PSCmdlet_Get-OCIFleetsoftwareupdateFsuCollection PSCommand_Get-OCIFleetsoftwareupdateFsuCollection PSCmdlet_Get-OCIFleetsoftwareupdateFsuCollectionsList PSCommand_Get-OCIFleetsoftwareupdateFsuCollectionsList PSCmdlet_Get-OCIFleetsoftwareupdateFsuCollectionTarget PSCommand_Get-OCIFleetsoftwareupdateFsuCollectionTarget PSCmdlet_Get-OCIFleetsoftwareupdateFsuCollectionTargetsList PSCommand_Get-OCIFleetsoftwareupdateFsuCollectionTargetsList PSCmdlet_Get-OCIFleetsoftwareupdateFsuCycle PSCommand_Get-OCIFleetsoftwareupdateFsuCycle PSCmdlet_Get-OCIFleetsoftwareupdateFsuCyclesList PSCommand_Get-OCIFleetsoftwareupdateFsuCyclesList PSCmdlet_Get-OCIFleetsoftwareupdateFsuDiscoveriesList PSCommand_Get-OCIFleetsoftwareupdateFsuDiscoveriesList PSCmdlet_Get-OCIFleetsoftwareupdateFsuDiscovery PSCommand_Get-OCIFleetsoftwareupdateFsuDiscovery PSCmdlet_Get-OCIFleetsoftwareupdateFsuDiscoveryTargetsList PSCommand_Get-OCIFleetsoftwareupdateFsuDiscoveryTargetsList PSCmdlet_Get-OCIFleetsoftwareupdateFsuJob PSCommand_Get-OCIFleetsoftwareupdateFsuJob PSCmdlet_Get-OCIFleetsoftwareupdateFsuJobOutputContent PSCommand_Get-OCIFleetsoftwareupdateFsuJobOutputContent PSCmdlet_Get-OCIFleetsoftwareupdateFsuJobOutputsList PSCommand_Get-OCIFleetsoftwareupdateFsuJobOutputsList PSCmdlet_Get-OCIFleetsoftwareupdateFsuJobsList PSCommand_Get-OCIFleetsoftwareupdateFsuJobsList PSCmdlet_Get-OCIFleetsoftwareupdateWorkRequest PSCommand_Get-OCIFleetsoftwareupdateWorkRequest PSCmdlet_Get-OCIFleetsoftwareupdateWorkRequestErrorsList PSCommand_Get-OCIFleetsoftwareupdateWorkRequestErrorsList PSCmdlet_Get-OCIFleetsoftwareupdateWorkRequestLogsList PSCommand_Get-OCIFleetsoftwareupdateWorkRequestLogsList PSCmdlet_Get-OCIFleetsoftwareupdateWorkRequestsList PSCommand_Get-OCIFleetsoftwareupdateWorkRequestsList PSCmdlet_Invoke-OCIFleetsoftwareupdateCloneFsuCycle PSCommand_Invoke-OCIFleetsoftwareupdateCloneFsuCycle PSCmdlet_Invoke-OCIFleetsoftwareupdateResumeFsuAction PSCommand_Invoke-OCIFleetsoftwareupdateResumeFsuAction PSCmdlet_Invoke-OCIFleetsoftwareupdateRetryFsuJob PSCommand_Invoke-OCIFleetsoftwareupdateRetryFsuJob PSCmdlet_Move-OCIFleetsoftwareupdateFsuActionCompartment PSCommand_Move-OCIFleetsoftwareupdateFsuActionCompartment PSCmdlet_Move-OCIFleetsoftwareupdateFsuCollectionCompartment PSCommand_Move-OCIFleetsoftwareupdateFsuCollectionCompartment PSCmdlet_Move-OCIFleetsoftwareupdateFsuCycleCompartment PSCommand_Move-OCIFleetsoftwareupdateFsuCycleCompartment PSCmdlet_Move-OCIFleetsoftwareupdateFsuDiscoveryCompartment PSCommand_Move-OCIFleetsoftwareupdateFsuDiscoveryCompartment PSCmdlet_New-OCIFleetsoftwareupdateFsuAction PSCommand_New-OCIFleetsoftwareupdateFsuAction PSCmdlet_New-OCIFleetsoftwareupdateFsuCollection PSCommand_New-OCIFleetsoftwareupdateFsuCollection PSCmdlet_New-OCIFleetsoftwareupdateFsuCycle PSCommand_New-OCIFleetsoftwareupdateFsuCycle PSCmdlet_New-OCIFleetsoftwareupdateFsuDiscovery PSCommand_New-OCIFleetsoftwareupdateFsuDiscovery PSCmdlet_Remove-OCIFleetsoftwareupdateFsuAction PSCommand_Remove-OCIFleetsoftwareupdateFsuAction PSCmdlet_Remove-OCIFleetsoftwareupdateFsuCollection PSCommand_Remove-OCIFleetsoftwareupdateFsuCollection PSCmdlet_Remove-OCIFleetsoftwareupdateFsuCollectionTarget PSCommand_Remove-OCIFleetsoftwareupdateFsuCollectionTarget PSCmdlet_Remove-OCIFleetsoftwareupdateFsuCollectionTargets PSCommand_Remove-OCIFleetsoftwareupdateFsuCollectionTargets PSCmdlet_Remove-OCIFleetsoftwareupdateFsuCycle PSCommand_Remove-OCIFleetsoftwareupdateFsuCycle PSCmdlet_Remove-OCIFleetsoftwareupdateFsuDiscovery PSCommand_Remove-OCIFleetsoftwareupdateFsuDiscovery PSCmdlet_Remove-OCIFleetsoftwareupdateFsuJob PSCommand_Remove-OCIFleetsoftwareupdateFsuJob PSCmdlet_Stop-OCIFleetsoftwareupdateFsuAction PSCommand_Stop-OCIFleetsoftwareupdateFsuAction PSCmdlet_Stop-OCIFleetsoftwareupdateFsuDiscovery PSCommand_Stop-OCIFleetsoftwareupdateFsuDiscovery PSCmdlet_Update-OCIFleetsoftwareupdateFsuAction PSCommand_Update-OCIFleetsoftwareupdateFsuAction PSCmdlet_Update-OCIFleetsoftwareupdateFsuCollection PSCommand_Update-OCIFleetsoftwareupdateFsuCollection PSCmdlet_Update-OCIFleetsoftwareupdateFsuCycle PSCommand_Update-OCIFleetsoftwareupdateFsuCycle PSCmdlet_Update-OCIFleetsoftwareupdateFsuDiscovery PSCommand_Update-OCIFleetsoftwareupdateFsuDiscovery PSCmdlet_Update-OCIFleetsoftwareupdateFsuJob PSCommand_Update-OCIFleetsoftwareupdateFsuJob PSIncludes_Cmdlet</S>
          <S N="developmentDependency">False</S>
          <S N="updated">2024-12-08T21:30:00Z</S>
          <S N="NormalizedVersion">95.1.0</S>
          <S N="Authors">Oracle Cloud Infrastructure</S>
          <S N="IsPrerelease">false</S>
          <S N="ItemType">Module</S>
          <S N="FileList">OCI.PSModules.Fleetsoftwareupdate.nuspec|THIRD_PARTY_LICENSES.txt|OCI.PSModules.Fleetsoftwareupdate.psd1|OCI.PSModules.Fleetsoftwareupdate.dll-Help.xml|LICENSE.txt|assemblies\OCI.DotNetSDK.Fleetsoftwareupdate.dll|assemblies\OCI.PSModules.Fleetsoftwareupdate.dll</S>
          <S N="GUID">e830226f-46c5-4916-992f-740cc29d35ab</S>
          <S N="PowerShellVersion">6.0</S>
          <S N="CompanyName">Oracle Corporation</S>
        </MS>
      </Obj>
      <S N="InstalledLocation">C:\Users\MarcoFekry\Downloads\OCI.PSModules\OCI.PSModules.Fleetsoftwareupdate\95.1.0</S>
    </MS>
  </Obj>
</Objs>
