<Objs Version="1.1.0.1" xmlns="http://schemas.microsoft.com/powershell/2004/04">
  <Obj RefId="0">
    <TN RefId="0">
      <T>Microsoft.PowerShell.Commands.PSRepositoryItemInfo</T>
      <T>System.Management.Automation.PSCustomObject</T>
      <T>System.Object</T>
    </TN>
    <MS>
      <S N="Name">OCI.PSModules.Certificatesmanagement</S>
      <S N="Version">95.1.0</S>
      <S N="Type">Module</S>
      <S N="Description">This modules provides Cmdlets for OCI Certificatesmanagement Service</S>
      <S N="Author">Oracle Cloud Infrastructure</S>
      <S N="CompanyName">oci-psmodules-grp</S>
      <S N="Copyright">(c) Oracle Cloud Infrastructure. All rights reserved.</S>
      <DT N="PublishedDate">2024-11-12T18:44:05+02:00</DT>
      <Nil N="InstalledDate" />
      <Nil N="UpdatedDate" />
      <URI N="LicenseUri">https://github.com/oracle/oci-powershell-modules/blob/master/LICENSE.txt</URI>
      <URI N="ProjectUri">https://github.com/oracle/oci-powershell-modules/</URI>
      <URI N="IconUri">https://github.com/oracle/oci-powershell-modules/blob/master/icon.png</URI>
      <Obj N="Tags" RefId="1">
        <TN RefId="1">
          <T>System.Object[]</T>
          <T>System.Array</T>
          <T>System.Object</T>
        </TN>
        <LST>
          <S>PSEdition_Core</S>
          <S>Windows</S>
          <S>Linux</S>
          <S>macOS</S>
          <S>Oracle</S>
          <S>OCI</S>
          <S>Cloud</S>
          <S>OracleCloudInfrastructure</S>
          <S>Certificatesmanagement</S>
          <S>PSModule</S>
        </LST>
      </Obj>
      <Obj N="Includes" RefId="2">
        <TN RefId="2">
          <T>System.Collections.Hashtable</T>
          <T>System.Object</T>
        </TN>
        <DCT>
          <En>
            <S N="Key">Function</S>
            <Obj N="Value" RefId="3">
              <TNRef RefId="1" />
              <LST />
            </Obj>
          </En>
          <En>
            <S N="Key">Workflow</S>
            <Ref N="Value" RefId="3" />
          </En>
          <En>
            <S N="Key">DscResource</S>
            <Ref N="Value" RefId="3" />
          </En>
          <En>
            <S N="Key">RoleCapability</S>
            <Ref N="Value" RefId="3" />
          </En>
          <En>
            <S N="Key">Command</S>
            <Obj N="Value" RefId="4">
              <TNRef RefId="1" />
              <LST>
                <S>Get-OCICertificatesmanagementAssociation</S>
                <S>Get-OCICertificatesmanagementAssociationsList</S>
                <S>Get-OCICertificatesmanagementCaBundle</S>
                <S>Get-OCICertificatesmanagementCaBundlesList</S>
                <S>Get-OCICertificatesmanagementCertificate</S>
                <S>Get-OCICertificatesmanagementCertificateAuthoritiesList</S>
                <S>Get-OCICertificatesmanagementCertificateAuthority</S>
                <S>Get-OCICertificatesmanagementCertificateAuthorityVersion</S>
                <S>Get-OCICertificatesmanagementCertificateAuthorityVersionsList</S>
                <S>Get-OCICertificatesmanagementCertificatesList</S>
                <S>Get-OCICertificatesmanagementCertificateVersion</S>
                <S>Get-OCICertificatesmanagementCertificateVersionsList</S>
                <S>Invoke-OCICertificatesmanagementRevokeCertificateAuthorityVersion</S>
                <S>Invoke-OCICertificatesmanagementRevokeCertificateVersion</S>
                <S>Invoke-OCICertificatesmanagementScheduleCertificateAuthorityDeletion</S>
                <S>Invoke-OCICertificatesmanagementScheduleCertificateAuthorityVersionDeletion</S>
                <S>Invoke-OCICertificatesmanagementScheduleCertificateDeletion</S>
                <S>Invoke-OCICertificatesmanagementScheduleCertificateVersionDeletion</S>
                <S>Move-OCICertificatesmanagementCaBundleCompartment</S>
                <S>Move-OCICertificatesmanagementCertificateAuthorityCompartment</S>
                <S>Move-OCICertificatesmanagementCertificateCompartment</S>
                <S>New-OCICertificatesmanagementCaBundle</S>
                <S>New-OCICertificatesmanagementCertificate</S>
                <S>New-OCICertificatesmanagementCertificateAuthority</S>
                <S>Remove-OCICertificatesmanagementCaBundle</S>
                <S>Stop-OCICertificatesmanagementCertificateAuthorityDeletion</S>
                <S>Stop-OCICertificatesmanagementCertificateAuthorityVersionDeletion</S>
                <S>Stop-OCICertificatesmanagementCertificateDeletion</S>
                <S>Stop-OCICertificatesmanagementCertificateVersionDeletion</S>
                <S>Update-OCICertificatesmanagementCaBundle</S>
                <S>Update-OCICertificatesmanagementCertificate</S>
                <S>Update-OCICertificatesmanagementCertificateAuthority</S>
              </LST>
            </Obj>
          </En>
          <En>
            <S N="Key">Cmdlet</S>
            <Obj N="Value" RefId="5">
              <TNRef RefId="1" />
              <LST>
                <S>Get-OCICertificatesmanagementAssociation</S>
                <S>Get-OCICertificatesmanagementAssociationsList</S>
                <S>Get-OCICertificatesmanagementCaBundle</S>
                <S>Get-OCICertificatesmanagementCaBundlesList</S>
                <S>Get-OCICertificatesmanagementCertificate</S>
                <S>Get-OCICertificatesmanagementCertificateAuthoritiesList</S>
                <S>Get-OCICertificatesmanagementCertificateAuthority</S>
                <S>Get-OCICertificatesmanagementCertificateAuthorityVersion</S>
                <S>Get-OCICertificatesmanagementCertificateAuthorityVersionsList</S>
                <S>Get-OCICertificatesmanagementCertificatesList</S>
                <S>Get-OCICertificatesmanagementCertificateVersion</S>
                <S>Get-OCICertificatesmanagementCertificateVersionsList</S>
                <S>Invoke-OCICertificatesmanagementRevokeCertificateAuthorityVersion</S>
                <S>Invoke-OCICertificatesmanagementRevokeCertificateVersion</S>
                <S>Invoke-OCICertificatesmanagementScheduleCertificateAuthorityDeletion</S>
                <S>Invoke-OCICertificatesmanagementScheduleCertificateAuthorityVersionDeletion</S>
                <S>Invoke-OCICertificatesmanagementScheduleCertificateDeletion</S>
                <S>Invoke-OCICertificatesmanagementScheduleCertificateVersionDeletion</S>
                <S>Move-OCICertificatesmanagementCaBundleCompartment</S>
                <S>Move-OCICertificatesmanagementCertificateAuthorityCompartment</S>
                <S>Move-OCICertificatesmanagementCertificateCompartment</S>
                <S>New-OCICertificatesmanagementCaBundle</S>
                <S>New-OCICertificatesmanagementCertificate</S>
                <S>New-OCICertificatesmanagementCertificateAuthority</S>
                <S>Remove-OCICertificatesmanagementCaBundle</S>
                <S>Stop-OCICertificatesmanagementCertificateAuthorityDeletion</S>
                <S>Stop-OCICertificatesmanagementCertificateAuthorityVersionDeletion</S>
                <S>Stop-OCICertificatesmanagementCertificateDeletion</S>
                <S>Stop-OCICertificatesmanagementCertificateVersionDeletion</S>
                <S>Update-OCICertificatesmanagementCaBundle</S>
                <S>Update-OCICertificatesmanagementCertificate</S>
                <S>Update-OCICertificatesmanagementCertificateAuthority</S>
              </LST>
            </Obj>
          </En>
        </DCT>
      </Obj>
      <Nil N="PowerShellGetFormatVersion" />
      <S N="ReleaseNotes">https://github.com/oracle/oci-powershell-modules/blob/master/CHANGELOG.md</S>
      <Obj N="Dependencies" RefId="6">
        <TNRef RefId="1" />
        <LST>
          <Obj RefId="7">
            <TN RefId="3">
              <T>System.Collections.Specialized.OrderedDictionary</T>
              <T>System.Object</T>
            </TN>
            <DCT>
              <En>
                <S N="Key">Name</S>
                <S N="Value">OCI.PSModules.Common</S>
              </En>
              <En>
                <S N="Key">RequiredVersion</S>
                <S N="Value">95.1.0</S>
              </En>
              <En>
                <S N="Key">CanonicalId</S>
                <S N="Value">nuget:OCI.PSModules.Common/[95.1.0]</S>
              </En>
            </DCT>
          </Obj>
        </LST>
      </Obj>
      <S N="RepositorySourceLocation">https://www.powershellgallery.com/api/v2</S>
      <S N="Repository">PSGallery</S>
      <S N="PackageManagementProvider">NuGet</S>
      <Obj N="AdditionalMetadata" RefId="8">
        <TN RefId="4">
          <T>System.Management.Automation.PSCustomObject</T>
          <T>System.Object</T>
        </TN>
        <MS>
          <S N="copyright">(c) Oracle Cloud Infrastructure. All rights reserved.</S>
          <S N="description">This modules provides Cmdlets for OCI Certificatesmanagement Service</S>
          <S N="requireLicenseAcceptance">False</S>
          <S N="releaseNotes">https://github.com/oracle/oci-powershell-modules/blob/master/CHANGELOG.md</S>
          <S N="isLatestVersion">True</S>
          <S N="isAbsoluteLatestVersion">True</S>
          <S N="versionDownloadCount">311</S>
          <S N="downloadCount">8318</S>
          <S N="packageSize">141931</S>
          <S N="published">11/12/2024 6:44:05 PM +02:00</S>
          <S N="created">11/12/2024 6:44:05 PM +02:00</S>
          <S N="lastUpdated">12/8/2024 9:30:00 PM +02:00</S>
          <S N="tags">PSEdition_Core Windows Linux macOS Oracle OCI Cloud OracleCloudInfrastructure Certificatesmanagement PSModule PSCmdlet_Get-OCICertificatesmanagementAssociation PSCommand_Get-OCICertificatesmanagementAssociation PSCmdlet_Get-OCICertificatesmanagementAssociationsList PSCommand_Get-OCICertificatesmanagementAssociationsList PSCmdlet_Get-OCICertificatesmanagementCaBundle PSCommand_Get-OCICertificatesmanagementCaBundle PSCmdlet_Get-OCICertificatesmanagementCaBundlesList PSCommand_Get-OCICertificatesmanagementCaBundlesList PSCmdlet_Get-OCICertificatesmanagementCertificate PSCommand_Get-OCICertificatesmanagementCertificate PSCmdlet_Get-OCICertificatesmanagementCertificateAuthoritiesList PSCommand_Get-OCICertificatesmanagementCertificateAuthoritiesList PSCmdlet_Get-OCICertificatesmanagementCertificateAuthority PSCommand_Get-OCICertificatesmanagementCertificateAuthority PSCmdlet_Get-OCICertificatesmanagementCertificateAuthorityVersion PSCommand_Get-OCICertificatesmanagementCertificateAuthorityVersion PSCmdlet_Get-OCICertificatesmanagementCertificateAuthorityVersionsList PSCommand_Get-OCICertificatesmanagementCertificateAuthorityVersionsList PSCmdlet_Get-OCICertificatesmanagementCertificatesList PSCommand_Get-OCICertificatesmanagementCertificatesList PSCmdlet_Get-OCICertificatesmanagementCertificateVersion PSCommand_Get-OCICertificatesmanagementCertificateVersion PSCmdlet_Get-OCICertificatesmanagementCertificateVersionsList PSCommand_Get-OCICertificatesmanagementCertificateVersionsList PSCmdlet_Invoke-OCICertificatesmanagementRevokeCertificateAuthorityVersion PSCommand_Invoke-OCICertificatesmanagementRevokeCertificateAuthorityVersion PSCmdlet_Invoke-OCICertificatesmanagementRevokeCertificateVersion PSCommand_Invoke-OCICertificatesmanagementRevokeCertificateVersion PSCmdlet_Invoke-OCICertificatesmanagementScheduleCertificateAuthorityDeletion PSCommand_Invoke-OCICertificatesmanagementScheduleCertificateAuthorityDeletion PSCmdlet_Invoke-OCICertificatesmanagementScheduleCertificateAuthorityVersionDeletion PSCommand_Invoke-OCICertificatesmanagementScheduleCertificateAuthorityVersionDeletion PSCmdlet_Invoke-OCICertificatesmanagementScheduleCertificateDeletion PSCommand_Invoke-OCICertificatesmanagementScheduleCertificateDeletion PSCmdlet_Invoke-OCICertificatesmanagementScheduleCertificateVersionDeletion PSCommand_Invoke-OCICertificatesmanagementScheduleCertificateVersionDeletion PSCmdlet_Move-OCICertificatesmanagementCaBundleCompartment PSCommand_Move-OCICertificatesmanagementCaBundleCompartment PSCmdlet_Move-OCICertificatesmanagementCertificateAuthorityCompartment PSCommand_Move-OCICertificatesmanagementCertificateAuthorityCompartment PSCmdlet_Move-OCICertificatesmanagementCertificateCompartment PSCommand_Move-OCICertificatesmanagementCertificateCompartment PSCmdlet_New-OCICertificatesmanagementCaBundle PSCommand_New-OCICertificatesmanagementCaBundle PSCmdlet_New-OCICertificatesmanagementCertificate PSCommand_New-OCICertificatesmanagementCertificate PSCmdlet_New-OCICertificatesmanagementCertificateAuthority PSCommand_New-OCICertificatesmanagementCertificateAuthority PSCmdlet_Remove-OCICertificatesmanagementCaBundle PSCommand_Remove-OCICertificatesmanagementCaBundle PSCmdlet_Stop-OCICertificatesmanagementCertificateAuthorityDeletion PSCommand_Stop-OCICertificatesmanagementCertificateAuthorityDeletion PSCmdlet_Stop-OCICertificatesmanagementCertificateAuthorityVersionDeletion PSCommand_Stop-OCICertificatesmanagementCertificateAuthorityVersionDeletion PSCmdlet_Stop-OCICertificatesmanagementCertificateDeletion PSCommand_Stop-OCICertificatesmanagementCertificateDeletion PSCmdlet_Stop-OCICertificatesmanagementCertificateVersionDeletion PSCommand_Stop-OCICertificatesmanagementCertificateVersionDeletion PSCmdlet_Update-OCICertificatesmanagementCaBundle PSCommand_Update-OCICertificatesmanagementCaBundle PSCmdlet_Update-OCICertificatesmanagementCertificate PSCommand_Update-OCICertificatesmanagementCertificate PSCmdlet_Update-OCICertificatesmanagementCertificateAuthority PSCommand_Update-OCICertificatesmanagementCertificateAuthority PSIncludes_Cmdlet</S>
          <S N="developmentDependency">False</S>
          <S N="updated">2024-12-08T21:30:00Z</S>
          <S N="NormalizedVersion">95.1.0</S>
          <S N="Authors">Oracle Cloud Infrastructure</S>
          <S N="IsPrerelease">false</S>
          <S N="ItemType">Module</S>
          <S N="FileList">OCI.PSModules.Certificatesmanagement.nuspec|THIRD_PARTY_LICENSES.txt|LICENSE.txt|OCI.PSModules.Certificatesmanagement.psd1|OCI.PSModules.Certificatesmanagement.dll-Help.xml|assemblies\OCI.PSModules.Certificatesmanagement.dll|assemblies\OCI.DotNetSDK.Certificatesmanagement.dll</S>
          <S N="GUID">c420014c-ae2b-4d3a-a11e-e78a626f134b</S>
          <S N="PowerShellVersion">6.0</S>
          <S N="CompanyName">Oracle Corporation</S>
        </MS>
      </Obj>
      <S N="InstalledLocation">C:\Users\MarcoFekry\Downloads\OCI.PSModules\OCI.PSModules.Certificatesmanagement\95.1.0</S>
    </MS>
  </Obj>
</Objs>
