<Objs Version="1.1.0.1" xmlns="http://schemas.microsoft.com/powershell/2004/04">
  <Obj RefId="0">
    <TN RefId="0">
      <T>Microsoft.PowerShell.Commands.PSRepositoryItemInfo</T>
      <T>System.Management.Automation.PSCustomObject</T>
      <T>System.Object</T>
    </TN>
    <MS>
      <S N="Name">OCI.PSModules.Aispeech</S>
      <S N="Version">95.1.0</S>
      <S N="Type">Module</S>
      <S N="Description">This modules provides Cmdlets for OCI Aispeech Service</S>
      <S N="Author">Oracle Cloud Infrastructure</S>
      <S N="CompanyName">oci-psmodules-grp</S>
      <S N="Copyright">(c) Oracle Cloud Infrastructure. All rights reserved.</S>
      <DT N="PublishedDate">2024-11-12T18:41:39+02:00</DT>
      <Nil N="InstalledDate" />
      <Nil N="UpdatedDate" />
      <URI N="LicenseUri">https://github.com/oracle/oci-powershell-modules/blob/master/LICENSE.txt</URI>
      <URI N="ProjectUri">https://github.com/oracle/oci-powershell-modules/</URI>
      <URI N="IconUri">https://github.com/oracle/oci-powershell-modules/blob/master/icon.png</URI>
      <Obj N="Tags" RefId="1">
        <TN RefId="1">
          <T>System.Object[]</T>
          <T>System.Array</T>
          <T>System.Object</T>
        </TN>
        <LST>
          <S>PSEdition_Core</S>
          <S>Windows</S>
          <S>Linux</S>
          <S>macOS</S>
          <S>Oracle</S>
          <S>OCI</S>
          <S>Cloud</S>
          <S>OracleCloudInfrastructure</S>
          <S>Aispeech</S>
          <S>PSModule</S>
        </LST>
      </Obj>
      <Obj N="Includes" RefId="2">
        <TN RefId="2">
          <T>System.Collections.Hashtable</T>
          <T>System.Object</T>
        </TN>
        <DCT>
          <En>
            <S N="Key">Function</S>
            <Obj N="Value" RefId="3">
              <TNRef RefId="1" />
              <LST />
            </Obj>
          </En>
          <En>
            <S N="Key">Workflow</S>
            <Ref N="Value" RefId="3" />
          </En>
          <En>
            <S N="Key">DscResource</S>
            <Ref N="Value" RefId="3" />
          </En>
          <En>
            <S N="Key">RoleCapability</S>
            <Ref N="Value" RefId="3" />
          </En>
          <En>
            <S N="Key">Command</S>
            <Obj N="Value" RefId="4">
              <TNRef RefId="1" />
              <LST>
                <S>Get-OCIAispeechCustomization</S>
                <S>Get-OCIAispeechCustomizationsList</S>
                <S>Get-OCIAispeechTranscriptionJob</S>
                <S>Get-OCIAispeechTranscriptionJobsList</S>
                <S>Get-OCIAispeechTranscriptionTask</S>
                <S>Get-OCIAispeechTranscriptionTasksList</S>
                <S>Get-OCIAispeechVoicesList</S>
                <S>Invoke-OCIAispeechSynthesizeSpeech</S>
                <S>Move-OCIAispeechCustomizationCompartment</S>
                <S>Move-OCIAispeechTranscriptionJobCompartment</S>
                <S>New-OCIAispeechCustomization</S>
                <S>New-OCIAispeechRealtimeSessionToken</S>
                <S>New-OCIAispeechTranscriptionJob</S>
                <S>Remove-OCIAispeechCustomization</S>
                <S>Remove-OCIAispeechTranscriptionJob</S>
                <S>Stop-OCIAispeechTranscriptionJob</S>
                <S>Stop-OCIAispeechTranscriptionTask</S>
                <S>Update-OCIAispeechCustomization</S>
                <S>Update-OCIAispeechTranscriptionJob</S>
              </LST>
            </Obj>
          </En>
          <En>
            <S N="Key">Cmdlet</S>
            <Obj N="Value" RefId="5">
              <TNRef RefId="1" />
              <LST>
                <S>Get-OCIAispeechCustomization</S>
                <S>Get-OCIAispeechCustomizationsList</S>
                <S>Get-OCIAispeechTranscriptionJob</S>
                <S>Get-OCIAispeechTranscriptionJobsList</S>
                <S>Get-OCIAispeechTranscriptionTask</S>
                <S>Get-OCIAispeechTranscriptionTasksList</S>
                <S>Get-OCIAispeechVoicesList</S>
                <S>Invoke-OCIAispeechSynthesizeSpeech</S>
                <S>Move-OCIAispeechCustomizationCompartment</S>
                <S>Move-OCIAispeechTranscriptionJobCompartment</S>
                <S>New-OCIAispeechCustomization</S>
                <S>New-OCIAispeechRealtimeSessionToken</S>
                <S>New-OCIAispeechTranscriptionJob</S>
                <S>Remove-OCIAispeechCustomization</S>
                <S>Remove-OCIAispeechTranscriptionJob</S>
                <S>Stop-OCIAispeechTranscriptionJob</S>
                <S>Stop-OCIAispeechTranscriptionTask</S>
                <S>Update-OCIAispeechCustomization</S>
                <S>Update-OCIAispeechTranscriptionJob</S>
              </LST>
            </Obj>
          </En>
        </DCT>
      </Obj>
      <Nil N="PowerShellGetFormatVersion" />
      <S N="ReleaseNotes">https://github.com/oracle/oci-powershell-modules/blob/master/CHANGELOG.md</S>
      <Obj N="Dependencies" RefId="6">
        <TNRef RefId="1" />
        <LST>
          <Obj RefId="7">
            <TN RefId="3">
              <T>System.Collections.Specialized.OrderedDictionary</T>
              <T>System.Object</T>
            </TN>
            <DCT>
              <En>
                <S N="Key">Name</S>
                <S N="Value">OCI.PSModules.Common</S>
              </En>
              <En>
                <S N="Key">RequiredVersion</S>
                <S N="Value">95.1.0</S>
              </En>
              <En>
                <S N="Key">CanonicalId</S>
                <S N="Value">nuget:OCI.PSModules.Common/[95.1.0]</S>
              </En>
            </DCT>
          </Obj>
        </LST>
      </Obj>
      <S N="RepositorySourceLocation">https://www.powershellgallery.com/api/v2</S>
      <S N="Repository">PSGallery</S>
      <S N="PackageManagementProvider">NuGet</S>
      <Obj N="AdditionalMetadata" RefId="8">
        <TN RefId="4">
          <T>System.Management.Automation.PSCustomObject</T>
          <T>System.Object</T>
        </TN>
        <MS>
          <S N="copyright">(c) Oracle Cloud Infrastructure. All rights reserved.</S>
          <S N="description">This modules provides Cmdlets for OCI Aispeech Service</S>
          <S N="requireLicenseAcceptance">False</S>
          <S N="releaseNotes">https://github.com/oracle/oci-powershell-modules/blob/master/CHANGELOG.md</S>
          <S N="isLatestVersion">True</S>
          <S N="isAbsoluteLatestVersion">True</S>
          <S N="versionDownloadCount">317</S>
          <S N="downloadCount">7967</S>
          <S N="packageSize">116622</S>
          <S N="published">11/12/2024 6:41:39 PM +02:00</S>
          <S N="created">11/12/2024 6:41:39 PM +02:00</S>
          <S N="lastUpdated">12/8/2024 9:50:00 PM +02:00</S>
          <S N="tags">PSEdition_Core Windows Linux macOS Oracle OCI Cloud OracleCloudInfrastructure Aispeech PSModule PSCmdlet_Get-OCIAispeechCustomization PSCommand_Get-OCIAispeechCustomization PSCmdlet_Get-OCIAispeechCustomizationsList PSCommand_Get-OCIAispeechCustomizationsList PSCmdlet_Get-OCIAispeechTranscriptionJob PSCommand_Get-OCIAispeechTranscriptionJob PSCmdlet_Get-OCIAispeechTranscriptionJobsList PSCommand_Get-OCIAispeechTranscriptionJobsList PSCmdlet_Get-OCIAispeechTranscriptionTask PSCommand_Get-OCIAispeechTranscriptionTask PSCmdlet_Get-OCIAispeechTranscriptionTasksList PSCommand_Get-OCIAispeechTranscriptionTasksList PSCmdlet_Get-OCIAispeechVoicesList PSCommand_Get-OCIAispeechVoicesList PSCmdlet_Invoke-OCIAispeechSynthesizeSpeech PSCommand_Invoke-OCIAispeechSynthesizeSpeech PSCmdlet_Move-OCIAispeechCustomizationCompartment PSCommand_Move-OCIAispeechCustomizationCompartment PSCmdlet_Move-OCIAispeechTranscriptionJobCompartment PSCommand_Move-OCIAispeechTranscriptionJobCompartment PSCmdlet_New-OCIAispeechCustomization PSCommand_New-OCIAispeechCustomization PSCmdlet_New-OCIAispeechRealtimeSessionToken PSCommand_New-OCIAispeechRealtimeSessionToken PSCmdlet_New-OCIAispeechTranscriptionJob PSCommand_New-OCIAispeechTranscriptionJob PSCmdlet_Remove-OCIAispeechCustomization PSCommand_Remove-OCIAispeechCustomization PSCmdlet_Remove-OCIAispeechTranscriptionJob PSCommand_Remove-OCIAispeechTranscriptionJob PSCmdlet_Stop-OCIAispeechTranscriptionJob PSCommand_Stop-OCIAispeechTranscriptionJob PSCmdlet_Stop-OCIAispeechTranscriptionTask PSCommand_Stop-OCIAispeechTranscriptionTask PSCmdlet_Update-OCIAispeechCustomization PSCommand_Update-OCIAispeechCustomization PSCmdlet_Update-OCIAispeechTranscriptionJob PSCommand_Update-OCIAispeechTranscriptionJob PSIncludes_Cmdlet</S>
          <S N="developmentDependency">False</S>
          <S N="updated">2024-12-08T21:50:00Z</S>
          <S N="NormalizedVersion">95.1.0</S>
          <S N="Authors">Oracle Cloud Infrastructure</S>
          <S N="IsPrerelease">false</S>
          <S N="ItemType">Module</S>
          <S N="FileList">OCI.PSModules.Aispeech.nuspec|THIRD_PARTY_LICENSES.txt|OCI.PSModules.Aispeech.psd1|OCI.PSModules.Aispeech.dll-Help.xml|LICENSE.txt|assemblies\OCI.DotNetSDK.Aispeech.dll|assemblies\OCI.PSModules.Aispeech.dll</S>
          <S N="GUID">101b9a53-66d0-4458-870f-5f2f3debb208</S>
          <S N="PowerShellVersion">6.0</S>
          <S N="CompanyName">Oracle Corporation</S>
        </MS>
      </Obj>
      <S N="InstalledLocation">C:\Users\MarcoFekry\Downloads\OCI.PSModules\OCI.PSModules.Aispeech\95.1.0</S>
    </MS>
  </Obj>
</Objs>
