<?xml version="1.0"?>
<doc>
    <assembly>
        <name>AWS.Tools.ApplicationSignals</name>
    </assembly>
    <members>
        <member name="T:Amazon.PowerShell.Cmdlets.CWAS.AddCWASResourceTagCmdlet">
            <summary>
            Assigns one or more tags (key-value pairs) to the specified CloudWatch resource, such
            as a service level objective.
            
             
            <para>
            Tags can help you organize and categorize your resources. You can also use them to
            scope user permissions by granting a user permission to access or change only resources
            with certain tag values.
            </para><para>
            Tags don't have any semantic meaning to Amazon Web Services and are interpreted strictly
            as strings of characters.
            </para><para>
            You can use the <c>TagResource</c> action with an alarm that already has tags. If
            you specify a new tag key for the alarm, this tag is appended to the list of tags
            associated with the alarm. If you specify a tag key that is already associated with
            the alarm, the new tag value that you specify replaces the previous value for that
            tag.
            </para><para>
            You can associate as many as 50 tags with a CloudWatch resource.
            </para>
            </summary>
        </member>
        <member name="P:Amazon.PowerShell.Cmdlets.CWAS.AddCWASResourceTagCmdlet.ResourceArn">
            <summary>
            <para>
            <para>The Amazon Resource Name (ARN) of the CloudWatch resource that you want to set tags
            for.</para><para>The ARN format of an Application Signals SLO is <c>arn:aws:cloudwatch:<i>Region</i>:<i>account-id</i>:slo:<i>slo-name</i></c></para><para>For more information about ARN format, see <a href="https://docs.aws.amazon.com/IAM/latest/UserGuide/list_amazoncloudwatch.html#amazoncloudwatch-resources-for-iam-policies">
            Resource Types Defined by Amazon CloudWatch</a> in the <i>Amazon Web Services General
            Reference</i>.</para>
            </para>
            </summary>
        </member>
        <member name="P:Amazon.PowerShell.Cmdlets.CWAS.AddCWASResourceTagCmdlet.Tag">
            <summary>
            <para>
            <para>The list of key-value pairs to associate with the alarm.</para>
            </para>
            </summary>
        </member>
        <member name="P:Amazon.PowerShell.Cmdlets.CWAS.AddCWASResourceTagCmdlet.Select">
            <summary>
            Use the -Select parameter to control the cmdlet output. The cmdlet doesn't have a return value by default.
            Specifying -Select '*' will result in the cmdlet returning the whole service response (Amazon.ApplicationSignals.Model.TagResourceResponse).
            Specifying -Select '^ParameterName' will result in the cmdlet returning the selected cmdlet parameter value.
            </summary>
        </member>
        <member name="P:Amazon.PowerShell.Cmdlets.CWAS.AddCWASResourceTagCmdlet.PassThru">
            <summary>
            Changes the cmdlet behavior to return the value passed to the ResourceArn parameter.
            The -PassThru parameter is deprecated, use -Select '^ResourceArn' instead. This parameter will be removed in a future version.
            </summary>
        </member>
        <member name="P:Amazon.PowerShell.Cmdlets.CWAS.AddCWASResourceTagCmdlet.Force">
            <summary>
            This parameter overrides confirmation prompts to force 
            the cmdlet to continue its operation. This parameter should always
            be used with caution.
            </summary>
        </member>
        <member name="T:Amazon.PowerShell.Cmdlets.CWAS.GetCWASBatchServiceLevelObjectiveBudgetReportCmdlet">
            <summary>
            Use this operation to retrieve one or more <i>service level objective (SLO) budget
            reports</i>.
            
             
            <para>
            An <i>error budget</i> is the amount of time or requests in an unhealthy state that
            your service can accumulate during an interval before your overall SLO budget health
            is breached and the SLO is considered to be unmet. For example, an SLO with a threshold
            of 99.95% and a monthly interval translates to an error budget of 21.9 minutes of
            downtime in a 30-day month.
            </para><para>
            Budget reports include a health indicator, the attainment value, and remaining budget.
            </para><para>
            For more information about SLO error budgets, see <a href="https://docs.aws.amazon.com/AmazonCloudWatch/latest/monitoring/CloudWatch-ServiceLevelObjectives.html#CloudWatch-ServiceLevelObjectives-concepts">
            SLO concepts</a>.
            </para>
            </summary>
        </member>
        <member name="P:Amazon.PowerShell.Cmdlets.CWAS.GetCWASBatchServiceLevelObjectiveBudgetReportCmdlet.SloId">
            <summary>
            <para>
            <para>An array containing the IDs of the service level objectives that you want to include
            in the report.</para>
            </para>
            </summary>
        </member>
        <member name="P:Amazon.PowerShell.Cmdlets.CWAS.GetCWASBatchServiceLevelObjectiveBudgetReportCmdlet.Timestamp">
            <summary>
            <para>
            <para>The date and time that you want the report to be for. It is expressed as the number
            of milliseconds since Jan 1, 1970 00:00:00 UTC.</para>
            </para>
            </summary>
        </member>
        <member name="P:Amazon.PowerShell.Cmdlets.CWAS.GetCWASBatchServiceLevelObjectiveBudgetReportCmdlet.Select">
            <summary>
            Use the -Select parameter to control the cmdlet output. The default value is '*'.
            Specifying -Select '*' will result in the cmdlet returning the whole service response (Amazon.ApplicationSignals.Model.BatchGetServiceLevelObjectiveBudgetReportResponse).
            Specifying the name of a property of type Amazon.ApplicationSignals.Model.BatchGetServiceLevelObjectiveBudgetReportResponse will result in that property being returned.
            Specifying -Select '^ParameterName' will result in the cmdlet returning the selected cmdlet parameter value.
            </summary>
        </member>
        <member name="P:Amazon.PowerShell.Cmdlets.CWAS.GetCWASBatchServiceLevelObjectiveBudgetReportCmdlet.PassThru">
            <summary>
            Changes the cmdlet behavior to return the value passed to the Timestamp parameter.
            The -PassThru parameter is deprecated, use -Select '^Timestamp' instead. This parameter will be removed in a future version.
            </summary>
        </member>
        <member name="T:Amazon.PowerShell.Cmdlets.CWAS.GetCWASResourceTagCmdlet">
            <summary>
            Displays the tags associated with a CloudWatch resource. Tags can be assigned to service
            level objectives.
            </summary>
        </member>
        <member name="P:Amazon.PowerShell.Cmdlets.CWAS.GetCWASResourceTagCmdlet.ResourceArn">
            <summary>
            <para>
            <para>The Amazon Resource Name (ARN) of the CloudWatch resource that you want to view tags
            for.</para><para>The ARN format of an Application Signals SLO is <c>arn:aws:cloudwatch:<i>Region</i>:<i>account-id</i>:slo:<i>slo-name</i></c></para><para>For more information about ARN format, see <a href="https://docs.aws.amazon.com/IAM/latest/UserGuide/list_amazoncloudwatch.html#amazoncloudwatch-resources-for-iam-policies">
            Resource Types Defined by Amazon CloudWatch</a> in the <i>Amazon Web Services General
            Reference</i>.</para>
            </para>
            </summary>
        </member>
        <member name="P:Amazon.PowerShell.Cmdlets.CWAS.GetCWASResourceTagCmdlet.Select">
            <summary>
            Use the -Select parameter to control the cmdlet output. The default value is 'Tags'.
            Specifying -Select '*' will result in the cmdlet returning the whole service response (Amazon.ApplicationSignals.Model.ListTagsForResourceResponse).
            Specifying the name of a property of type Amazon.ApplicationSignals.Model.ListTagsForResourceResponse will result in that property being returned.
            Specifying -Select '^ParameterName' will result in the cmdlet returning the selected cmdlet parameter value.
            </summary>
        </member>
        <member name="P:Amazon.PowerShell.Cmdlets.CWAS.GetCWASResourceTagCmdlet.PassThru">
            <summary>
            Changes the cmdlet behavior to return the value passed to the ResourceArn parameter.
            The -PassThru parameter is deprecated, use -Select '^ResourceArn' instead. This parameter will be removed in a future version.
            </summary>
        </member>
        <member name="T:Amazon.PowerShell.Cmdlets.CWAS.GetCWASServiceCmdlet">
            <summary>
            Returns information about a service discovered by Application Signals.
            </summary>
        </member>
        <member name="P:Amazon.PowerShell.Cmdlets.CWAS.GetCWASServiceCmdlet.EndTime">
            <summary>
            <para>
            <para>The end of the time period to retrieve information about. When used in a raw HTTP
            Query API, it is formatted as be epoch time in seconds. For example: <c>1698778057</c></para><para>Your requested start time will be rounded to the nearest hour.</para>
            </para>
            </summary>
        </member>
        <member name="P:Amazon.PowerShell.Cmdlets.CWAS.GetCWASServiceCmdlet.KeyAttribute">
            <summary>
            <para>
            <para>Use this field to specify which service you want to retrieve information for. You
            must specify at least the <c>Type</c>, <c>Name</c>, and <c>Environment</c> attributes.</para><para>This is a string-to-string map. It can include the following fields.</para><ul><li><para><c>Type</c> designates the type of object this is.</para></li><li><para><c>ResourceType</c> specifies the type of the resource. This field is used only when
            the value of the <c>Type</c> field is <c>Resource</c> or <c>AWS::Resource</c>.</para></li><li><para><c>Name</c> specifies the name of the object. This is used only if the value of the
            <c>Type</c> field is <c>Service</c>, <c>RemoteService</c>, or <c>AWS::Service</c>.</para></li><li><para><c>Identifier</c> identifies the resource objects of this resource. This is used
            only if the value of the <c>Type</c> field is <c>Resource</c> or <c>AWS::Resource</c>.</para></li><li><para><c>Environment</c> specifies the location where this object is hosted, or what it
            belongs to.</para></li></ul>
            </para>
            </summary>
        </member>
        <member name="P:Amazon.PowerShell.Cmdlets.CWAS.GetCWASServiceCmdlet.StartTime">
            <summary>
            <para>
            <para>The start of the time period to retrieve information about. When used in a raw HTTP
            Query API, it is formatted as be epoch time in seconds. For example: <c>1698778057</c></para><para>Your requested start time will be rounded to the nearest hour.</para>
            </para>
            </summary>
        </member>
        <member name="P:Amazon.PowerShell.Cmdlets.CWAS.GetCWASServiceCmdlet.Select">
            <summary>
            Use the -Select parameter to control the cmdlet output. The default value is '*'.
            Specifying -Select '*' will result in the cmdlet returning the whole service response (Amazon.ApplicationSignals.Model.GetServiceResponse).
            Specifying the name of a property of type Amazon.ApplicationSignals.Model.GetServiceResponse will result in that property being returned.
            Specifying -Select '^ParameterName' will result in the cmdlet returning the selected cmdlet parameter value.
            </summary>
        </member>
        <member name="P:Amazon.PowerShell.Cmdlets.CWAS.GetCWASServiceCmdlet.PassThru">
            <summary>
            Changes the cmdlet behavior to return the value passed to the StartTime parameter.
            The -PassThru parameter is deprecated, use -Select '^StartTime' instead. This parameter will be removed in a future version.
            </summary>
        </member>
        <member name="T:Amazon.PowerShell.Cmdlets.CWAS.GetCWASServiceDependencyListCmdlet">
            <summary>
            Returns a list of service dependencies of the service that you specify. A dependency
            is an infrastructure component that an operation of this service connects with. Dependencies
            can include Amazon Web Services services, Amazon Web Services resources, and third-party
            services.<br/><br/>This cmdlet automatically pages all available results to the pipeline - parameters related to iteration are only needed if you want to manually control the paginated output. To disable autopagination, use -NoAutoIteration.
            </summary>
        </member>
        <member name="P:Amazon.PowerShell.Cmdlets.CWAS.GetCWASServiceDependencyListCmdlet.EndTime">
            <summary>
            <para>
            <para>The end of the time period to retrieve information about. When used in a raw HTTP
            Query API, it is formatted as be epoch time in seconds. For example: <c>1698778057</c></para><para>Your requested end time will be rounded to the nearest hour.</para>
            </para>
            </summary>
        </member>
        <member name="P:Amazon.PowerShell.Cmdlets.CWAS.GetCWASServiceDependencyListCmdlet.KeyAttribute">
            <summary>
            <para>
            <para>Use this field to specify which service you want to retrieve information for. You
            must specify at least the <c>Type</c>, <c>Name</c>, and <c>Environment</c> attributes.</para><para>This is a string-to-string map. It can include the following fields.</para><ul><li><para><c>Type</c> designates the type of object this is.</para></li><li><para><c>ResourceType</c> specifies the type of the resource. This field is used only when
            the value of the <c>Type</c> field is <c>Resource</c> or <c>AWS::Resource</c>.</para></li><li><para><c>Name</c> specifies the name of the object. This is used only if the value of the
            <c>Type</c> field is <c>Service</c>, <c>RemoteService</c>, or <c>AWS::Service</c>.</para></li><li><para><c>Identifier</c> identifies the resource objects of this resource. This is used
            only if the value of the <c>Type</c> field is <c>Resource</c> or <c>AWS::Resource</c>.</para></li><li><para><c>Environment</c> specifies the location where this object is hosted, or what it
            belongs to.</para></li></ul>
            </para>
            </summary>
        </member>
        <member name="P:Amazon.PowerShell.Cmdlets.CWAS.GetCWASServiceDependencyListCmdlet.StartTime">
            <summary>
            <para>
            <para>The start of the time period to retrieve information about. When used in a raw HTTP
            Query API, it is formatted as be epoch time in seconds. For example: <c>1698778057</c></para><para>Your requested start time will be rounded to the nearest hour.</para>
            </para>
            </summary>
        </member>
        <member name="P:Amazon.PowerShell.Cmdlets.CWAS.GetCWASServiceDependencyListCmdlet.MaxResult">
            <summary>
            <para>
            <para>The maximum number of results to return in one operation. If you omit this parameter,
            the default of 50 is used.</para>
            </para>
            </summary>
        </member>
        <member name="P:Amazon.PowerShell.Cmdlets.CWAS.GetCWASServiceDependencyListCmdlet.NextToken">
            <summary>
            <para>
            <para>Include this value, if it was returned by the previous operation, to get the next
            set of service dependencies.</para>
            </para>
            <para>
            <br/><b>Note:</b> This parameter is only used if you are manually controlling output pagination of the service API call.
            <br/>'NextToken' is only returned by the cmdlet when '-Select *' is specified. In order to manually control output pagination, set '-NextToken' to null for the first call then set the 'NextToken' using the same property output from the previous call for subsequent calls.
            </para>
            </summary>
        </member>
        <member name="P:Amazon.PowerShell.Cmdlets.CWAS.GetCWASServiceDependencyListCmdlet.Select">
            <summary>
            Use the -Select parameter to control the cmdlet output. The default value is '*'.
            Specifying -Select '*' will result in the cmdlet returning the whole service response (Amazon.ApplicationSignals.Model.ListServiceDependenciesResponse).
            Specifying the name of a property of type Amazon.ApplicationSignals.Model.ListServiceDependenciesResponse will result in that property being returned.
            Specifying -Select '^ParameterName' will result in the cmdlet returning the selected cmdlet parameter value.
            </summary>
        </member>
        <member name="P:Amazon.PowerShell.Cmdlets.CWAS.GetCWASServiceDependencyListCmdlet.PassThru">
            <summary>
            Changes the cmdlet behavior to return the value passed to the StartTime parameter.
            The -PassThru parameter is deprecated, use -Select '^StartTime' instead. This parameter will be removed in a future version.
            </summary>
        </member>
        <member name="P:Amazon.PowerShell.Cmdlets.CWAS.GetCWASServiceDependencyListCmdlet.NoAutoIteration">
            <summary>
            By default the cmdlet will auto-iterate and retrieve all results to the pipeline by performing multiple
            service calls. If set, the cmdlet will retrieve only the next 'page' of results using the value of NextToken
            as the start point.
            </summary>
        </member>
        <member name="T:Amazon.PowerShell.Cmdlets.CWAS.GetCWASServiceDependentListCmdlet">
            <summary>
            Returns the list of dependents that invoked the specified service during the provided
            time range. Dependents include other services, CloudWatch Synthetics canaries, and
            clients that are instrumented with CloudWatch RUM app monitors.<br/><br/>This cmdlet automatically pages all available results to the pipeline - parameters related to iteration are only needed if you want to manually control the paginated output. To disable autopagination, use -NoAutoIteration.
            </summary>
        </member>
        <member name="P:Amazon.PowerShell.Cmdlets.CWAS.GetCWASServiceDependentListCmdlet.EndTime">
            <summary>
            <para>
            <para>The end of the time period to retrieve information about. When used in a raw HTTP
            Query API, it is formatted as be epoch time in seconds. For example: <c>1698778057</c></para><para>Your requested start time will be rounded to the nearest hour.</para>
            </para>
            </summary>
        </member>
        <member name="P:Amazon.PowerShell.Cmdlets.CWAS.GetCWASServiceDependentListCmdlet.KeyAttribute">
            <summary>
            <para>
            <para>Use this field to specify which service you want to retrieve information for. You
            must specify at least the <c>Type</c>, <c>Name</c>, and <c>Environment</c> attributes.</para><para>This is a string-to-string map. It can include the following fields.</para><ul><li><para><c>Type</c> designates the type of object this is.</para></li><li><para><c>ResourceType</c> specifies the type of the resource. This field is used only when
            the value of the <c>Type</c> field is <c>Resource</c> or <c>AWS::Resource</c>.</para></li><li><para><c>Name</c> specifies the name of the object. This is used only if the value of the
            <c>Type</c> field is <c>Service</c>, <c>RemoteService</c>, or <c>AWS::Service</c>.</para></li><li><para><c>Identifier</c> identifies the resource objects of this resource. This is used
            only if the value of the <c>Type</c> field is <c>Resource</c> or <c>AWS::Resource</c>.</para></li><li><para><c>Environment</c> specifies the location where this object is hosted, or what it
            belongs to.</para></li></ul>
            </para>
            </summary>
        </member>
        <member name="P:Amazon.PowerShell.Cmdlets.CWAS.GetCWASServiceDependentListCmdlet.StartTime">
            <summary>
            <para>
            <para>The start of the time period to retrieve information about. When used in a raw HTTP
            Query API, it is formatted as be epoch time in seconds. For example: <c>1698778057</c></para><para>Your requested start time will be rounded to the nearest hour.</para>
            </para>
            </summary>
        </member>
        <member name="P:Amazon.PowerShell.Cmdlets.CWAS.GetCWASServiceDependentListCmdlet.MaxResult">
            <summary>
            <para>
            <para>The maximum number of results to return in one operation. If you omit this parameter,
            the default of 50 is used.</para>
            </para>
            </summary>
        </member>
        <member name="P:Amazon.PowerShell.Cmdlets.CWAS.GetCWASServiceDependentListCmdlet.NextToken">
            <summary>
            <para>
            <para>Include this value, if it was returned by the previous operation, to get the next
            set of service dependents.</para>
            </para>
            <para>
            <br/><b>Note:</b> This parameter is only used if you are manually controlling output pagination of the service API call.
            <br/>'NextToken' is only returned by the cmdlet when '-Select *' is specified. In order to manually control output pagination, set '-NextToken' to null for the first call then set the 'NextToken' using the same property output from the previous call for subsequent calls.
            </para>
            </summary>
        </member>
        <member name="P:Amazon.PowerShell.Cmdlets.CWAS.GetCWASServiceDependentListCmdlet.Select">
            <summary>
            Use the -Select parameter to control the cmdlet output. The default value is '*'.
            Specifying -Select '*' will result in the cmdlet returning the whole service response (Amazon.ApplicationSignals.Model.ListServiceDependentsResponse).
            Specifying the name of a property of type Amazon.ApplicationSignals.Model.ListServiceDependentsResponse will result in that property being returned.
            Specifying -Select '^ParameterName' will result in the cmdlet returning the selected cmdlet parameter value.
            </summary>
        </member>
        <member name="P:Amazon.PowerShell.Cmdlets.CWAS.GetCWASServiceDependentListCmdlet.PassThru">
            <summary>
            Changes the cmdlet behavior to return the value passed to the StartTime parameter.
            The -PassThru parameter is deprecated, use -Select '^StartTime' instead. This parameter will be removed in a future version.
            </summary>
        </member>
        <member name="P:Amazon.PowerShell.Cmdlets.CWAS.GetCWASServiceDependentListCmdlet.NoAutoIteration">
            <summary>
            By default the cmdlet will auto-iterate and retrieve all results to the pipeline by performing multiple
            service calls. If set, the cmdlet will retrieve only the next 'page' of results using the value of NextToken
            as the start point.
            </summary>
        </member>
        <member name="T:Amazon.PowerShell.Cmdlets.CWAS.GetCWASServiceLevelObjectiveCmdlet">
            <summary>
            Returns information about one SLO created in the account.
            </summary>
        </member>
        <member name="P:Amazon.PowerShell.Cmdlets.CWAS.GetCWASServiceLevelObjectiveCmdlet.Id">
            <summary>
            <para>
            <para>The ARN or name of the SLO that you want to retrieve information about. You can find
            the ARNs of SLOs by using the <a href="https://docs.aws.amazon.com/AmazonCloudWatch/latest/APIReference/API_ListServiceLevelObjectives.html">ListServiceLevelObjectives</a>
            operation.</para>
            </para>
            </summary>
        </member>
        <member name="P:Amazon.PowerShell.Cmdlets.CWAS.GetCWASServiceLevelObjectiveCmdlet.Select">
            <summary>
            Use the -Select parameter to control the cmdlet output. The default value is 'Slo'.
            Specifying -Select '*' will result in the cmdlet returning the whole service response (Amazon.ApplicationSignals.Model.GetServiceLevelObjectiveResponse).
            Specifying the name of a property of type Amazon.ApplicationSignals.Model.GetServiceLevelObjectiveResponse will result in that property being returned.
            Specifying -Select '^ParameterName' will result in the cmdlet returning the selected cmdlet parameter value.
            </summary>
        </member>
        <member name="P:Amazon.PowerShell.Cmdlets.CWAS.GetCWASServiceLevelObjectiveCmdlet.PassThru">
            <summary>
            Changes the cmdlet behavior to return the value passed to the Id parameter.
            The -PassThru parameter is deprecated, use -Select '^Id' instead. This parameter will be removed in a future version.
            </summary>
        </member>
        <member name="T:Amazon.PowerShell.Cmdlets.CWAS.GetCWASServiceLevelObjectiveListCmdlet">
            <summary>
            Returns a list of SLOs created in this account.<br/><br/>This cmdlet automatically pages all available results to the pipeline - parameters related to iteration are only needed if you want to manually control the paginated output. To disable autopagination, use -NoAutoIteration.
            </summary>
        </member>
        <member name="P:Amazon.PowerShell.Cmdlets.CWAS.GetCWASServiceLevelObjectiveListCmdlet.KeyAttribute">
            <summary>
            <para>
            <para>You can use this optional field to specify which services you want to retrieve SLO
            information for.</para><para>This is a string-to-string map. It can include the following fields.</para><ul><li><para><c>Type</c> designates the type of object this is.</para></li><li><para><c>ResourceType</c> specifies the type of the resource. This field is used only when
            the value of the <c>Type</c> field is <c>Resource</c> or <c>AWS::Resource</c>.</para></li><li><para><c>Name</c> specifies the name of the object. This is used only if the value of the
            <c>Type</c> field is <c>Service</c>, <c>RemoteService</c>, or <c>AWS::Service</c>.</para></li><li><para><c>Identifier</c> identifies the resource objects of this resource. This is used
            only if the value of the <c>Type</c> field is <c>Resource</c> or <c>AWS::Resource</c>.</para></li><li><para><c>Environment</c> specifies the location where this object is hosted, or what it
            belongs to.</para></li></ul>
            </para>
            </summary>
        </member>
        <member name="P:Amazon.PowerShell.Cmdlets.CWAS.GetCWASServiceLevelObjectiveListCmdlet.OperationName">
            <summary>
            <para>
            <para>The name of the operation that this SLO is associated with.</para>
            </para>
            </summary>
        </member>
        <member name="P:Amazon.PowerShell.Cmdlets.CWAS.GetCWASServiceLevelObjectiveListCmdlet.MaxResult">
            <summary>
            <para>
            <para>The maximum number of results to return in one operation. If you omit this parameter,
            the default of 50 is used.</para>
            </para>
            </summary>
        </member>
        <member name="P:Amazon.PowerShell.Cmdlets.CWAS.GetCWASServiceLevelObjectiveListCmdlet.NextToken">
            <summary>
            <para>
            <para>Include this value, if it was returned by the previous operation, to get the next
            set of service level objectives.</para>
            </para>
            <para>
            <br/><b>Note:</b> This parameter is only used if you are manually controlling output pagination of the service API call.
            <br/>'NextToken' is only returned by the cmdlet when '-Select *' is specified. In order to manually control output pagination, set '-NextToken' to null for the first call then set the 'NextToken' using the same property output from the previous call for subsequent calls.
            </para>
            </summary>
        </member>
        <member name="P:Amazon.PowerShell.Cmdlets.CWAS.GetCWASServiceLevelObjectiveListCmdlet.Select">
            <summary>
            Use the -Select parameter to control the cmdlet output. The default value is 'SloSummaries'.
            Specifying -Select '*' will result in the cmdlet returning the whole service response (Amazon.ApplicationSignals.Model.ListServiceLevelObjectivesResponse).
            Specifying the name of a property of type Amazon.ApplicationSignals.Model.ListServiceLevelObjectivesResponse will result in that property being returned.
            Specifying -Select '^ParameterName' will result in the cmdlet returning the selected cmdlet parameter value.
            </summary>
        </member>
        <member name="P:Amazon.PowerShell.Cmdlets.CWAS.GetCWASServiceLevelObjectiveListCmdlet.PassThru">
            <summary>
            Changes the cmdlet behavior to return the value passed to the OperationName parameter.
            The -PassThru parameter is deprecated, use -Select '^OperationName' instead. This parameter will be removed in a future version.
            </summary>
        </member>
        <member name="P:Amazon.PowerShell.Cmdlets.CWAS.GetCWASServiceLevelObjectiveListCmdlet.NoAutoIteration">
            <summary>
            By default the cmdlet will auto-iterate and retrieve all results to the pipeline by performing multiple
            service calls. If set, the cmdlet will retrieve only the next 'page' of results using the value of NextToken
            as the start point.
            </summary>
        </member>
        <member name="T:Amazon.PowerShell.Cmdlets.CWAS.GetCWASServiceListCmdlet">
            <summary>
            Returns a list of services that have been discovered by Application Signals. A service
            represents a minimum logical and transactional unit that completes a business function.
            Services are discovered through Application Signals instrumentation.<br/><br/>This cmdlet automatically pages all available results to the pipeline - parameters related to iteration are only needed if you want to manually control the paginated output. To disable autopagination, use -NoAutoIteration.
            </summary>
        </member>
        <member name="P:Amazon.PowerShell.Cmdlets.CWAS.GetCWASServiceListCmdlet.EndTime">
            <summary>
            <para>
            <para>The end of the time period to retrieve information about. When used in a raw HTTP
            Query API, it is formatted as be epoch time in seconds. For example: <c>1698778057</c></para><para>Your requested start time will be rounded to the nearest hour.</para>
            </para>
            </summary>
        </member>
        <member name="P:Amazon.PowerShell.Cmdlets.CWAS.GetCWASServiceListCmdlet.StartTime">
            <summary>
            <para>
            <para>The start of the time period to retrieve information about. When used in a raw HTTP
            Query API, it is formatted as be epoch time in seconds. For example: <c>1698778057</c></para><para>Your requested start time will be rounded to the nearest hour.</para>
            </para>
            </summary>
        </member>
        <member name="P:Amazon.PowerShell.Cmdlets.CWAS.GetCWASServiceListCmdlet.MaxResult">
            <summary>
            <para>
            <para> The maximum number of results to return in one operation. If you omit this parameter,
            the default of 50 is used. </para>
            </para>
            </summary>
        </member>
        <member name="P:Amazon.PowerShell.Cmdlets.CWAS.GetCWASServiceListCmdlet.NextToken">
            <summary>
            <para>
            <para>Include this value, if it was returned by the previous operation, to get the next
            set of services.</para>
            </para>
            <para>
            <br/><b>Note:</b> This parameter is only used if you are manually controlling output pagination of the service API call.
            <br/>'NextToken' is only returned by the cmdlet when '-Select *' is specified. In order to manually control output pagination, set '-NextToken' to null for the first call then set the 'NextToken' using the same property output from the previous call for subsequent calls.
            </para>
            </summary>
        </member>
        <member name="P:Amazon.PowerShell.Cmdlets.CWAS.GetCWASServiceListCmdlet.Select">
            <summary>
            Use the -Select parameter to control the cmdlet output. The default value is '*'.
            Specifying -Select '*' will result in the cmdlet returning the whole service response (Amazon.ApplicationSignals.Model.ListServicesResponse).
            Specifying the name of a property of type Amazon.ApplicationSignals.Model.ListServicesResponse will result in that property being returned.
            Specifying -Select '^ParameterName' will result in the cmdlet returning the selected cmdlet parameter value.
            </summary>
        </member>
        <member name="P:Amazon.PowerShell.Cmdlets.CWAS.GetCWASServiceListCmdlet.PassThru">
            <summary>
            Changes the cmdlet behavior to return the value passed to the StartTime parameter.
            The -PassThru parameter is deprecated, use -Select '^StartTime' instead. This parameter will be removed in a future version.
            </summary>
        </member>
        <member name="P:Amazon.PowerShell.Cmdlets.CWAS.GetCWASServiceListCmdlet.NoAutoIteration">
            <summary>
            By default the cmdlet will auto-iterate and retrieve all results to the pipeline by performing multiple
            service calls. If set, the cmdlet will retrieve only the next 'page' of results using the value of NextToken
            as the start point.
            </summary>
        </member>
        <member name="T:Amazon.PowerShell.Cmdlets.CWAS.GetCWASServiceOperationListCmdlet">
            <summary>
            Returns a list of the <i>operations</i> of this service that have been discovered
            by Application Signals. Only the operations that were invoked during the specified
            time range are returned.<br/><br/>This cmdlet automatically pages all available results to the pipeline - parameters related to iteration are only needed if you want to manually control the paginated output. To disable autopagination, use -NoAutoIteration.
            </summary>
        </member>
        <member name="P:Amazon.PowerShell.Cmdlets.CWAS.GetCWASServiceOperationListCmdlet.EndTime">
            <summary>
            <para>
            <para>The end of the time period to retrieve information about. When used in a raw HTTP
            Query API, it is formatted as be epoch time in seconds. For example: <c>1698778057</c></para><para>Your requested end time will be rounded to the nearest hour.</para>
            </para>
            </summary>
        </member>
        <member name="P:Amazon.PowerShell.Cmdlets.CWAS.GetCWASServiceOperationListCmdlet.KeyAttribute">
            <summary>
            <para>
            <para>Use this field to specify which service you want to retrieve information for. You
            must specify at least the <c>Type</c>, <c>Name</c>, and <c>Environment</c> attributes.</para><para>This is a string-to-string map. It can include the following fields.</para><ul><li><para><c>Type</c> designates the type of object this is.</para></li><li><para><c>ResourceType</c> specifies the type of the resource. This field is used only when
            the value of the <c>Type</c> field is <c>Resource</c> or <c>AWS::Resource</c>.</para></li><li><para><c>Name</c> specifies the name of the object. This is used only if the value of the
            <c>Type</c> field is <c>Service</c>, <c>RemoteService</c>, or <c>AWS::Service</c>.</para></li><li><para><c>Identifier</c> identifies the resource objects of this resource. This is used
            only if the value of the <c>Type</c> field is <c>Resource</c> or <c>AWS::Resource</c>.</para></li><li><para><c>Environment</c> specifies the location where this object is hosted, or what it
            belongs to.</para></li></ul>
            </para>
            </summary>
        </member>
        <member name="P:Amazon.PowerShell.Cmdlets.CWAS.GetCWASServiceOperationListCmdlet.StartTime">
            <summary>
            <para>
            <para>The start of the time period to retrieve information about. When used in a raw HTTP
            Query API, it is formatted as be epoch time in seconds. For example: <c>1698778057</c></para><para>Your requested start time will be rounded to the nearest hour.</para>
            </para>
            </summary>
        </member>
        <member name="P:Amazon.PowerShell.Cmdlets.CWAS.GetCWASServiceOperationListCmdlet.MaxResult">
            <summary>
            <para>
            <para>The maximum number of results to return in one operation. If you omit this parameter,
            the default of 50 is used.</para>
            </para>
            </summary>
        </member>
        <member name="P:Amazon.PowerShell.Cmdlets.CWAS.GetCWASServiceOperationListCmdlet.NextToken">
            <summary>
            <para>
            <para>Include this value, if it was returned by the previous operation, to get the next
            set of service operations.</para>
            </para>
            <para>
            <br/><b>Note:</b> This parameter is only used if you are manually controlling output pagination of the service API call.
            <br/>'NextToken' is only returned by the cmdlet when '-Select *' is specified. In order to manually control output pagination, set '-NextToken' to null for the first call then set the 'NextToken' using the same property output from the previous call for subsequent calls.
            </para>
            </summary>
        </member>
        <member name="P:Amazon.PowerShell.Cmdlets.CWAS.GetCWASServiceOperationListCmdlet.Select">
            <summary>
            Use the -Select parameter to control the cmdlet output. The default value is '*'.
            Specifying -Select '*' will result in the cmdlet returning the whole service response (Amazon.ApplicationSignals.Model.ListServiceOperationsResponse).
            Specifying the name of a property of type Amazon.ApplicationSignals.Model.ListServiceOperationsResponse will result in that property being returned.
            Specifying -Select '^ParameterName' will result in the cmdlet returning the selected cmdlet parameter value.
            </summary>
        </member>
        <member name="P:Amazon.PowerShell.Cmdlets.CWAS.GetCWASServiceOperationListCmdlet.PassThru">
            <summary>
            Changes the cmdlet behavior to return the value passed to the StartTime parameter.
            The -PassThru parameter is deprecated, use -Select '^StartTime' instead. This parameter will be removed in a future version.
            </summary>
        </member>
        <member name="P:Amazon.PowerShell.Cmdlets.CWAS.GetCWASServiceOperationListCmdlet.NoAutoIteration">
            <summary>
            By default the cmdlet will auto-iterate and retrieve all results to the pipeline by performing multiple
            service calls. If set, the cmdlet will retrieve only the next 'page' of results using the value of NextToken
            as the start point.
            </summary>
        </member>
        <member name="T:Amazon.PowerShell.Cmdlets.CWAS.NewCWASServiceLevelObjectiveCmdlet">
            <summary>
            Creates a service level objective (SLO), which can help you ensure that your critical
            business operations are meeting customer expectations. Use SLOs to set and track specific
            target levels for the reliability and availability of your applications and services.
            SLOs use service level indicators (SLIs) to calculate whether the application is performing
            at the level that you want.
            
             
            <para>
            Create an SLO to set a target for a service or operation’s availability or latency.
            CloudWatch measures this target frequently you can find whether it has been breached.
            
            </para><para>
            The target performance quality that is defined for an SLO is the <i>attainment goal</i>.
            </para><para>
            You can set SLO targets for your applications that are discovered by Application Signals,
            using critical metrics such as latency and availability. You can also set SLOs against
            any CloudWatch metric or math expression that produces a time series.
            </para><para>
            When you create an SLO, you specify whether it is a <i>period-based SLO</i> or a <i>request-based
            SLO</i>. Each type of SLO has a different way of evaluating your application's performance
            against its attainment goal.
            </para><ul><li><para>
            A <i>period-based SLO</i> uses defined <i>periods</i> of time within a specified total
            time interval. For each period of time, Application Signals determines whether the
            application met its goal. The attainment rate is calculated as the <c>number of good
            periods/number of total periods</c>.
            </para><para>
            For example, for a period-based SLO, meeting an attainment goal of 99.9% means that
            within your interval, your application must meet its performance goal during at least
            99.9% of the time periods.
            </para></li><li><para>
            A <i>request-based SLO</i> doesn't use pre-defined periods of time. Instead, the SLO
            measures <c>number of good requests/number of total requests</c> during the interval.
            At any time, you can find the ratio of good requests to total requests for the interval
            up to the time stamp that you specify, and measure that ratio against the goal set
            in your SLO.
            </para></li></ul><para>
            After you have created an SLO, you can retrieve error budget reports for it. An <i>error
            budget</i> is the amount of time or amount of requests that your application can be
            non-compliant with the SLO's goal, and still have your application meet the goal.
            </para><ul><li><para>
            For a period-based SLO, the error budget starts at a number defined by the highest
            number of periods that can fail to meet the threshold, while still meeting the overall
            goal. The <i>remaining error budget</i> decreases with every failed period that is
            recorded. The error budget within one interval can never increase.
            </para><para>
            For example, an SLO with a threshold that 99.95% of requests must be completed under
            2000ms every month translates to an error budget of 21.9 minutes of downtime per month.
            </para></li><li><para>
            For a request-based SLO, the remaining error budget is dynamic and can increase or
            decrease, depending on the ratio of good requests to total requests.
            </para></li></ul><para>
            For more information about SLOs, see <a href="https://docs.aws.amazon.com/AmazonCloudWatch/latest/monitoring/CloudWatch-ServiceLevelObjectives.html">
            Service level objectives (SLOs)</a>. 
            </para><para>
            When you perform a <c>CreateServiceLevelObjective</c> operation, Application Signals
            creates the <i>AWSServiceRoleForCloudWatchApplicationSignals</i> service-linked role,
            if it doesn't already exist in your account. This service- linked role has the following
            permissions:
            </para><ul><li><para><c>xray:GetServiceGraph</c></para></li><li><para><c>logs:StartQuery</c></para></li><li><para><c>logs:GetQueryResults</c></para></li><li><para><c>cloudwatch:GetMetricData</c></para></li><li><para><c>cloudwatch:ListMetrics</c></para></li><li><para><c>tag:GetResources</c></para></li><li><para><c>autoscaling:DescribeAutoScalingGroups</c></para></li></ul>
            </summary>
        </member>
        <member name="P:Amazon.PowerShell.Cmdlets.CWAS.NewCWASServiceLevelObjectiveCmdlet.Goal_AttainmentGoal">
            <summary>
            <para>
            <para>The threshold that determines if the goal is being met.</para><para>If this is a period-based SLO, the attainment goal is the percentage of good periods
            that meet the threshold requirements to the total periods within the interval. For
            example, an attainment goal of 99.9% means that within your interval, you are targeting
            99.9% of the periods to be in healthy state.</para><para>If this is a request-based SLO, the attainment goal is the percentage of requests
            that must be successful to meet the attainment goal.</para><para>If you omit this parameter, 99 is used to represent 99% as the attainment goal.</para>
            </para>
            </summary>
        </member>
        <member name="P:Amazon.PowerShell.Cmdlets.CWAS.NewCWASServiceLevelObjectiveCmdlet.MonitoredRequestCountMetric_BadCountMetric">
            <summary>
            <para>
            <para>If you want to count "bad requests" to determine the percentage of successful requests
            for this request-based SLO, specify the metric to use as "bad requests" in this structure.</para>
            </para>
            </summary>
        </member>
        <member name="P:Amazon.PowerShell.Cmdlets.CWAS.NewCWASServiceLevelObjectiveCmdlet.BurnRateConfiguration">
            <summary>
            <para>
            <para>Use this array to create <i>burn rates</i> for this SLO. Each burn rate is a metric
            that indicates how fast the service is consuming the error budget, relative to the
            attainment goal of the SLO.</para>
            </para>
            </summary>
        </member>
        <member name="P:Amazon.PowerShell.Cmdlets.CWAS.NewCWASServiceLevelObjectiveCmdlet.RequestBasedSliConfig_ComparisonOperator">
            <summary>
            <para>
            <para>The arithmetic operation to use when comparing the specified metric to the threshold.
            This parameter is required if this SLO is tracking the <c>Latency</c> metric.</para>
            </para>
            </summary>
        </member>
        <member name="P:Amazon.PowerShell.Cmdlets.CWAS.NewCWASServiceLevelObjectiveCmdlet.SliConfig_ComparisonOperator">
            <summary>
            <para>
            <para>The arithmetic operation to use when comparing the specified metric to the threshold.</para>
            </para>
            </summary>
        </member>
        <member name="P:Amazon.PowerShell.Cmdlets.CWAS.NewCWASServiceLevelObjectiveCmdlet.Description">
            <summary>
            <para>
            <para>An optional description for this SLO.</para>
            </para>
            </summary>
        </member>
        <member name="P:Amazon.PowerShell.Cmdlets.CWAS.NewCWASServiceLevelObjectiveCmdlet.CalendarInterval_Duration">
            <summary>
            <para>
            <para>Specifies the duration of each calendar interval. For example, if <c>Duration</c>
            is <c>1</c> and <c>DurationUnit</c> is <c>MONTH</c>, each interval is one month, aligned
            with the calendar.</para>
            </para>
            </summary>
        </member>
        <member name="P:Amazon.PowerShell.Cmdlets.CWAS.NewCWASServiceLevelObjectiveCmdlet.RollingInterval_Duration">
            <summary>
            <para>
            <para>Specifies the duration of each rolling interval. For example, if <c>Duration</c> is
            <c>7</c> and <c>DurationUnit</c> is <c>DAY</c>, each rolling interval is seven days.</para>
            </para>
            </summary>
        </member>
        <member name="P:Amazon.PowerShell.Cmdlets.CWAS.NewCWASServiceLevelObjectiveCmdlet.CalendarInterval_DurationUnit">
            <summary>
            <para>
            <para>Specifies the calendar interval unit.</para>
            </para>
            </summary>
        </member>
        <member name="P:Amazon.PowerShell.Cmdlets.CWAS.NewCWASServiceLevelObjectiveCmdlet.RollingInterval_DurationUnit">
            <summary>
            <para>
            <para>Specifies the rolling interval unit.</para>
            </para>
            </summary>
        </member>
        <member name="P:Amazon.PowerShell.Cmdlets.CWAS.NewCWASServiceLevelObjectiveCmdlet.MonitoredRequestCountMetric_GoodCountMetric">
            <summary>
            <para>
            <para>If you want to count "good requests" to determine the percentage of successful requests
            for this request-based SLO, specify the metric to use as "good requests" in this structure.</para>
            </para>
            </summary>
        </member>
        <member name="P:Amazon.PowerShell.Cmdlets.CWAS.NewCWASServiceLevelObjectiveCmdlet.RequestBasedSliMetricConfig_KeyAttribute">
            <summary>
            <para>
            <para>If this SLO is related to a metric collected by Application Signals, you must use
            this field to specify which service the SLO metric is related to. To do so, you must
            specify at least the <c>Type</c>, <c>Name</c>, and <c>Environment</c> attributes.</para><para>This is a string-to-string map. It can include the following fields.</para><ul><li><para><c>Type</c> designates the type of object this is.</para></li><li><para><c>ResourceType</c> specifies the type of the resource. This field is used only when
            the value of the <c>Type</c> field is <c>Resource</c> or <c>AWS::Resource</c>.</para></li><li><para><c>Name</c> specifies the name of the object. This is used only if the value of the
            <c>Type</c> field is <c>Service</c>, <c>RemoteService</c>, or <c>AWS::Service</c>.</para></li><li><para><c>Identifier</c> identifies the resource objects of this resource. This is used
            only if the value of the <c>Type</c> field is <c>Resource</c> or <c>AWS::Resource</c>.</para></li><li><para><c>Environment</c> specifies the location where this object is hosted, or what it
            belongs to.</para></li></ul>
            </para>
            </summary>
        </member>
        <member name="P:Amazon.PowerShell.Cmdlets.CWAS.NewCWASServiceLevelObjectiveCmdlet.SliMetricConfig_KeyAttribute">
            <summary>
            <para>
            <para>If this SLO is related to a metric collected by Application Signals, you must use
            this field to specify which service the SLO metric is related to. To do so, you must
            specify at least the <c>Type</c>, <c>Name</c>, and <c>Environment</c> attributes.</para><para>This is a string-to-string map. It can include the following fields.</para><ul><li><para><c>Type</c> designates the type of object this is.</para></li><li><para><c>ResourceType</c> specifies the type of the resource. This field is used only when
            the value of the <c>Type</c> field is <c>Resource</c> or <c>AWS::Resource</c>.</para></li><li><para><c>Name</c> specifies the name of the object. This is used only if the value of the
            <c>Type</c> field is <c>Service</c>, <c>RemoteService</c>, or <c>AWS::Service</c>.</para></li><li><para><c>Identifier</c> identifies the resource objects of this resource. This is used
            only if the value of the <c>Type</c> field is <c>Resource</c> or <c>AWS::Resource</c>.</para></li><li><para><c>Environment</c> specifies the location where this object is hosted, or what it
            belongs to.</para></li></ul>
            </para>
            </summary>
        </member>
        <member name="P:Amazon.PowerShell.Cmdlets.CWAS.NewCWASServiceLevelObjectiveCmdlet.SliMetricConfig_MetricDataQuery">
            <summary>
            <para>
            <para>If this SLO monitors a CloudWatch metric or the result of a CloudWatch metric math
            expression, use this structure to specify that metric or expression. </para>
            </para>
            </summary>
        </member>
        <member name="P:Amazon.PowerShell.Cmdlets.CWAS.NewCWASServiceLevelObjectiveCmdlet.RequestBasedSliConfig_MetricThreshold">
            <summary>
            <para>
            <para>The value that the SLI metric is compared to. This parameter is required if this SLO
            is tracking the <c>Latency</c> metric.</para>
            </para>
            </summary>
        </member>
        <member name="P:Amazon.PowerShell.Cmdlets.CWAS.NewCWASServiceLevelObjectiveCmdlet.SliConfig_MetricThreshold">
            <summary>
            <para>
            <para>This parameter is used only when a request-based SLO tracks the <c>Latency</c> metric.
            Specify the threshold value that the observed <c>Latency</c> metric values are to
            be compared to.</para>
            </para>
            </summary>
        </member>
        <member name="P:Amazon.PowerShell.Cmdlets.CWAS.NewCWASServiceLevelObjectiveCmdlet.RequestBasedSliMetricConfig_MetricType">
            <summary>
            <para>
            <para>If the SLO is to monitor either the <c>LATENCY</c> or <c>AVAILABILITY</c> metric that
            Application Signals collects, use this field to specify which of those metrics is
            used.</para>
            </para>
            </summary>
        </member>
        <member name="P:Amazon.PowerShell.Cmdlets.CWAS.NewCWASServiceLevelObjectiveCmdlet.SliMetricConfig_MetricType">
            <summary>
            <para>
            <para>If the SLO is to monitor either the <c>LATENCY</c> or <c>AVAILABILITY</c> metric that
            Application Signals collects, use this field to specify which of those metrics is
            used.</para>
            </para>
            </summary>
        </member>
        <member name="P:Amazon.PowerShell.Cmdlets.CWAS.NewCWASServiceLevelObjectiveCmdlet.Name">
            <summary>
            <para>
            <para>A name for this SLO.</para>
            </para>
            </summary>
        </member>
        <member name="P:Amazon.PowerShell.Cmdlets.CWAS.NewCWASServiceLevelObjectiveCmdlet.RequestBasedSliMetricConfig_OperationName">
            <summary>
            <para>
            <para>If the SLO is to monitor a specific operation of the service, use this field to specify
            the name of that operation.</para>
            </para>
            </summary>
        </member>
        <member name="P:Amazon.PowerShell.Cmdlets.CWAS.NewCWASServiceLevelObjectiveCmdlet.SliMetricConfig_OperationName">
            <summary>
            <para>
            <para>If the SLO is to monitor a specific operation of the service, use this field to specify
            the name of that operation.</para>
            </para>
            </summary>
        </member>
        <member name="P:Amazon.PowerShell.Cmdlets.CWAS.NewCWASServiceLevelObjectiveCmdlet.SliMetricConfig_PeriodSecond">
            <summary>
            <para>
            <para>The number of seconds to use as the period for SLO evaluation. Your application's
            performance is compared to the SLI during each period. For each period, the application
            is determined to have either achieved or not achieved the necessary performance.</para>
            </para>
            </summary>
        </member>
        <member name="P:Amazon.PowerShell.Cmdlets.CWAS.NewCWASServiceLevelObjectiveCmdlet.CalendarInterval_StartTime">
            <summary>
            <para>
            <para>The date and time when you want the first interval to start. Be sure to choose a time
            that configures the intervals the way that you want. For example, if you want weekly
            intervals starting on Mondays at 6 a.m., be sure to specify a start time that is a
            Monday at 6 a.m.</para><para>When used in a raw HTTP Query API, it is formatted as be epoch time in seconds. For
            example: <c>1698778057</c></para><para>As soon as one calendar interval ends, another automatically begins.</para>
            </para>
            </summary>
        </member>
        <member name="P:Amazon.PowerShell.Cmdlets.CWAS.NewCWASServiceLevelObjectiveCmdlet.SliMetricConfig_Statistic">
            <summary>
            <para>
            <para>The statistic to use for comparison to the threshold. It can be any CloudWatch statistic
            or extended statistic. For more information about statistics, see <a href="https://docs.aws.amazon.com/AmazonCloudWatch/latest/monitoring/Statistics-definitions.html">CloudWatch
            statistics definitions</a>.</para>
            </para>
            </summary>
        </member>
        <member name="P:Amazon.PowerShell.Cmdlets.CWAS.NewCWASServiceLevelObjectiveCmdlet.Tag">
            <summary>
            <para>
            <para>A list of key-value pairs to associate with the SLO. You can associate as many as
            50 tags with an SLO. To be able to associate tags with the SLO when you create the
            SLO, you must have the <c>cloudwatch:TagResource</c> permission.</para><para>Tags can help you organize and categorize your resources. You can also use them to
            scope user permissions by granting a user permission to access or change only resources
            with certain tag values.</para>
            </para>
            </summary>
        </member>
        <member name="P:Amazon.PowerShell.Cmdlets.CWAS.NewCWASServiceLevelObjectiveCmdlet.RequestBasedSliMetricConfig_TotalRequestCountMetric">
            <summary>
            <para>
            <para>Use this structure to define the metric that you want to use as the "total requests"
            number for a request-based SLO. This result will be divided by the "good request"
            or "bad request" value defined in <c>MonitoredRequestCountMetric</c>.</para>
            </para>
            </summary>
        </member>
        <member name="P:Amazon.PowerShell.Cmdlets.CWAS.NewCWASServiceLevelObjectiveCmdlet.Goal_WarningThreshold">
            <summary>
            <para>
            <para>The percentage of remaining budget over total budget that you want to get warnings
            for. If you omit this parameter, the default of 50.0 is used. </para>
            </para>
            </summary>
        </member>
        <member name="P:Amazon.PowerShell.Cmdlets.CWAS.NewCWASServiceLevelObjectiveCmdlet.Select">
            <summary>
            Use the -Select parameter to control the cmdlet output. The default value is 'Slo'.
            Specifying -Select '*' will result in the cmdlet returning the whole service response (Amazon.ApplicationSignals.Model.CreateServiceLevelObjectiveResponse).
            Specifying the name of a property of type Amazon.ApplicationSignals.Model.CreateServiceLevelObjectiveResponse will result in that property being returned.
            Specifying -Select '^ParameterName' will result in the cmdlet returning the selected cmdlet parameter value.
            </summary>
        </member>
        <member name="P:Amazon.PowerShell.Cmdlets.CWAS.NewCWASServiceLevelObjectiveCmdlet.PassThru">
            <summary>
            Changes the cmdlet behavior to return the value passed to the Name parameter.
            The -PassThru parameter is deprecated, use -Select '^Name' instead. This parameter will be removed in a future version.
            </summary>
        </member>
        <member name="P:Amazon.PowerShell.Cmdlets.CWAS.NewCWASServiceLevelObjectiveCmdlet.Force">
            <summary>
            This parameter overrides confirmation prompts to force 
            the cmdlet to continue its operation. This parameter should always
            be used with caution.
            </summary>
        </member>
        <member name="T:Amazon.PowerShell.Cmdlets.CWAS.RemoveCWASResourceTagCmdlet">
            <summary>
            Removes one or more tags from the specified resource.
            </summary>
        </member>
        <member name="P:Amazon.PowerShell.Cmdlets.CWAS.RemoveCWASResourceTagCmdlet.ResourceArn">
            <summary>
            <para>
            <para>The Amazon Resource Name (ARN) of the CloudWatch resource that you want to delete
            tags from.</para><para>The ARN format of an Application Signals SLO is <c>arn:aws:cloudwatch:<i>Region</i>:<i>account-id</i>:slo:<i>slo-name</i></c></para><para>For more information about ARN format, see <a href="https://docs.aws.amazon.com/IAM/latest/UserGuide/list_amazoncloudwatch.html#amazoncloudwatch-resources-for-iam-policies">
            Resource Types Defined by Amazon CloudWatch</a> in the <i>Amazon Web Services General
            Reference</i>.</para>
            </para>
            </summary>
        </member>
        <member name="P:Amazon.PowerShell.Cmdlets.CWAS.RemoveCWASResourceTagCmdlet.TagKey">
            <summary>
            <para>
            <para>The list of tag keys to remove from the resource.</para>
            </para>
            </summary>
        </member>
        <member name="P:Amazon.PowerShell.Cmdlets.CWAS.RemoveCWASResourceTagCmdlet.Select">
            <summary>
            Use the -Select parameter to control the cmdlet output. The cmdlet doesn't have a return value by default.
            Specifying -Select '*' will result in the cmdlet returning the whole service response (Amazon.ApplicationSignals.Model.UntagResourceResponse).
            Specifying -Select '^ParameterName' will result in the cmdlet returning the selected cmdlet parameter value.
            </summary>
        </member>
        <member name="P:Amazon.PowerShell.Cmdlets.CWAS.RemoveCWASResourceTagCmdlet.PassThru">
            <summary>
            Changes the cmdlet behavior to return the value passed to the ResourceArn parameter.
            The -PassThru parameter is deprecated, use -Select '^ResourceArn' instead. This parameter will be removed in a future version.
            </summary>
        </member>
        <member name="P:Amazon.PowerShell.Cmdlets.CWAS.RemoveCWASResourceTagCmdlet.Force">
            <summary>
            This parameter overrides confirmation prompts to force 
            the cmdlet to continue its operation. This parameter should always
            be used with caution.
            </summary>
        </member>
        <member name="T:Amazon.PowerShell.Cmdlets.CWAS.RemoveCWASServiceLevelObjectiveCmdlet">
            <summary>
            Deletes the specified service level objective.
            </summary>
        </member>
        <member name="P:Amazon.PowerShell.Cmdlets.CWAS.RemoveCWASServiceLevelObjectiveCmdlet.Id">
            <summary>
            <para>
            <para>The ARN or name of the service level objective to delete.</para>
            </para>
            </summary>
        </member>
        <member name="P:Amazon.PowerShell.Cmdlets.CWAS.RemoveCWASServiceLevelObjectiveCmdlet.Select">
            <summary>
            Use the -Select parameter to control the cmdlet output. The cmdlet doesn't have a return value by default.
            Specifying -Select '*' will result in the cmdlet returning the whole service response (Amazon.ApplicationSignals.Model.DeleteServiceLevelObjectiveResponse).
            Specifying -Select '^ParameterName' will result in the cmdlet returning the selected cmdlet parameter value.
            </summary>
        </member>
        <member name="P:Amazon.PowerShell.Cmdlets.CWAS.RemoveCWASServiceLevelObjectiveCmdlet.PassThru">
            <summary>
            Changes the cmdlet behavior to return the value passed to the Id parameter.
            The -PassThru parameter is deprecated, use -Select '^Id' instead. This parameter will be removed in a future version.
            </summary>
        </member>
        <member name="P:Amazon.PowerShell.Cmdlets.CWAS.RemoveCWASServiceLevelObjectiveCmdlet.Force">
            <summary>
            This parameter overrides confirmation prompts to force 
            the cmdlet to continue its operation. This parameter should always
            be used with caution.
            </summary>
        </member>
        <member name="T:Amazon.PowerShell.Cmdlets.CWAS.StartCWASDiscoveryCmdlet">
            <summary>
            Enables this Amazon Web Services account to be able to use CloudWatch Application
            Signals by creating the <i>AWSServiceRoleForCloudWatchApplicationSignals</i> service-linked
            role. This service- linked role has the following permissions:
            
             <ul><li><para><c>xray:GetServiceGraph</c></para></li><li><para><c>logs:StartQuery</c></para></li><li><para><c>logs:GetQueryResults</c></para></li><li><para><c>cloudwatch:GetMetricData</c></para></li><li><para><c>cloudwatch:ListMetrics</c></para></li><li><para><c>tag:GetResources</c></para></li><li><para><c>autoscaling:DescribeAutoScalingGroups</c></para></li></ul><para>
            After completing this step, you still need to instrument your Java and Python applications
            to send data to Application Signals. For more information, see <a href="https://docs.aws.amazon.com/AmazonCloudWatch/latest/monitoring/CloudWatch-Application-Signals-Enable.html">
            Enabling Application Signals</a>.
            </para>
            </summary>
        </member>
        <member name="P:Amazon.PowerShell.Cmdlets.CWAS.StartCWASDiscoveryCmdlet.Select">
            <summary>
            Use the -Select parameter to control the cmdlet output. The cmdlet doesn't have a return value by default.
            Specifying -Select '*' will result in the cmdlet returning the whole service response (Amazon.ApplicationSignals.Model.StartDiscoveryResponse).
            Specifying -Select '^ParameterName' will result in the cmdlet returning the selected cmdlet parameter value.
            </summary>
        </member>
        <member name="P:Amazon.PowerShell.Cmdlets.CWAS.StartCWASDiscoveryCmdlet.Force">
            <summary>
            This parameter overrides confirmation prompts to force 
            the cmdlet to continue its operation. This parameter should always
            be used with caution.
            </summary>
        </member>
        <member name="T:Amazon.PowerShell.Cmdlets.CWAS.UpdateCWASServiceLevelObjectiveCmdlet">
            <summary>
            Updates an existing service level objective (SLO). If you omit parameters, the previous
            values of those parameters are retained. 
            
             
            <para>
            You cannot change from a period-based SLO to a request-based SLO, or change from a
            request-based SLO to a period-based SLO.
            </para>
            </summary>
        </member>
        <member name="P:Amazon.PowerShell.Cmdlets.CWAS.UpdateCWASServiceLevelObjectiveCmdlet.Goal_AttainmentGoal">
            <summary>
            <para>
            <para>The threshold that determines if the goal is being met.</para><para>If this is a period-based SLO, the attainment goal is the percentage of good periods
            that meet the threshold requirements to the total periods within the interval. For
            example, an attainment goal of 99.9% means that within your interval, you are targeting
            99.9% of the periods to be in healthy state.</para><para>If this is a request-based SLO, the attainment goal is the percentage of requests
            that must be successful to meet the attainment goal.</para><para>If you omit this parameter, 99 is used to represent 99% as the attainment goal.</para>
            </para>
            </summary>
        </member>
        <member name="P:Amazon.PowerShell.Cmdlets.CWAS.UpdateCWASServiceLevelObjectiveCmdlet.MonitoredRequestCountMetric_BadCountMetric">
            <summary>
            <para>
            <para>If you want to count "bad requests" to determine the percentage of successful requests
            for this request-based SLO, specify the metric to use as "bad requests" in this structure.</para>
            </para>
            </summary>
        </member>
        <member name="P:Amazon.PowerShell.Cmdlets.CWAS.UpdateCWASServiceLevelObjectiveCmdlet.BurnRateConfiguration">
            <summary>
            <para>
            <para>Use this array to create <i>burn rates</i> for this SLO. Each burn rate is a metric
            that indicates how fast the service is consuming the error budget, relative to the
            attainment goal of the SLO.</para>
            </para>
            </summary>
        </member>
        <member name="P:Amazon.PowerShell.Cmdlets.CWAS.UpdateCWASServiceLevelObjectiveCmdlet.RequestBasedSliConfig_ComparisonOperator">
            <summary>
            <para>
            <para>The arithmetic operation to use when comparing the specified metric to the threshold.
            This parameter is required if this SLO is tracking the <c>Latency</c> metric.</para>
            </para>
            </summary>
        </member>
        <member name="P:Amazon.PowerShell.Cmdlets.CWAS.UpdateCWASServiceLevelObjectiveCmdlet.SliConfig_ComparisonOperator">
            <summary>
            <para>
            <para>The arithmetic operation to use when comparing the specified metric to the threshold.</para>
            </para>
            </summary>
        </member>
        <member name="P:Amazon.PowerShell.Cmdlets.CWAS.UpdateCWASServiceLevelObjectiveCmdlet.Description">
            <summary>
            <para>
            <para>An optional description for the SLO.</para>
            </para>
            </summary>
        </member>
        <member name="P:Amazon.PowerShell.Cmdlets.CWAS.UpdateCWASServiceLevelObjectiveCmdlet.CalendarInterval_Duration">
            <summary>
            <para>
            <para>Specifies the duration of each calendar interval. For example, if <c>Duration</c>
            is <c>1</c> and <c>DurationUnit</c> is <c>MONTH</c>, each interval is one month, aligned
            with the calendar.</para>
            </para>
            </summary>
        </member>
        <member name="P:Amazon.PowerShell.Cmdlets.CWAS.UpdateCWASServiceLevelObjectiveCmdlet.RollingInterval_Duration">
            <summary>
            <para>
            <para>Specifies the duration of each rolling interval. For example, if <c>Duration</c> is
            <c>7</c> and <c>DurationUnit</c> is <c>DAY</c>, each rolling interval is seven days.</para>
            </para>
            </summary>
        </member>
        <member name="P:Amazon.PowerShell.Cmdlets.CWAS.UpdateCWASServiceLevelObjectiveCmdlet.CalendarInterval_DurationUnit">
            <summary>
            <para>
            <para>Specifies the calendar interval unit.</para>
            </para>
            </summary>
        </member>
        <member name="P:Amazon.PowerShell.Cmdlets.CWAS.UpdateCWASServiceLevelObjectiveCmdlet.RollingInterval_DurationUnit">
            <summary>
            <para>
            <para>Specifies the rolling interval unit.</para>
            </para>
            </summary>
        </member>
        <member name="P:Amazon.PowerShell.Cmdlets.CWAS.UpdateCWASServiceLevelObjectiveCmdlet.MonitoredRequestCountMetric_GoodCountMetric">
            <summary>
            <para>
            <para>If you want to count "good requests" to determine the percentage of successful requests
            for this request-based SLO, specify the metric to use as "good requests" in this structure.</para>
            </para>
            </summary>
        </member>
        <member name="P:Amazon.PowerShell.Cmdlets.CWAS.UpdateCWASServiceLevelObjectiveCmdlet.Id">
            <summary>
            <para>
            <para>The Amazon Resource Name (ARN) or name of the service level objective that you want
            to update.</para>
            </para>
            </summary>
        </member>
        <member name="P:Amazon.PowerShell.Cmdlets.CWAS.UpdateCWASServiceLevelObjectiveCmdlet.RequestBasedSliMetricConfig_KeyAttribute">
            <summary>
            <para>
            <para>If this SLO is related to a metric collected by Application Signals, you must use
            this field to specify which service the SLO metric is related to. To do so, you must
            specify at least the <c>Type</c>, <c>Name</c>, and <c>Environment</c> attributes.</para><para>This is a string-to-string map. It can include the following fields.</para><ul><li><para><c>Type</c> designates the type of object this is.</para></li><li><para><c>ResourceType</c> specifies the type of the resource. This field is used only when
            the value of the <c>Type</c> field is <c>Resource</c> or <c>AWS::Resource</c>.</para></li><li><para><c>Name</c> specifies the name of the object. This is used only if the value of the
            <c>Type</c> field is <c>Service</c>, <c>RemoteService</c>, or <c>AWS::Service</c>.</para></li><li><para><c>Identifier</c> identifies the resource objects of this resource. This is used
            only if the value of the <c>Type</c> field is <c>Resource</c> or <c>AWS::Resource</c>.</para></li><li><para><c>Environment</c> specifies the location where this object is hosted, or what it
            belongs to.</para></li></ul>
            </para>
            </summary>
        </member>
        <member name="P:Amazon.PowerShell.Cmdlets.CWAS.UpdateCWASServiceLevelObjectiveCmdlet.SliMetricConfig_KeyAttribute">
            <summary>
            <para>
            <para>If this SLO is related to a metric collected by Application Signals, you must use
            this field to specify which service the SLO metric is related to. To do so, you must
            specify at least the <c>Type</c>, <c>Name</c>, and <c>Environment</c> attributes.</para><para>This is a string-to-string map. It can include the following fields.</para><ul><li><para><c>Type</c> designates the type of object this is.</para></li><li><para><c>ResourceType</c> specifies the type of the resource. This field is used only when
            the value of the <c>Type</c> field is <c>Resource</c> or <c>AWS::Resource</c>.</para></li><li><para><c>Name</c> specifies the name of the object. This is used only if the value of the
            <c>Type</c> field is <c>Service</c>, <c>RemoteService</c>, or <c>AWS::Service</c>.</para></li><li><para><c>Identifier</c> identifies the resource objects of this resource. This is used
            only if the value of the <c>Type</c> field is <c>Resource</c> or <c>AWS::Resource</c>.</para></li><li><para><c>Environment</c> specifies the location where this object is hosted, or what it
            belongs to.</para></li></ul>
            </para>
            </summary>
        </member>
        <member name="P:Amazon.PowerShell.Cmdlets.CWAS.UpdateCWASServiceLevelObjectiveCmdlet.SliMetricConfig_MetricDataQuery">
            <summary>
            <para>
            <para>If this SLO monitors a CloudWatch metric or the result of a CloudWatch metric math
            expression, use this structure to specify that metric or expression. </para>
            </para>
            </summary>
        </member>
        <member name="P:Amazon.PowerShell.Cmdlets.CWAS.UpdateCWASServiceLevelObjectiveCmdlet.RequestBasedSliConfig_MetricThreshold">
            <summary>
            <para>
            <para>The value that the SLI metric is compared to. This parameter is required if this SLO
            is tracking the <c>Latency</c> metric.</para>
            </para>
            </summary>
        </member>
        <member name="P:Amazon.PowerShell.Cmdlets.CWAS.UpdateCWASServiceLevelObjectiveCmdlet.SliConfig_MetricThreshold">
            <summary>
            <para>
            <para>This parameter is used only when a request-based SLO tracks the <c>Latency</c> metric.
            Specify the threshold value that the observed <c>Latency</c> metric values are to
            be compared to.</para>
            </para>
            </summary>
        </member>
        <member name="P:Amazon.PowerShell.Cmdlets.CWAS.UpdateCWASServiceLevelObjectiveCmdlet.RequestBasedSliMetricConfig_MetricType">
            <summary>
            <para>
            <para>If the SLO is to monitor either the <c>LATENCY</c> or <c>AVAILABILITY</c> metric that
            Application Signals collects, use this field to specify which of those metrics is
            used.</para>
            </para>
            </summary>
        </member>
        <member name="P:Amazon.PowerShell.Cmdlets.CWAS.UpdateCWASServiceLevelObjectiveCmdlet.SliMetricConfig_MetricType">
            <summary>
            <para>
            <para>If the SLO is to monitor either the <c>LATENCY</c> or <c>AVAILABILITY</c> metric that
            Application Signals collects, use this field to specify which of those metrics is
            used.</para>
            </para>
            </summary>
        </member>
        <member name="P:Amazon.PowerShell.Cmdlets.CWAS.UpdateCWASServiceLevelObjectiveCmdlet.RequestBasedSliMetricConfig_OperationName">
            <summary>
            <para>
            <para>If the SLO is to monitor a specific operation of the service, use this field to specify
            the name of that operation.</para>
            </para>
            </summary>
        </member>
        <member name="P:Amazon.PowerShell.Cmdlets.CWAS.UpdateCWASServiceLevelObjectiveCmdlet.SliMetricConfig_OperationName">
            <summary>
            <para>
            <para>If the SLO is to monitor a specific operation of the service, use this field to specify
            the name of that operation.</para>
            </para>
            </summary>
        </member>
        <member name="P:Amazon.PowerShell.Cmdlets.CWAS.UpdateCWASServiceLevelObjectiveCmdlet.SliMetricConfig_PeriodSecond">
            <summary>
            <para>
            <para>The number of seconds to use as the period for SLO evaluation. Your application's
            performance is compared to the SLI during each period. For each period, the application
            is determined to have either achieved or not achieved the necessary performance.</para>
            </para>
            </summary>
        </member>
        <member name="P:Amazon.PowerShell.Cmdlets.CWAS.UpdateCWASServiceLevelObjectiveCmdlet.CalendarInterval_StartTime">
            <summary>
            <para>
            <para>The date and time when you want the first interval to start. Be sure to choose a time
            that configures the intervals the way that you want. For example, if you want weekly
            intervals starting on Mondays at 6 a.m., be sure to specify a start time that is a
            Monday at 6 a.m.</para><para>When used in a raw HTTP Query API, it is formatted as be epoch time in seconds. For
            example: <c>1698778057</c></para><para>As soon as one calendar interval ends, another automatically begins.</para>
            </para>
            </summary>
        </member>
        <member name="P:Amazon.PowerShell.Cmdlets.CWAS.UpdateCWASServiceLevelObjectiveCmdlet.SliMetricConfig_Statistic">
            <summary>
            <para>
            <para>The statistic to use for comparison to the threshold. It can be any CloudWatch statistic
            or extended statistic. For more information about statistics, see <a href="https://docs.aws.amazon.com/AmazonCloudWatch/latest/monitoring/Statistics-definitions.html">CloudWatch
            statistics definitions</a>.</para>
            </para>
            </summary>
        </member>
        <member name="P:Amazon.PowerShell.Cmdlets.CWAS.UpdateCWASServiceLevelObjectiveCmdlet.RequestBasedSliMetricConfig_TotalRequestCountMetric">
            <summary>
            <para>
            <para>Use this structure to define the metric that you want to use as the "total requests"
            number for a request-based SLO. This result will be divided by the "good request"
            or "bad request" value defined in <c>MonitoredRequestCountMetric</c>.</para>
            </para>
            </summary>
        </member>
        <member name="P:Amazon.PowerShell.Cmdlets.CWAS.UpdateCWASServiceLevelObjectiveCmdlet.Goal_WarningThreshold">
            <summary>
            <para>
            <para>The percentage of remaining budget over total budget that you want to get warnings
            for. If you omit this parameter, the default of 50.0 is used. </para>
            </para>
            </summary>
        </member>
        <member name="P:Amazon.PowerShell.Cmdlets.CWAS.UpdateCWASServiceLevelObjectiveCmdlet.Select">
            <summary>
            Use the -Select parameter to control the cmdlet output. The default value is 'Slo'.
            Specifying -Select '*' will result in the cmdlet returning the whole service response (Amazon.ApplicationSignals.Model.UpdateServiceLevelObjectiveResponse).
            Specifying the name of a property of type Amazon.ApplicationSignals.Model.UpdateServiceLevelObjectiveResponse will result in that property being returned.
            Specifying -Select '^ParameterName' will result in the cmdlet returning the selected cmdlet parameter value.
            </summary>
        </member>
        <member name="P:Amazon.PowerShell.Cmdlets.CWAS.UpdateCWASServiceLevelObjectiveCmdlet.PassThru">
            <summary>
            Changes the cmdlet behavior to return the value passed to the Id parameter.
            The -PassThru parameter is deprecated, use -Select '^Id' instead. This parameter will be removed in a future version.
            </summary>
        </member>
        <member name="P:Amazon.PowerShell.Cmdlets.CWAS.UpdateCWASServiceLevelObjectiveCmdlet.Force">
            <summary>
            This parameter overrides confirmation prompts to force 
            the cmdlet to continue its operation. This parameter should always
            be used with caution.
            </summary>
        </member>
    </members>
</doc>
