<Objs Version="1.1.0.1" xmlns="http://schemas.microsoft.com/powershell/2004/04">
  <Obj RefId="0">
    <TN RefId="0">
      <T>Microsoft.PowerShell.Commands.PSRepositoryItemInfo</T>
      <T>System.Management.Automation.PSCustomObject</T>
      <T>System.Object</T>
    </TN>
    <MS>
      <S N="Name">OCI.PSModules.Cloudguard</S>
      <S N="Version">95.1.0</S>
      <S N="Type">Module</S>
      <S N="Description">This modules provides Cmdlets for OCI Cloudguard Service</S>
      <S N="Author">Oracle Cloud Infrastructure</S>
      <S N="CompanyName">oci-psmodules-grp</S>
      <S N="Copyright">(c) Oracle Cloud Infrastructure. All rights reserved.</S>
      <DT N="PublishedDate">2024-11-12T18:44:23+02:00</DT>
      <Nil N="InstalledDate" />
      <Nil N="UpdatedDate" />
      <URI N="LicenseUri">https://github.com/oracle/oci-powershell-modules/blob/master/LICENSE.txt</URI>
      <URI N="ProjectUri">https://github.com/oracle/oci-powershell-modules/</URI>
      <URI N="IconUri">https://github.com/oracle/oci-powershell-modules/blob/master/icon.png</URI>
      <Obj N="Tags" RefId="1">
        <TN RefId="1">
          <T>System.Object[]</T>
          <T>System.Array</T>
          <T>System.Object</T>
        </TN>
        <LST>
          <S>PSEdition_Core</S>
          <S>Windows</S>
          <S>Linux</S>
          <S>macOS</S>
          <S>Oracle</S>
          <S>OCI</S>
          <S>Cloud</S>
          <S>OracleCloudInfrastructure</S>
          <S>Cloudguard</S>
          <S>PSModule</S>
        </LST>
      </Obj>
      <Obj N="Includes" RefId="2">
        <TN RefId="2">
          <T>System.Collections.Hashtable</T>
          <T>System.Object</T>
        </TN>
        <DCT>
          <En>
            <S N="Key">Function</S>
            <Obj N="Value" RefId="3">
              <TNRef RefId="1" />
              <LST />
            </Obj>
          </En>
          <En>
            <S N="Key">Workflow</S>
            <Ref N="Value" RefId="3" />
          </En>
          <En>
            <S N="Key">DscResource</S>
            <Ref N="Value" RefId="3" />
          </En>
          <En>
            <S N="Key">RoleCapability</S>
            <Ref N="Value" RefId="3" />
          </En>
          <En>
            <S N="Key">Command</S>
            <Obj N="Value" RefId="4">
              <TNRef RefId="1" />
              <LST>
                <S>Add-OCICloudguardCompartment</S>
                <S>Get-OCICloudguardAdhocQueriesList</S>
                <S>Get-OCICloudguardAdhocQuery</S>
                <S>Get-OCICloudguardAdhocQueryResultContent</S>
                <S>Get-OCICloudguardAdhocQueryResultsList</S>
                <S>Get-OCICloudguardConditionMetadataType</S>
                <S>Get-OCICloudguardConditionMetadataTypesList</S>
                <S>Get-OCICloudguardConfiguration</S>
                <S>Get-OCICloudguardDataMaskRule</S>
                <S>Get-OCICloudguardDataMaskRulesList</S>
                <S>Get-OCICloudguardDataSource</S>
                <S>Get-OCICloudguardDataSourceEventsList</S>
                <S>Get-OCICloudguardDataSourcesList</S>
                <S>Get-OCICloudguardDetector</S>
                <S>Get-OCICloudguardDetectorRecipe</S>
                <S>Get-OCICloudguardDetectorRecipeDetectorRule</S>
                <S>Get-OCICloudguardDetectorRecipeDetectorRulesList</S>
                <S>Get-OCICloudguardDetectorRecipesList</S>
                <S>Get-OCICloudguardDetectorRule</S>
                <S>Get-OCICloudguardDetectorRulesList</S>
                <S>Get-OCICloudguardDetectorsList</S>
                <S>Get-OCICloudguardImpactedResourcesList</S>
                <S>Get-OCICloudguardManagedList</S>
                <S>Get-OCICloudguardManagedListsList</S>
                <S>Get-OCICloudguardManagedListTypesList</S>
                <S>Get-OCICloudguardPoliciesList</S>
                <S>Get-OCICloudguardProblem</S>
                <S>Get-OCICloudguardProblemEndpointsList</S>
                <S>Get-OCICloudguardProblemEntitiesList</S>
                <S>Get-OCICloudguardProblemHistoriesList</S>
                <S>Get-OCICloudguardProblemsList</S>
                <S>Get-OCICloudguardRecommendationsList</S>
                <S>Get-OCICloudguardResource</S>
                <S>Get-OCICloudguardResourcePortsList</S>
                <S>Get-OCICloudguardResourceProfile</S>
                <S>Get-OCICloudguardResourceProfileEndpointsList</S>
                <S>Get-OCICloudguardResourceProfileImpactedResourcesList</S>
                <S>Get-OCICloudguardResourceProfilesList</S>
                <S>Get-OCICloudguardResourcesList</S>
                <S>Get-OCICloudguardResourceTypesList</S>
                <S>Get-OCICloudguardResourceVulnerabilitiesList</S>
                <S>Get-OCICloudguardResourceVulnerability</S>
                <S>Get-OCICloudguardResponderActivitiesList</S>
                <S>Get-OCICloudguardResponderExecution</S>
                <S>Get-OCICloudguardResponderExecutionsList</S>
                <S>Get-OCICloudguardResponderRecipe</S>
                <S>Get-OCICloudguardResponderRecipeResponderRule</S>
                <S>Get-OCICloudguardResponderRecipeResponderRulesList</S>
                <S>Get-OCICloudguardResponderRecipesList</S>
                <S>Get-OCICloudguardResponderRule</S>
                <S>Get-OCICloudguardResponderRulesList</S>
                <S>Get-OCICloudguardSavedQueriesList</S>
                <S>Get-OCICloudguardSavedQuery</S>
                <S>Get-OCICloudguardSecurityPoliciesList</S>
                <S>Get-OCICloudguardSecurityPolicy</S>
                <S>Get-OCICloudguardSecurityRecipe</S>
                <S>Get-OCICloudguardSecurityRecipesList</S>
                <S>Get-OCICloudguardSecurityZone</S>
                <S>Get-OCICloudguardSecurityZonesList</S>
                <S>Get-OCICloudguardSighting</S>
                <S>Get-OCICloudguardSightingEndpointsList</S>
                <S>Get-OCICloudguardSightingImpactedResourcesList</S>
                <S>Get-OCICloudguardSightingsList</S>
                <S>Get-OCICloudguardTacticsList</S>
                <S>Get-OCICloudguardTarget</S>
                <S>Get-OCICloudguardTargetDetectorRecipe</S>
                <S>Get-OCICloudguardTargetDetectorRecipeDetectorRule</S>
                <S>Get-OCICloudguardTargetDetectorRecipeDetectorRulesList</S>
                <S>Get-OCICloudguardTargetDetectorRecipesList</S>
                <S>Get-OCICloudguardTargetResponderRecipe</S>
                <S>Get-OCICloudguardTargetResponderRecipeResponderRule</S>
                <S>Get-OCICloudguardTargetResponderRecipeResponderRulesList</S>
                <S>Get-OCICloudguardTargetResponderRecipesList</S>
                <S>Get-OCICloudguardTargetsList</S>
                <S>Get-OCICloudguardTechniquesList</S>
                <S>Get-OCICloudguardWlpAgent</S>
                <S>Get-OCICloudguardWlpAgentsList</S>
                <S>Get-OCICloudguardWorkRequest</S>
                <S>Get-OCICloudguardWorkRequestErrorsList</S>
                <S>Get-OCICloudguardWorkRequestLogsList</S>
                <S>Get-OCICloudguardWorkRequestsList</S>
                <S>Invoke-OCICloudguardExecuteResponderExecution</S>
                <S>Invoke-OCICloudguardRequestRiskScores</S>
                <S>Invoke-OCICloudguardRequestSecurityScores</S>
                <S>Invoke-OCICloudguardRequestSecurityScoreSummarizedTrend</S>
                <S>Invoke-OCICloudguardRequestSummarizedActivityProblems</S>
                <S>Invoke-OCICloudguardRequestSummarizedProblems</S>
                <S>Invoke-OCICloudguardRequestSummarizedResponderExecutions</S>
                <S>Invoke-OCICloudguardRequestSummarizedRiskScores</S>
                <S>Invoke-OCICloudguardRequestSummarizedSecurityScores</S>
                <S>Invoke-OCICloudguardRequestSummarizedTopTrendResourceProfileRiskScores</S>
                <S>Invoke-OCICloudguardRequestSummarizedTrendProblems</S>
                <S>Invoke-OCICloudguardRequestSummarizedTrendResourceRiskScores</S>
                <S>Invoke-OCICloudguardRequestSummarizedTrendResponderExecutions</S>
                <S>Invoke-OCICloudguardRequestSummarizedTrendSecurityScores</S>
                <S>Invoke-OCICloudguardSkipBulkResponderExecution</S>
                <S>Invoke-OCICloudguardSkipResponderExecution</S>
                <S>Invoke-OCICloudguardTriggerResponder</S>
                <S>Move-OCICloudguardDataSourceCompartment</S>
                <S>Move-OCICloudguardDetectorRecipeCompartment</S>
                <S>Move-OCICloudguardManagedListCompartment</S>
                <S>Move-OCICloudguardResponderRecipeCompartment</S>
                <S>Move-OCICloudguardSavedQueryCompartment</S>
                <S>Move-OCICloudguardSecurityRecipeCompartment</S>
                <S>Move-OCICloudguardSecurityZoneCompartment</S>
                <S>New-OCICloudguardAdhocQuery</S>
                <S>New-OCICloudguardDataMaskRule</S>
                <S>New-OCICloudguardDataSource</S>
                <S>New-OCICloudguardDetectorRecipe</S>
                <S>New-OCICloudguardDetectorRecipeDetectorRule</S>
                <S>New-OCICloudguardManagedList</S>
                <S>New-OCICloudguardResponderRecipe</S>
                <S>New-OCICloudguardSavedQuery</S>
                <S>New-OCICloudguardSecurityRecipe</S>
                <S>New-OCICloudguardSecurityZone</S>
                <S>New-OCICloudguardTarget</S>
                <S>New-OCICloudguardTargetDetectorRecipe</S>
                <S>New-OCICloudguardTargetResponderRecipe</S>
                <S>New-OCICloudguardWlpAgent</S>
                <S>Remove-OCICloudguardAdhocQuery</S>
                <S>Remove-OCICloudguardCompartment</S>
                <S>Remove-OCICloudguardDataMaskRule</S>
                <S>Remove-OCICloudguardDataSource</S>
                <S>Remove-OCICloudguardDetectorRecipe</S>
                <S>Remove-OCICloudguardDetectorRecipeDetectorRule</S>
                <S>Remove-OCICloudguardDetectorRecipeDetectorRuleDataSource</S>
                <S>Remove-OCICloudguardManagedList</S>
                <S>Remove-OCICloudguardResponderRecipe</S>
                <S>Remove-OCICloudguardSavedQuery</S>
                <S>Remove-OCICloudguardSecurityRecipe</S>
                <S>Remove-OCICloudguardSecurityZone</S>
                <S>Remove-OCICloudguardTarget</S>
                <S>Remove-OCICloudguardTargetDetectorRecipe</S>
                <S>Remove-OCICloudguardTargetResponderRecipe</S>
                <S>Remove-OCICloudguardWlpAgent</S>
                <S>Stop-OCICloudguardWorkRequest</S>
                <S>Update-OCICloudguardBulkProblemStatus</S>
                <S>Update-OCICloudguardConfiguration</S>
                <S>Update-OCICloudguardDataMaskRule</S>
                <S>Update-OCICloudguardDataSource</S>
                <S>Update-OCICloudguardDetectorRecipe</S>
                <S>Update-OCICloudguardDetectorRecipeDetectorRule</S>
                <S>Update-OCICloudguardManagedList</S>
                <S>Update-OCICloudguardProblemStatus</S>
                <S>Update-OCICloudguardResponderRecipe</S>
                <S>Update-OCICloudguardResponderRecipeResponderRule</S>
                <S>Update-OCICloudguardSavedQuery</S>
                <S>Update-OCICloudguardSecurityRecipe</S>
                <S>Update-OCICloudguardSecurityZone</S>
                <S>Update-OCICloudguardTarget</S>
                <S>Update-OCICloudguardTargetDetectorRecipe</S>
                <S>Update-OCICloudguardTargetDetectorRecipeDetectorRule</S>
                <S>Update-OCICloudguardTargetResponderRecipe</S>
                <S>Update-OCICloudguardTargetResponderRecipeResponderRule</S>
                <S>Update-OCICloudguardWlpAgent</S>
              </LST>
            </Obj>
          </En>
          <En>
            <S N="Key">Cmdlet</S>
            <Obj N="Value" RefId="5">
              <TNRef RefId="1" />
              <LST>
                <S>Add-OCICloudguardCompartment</S>
                <S>Get-OCICloudguardAdhocQueriesList</S>
                <S>Get-OCICloudguardAdhocQuery</S>
                <S>Get-OCICloudguardAdhocQueryResultContent</S>
                <S>Get-OCICloudguardAdhocQueryResultsList</S>
                <S>Get-OCICloudguardConditionMetadataType</S>
                <S>Get-OCICloudguardConditionMetadataTypesList</S>
                <S>Get-OCICloudguardConfiguration</S>
                <S>Get-OCICloudguardDataMaskRule</S>
                <S>Get-OCICloudguardDataMaskRulesList</S>
                <S>Get-OCICloudguardDataSource</S>
                <S>Get-OCICloudguardDataSourceEventsList</S>
                <S>Get-OCICloudguardDataSourcesList</S>
                <S>Get-OCICloudguardDetector</S>
                <S>Get-OCICloudguardDetectorRecipe</S>
                <S>Get-OCICloudguardDetectorRecipeDetectorRule</S>
                <S>Get-OCICloudguardDetectorRecipeDetectorRulesList</S>
                <S>Get-OCICloudguardDetectorRecipesList</S>
                <S>Get-OCICloudguardDetectorRule</S>
                <S>Get-OCICloudguardDetectorRulesList</S>
                <S>Get-OCICloudguardDetectorsList</S>
                <S>Get-OCICloudguardImpactedResourcesList</S>
                <S>Get-OCICloudguardManagedList</S>
                <S>Get-OCICloudguardManagedListsList</S>
                <S>Get-OCICloudguardManagedListTypesList</S>
                <S>Get-OCICloudguardPoliciesList</S>
                <S>Get-OCICloudguardProblem</S>
                <S>Get-OCICloudguardProblemEndpointsList</S>
                <S>Get-OCICloudguardProblemEntitiesList</S>
                <S>Get-OCICloudguardProblemHistoriesList</S>
                <S>Get-OCICloudguardProblemsList</S>
                <S>Get-OCICloudguardRecommendationsList</S>
                <S>Get-OCICloudguardResource</S>
                <S>Get-OCICloudguardResourcePortsList</S>
                <S>Get-OCICloudguardResourceProfile</S>
                <S>Get-OCICloudguardResourceProfileEndpointsList</S>
                <S>Get-OCICloudguardResourceProfileImpactedResourcesList</S>
                <S>Get-OCICloudguardResourceProfilesList</S>
                <S>Get-OCICloudguardResourcesList</S>
                <S>Get-OCICloudguardResourceTypesList</S>
                <S>Get-OCICloudguardResourceVulnerabilitiesList</S>
                <S>Get-OCICloudguardResourceVulnerability</S>
                <S>Get-OCICloudguardResponderActivitiesList</S>
                <S>Get-OCICloudguardResponderExecution</S>
                <S>Get-OCICloudguardResponderExecutionsList</S>
                <S>Get-OCICloudguardResponderRecipe</S>
                <S>Get-OCICloudguardResponderRecipeResponderRule</S>
                <S>Get-OCICloudguardResponderRecipeResponderRulesList</S>
                <S>Get-OCICloudguardResponderRecipesList</S>
                <S>Get-OCICloudguardResponderRule</S>
                <S>Get-OCICloudguardResponderRulesList</S>
                <S>Get-OCICloudguardSavedQueriesList</S>
                <S>Get-OCICloudguardSavedQuery</S>
                <S>Get-OCICloudguardSecurityPoliciesList</S>
                <S>Get-OCICloudguardSecurityPolicy</S>
                <S>Get-OCICloudguardSecurityRecipe</S>
                <S>Get-OCICloudguardSecurityRecipesList</S>
                <S>Get-OCICloudguardSecurityZone</S>
                <S>Get-OCICloudguardSecurityZonesList</S>
                <S>Get-OCICloudguardSighting</S>
                <S>Get-OCICloudguardSightingEndpointsList</S>
                <S>Get-OCICloudguardSightingImpactedResourcesList</S>
                <S>Get-OCICloudguardSightingsList</S>
                <S>Get-OCICloudguardTacticsList</S>
                <S>Get-OCICloudguardTarget</S>
                <S>Get-OCICloudguardTargetDetectorRecipe</S>
                <S>Get-OCICloudguardTargetDetectorRecipeDetectorRule</S>
                <S>Get-OCICloudguardTargetDetectorRecipeDetectorRulesList</S>
                <S>Get-OCICloudguardTargetDetectorRecipesList</S>
                <S>Get-OCICloudguardTargetResponderRecipe</S>
                <S>Get-OCICloudguardTargetResponderRecipeResponderRule</S>
                <S>Get-OCICloudguardTargetResponderRecipeResponderRulesList</S>
                <S>Get-OCICloudguardTargetResponderRecipesList</S>
                <S>Get-OCICloudguardTargetsList</S>
                <S>Get-OCICloudguardTechniquesList</S>
                <S>Get-OCICloudguardWlpAgent</S>
                <S>Get-OCICloudguardWlpAgentsList</S>
                <S>Get-OCICloudguardWorkRequest</S>
                <S>Get-OCICloudguardWorkRequestErrorsList</S>
                <S>Get-OCICloudguardWorkRequestLogsList</S>
                <S>Get-OCICloudguardWorkRequestsList</S>
                <S>Invoke-OCICloudguardExecuteResponderExecution</S>
                <S>Invoke-OCICloudguardRequestRiskScores</S>
                <S>Invoke-OCICloudguardRequestSecurityScores</S>
                <S>Invoke-OCICloudguardRequestSecurityScoreSummarizedTrend</S>
                <S>Invoke-OCICloudguardRequestSummarizedActivityProblems</S>
                <S>Invoke-OCICloudguardRequestSummarizedProblems</S>
                <S>Invoke-OCICloudguardRequestSummarizedResponderExecutions</S>
                <S>Invoke-OCICloudguardRequestSummarizedRiskScores</S>
                <S>Invoke-OCICloudguardRequestSummarizedSecurityScores</S>
                <S>Invoke-OCICloudguardRequestSummarizedTopTrendResourceProfileRiskScores</S>
                <S>Invoke-OCICloudguardRequestSummarizedTrendProblems</S>
                <S>Invoke-OCICloudguardRequestSummarizedTrendResourceRiskScores</S>
                <S>Invoke-OCICloudguardRequestSummarizedTrendResponderExecutions</S>
                <S>Invoke-OCICloudguardRequestSummarizedTrendSecurityScores</S>
                <S>Invoke-OCICloudguardSkipBulkResponderExecution</S>
                <S>Invoke-OCICloudguardSkipResponderExecution</S>
                <S>Invoke-OCICloudguardTriggerResponder</S>
                <S>Move-OCICloudguardDataSourceCompartment</S>
                <S>Move-OCICloudguardDetectorRecipeCompartment</S>
                <S>Move-OCICloudguardManagedListCompartment</S>
                <S>Move-OCICloudguardResponderRecipeCompartment</S>
                <S>Move-OCICloudguardSavedQueryCompartment</S>
                <S>Move-OCICloudguardSecurityRecipeCompartment</S>
                <S>Move-OCICloudguardSecurityZoneCompartment</S>
                <S>New-OCICloudguardAdhocQuery</S>
                <S>New-OCICloudguardDataMaskRule</S>
                <S>New-OCICloudguardDataSource</S>
                <S>New-OCICloudguardDetectorRecipe</S>
                <S>New-OCICloudguardDetectorRecipeDetectorRule</S>
                <S>New-OCICloudguardManagedList</S>
                <S>New-OCICloudguardResponderRecipe</S>
                <S>New-OCICloudguardSavedQuery</S>
                <S>New-OCICloudguardSecurityRecipe</S>
                <S>New-OCICloudguardSecurityZone</S>
                <S>New-OCICloudguardTarget</S>
                <S>New-OCICloudguardTargetDetectorRecipe</S>
                <S>New-OCICloudguardTargetResponderRecipe</S>
                <S>New-OCICloudguardWlpAgent</S>
                <S>Remove-OCICloudguardAdhocQuery</S>
                <S>Remove-OCICloudguardCompartment</S>
                <S>Remove-OCICloudguardDataMaskRule</S>
                <S>Remove-OCICloudguardDataSource</S>
                <S>Remove-OCICloudguardDetectorRecipe</S>
                <S>Remove-OCICloudguardDetectorRecipeDetectorRule</S>
                <S>Remove-OCICloudguardDetectorRecipeDetectorRuleDataSource</S>
                <S>Remove-OCICloudguardManagedList</S>
                <S>Remove-OCICloudguardResponderRecipe</S>
                <S>Remove-OCICloudguardSavedQuery</S>
                <S>Remove-OCICloudguardSecurityRecipe</S>
                <S>Remove-OCICloudguardSecurityZone</S>
                <S>Remove-OCICloudguardTarget</S>
                <S>Remove-OCICloudguardTargetDetectorRecipe</S>
                <S>Remove-OCICloudguardTargetResponderRecipe</S>
                <S>Remove-OCICloudguardWlpAgent</S>
                <S>Stop-OCICloudguardWorkRequest</S>
                <S>Update-OCICloudguardBulkProblemStatus</S>
                <S>Update-OCICloudguardConfiguration</S>
                <S>Update-OCICloudguardDataMaskRule</S>
                <S>Update-OCICloudguardDataSource</S>
                <S>Update-OCICloudguardDetectorRecipe</S>
                <S>Update-OCICloudguardDetectorRecipeDetectorRule</S>
                <S>Update-OCICloudguardManagedList</S>
                <S>Update-OCICloudguardProblemStatus</S>
                <S>Update-OCICloudguardResponderRecipe</S>
                <S>Update-OCICloudguardResponderRecipeResponderRule</S>
                <S>Update-OCICloudguardSavedQuery</S>
                <S>Update-OCICloudguardSecurityRecipe</S>
                <S>Update-OCICloudguardSecurityZone</S>
                <S>Update-OCICloudguardTarget</S>
                <S>Update-OCICloudguardTargetDetectorRecipe</S>
                <S>Update-OCICloudguardTargetDetectorRecipeDetectorRule</S>
                <S>Update-OCICloudguardTargetResponderRecipe</S>
                <S>Update-OCICloudguardTargetResponderRecipeResponderRule</S>
                <S>Update-OCICloudguardWlpAgent</S>
              </LST>
            </Obj>
          </En>
        </DCT>
      </Obj>
      <Nil N="PowerShellGetFormatVersion" />
      <S N="ReleaseNotes">https://github.com/oracle/oci-powershell-modules/blob/master/CHANGELOG.rst</S>
      <Obj N="Dependencies" RefId="6">
        <TNRef RefId="1" />
        <LST>
          <Obj RefId="7">
            <TN RefId="3">
              <T>System.Collections.Specialized.OrderedDictionary</T>
              <T>System.Object</T>
            </TN>
            <DCT>
              <En>
                <S N="Key">Name</S>
                <S N="Value">OCI.PSModules.Common</S>
              </En>
              <En>
                <S N="Key">RequiredVersion</S>
                <S N="Value">95.1.0</S>
              </En>
              <En>
                <S N="Key">CanonicalId</S>
                <S N="Value">nuget:OCI.PSModules.Common/[95.1.0]</S>
              </En>
            </DCT>
          </Obj>
        </LST>
      </Obj>
      <S N="RepositorySourceLocation">https://www.powershellgallery.com/api/v2</S>
      <S N="Repository">PSGallery</S>
      <S N="PackageManagementProvider">NuGet</S>
      <Obj N="AdditionalMetadata" RefId="8">
        <TN RefId="4">
          <T>System.Management.Automation.PSCustomObject</T>
          <T>System.Object</T>
        </TN>
        <MS>
          <S N="copyright">(c) Oracle Cloud Infrastructure. All rights reserved.</S>
          <S N="description">This modules provides Cmdlets for OCI Cloudguard Service</S>
          <S N="requireLicenseAcceptance">False</S>
          <S N="releaseNotes">https://github.com/oracle/oci-powershell-modules/blob/master/CHANGELOG.rst</S>
          <S N="isLatestVersion">True</S>
          <S N="isAbsoluteLatestVersion">True</S>
          <S N="versionDownloadCount">305</S>
          <S N="downloadCount">9192</S>
          <S N="packageSize">500701</S>
          <S N="published">11/12/2024 6:44:23 PM +02:00</S>
          <S N="created">11/12/2024 6:44:23 PM +02:00</S>
          <S N="lastUpdated">12/8/2024 9:30:00 PM +02:00</S>
          <S N="tags">PSEdition_Core Windows Linux macOS Oracle OCI Cloud OracleCloudInfrastructure Cloudguard PSModule PSCmdlet_Add-OCICloudguardCompartment PSCommand_Add-OCICloudguardCompartment PSCmdlet_Get-OCICloudguardAdhocQueriesList PSCommand_Get-OCICloudguardAdhocQueriesList PSCmdlet_Get-OCICloudguardAdhocQuery PSCommand_Get-OCICloudguardAdhocQuery PSCmdlet_Get-OCICloudguardAdhocQueryResultContent PSCommand_Get-OCICloudguardAdhocQueryResultContent PSCmdlet_Get-OCICloudguardAdhocQueryResultsList PSCommand_Get-OCICloudguardAdhocQueryResultsList PSCmdlet_Get-OCICloudguardConditionMetadataType PSCommand_Get-OCICloudguardConditionMetadataType PSCmdlet_Get-OCICloudguardConditionMetadataTypesList PSCommand_Get-OCICloudguardConditionMetadataTypesList PSCmdlet_Get-OCICloudguardConfiguration PSCommand_Get-OCICloudguardConfiguration PSCmdlet_Get-OCICloudguardDataMaskRule PSCommand_Get-OCICloudguardDataMaskRule PSCmdlet_Get-OCICloudguardDataMaskRulesList PSCommand_Get-OCICloudguardDataMaskRulesList PSCmdlet_Get-OCICloudguardDataSource PSCommand_Get-OCICloudguardDataSource PSCmdlet_Get-OCICloudguardDataSourceEventsList PSCommand_Get-OCICloudguardDataSourceEventsList PSCmdlet_Get-OCICloudguardDataSourcesList PSCommand_Get-OCICloudguardDataSourcesList PSCmdlet_Get-OCICloudguardDetector PSCommand_Get-OCICloudguardDetector PSCmdlet_Get-OCICloudguardDetectorRecipe PSCommand_Get-OCICloudguardDetectorRecipe PSCmdlet_Get-OCICloudguardDetectorRecipeDetectorRule PSCommand_Get-OCICloudguardDetectorRecipeDetectorRule PSCmdlet_Get-OCICloudguardDetectorRecipeDetectorRulesList PSCommand_Get-OCICloudguardDetectorRecipeDetectorRulesList PSCmdlet_Get-OCICloudguardDetectorRecipesList PSCommand_Get-OCICloudguardDetectorRecipesList PSCmdlet_Get-OCICloudguardDetectorRule PSCommand_Get-OCICloudguardDetectorRule PSCmdlet_Get-OCICloudguardDetectorRulesList PSCommand_Get-OCICloudguardDetectorRulesList PSCmdlet_Get-OCICloudguardDetectorsList PSCommand_Get-OCICloudguardDetectorsList PSCmdlet_Get-OCICloudguardImpactedResourcesList PSCommand_Get-OCICloudguardImpactedResourcesList PSCmdlet_Get-OCICloudguardManagedList PSCommand_Get-OCICloudguardManagedList PSCmdlet_Get-OCICloudguardManagedListsList PSCommand_Get-OCICloudguardManagedListsList PSCmdlet_Get-OCICloudguardManagedListTypesList PSCommand_Get-OCICloudguardManagedListTypesList PSCmdlet_Get-OCICloudguardPoliciesList PSCommand_Get-OCICloudguardPoliciesList PSCmdlet_Get-OCICloudguardProblem PSCommand_Get-OCICloudguardProblem PSCmdlet_Get-OCICloudguardProblemEndpointsList PSCommand_Get-OCICloudguardProblemEndpointsList PSCmdlet_Get-OCICloudguardProblemEntitiesList PSCommand_Get-OCICloudguardProblemEntitiesList PSCmdlet_Get-OCICloudguardProblemHistoriesList PSCommand_Get-OCICloudguardProblemHistoriesList PSCmdlet_Get-OCICloudguardProblemsList PSCommand_Get-OCICloudguardProblemsList PSCmdlet_Get-OCICloudguardRecommendationsList PSCommand_Get-OCICloudguardRecommendationsList PSCmdlet_Get-OCICloudguardResource PSCommand_Get-OCICloudguardResource PSCmdlet_Get-OCICloudguardResourcePortsList PSCommand_Get-OCICloudguardResourcePortsList PSCmdlet_Get-OCICloudguardResourceProfile PSCommand_Get-OCICloudguardResourceProfile PSCmdlet_Get-OCICloudguardResourceProfileEndpointsList PSCommand_Get-OCICloudguardResourceProfileEndpointsList PSCmdlet_Get-OCICloudguardResourceProfileImpactedResourcesList PSCommand_Get-OCICloudguardResourceProfileImpactedResourcesList PSCmdlet_Get-OCICloudguardResourceProfilesList PSCommand_Get-OCICloudguardResourceProfilesList PSCmdlet_Get-OCICloudguardResourcesList PSCommand_Get-OCICloudguardResourcesList PSCmdlet_Get-OCICloudguardResourceTypesList PSCommand_Get-OCICloudguardResourceTypesList PSCmdlet_Get-OCICloudguardResourceVulnerabilitiesList PSCommand_Get-OCICloudguardResourceVulnerabilitiesList PSCmdlet_Get-OCICloudguardResourceVulnerability PSCommand_Get-OCICloudguardResourceVulnerability PSCmdlet_Get-OCICloudguardResponderActivitiesList PSCommand_Get-OCICloudguardResponderActivitiesList PSCmdlet_Get-OCICloudguardResponderExecution PSCommand_Get-OCICloudguardResponderExecution PSCmdlet_Get-OCICloudguardResponderExecutionsList PSCommand_Get-OCICloudguardResponderExecutionsList PSCmdlet_Get-OCICloudguardResponderRecipe PSCommand_Get-OCICloudguardResponderRecipe PSCmdlet_Get-OCICloudguardResponderRecipeResponderRule PSCommand_Get-OCICloudguardResponderRecipeResponderRule PSCmdlet_Get-OCICloudguardResponderRecipeResponderRulesList PSCommand_Get-OCICloudguardResponderRecipeResponderRulesList PSCmdlet_Get-OCICloudguardResponderRecipesList PSCommand_Get-OCICloudguardResponderRecipesList PSCmdlet_Get-OCICloudguardResponderRule PSCommand_Get-OCICloudguardResponderRule PSCmdlet_Get-OCICloudguardResponderRulesList PSCommand_Get-OCICloudguardResponderRulesList PSCmdlet_Get-OCICloudguardSavedQueriesList PSCommand_Get-OCICloudguardSavedQueriesList PSCmdlet_Get-OCICloudguardSavedQuery PSCommand_Get-OCICloudguardSavedQuery PSCmdlet_Get-OCICloudguardSecurityPoliciesList PSCommand_Get-OCICloudguardSecurityPoliciesList PSCmdlet_Get-OCICloudguardSecurityPolicy PSCommand_Get-OCICloudguardSecurityPolicy PSCmdlet_Get-OCICloudguardSecurityRecipe PSCommand_Get-OCICloudguardSecurityRecipe PSCmdlet_Get-OCICloudguardSecurityRecipesList PSCommand_Get-OCICloudguardSecurityRecipesList PSCmdlet_Get-OCICloudguardSecurityZone PSCommand_Get-OCICloudguardSecurityZone PSCmdlet_Get-OCICloudguardSecurityZonesList PSCommand_Get-OCICloudguardSecurityZonesList PSCmdlet_Get-OCICloudguardSighting PSCommand_Get-OCICloudguardSighting PSCmdlet_Get-OCICloudguardSightingEndpointsList PSCommand_Get-OCICloudguardSightingEndpointsList PSCmdlet_Get-OCICloudguardSightingImpactedResourcesList PSCommand_Get-OCICloudguardSightingImpactedResourcesList PSCmdlet_Get-OCICloudguardSightingsList PSCommand_Get-OCICloudguardSightingsList PSCmdlet_Get-OCICloudguardTacticsList PSCommand_Get-OCICloudguardTacticsList PSCmdlet_Get-OCICloudguardTarget PSCommand_Get-OCICloudguardTarget PSCmdlet_Get-OCICloudguardTargetDetectorRecipe PSCommand_Get-OCICloudguardTargetDetectorRecipe PSCmdlet_Get-OCICloudguardTargetDetectorRecipeDetectorRule PSCommand_Get-OCICloudguardTargetDetectorRecipeDetectorRule PSCmdlet_Get-OCICloudguardTargetDetectorRecipeDetectorRulesList PSCommand_Get-OCICloudguardTargetDetectorRecipeDetectorRulesList PSCmdlet_Get-OCICloudguardTargetDetectorRecipesList PSCommand_Get-OCICloudguardTargetDetectorRecipesList PSCmdlet_Get-OCICloudguardTargetResponderRecipe PSCommand_Get-OCICloudguardTargetResponderRecipe PSCmdlet_Get-OCICloudguardTargetResponderRecipeResponderRule PSCommand_Get-OCICloudguardTargetResponderRecipeResponderRule PSCmdlet_Get-OCICloudguardTargetResponderRecipeResponderRulesList PSCommand_Get-OCICloudguardTargetResponderRecipeResponderRulesList PSCmdlet_Get-OCICloudguardTargetResponderRecipesList PSCommand_Get-OCICloudguardTargetResponderRecipesList PSCmdlet_Get-OCICloudguardTargetsList PSCommand_Get-OCICloudguardTargetsList PSCmdlet_Get-OCICloudguardTechniquesList PSCommand_Get-OCICloudguardTechniquesList PSCmdlet_Get-OCICloudguardWlpAgent PSCommand_Get-OCICloudguardWlpAgent PSCmdlet_Get-OCICloudguardWlpAgentsList PSCommand_Get-OCICloudguardWlpAgentsList PSCmdlet_Get-OCICloudguardWorkRequest PSCommand_Get-OCICloudguardWorkRequest PSCmdlet_Get-OCICloudguardWorkRequestErrorsList PSCommand_Get-OCICloudguardWorkRequestErrorsList PSCmdlet_Get-OCICloudguardWorkRequestLogsList PSCommand_Get-OCICloudguardWorkRequestLogsList PSCmdlet_Get-OCICloudguardWorkRequestsList PSCommand_Get-OCICloudguardWorkRequestsList PSCmdlet_Invoke-OCICloudguardExecuteResponderExecution PSCommand_Invoke-OCICloudguardExecuteResponderExecution PSCmdlet_Invoke-OCICloudguardRequestRiskScores PSCommand_Invoke-OCICloudguardRequestRiskScores PSCmdlet_Invoke-OCICloudguardRequestSecurityScores PSCommand_Invoke-OCICloudguardRequestSecurityScores PSCmdlet_Invoke-OCICloudguardRequestSecurityScoreSummarizedTrend PSCommand_Invoke-OCICloudguardRequestSecurityScoreSummarizedTrend PSCmdlet_Invoke-OCICloudguardRequestSummarizedActivityProblems PSCommand_Invoke-OCICloudguardRequestSummarizedActivityProblems PSCmdlet_Invoke-OCICloudguardRequestSummarizedProblems PSCommand_Invoke-OCICloudguardRequestSummarizedProblems PSCmdlet_Invoke-OCICloudguardRequestSummarizedResponderExecutions PSCommand_Invoke-OCICloudguardRequestSummarizedResponderExecutions PSCmdlet_Invoke-OCICloudguardRequestSummarizedRiskScores PSCommand_Invoke-OCICloudguardRequestSummarizedRiskScores PSCmdlet_Invoke-OCICloudguardRequestSummarizedSecurityScores PSCommand_Invoke-OCICloudguardRequestSummarizedSecurityScores PSCmdlet_Invoke-OCICloudguardRequestSummarizedTopTrendResourceProfileRiskScores PSCommand_Invoke-OCICloudguardRequestSummarizedTopTrendResourceProfileRiskScores PSCmdlet_Invoke-OCICloudguardRequestSummarizedTrendProblems PSCommand_Invoke-OCICloudguardRequestSummarizedTrendProblems PSCmdlet_Invoke-OCICloudguardRequestSummarizedTrendResourceRiskScores PSCommand_Invoke-OCICloudguardRequestSummarizedTrendResourceRiskScores PSCmdlet_Invoke-OCICloudguardRequestSummarizedTrendResponderExecutions PSCommand_Invoke-OCICloudguardRequestSummarizedTrendResponderExecutions PSCmdlet_Invoke-OCICloudguardRequestSummarizedTrendSecurityScores PSCommand_Invoke-OCICloudguardRequestSummarizedTrendSecurityScores PSCmdlet_Invoke-OCICloudguardSkipBulkResponderExecution PSCommand_Invoke-OCICloudguardSkipBulkResponderExecution PSCmdlet_Invoke-OCICloudguardSkipResponderExecution PSCommand_Invoke-OCICloudguardSkipResponderExecution PSCmdlet_Invoke-OCICloudguardTriggerResponder PSCommand_Invoke-OCICloudguardTriggerResponder PSCmdlet_Move-OCICloudguardDataSourceCompartment PSCommand_Move-OCICloudguardDataSourceCompartment PSCmdlet_Move-OCICloudguardDetectorRecipeCompartment PSCommand_Move-OCICloudguardDetectorRecipeCompartment PSCmdlet_Move-OCICloudguardManagedListCompartment PSCommand_Move-OCICloudguardManagedListCompartment PSCmdlet_Move-OCICloudguardResponderRecipeCompartment PSCommand_Move-OCICloudguardResponderRecipeCompartment PSCmdlet_Move-OCICloudguardSavedQueryCompartment PSCommand_Move-OCICloudguardSavedQueryCompartment PSCmdlet_Move-OCICloudguardSecurityRecipeCompartment PSCommand_Move-OCICloudguardSecurityRecipeCompartment PSCmdlet_Move-OCICloudguardSecurityZoneCompartment PSCommand_Move-OCICloudguardSecurityZoneCompartment PSCmdlet_New-OCICloudguardAdhocQuery PSCommand_New-OCICloudguardAdhocQuery PSCmdlet_New-OCICloudguardDataMaskRule PSCommand_New-OCICloudguardDataMaskRule PSCmdlet_New-OCICloudguardDataSource PSCommand_New-OCICloudguardDataSource PSCmdlet_New-OCICloudguardDetectorRecipe PSCommand_New-OCICloudguardDetectorRecipe PSCmdlet_New-OCICloudguardDetectorRecipeDetectorRule PSCommand_New-OCICloudguardDetectorRecipeDetectorRule PSCmdlet_New-OCICloudguardManagedList PSCommand_New-OCICloudguardManagedList PSCmdlet_New-OCICloudguardResponderRecipe PSCommand_New-OCICloudguardResponderRecipe PSCmdlet_New-OCICloudguardSavedQuery PSCommand_New-OCICloudguardSavedQuery PSCmdlet_New-OCICloudguardSecurityRecipe PSCommand_New-OCICloudguardSecurityRecipe PSCmdlet_New-OCICloudguardSecurityZone PSCommand_New-OCICloudguardSecurityZone PSCmdlet_New-OCICloudguardTarget PSCommand_New-OCICloudguardTarget PSCmdlet_New-OCICloudguardTargetDetectorRecipe PSCommand_New-OCICloudguardTargetDetectorRecipe PSCmdlet_New-OCICloudguardTargetResponderRecipe PSCommand_New-OCICloudguardTargetResponderRecipe PSCmdlet_New-OCICloudguardWlpAgent PSCommand_New-OCICloudguardWlpAgent PSCmdlet_Remove-OCICloudguardAdhocQuery PSCommand_Remove-OCICloudguardAdhocQuery PSCmdlet_Remove-OCICloudguardCompartment PSCommand_Remove-OCICloudguardCompartment PSCmdlet_Remove-OCICloudguardDataMaskRule PSCommand_Remove-OCICloudguardDataMaskRule PSCmdlet_Remove-OCICloudguardDataSource PSCommand_Remove-OCICloudguardDataSource PSCmdlet_Remove-OCICloudguardDetectorRecipe PSCommand_Remove-OCICloudguardDetectorRecipe PSCmdlet_Remove-OCICloudguardDetectorRecipeDetectorRule PSCommand_Remove-OCICloudguardDetectorRecipeDetectorRule PSCmdlet_Remove-OCICloudguardDetectorRecipeDetectorRuleDataSource PSCommand_Remove-OCICloudguardDetectorRecipeDetectorRuleDataSource PSCmdlet_Remove-OCICloudguardManagedList PSCommand_Remove-OCICloudguardManagedList PSCmdlet_Remove-OCICloudguardResponderRecipe PSCommand_Remove-OCICloudguardResponderRecipe PSCmdlet_Remove-OCICloudguardSavedQuery PSCommand_Remove-OCICloudguardSavedQuery PSCmdlet_Remove-OCICloudguardSecurityRecipe PSCommand_Remove-OCICloudguardSecurityRecipe PSCmdlet_Remove-OCICloudguardSecurityZone PSCommand_Remove-OCICloudguardSecurityZone PSCmdlet_Remove-OCICloudguardTarget PSCommand_Remove-OCICloudguardTarget PSCmdlet_Remove-OCICloudguardTargetDetectorRecipe PSCommand_Remove-OCICloudguardTargetDetectorRecipe PSCmdlet_Remove-OCICloudguardTargetResponderRecipe PSCommand_Remove-OCICloudguardTargetResponderRecipe PSCmdlet_Remove-OCICloudguardWlpAgent PSCommand_Remove-OCICloudguardWlpAgent PSCmdlet_Stop-OCICloudguardWorkRequest PSCommand_Stop-OCICloudguardWorkRequest PSCmdlet_Update-OCICloudguardBulkProblemStatus PSCommand_Update-OCICloudguardBulkProblemStatus PSCmdlet_Update-OCICloudguardConfiguration PSCommand_Update-OCICloudguardConfiguration PSCmdlet_Update-OCICloudguardDataMaskRule PSCommand_Update-OCICloudguardDataMaskRule PSCmdlet_Update-OCICloudguardDataSource PSCommand_Update-OCICloudguardDataSource PSCmdlet_Update-OCICloudguardDetectorRecipe PSCommand_Update-OCICloudguardDetectorRecipe PSCmdlet_Update-OCICloudguardDetectorRecipeDetectorRule PSCommand_Update-OCICloudguardDetectorRecipeDetectorRule PSCmdlet_Update-OCICloudguardManagedList PSCommand_Update-OCICloudguardManagedList PSCmdlet_Update-OCICloudguardProblemStatus PSCommand_Update-OCICloudguardProblemStatus PSCmdlet_Update-OCICloudguardResponderRecipe PSCommand_Update-OCICloudguardResponderRecipe PSCmdlet_Update-OCICloudguardResponderRecipeResponderRule PSCommand_Update-OCICloudguardResponderRecipeResponderRule PSCmdlet_Update-OCICloudguardSavedQuery PSCommand_Update-OCICloudguardSavedQuery PSCmdlet_Update-OCICloudguardSecurityRecipe PSCommand_Update-OCICloudguardSecurityRecipe PSCmdlet_Update-OCICloudguardSecurityZone PSCommand_Update-OCICloudguardSecurityZone PSCmdlet_Update-OCICloudguardTarget PSCommand_Update-OCICloudguardTarget PSCmdlet_Update-OCICloudguardTargetDetectorRecipe PSCommand_Update-OCICloudguardTargetDetectorRecipe PSCmdlet_Update-OCICloudguardTargetDetectorRecipeDetectorRule PSCommand_Update-OCICloudguardTargetDetectorRecipeDetectorRule PSCmdlet_Update-OCICloudguardTargetResponderRecipe PSCommand_Update-OCICloudguardTargetResponderRecipe PSCmdlet_Update-OCICloudguardTargetResponderRecipeResponderRule PSCommand_Update-OCICloudguardTargetResponderRecipeResponderRule PSCmdlet_Update-OCICloudguardWlpAgent PSCommand_Update-OCICloudguardWlpAgent PSIncludes_Cmdlet</S>
          <S N="developmentDependency">False</S>
          <S N="updated">2024-12-08T21:30:00Z</S>
          <S N="NormalizedVersion">95.1.0</S>
          <S N="Authors">Oracle Cloud Infrastructure</S>
          <S N="IsPrerelease">false</S>
          <S N="ItemType">Module</S>
          <S N="FileList">OCI.PSModules.Cloudguard.nuspec|THIRD_PARTY_LICENSES.txt|OCI.PSModules.Cloudguard.psd1|LICENSE.txt|OCI.PSModules.Cloudguard.dll-Help.xml|assemblies\OCI.DotNetSDK.Cloudguard.dll|assemblies\OCI.PSModules.Cloudguard.dll</S>
          <S N="GUID">416303ec-c9d6-4a65-8413-14973e520be8</S>
          <S N="PowerShellVersion">6.0</S>
          <S N="CompanyName">Oracle Corporation</S>
        </MS>
      </Obj>
      <S N="InstalledLocation">C:\Users\MarcoFekry\Downloads\OCI.PSModules\OCI.PSModules.Cloudguard\95.1.0</S>
    </MS>
  </Obj>
</Objs>
