<Objs Version="1.1.0.1" xmlns="http://schemas.microsoft.com/powershell/2004/04">
  <Obj RefId="0">
    <TN RefId="0">
      <T>Microsoft.PowerShell.Commands.PSRepositoryItemInfo</T>
      <T>System.Management.Automation.PSCustomObject</T>
      <T>System.Object</T>
    </TN>
    <MS>
      <S N="Name">OCI.PSModules.Limits</S>
      <Version N="Version">120.0.0</Version>
      <S N="Type">Module</S>
      <S N="Description">This modules provides Cmdlets for OCI Limits Service</S>
      <S N="Author">Oracle Cloud Infrastructure</S>
      <S N="CompanyName">oci-psmodules-grp</S>
      <S N="Copyright">(c) Oracle Cloud Infrastructure. All rights reserved.</S>
      <DT N="PublishedDate">2025-11-18T18:45:55+02:00</DT>
      <Obj N="InstalledDate" RefId="1">
        <DT>2025-11-27T08:15:32.6631025+02:00</DT>
        <MS>
          <Obj N="DisplayHint" RefId="2">
            <TN RefId="1">
              <T>Microsoft.PowerShell.Commands.DisplayHintType</T>
              <T>System.Enum</T>
              <T>System.ValueType</T>
              <T>System.Object</T>
            </TN>
            <ToString>DateTime</ToString>
            <I32>2</I32>
          </Obj>
        </MS>
      </Obj>
      <Nil N="UpdatedDate" />
      <URI N="LicenseUri">https://github.com/oracle/oci-powershell-modules/blob/master/LICENSE.txt</URI>
      <URI N="ProjectUri">https://github.com/oracle/oci-powershell-modules/</URI>
      <URI N="IconUri">https://github.com/oracle/oci-powershell-modules/blob/master/icon.png</URI>
      <Obj N="Tags" RefId="3">
        <TN RefId="2">
          <T>System.Object[]</T>
          <T>System.Array</T>
          <T>System.Object</T>
        </TN>
        <LST>
          <S>PSEdition_Core</S>
          <S>Windows</S>
          <S>Linux</S>
          <S>macOS</S>
          <S>Oracle</S>
          <S>OCI</S>
          <S>Cloud</S>
          <S>OracleCloudInfrastructure</S>
          <S>Limits</S>
          <S>PSModule</S>
        </LST>
      </Obj>
      <Obj N="Includes" RefId="4">
        <TN RefId="3">
          <T>System.Collections.Hashtable</T>
          <T>System.Object</T>
        </TN>
        <DCT>
          <En>
            <S N="Key">Function</S>
            <Obj N="Value" RefId="5">
              <TNRef RefId="2" />
              <LST />
            </Obj>
          </En>
          <En>
            <S N="Key">RoleCapability</S>
            <Ref N="Value" RefId="5" />
          </En>
          <En>
            <S N="Key">Cmdlet</S>
            <Obj N="Value" RefId="6">
              <TNRef RefId="2" />
              <LST>
                <S>Add-OCILimitsQuotaLock</S>
                <S>Get-OCILimitsLimitDefinitionsList</S>
                <S>Get-OCILimitsLimitValuesList</S>
                <S>Get-OCILimitsQuota</S>
                <S>Get-OCILimitsQuotasList</S>
                <S>Get-OCILimitsResourceAvailability</S>
                <S>Get-OCILimitsServicesList</S>
                <S>New-OCILimitsQuota</S>
                <S>Remove-OCILimitsQuota</S>
                <S>Remove-OCILimitsQuotaLock</S>
                <S>Update-OCILimitsQuota</S>
              </LST>
            </Obj>
          </En>
          <En>
            <S N="Key">DscResource</S>
            <Ref N="Value" RefId="5" />
          </En>
          <En>
            <S N="Key">Command</S>
            <Obj N="Value" RefId="7">
              <TNRef RefId="2" />
              <LST>
                <S>Add-OCILimitsQuotaLock</S>
                <S>Get-OCILimitsLimitDefinitionsList</S>
                <S>Get-OCILimitsLimitValuesList</S>
                <S>Get-OCILimitsQuota</S>
                <S>Get-OCILimitsQuotasList</S>
                <S>Get-OCILimitsResourceAvailability</S>
                <S>Get-OCILimitsServicesList</S>
                <S>New-OCILimitsQuota</S>
                <S>Remove-OCILimitsQuota</S>
                <S>Remove-OCILimitsQuotaLock</S>
                <S>Update-OCILimitsQuota</S>
              </LST>
            </Obj>
          </En>
          <En>
            <S N="Key">Workflow</S>
            <Ref N="Value" RefId="5" />
          </En>
        </DCT>
      </Obj>
      <Nil N="PowerShellGetFormatVersion" />
      <S N="ReleaseNotes">https://github.com/oracle/oci-powershell-modules/blob/master/CHANGELOG.md</S>
      <Obj N="Dependencies" RefId="8">
        <TNRef RefId="2" />
        <LST>
          <Obj RefId="9">
            <TN RefId="4">
              <T>System.Collections.Specialized.OrderedDictionary</T>
              <T>System.Object</T>
            </TN>
            <DCT>
              <En>
                <S N="Key">Name</S>
                <S N="Value">OCI.PSModules.Common</S>
              </En>
              <En>
                <S N="Key">RequiredVersion</S>
                <S N="Value">120.0.0</S>
              </En>
              <En>
                <S N="Key">CanonicalId</S>
                <S N="Value">nuget:OCI.PSModules.Common/[120.0.0]</S>
              </En>
            </DCT>
          </Obj>
        </LST>
      </Obj>
      <S N="RepositorySourceLocation">https://www.powershellgallery.com/api/v2</S>
      <S N="Repository">PSGallery</S>
      <S N="PackageManagementProvider">NuGet</S>
      <Obj N="AdditionalMetadata" RefId="10">
        <TN RefId="5">
          <T>System.Management.Automation.PSCustomObject</T>
          <T>System.Object</T>
        </TN>
        <MS>
          <S N="copyright">(c) Oracle Cloud Infrastructure. All rights reserved.</S>
          <S N="description">This modules provides Cmdlets for OCI Limits Service</S>
          <S N="requireLicenseAcceptance">False</S>
          <S N="releaseNotes">https://github.com/oracle/oci-powershell-modules/blob/master/CHANGELOG.md</S>
          <S N="isLatestVersion">True</S>
          <S N="isAbsoluteLatestVersion">True</S>
          <S N="versionDownloadCount">47</S>
          <S N="downloadCount">13563</S>
          <S N="packageSize">83549</S>
          <S N="published">11/18/2025 6:45:55 PM +02:00</S>
          <S N="created">11/18/2025 6:45:55 PM +02:00</S>
          <S N="lastUpdated">11/26/2025 9:30:00 PM +02:00</S>
          <S N="tags">PSEdition_Core Windows Linux macOS Oracle OCI Cloud OracleCloudInfrastructure Limits PSModule PSCmdlet_Add-OCILimitsQuotaLock PSCommand_Add-OCILimitsQuotaLock PSCmdlet_Get-OCILimitsLimitDefinitionsList PSCommand_Get-OCILimitsLimitDefinitionsList PSCmdlet_Get-OCILimitsLimitValuesList PSCommand_Get-OCILimitsLimitValuesList PSCmdlet_Get-OCILimitsQuota PSCommand_Get-OCILimitsQuota PSCmdlet_Get-OCILimitsQuotasList PSCommand_Get-OCILimitsQuotasList PSCmdlet_Get-OCILimitsResourceAvailability PSCommand_Get-OCILimitsResourceAvailability PSCmdlet_Get-OCILimitsServicesList PSCommand_Get-OCILimitsServicesList PSCmdlet_New-OCILimitsQuota PSCommand_New-OCILimitsQuota PSCmdlet_Remove-OCILimitsQuota PSCommand_Remove-OCILimitsQuota PSCmdlet_Remove-OCILimitsQuotaLock PSCommand_Remove-OCILimitsQuotaLock PSCmdlet_Update-OCILimitsQuota PSCommand_Update-OCILimitsQuota PSIncludes_Cmdlet</S>
          <S N="developmentDependency">False</S>
          <S N="updated">2025-11-26T21:30:00Z</S>
          <S N="NormalizedVersion">120.0.0</S>
          <S N="Authors">Oracle Cloud Infrastructure</S>
          <S N="IsPrerelease">false</S>
          <S N="ItemType">Module</S>
          <S N="FileList">OCI.PSModules.Limits.nuspec|LICENSE.txt|OCI.PSModules.Limits.dll-Help.xml|THIRD_PARTY_LICENSES.txt|OCI.PSModules.Limits.psd1|assemblies\OCI.DotNetSDK.Limits.dll|assemblies\OCI.PSModules.Limits.dll</S>
          <S N="GUID">2639cc9c-eb7c-4e6a-9e53-b91506263439</S>
          <S N="PowerShellVersion">6.0</S>
          <S N="CompanyName">Oracle Corporation</S>
        </MS>
      </Obj>
      <S N="InstalledLocation">C:\Program Files\PowerShell\Modules\OCI.PSModules.Limits\120.0.0</S>
    </MS>
  </Obj>
</Objs>
