<Objs Version="1.1.0.1" xmlns="http://schemas.microsoft.com/powershell/2004/04">
  <Obj RefId="0">
    <TN RefId="0">
      <T>Microsoft.PowerShell.Commands.PSRepositoryItemInfo</T>
      <T>System.Management.Automation.PSCustomObject</T>
      <T>System.Object</T>
    </TN>
    <MS>
      <S N="Name">OCI.PSModules.Aianomalydetection</S>
      <S N="Version">95.1.0</S>
      <S N="Type">Module</S>
      <S N="Description">This modules provides Cmdlets for OCI Aianomalydetection Service</S>
      <S N="Author">Oracle Cloud Infrastructure</S>
      <S N="CompanyName">oci-psmodules-grp</S>
      <S N="Copyright">(c) Oracle Cloud Infrastructure. All rights reserved.</S>
      <DT N="PublishedDate">2024-11-12T18:41:20+02:00</DT>
      <Nil N="InstalledDate" />
      <Nil N="UpdatedDate" />
      <URI N="LicenseUri">https://github.com/oracle/oci-powershell-modules/blob/master/LICENSE.txt</URI>
      <URI N="ProjectUri">https://github.com/oracle/oci-powershell-modules/</URI>
      <URI N="IconUri">https://github.com/oracle/oci-powershell-modules/blob/master/icon.png</URI>
      <Obj N="Tags" RefId="1">
        <TN RefId="1">
          <T>System.Object[]</T>
          <T>System.Array</T>
          <T>System.Object</T>
        </TN>
        <LST>
          <S>PSEdition_Core</S>
          <S>Windows</S>
          <S>Linux</S>
          <S>macOS</S>
          <S>Oracle</S>
          <S>OCI</S>
          <S>Cloud</S>
          <S>OracleCloudInfrastructure</S>
          <S>Aianomalydetection</S>
          <S>PSModule</S>
        </LST>
      </Obj>
      <Obj N="Includes" RefId="2">
        <TN RefId="2">
          <T>System.Collections.Hashtable</T>
          <T>System.Object</T>
        </TN>
        <DCT>
          <En>
            <S N="Key">Function</S>
            <Obj N="Value" RefId="3">
              <TNRef RefId="1" />
              <LST />
            </Obj>
          </En>
          <En>
            <S N="Key">Workflow</S>
            <Ref N="Value" RefId="3" />
          </En>
          <En>
            <S N="Key">DscResource</S>
            <Ref N="Value" RefId="3" />
          </En>
          <En>
            <S N="Key">RoleCapability</S>
            <Ref N="Value" RefId="3" />
          </En>
          <En>
            <S N="Key">Command</S>
            <Obj N="Value" RefId="4">
              <TNRef RefId="1" />
              <LST>
                <S>Get-OCIAianomalydetectionAiPrivateEndpoint</S>
                <S>Get-OCIAianomalydetectionAiPrivateEndpointsList</S>
                <S>Get-OCIAianomalydetectionDataAsset</S>
                <S>Get-OCIAianomalydetectionDataAssetsList</S>
                <S>Get-OCIAianomalydetectionDetectAnomalyJob</S>
                <S>Get-OCIAianomalydetectionDetectAnomalyJobsList</S>
                <S>Get-OCIAianomalydetectionModel</S>
                <S>Get-OCIAianomalydetectionModelsList</S>
                <S>Get-OCIAianomalydetectionProject</S>
                <S>Get-OCIAianomalydetectionProjectsList</S>
                <S>Get-OCIAianomalydetectionWorkRequest</S>
                <S>Get-OCIAianomalydetectionWorkRequestErrorsList</S>
                <S>Get-OCIAianomalydetectionWorkRequestLogsList</S>
                <S>Get-OCIAianomalydetectionWorkRequestsList</S>
                <S>Invoke-OCIAianomalydetectionDetectAnomalies</S>
                <S>Move-OCIAianomalydetectionAiPrivateEndpointCompartment</S>
                <S>Move-OCIAianomalydetectionDataAssetCompartment</S>
                <S>Move-OCIAianomalydetectionDetectAnomalyJobCompartment</S>
                <S>Move-OCIAianomalydetectionModelCompartment</S>
                <S>Move-OCIAianomalydetectionProjectCompartment</S>
                <S>New-OCIAianomalydetectionAiPrivateEndpoint</S>
                <S>New-OCIAianomalydetectionDataAsset</S>
                <S>New-OCIAianomalydetectionDetectAnomalyJob</S>
                <S>New-OCIAianomalydetectionModel</S>
                <S>New-OCIAianomalydetectionProject</S>
                <S>Remove-OCIAianomalydetectionAiPrivateEndpoint</S>
                <S>Remove-OCIAianomalydetectionDataAsset</S>
                <S>Remove-OCIAianomalydetectionDetectAnomalyJob</S>
                <S>Remove-OCIAianomalydetectionModel</S>
                <S>Remove-OCIAianomalydetectionProject</S>
                <S>Stop-OCIAianomalydetectionWorkRequest</S>
                <S>Update-OCIAianomalydetectionAiPrivateEndpoint</S>
                <S>Update-OCIAianomalydetectionDataAsset</S>
                <S>Update-OCIAianomalydetectionDetectAnomalyJob</S>
                <S>Update-OCIAianomalydetectionModel</S>
                <S>Update-OCIAianomalydetectionProject</S>
              </LST>
            </Obj>
          </En>
          <En>
            <S N="Key">Cmdlet</S>
            <Obj N="Value" RefId="5">
              <TNRef RefId="1" />
              <LST>
                <S>Get-OCIAianomalydetectionAiPrivateEndpoint</S>
                <S>Get-OCIAianomalydetectionAiPrivateEndpointsList</S>
                <S>Get-OCIAianomalydetectionDataAsset</S>
                <S>Get-OCIAianomalydetectionDataAssetsList</S>
                <S>Get-OCIAianomalydetectionDetectAnomalyJob</S>
                <S>Get-OCIAianomalydetectionDetectAnomalyJobsList</S>
                <S>Get-OCIAianomalydetectionModel</S>
                <S>Get-OCIAianomalydetectionModelsList</S>
                <S>Get-OCIAianomalydetectionProject</S>
                <S>Get-OCIAianomalydetectionProjectsList</S>
                <S>Get-OCIAianomalydetectionWorkRequest</S>
                <S>Get-OCIAianomalydetectionWorkRequestErrorsList</S>
                <S>Get-OCIAianomalydetectionWorkRequestLogsList</S>
                <S>Get-OCIAianomalydetectionWorkRequestsList</S>
                <S>Invoke-OCIAianomalydetectionDetectAnomalies</S>
                <S>Move-OCIAianomalydetectionAiPrivateEndpointCompartment</S>
                <S>Move-OCIAianomalydetectionDataAssetCompartment</S>
                <S>Move-OCIAianomalydetectionDetectAnomalyJobCompartment</S>
                <S>Move-OCIAianomalydetectionModelCompartment</S>
                <S>Move-OCIAianomalydetectionProjectCompartment</S>
                <S>New-OCIAianomalydetectionAiPrivateEndpoint</S>
                <S>New-OCIAianomalydetectionDataAsset</S>
                <S>New-OCIAianomalydetectionDetectAnomalyJob</S>
                <S>New-OCIAianomalydetectionModel</S>
                <S>New-OCIAianomalydetectionProject</S>
                <S>Remove-OCIAianomalydetectionAiPrivateEndpoint</S>
                <S>Remove-OCIAianomalydetectionDataAsset</S>
                <S>Remove-OCIAianomalydetectionDetectAnomalyJob</S>
                <S>Remove-OCIAianomalydetectionModel</S>
                <S>Remove-OCIAianomalydetectionProject</S>
                <S>Stop-OCIAianomalydetectionWorkRequest</S>
                <S>Update-OCIAianomalydetectionAiPrivateEndpoint</S>
                <S>Update-OCIAianomalydetectionDataAsset</S>
                <S>Update-OCIAianomalydetectionDetectAnomalyJob</S>
                <S>Update-OCIAianomalydetectionModel</S>
                <S>Update-OCIAianomalydetectionProject</S>
              </LST>
            </Obj>
          </En>
        </DCT>
      </Obj>
      <Nil N="PowerShellGetFormatVersion" />
      <S N="ReleaseNotes">https://github.com/oracle/oci-powershell-modules/blob/master/CHANGELOG.md</S>
      <Obj N="Dependencies" RefId="6">
        <TNRef RefId="1" />
        <LST>
          <Obj RefId="7">
            <TN RefId="3">
              <T>System.Collections.Specialized.OrderedDictionary</T>
              <T>System.Object</T>
            </TN>
            <DCT>
              <En>
                <S N="Key">Name</S>
                <S N="Value">OCI.PSModules.Common</S>
              </En>
              <En>
                <S N="Key">RequiredVersion</S>
                <S N="Value">95.1.0</S>
              </En>
              <En>
                <S N="Key">CanonicalId</S>
                <S N="Value">nuget:OCI.PSModules.Common/[95.1.0]</S>
              </En>
            </DCT>
          </Obj>
        </LST>
      </Obj>
      <S N="RepositorySourceLocation">https://www.powershellgallery.com/api/v2</S>
      <S N="Repository">PSGallery</S>
      <S N="PackageManagementProvider">NuGet</S>
      <Obj N="AdditionalMetadata" RefId="8">
        <TN RefId="4">
          <T>System.Management.Automation.PSCustomObject</T>
          <T>System.Object</T>
        </TN>
        <MS>
          <S N="copyright">(c) Oracle Cloud Infrastructure. All rights reserved.</S>
          <S N="description">This modules provides Cmdlets for OCI Aianomalydetection Service</S>
          <S N="requireLicenseAcceptance">False</S>
          <S N="releaseNotes">https://github.com/oracle/oci-powershell-modules/blob/master/CHANGELOG.md</S>
          <S N="isLatestVersion">True</S>
          <S N="isAbsoluteLatestVersion">True</S>
          <S N="versionDownloadCount">319</S>
          <S N="downloadCount">8624</S>
          <S N="packageSize">150691</S>
          <S N="published">11/12/2024 6:41:20 PM +02:00</S>
          <S N="created">11/12/2024 6:41:20 PM +02:00</S>
          <S N="lastUpdated">12/8/2024 9:50:00 PM +02:00</S>
          <S N="tags">PSEdition_Core Windows Linux macOS Oracle OCI Cloud OracleCloudInfrastructure Aianomalydetection PSModule PSCmdlet_Get-OCIAianomalydetectionAiPrivateEndpoint PSCommand_Get-OCIAianomalydetectionAiPrivateEndpoint PSCmdlet_Get-OCIAianomalydetectionAiPrivateEndpointsList PSCommand_Get-OCIAianomalydetectionAiPrivateEndpointsList PSCmdlet_Get-OCIAianomalydetectionDataAsset PSCommand_Get-OCIAianomalydetectionDataAsset PSCmdlet_Get-OCIAianomalydetectionDataAssetsList PSCommand_Get-OCIAianomalydetectionDataAssetsList PSCmdlet_Get-OCIAianomalydetectionDetectAnomalyJob PSCommand_Get-OCIAianomalydetectionDetectAnomalyJob PSCmdlet_Get-OCIAianomalydetectionDetectAnomalyJobsList PSCommand_Get-OCIAianomalydetectionDetectAnomalyJobsList PSCmdlet_Get-OCIAianomalydetectionModel PSCommand_Get-OCIAianomalydetectionModel PSCmdlet_Get-OCIAianomalydetectionModelsList PSCommand_Get-OCIAianomalydetectionModelsList PSCmdlet_Get-OCIAianomalydetectionProject PSCommand_Get-OCIAianomalydetectionProject PSCmdlet_Get-OCIAianomalydetectionProjectsList PSCommand_Get-OCIAianomalydetectionProjectsList PSCmdlet_Get-OCIAianomalydetectionWorkRequest PSCommand_Get-OCIAianomalydetectionWorkRequest PSCmdlet_Get-OCIAianomalydetectionWorkRequestErrorsList PSCommand_Get-OCIAianomalydetectionWorkRequestErrorsList PSCmdlet_Get-OCIAianomalydetectionWorkRequestLogsList PSCommand_Get-OCIAianomalydetectionWorkRequestLogsList PSCmdlet_Get-OCIAianomalydetectionWorkRequestsList PSCommand_Get-OCIAianomalydetectionWorkRequestsList PSCmdlet_Invoke-OCIAianomalydetectionDetectAnomalies PSCommand_Invoke-OCIAianomalydetectionDetectAnomalies PSCmdlet_Move-OCIAianomalydetectionAiPrivateEndpointCompartment PSCommand_Move-OCIAianomalydetectionAiPrivateEndpointCompartment PSCmdlet_Move-OCIAianomalydetectionDataAssetCompartment PSCommand_Move-OCIAianomalydetectionDataAssetCompartment PSCmdlet_Move-OCIAianomalydetectionDetectAnomalyJobCompartment PSCommand_Move-OCIAianomalydetectionDetectAnomalyJobCompartment PSCmdlet_Move-OCIAianomalydetectionModelCompartment PSCommand_Move-OCIAianomalydetectionModelCompartment PSCmdlet_Move-OCIAianomalydetectionProjectCompartment PSCommand_Move-OCIAianomalydetectionProjectCompartment PSCmdlet_New-OCIAianomalydetectionAiPrivateEndpoint PSCommand_New-OCIAianomalydetectionAiPrivateEndpoint PSCmdlet_New-OCIAianomalydetectionDataAsset PSCommand_New-OCIAianomalydetectionDataAsset PSCmdlet_New-OCIAianomalydetectionDetectAnomalyJob PSCommand_New-OCIAianomalydetectionDetectAnomalyJob PSCmdlet_New-OCIAianomalydetectionModel PSCommand_New-OCIAianomalydetectionModel PSCmdlet_New-OCIAianomalydetectionProject PSCommand_New-OCIAianomalydetectionProject PSCmdlet_Remove-OCIAianomalydetectionAiPrivateEndpoint PSCommand_Remove-OCIAianomalydetectionAiPrivateEndpoint PSCmdlet_Remove-OCIAianomalydetectionDataAsset PSCommand_Remove-OCIAianomalydetectionDataAsset PSCmdlet_Remove-OCIAianomalydetectionDetectAnomalyJob PSCommand_Remove-OCIAianomalydetectionDetectAnomalyJob PSCmdlet_Remove-OCIAianomalydetectionModel PSCommand_Remove-OCIAianomalydetectionModel PSCmdlet_Remove-OCIAianomalydetectionProject PSCommand_Remove-OCIAianomalydetectionProject PSCmdlet_Stop-OCIAianomalydetectionWorkRequest PSCommand_Stop-OCIAianomalydetectionWorkRequest PSCmdlet_Update-OCIAianomalydetectionAiPrivateEndpoint PSCommand_Update-OCIAianomalydetectionAiPrivateEndpoint PSCmdlet_Update-OCIAianomalydetectionDataAsset PSCommand_Update-OCIAianomalydetectionDataAsset PSCmdlet_Update-OCIAianomalydetectionDetectAnomalyJob PSCommand_Update-OCIAianomalydetectionDetectAnomalyJob PSCmdlet_Update-OCIAianomalydetectionModel PSCommand_Update-OCIAianomalydetectionModel PSCmdlet_Update-OCIAianomalydetectionProject PSCommand_Update-OCIAianomalydetectionProject PSIncludes_Cmdlet</S>
          <S N="developmentDependency">False</S>
          <S N="updated">2024-12-08T21:50:00Z</S>
          <S N="NormalizedVersion">95.1.0</S>
          <S N="Authors">Oracle Cloud Infrastructure</S>
          <S N="IsPrerelease">false</S>
          <S N="ItemType">Module</S>
          <S N="FileList">OCI.PSModules.Aianomalydetection.nuspec|THIRD_PARTY_LICENSES.txt|OCI.PSModules.Aianomalydetection.psd1|OCI.PSModules.Aianomalydetection.dll-Help.xml|LICENSE.txt|assemblies\OCI.PSModules.Aianomalydetection.dll|assemblies\OCI.DotNetSDK.Aianomalydetection.dll</S>
          <S N="GUID">a3b1179d-3494-46fe-b212-09c2eaebfa09</S>
          <S N="PowerShellVersion">6.0</S>
          <S N="CompanyName">Oracle Corporation</S>
        </MS>
      </Obj>
      <S N="InstalledLocation">C:\Users\MarcoFekry\Downloads\OCI.PSModules\OCI.PSModules.Aianomalydetection\95.1.0</S>
    </MS>
  </Obj>
</Objs>
