<Objs Version="1.1.0.1" xmlns="http://schemas.microsoft.com/powershell/2004/04">
  <Obj RefId="0">
    <TN RefId="0">
      <T>Microsoft.PowerShell.Commands.PSRepositoryItemInfo</T>
      <T>System.Management.Automation.PSCustomObject</T>
      <T>System.Object</T>
    </TN>
    <MS>
      <S N="Name">OCI.PSModules.Autoscaling</S>
      <S N="Version">95.1.0</S>
      <S N="Type">Module</S>
      <S N="Description">This modules provides Cmdlets for OCI Autoscaling Service</S>
      <S N="Author">Oracle Cloud Infrastructure</S>
      <S N="CompanyName">oci-psmodules-grp</S>
      <S N="Copyright">(c) Oracle Cloud Infrastructure. All rights reserved.</S>
      <DT N="PublishedDate">2024-11-12T18:43:20+02:00</DT>
      <Nil N="InstalledDate" />
      <Nil N="UpdatedDate" />
      <URI N="LicenseUri">https://github.com/oracle/oci-powershell-modules/blob/master/LICENSE.txt</URI>
      <URI N="ProjectUri">https://github.com/oracle/oci-powershell-modules/</URI>
      <URI N="IconUri">https://github.com/oracle/oci-powershell-modules/blob/master/icon.png</URI>
      <Obj N="Tags" RefId="1">
        <TN RefId="1">
          <T>System.Object[]</T>
          <T>System.Array</T>
          <T>System.Object</T>
        </TN>
        <LST>
          <S>PSEdition_Core</S>
          <S>Windows</S>
          <S>Linux</S>
          <S>macOS</S>
          <S>Oracle</S>
          <S>OCI</S>
          <S>Cloud</S>
          <S>OracleCloudInfrastructure</S>
          <S>Autoscaling</S>
          <S>PSModule</S>
        </LST>
      </Obj>
      <Obj N="Includes" RefId="2">
        <TN RefId="2">
          <T>System.Collections.Hashtable</T>
          <T>System.Object</T>
        </TN>
        <DCT>
          <En>
            <S N="Key">Function</S>
            <Obj N="Value" RefId="3">
              <TNRef RefId="1" />
              <LST />
            </Obj>
          </En>
          <En>
            <S N="Key">Workflow</S>
            <Ref N="Value" RefId="3" />
          </En>
          <En>
            <S N="Key">DscResource</S>
            <Ref N="Value" RefId="3" />
          </En>
          <En>
            <S N="Key">RoleCapability</S>
            <Ref N="Value" RefId="3" />
          </En>
          <En>
            <S N="Key">Command</S>
            <Obj N="Value" RefId="4">
              <TNRef RefId="1" />
              <LST>
                <S>Get-OCIAutoscalingConfiguration</S>
                <S>Get-OCIAutoscalingConfigurationsList</S>
                <S>Get-OCIAutoscalingPoliciesList</S>
                <S>Get-OCIAutoscalingPolicy</S>
                <S>Move-OCIAutoscalingConfigurationCompartment</S>
                <S>New-OCIAutoscalingConfiguration</S>
                <S>New-OCIAutoscalingPolicy</S>
                <S>Remove-OCIAutoscalingConfiguration</S>
                <S>Remove-OCIAutoscalingPolicy</S>
                <S>Update-OCIAutoscalingConfiguration</S>
                <S>Update-OCIAutoscalingPolicy</S>
              </LST>
            </Obj>
          </En>
          <En>
            <S N="Key">Cmdlet</S>
            <Obj N="Value" RefId="5">
              <TNRef RefId="1" />
              <LST>
                <S>Get-OCIAutoscalingConfiguration</S>
                <S>Get-OCIAutoscalingConfigurationsList</S>
                <S>Get-OCIAutoscalingPoliciesList</S>
                <S>Get-OCIAutoscalingPolicy</S>
                <S>Move-OCIAutoscalingConfigurationCompartment</S>
                <S>New-OCIAutoscalingConfiguration</S>
                <S>New-OCIAutoscalingPolicy</S>
                <S>Remove-OCIAutoscalingConfiguration</S>
                <S>Remove-OCIAutoscalingPolicy</S>
                <S>Update-OCIAutoscalingConfiguration</S>
                <S>Update-OCIAutoscalingPolicy</S>
              </LST>
            </Obj>
          </En>
        </DCT>
      </Obj>
      <Nil N="PowerShellGetFormatVersion" />
      <S N="ReleaseNotes">https://github.com/oracle/oci-powershell-modules/blob/master/CHANGELOG.md</S>
      <Obj N="Dependencies" RefId="6">
        <TNRef RefId="1" />
        <LST>
          <Obj RefId="7">
            <TN RefId="3">
              <T>System.Collections.Specialized.OrderedDictionary</T>
              <T>System.Object</T>
            </TN>
            <DCT>
              <En>
                <S N="Key">Name</S>
                <S N="Value">OCI.PSModules.Common</S>
              </En>
              <En>
                <S N="Key">RequiredVersion</S>
                <S N="Value">95.1.0</S>
              </En>
              <En>
                <S N="Key">CanonicalId</S>
                <S N="Value">nuget:OCI.PSModules.Common/[95.1.0]</S>
              </En>
            </DCT>
          </Obj>
        </LST>
      </Obj>
      <S N="RepositorySourceLocation">https://www.powershellgallery.com/api/v2</S>
      <S N="Repository">PSGallery</S>
      <S N="PackageManagementProvider">NuGet</S>
      <Obj N="AdditionalMetadata" RefId="8">
        <TN RefId="4">
          <T>System.Management.Automation.PSCustomObject</T>
          <T>System.Object</T>
        </TN>
        <MS>
          <S N="copyright">(c) Oracle Cloud Infrastructure. All rights reserved.</S>
          <S N="description">This modules provides Cmdlets for OCI Autoscaling Service</S>
          <S N="requireLicenseAcceptance">False</S>
          <S N="releaseNotes">https://github.com/oracle/oci-powershell-modules/blob/master/CHANGELOG.md</S>
          <S N="isLatestVersion">True</S>
          <S N="isAbsoluteLatestVersion">True</S>
          <S N="versionDownloadCount">313</S>
          <S N="downloadCount">9455</S>
          <S N="packageSize">84762</S>
          <S N="published">11/12/2024 6:43:20 PM +02:00</S>
          <S N="created">11/12/2024 6:43:20 PM +02:00</S>
          <S N="lastUpdated">12/8/2024 9:30:00 PM +02:00</S>
          <S N="tags">PSEdition_Core Windows Linux macOS Oracle OCI Cloud OracleCloudInfrastructure Autoscaling PSModule PSCmdlet_Get-OCIAutoscalingConfiguration PSCommand_Get-OCIAutoscalingConfiguration PSCmdlet_Get-OCIAutoscalingConfigurationsList PSCommand_Get-OCIAutoscalingConfigurationsList PSCmdlet_Get-OCIAutoscalingPoliciesList PSCommand_Get-OCIAutoscalingPoliciesList PSCmdlet_Get-OCIAutoscalingPolicy PSCommand_Get-OCIAutoscalingPolicy PSCmdlet_Move-OCIAutoscalingConfigurationCompartment PSCommand_Move-OCIAutoscalingConfigurationCompartment PSCmdlet_New-OCIAutoscalingConfiguration PSCommand_New-OCIAutoscalingConfiguration PSCmdlet_New-OCIAutoscalingPolicy PSCommand_New-OCIAutoscalingPolicy PSCmdlet_Remove-OCIAutoscalingConfiguration PSCommand_Remove-OCIAutoscalingConfiguration PSCmdlet_Remove-OCIAutoscalingPolicy PSCommand_Remove-OCIAutoscalingPolicy PSCmdlet_Update-OCIAutoscalingConfiguration PSCommand_Update-OCIAutoscalingConfiguration PSCmdlet_Update-OCIAutoscalingPolicy PSCommand_Update-OCIAutoscalingPolicy PSIncludes_Cmdlet</S>
          <S N="developmentDependency">False</S>
          <S N="updated">2024-12-08T21:30:00Z</S>
          <S N="NormalizedVersion">95.1.0</S>
          <S N="Authors">Oracle Cloud Infrastructure</S>
          <S N="IsPrerelease">false</S>
          <S N="ItemType">Module</S>
          <S N="FileList">OCI.PSModules.Autoscaling.nuspec|THIRD_PARTY_LICENSES.txt|OCI.PSModules.Autoscaling.dll-Help.xml|OCI.PSModules.Autoscaling.psd1|LICENSE.txt|assemblies\OCI.PSModules.Autoscaling.dll|assemblies\OCI.DotNetSDK.Autoscaling.dll</S>
          <S N="GUID">98b2f4cc-21d0-4675-bf24-96c27b13f169</S>
          <S N="PowerShellVersion">6.0</S>
          <S N="CompanyName">Oracle Corporation</S>
        </MS>
      </Obj>
      <S N="InstalledLocation">C:\Users\MarcoFekry\Downloads\OCI.PSModules\OCI.PSModules.Autoscaling\95.1.0</S>
    </MS>
  </Obj>
</Objs>
