<Objs Version="1.1.0.1" xmlns="http://schemas.microsoft.com/powershell/2004/04">
  <Obj RefId="0">
    <TN RefId="0">
      <T>Microsoft.PowerShell.Commands.PSRepositoryItemInfo</T>
      <T>System.Management.Automation.PSCustomObject</T>
      <T>System.Object</T>
    </TN>
    <MS>
      <S N="Name">OCI.PSModules.Loganalytics</S>
      <S N="Version">95.1.0</S>
      <S N="Type">Module</S>
      <S N="Description">This modules provides Cmdlets for OCI Loganalytics Service</S>
      <S N="Author">Oracle Cloud Infrastructure</S>
      <S N="CompanyName">oci-psmodules-grp</S>
      <S N="Copyright">(c) Oracle Cloud Infrastructure. All rights reserved.</S>
      <DT N="PublishedDate">2024-11-12T18:50:02+02:00</DT>
      <Nil N="InstalledDate" />
      <Nil N="UpdatedDate" />
      <URI N="LicenseUri">https://github.com/oracle/oci-powershell-modules/blob/master/LICENSE.txt</URI>
      <URI N="ProjectUri">https://github.com/oracle/oci-powershell-modules/</URI>
      <URI N="IconUri">https://github.com/oracle/oci-powershell-modules/blob/master/icon.png</URI>
      <Obj N="Tags" RefId="1">
        <TN RefId="1">
          <T>System.Object[]</T>
          <T>System.Array</T>
          <T>System.Object</T>
        </TN>
        <LST>
          <S>PSEdition_Core</S>
          <S>Windows</S>
          <S>Linux</S>
          <S>macOS</S>
          <S>Oracle</S>
          <S>OCI</S>
          <S>Cloud</S>
          <S>OracleCloudInfrastructure</S>
          <S>Loganalytics</S>
          <S>PSModule</S>
        </LST>
      </Obj>
      <Obj N="Includes" RefId="2">
        <TN RefId="2">
          <T>System.Collections.Hashtable</T>
          <T>System.Object</T>
        </TN>
        <DCT>
          <En>
            <S N="Key">Cmdlet</S>
            <Obj N="Value" RefId="3">
              <TNRef RefId="1" />
              <LST>
                <S>Add-OCILoganalyticsEntityAssociation</S>
                <S>Add-OCILoganalyticsSourceEventTypes</S>
                <S>Confirm-OCILoganalyticsAssociationParameters</S>
                <S>Confirm-OCILoganalyticsEndpoint</S>
                <S>Confirm-OCILoganalyticsFile</S>
                <S>Confirm-OCILoganalyticsLabelCondition</S>
                <S>Confirm-OCILoganalyticsSource</S>
                <S>Confirm-OCILoganalyticsSourceExtendedFieldDetails</S>
                <S>Confirm-OCILoganalyticsSourceMapping</S>
                <S>Disable-OCILoganalyticsArchiving</S>
                <S>Disable-OCILoganalyticsAutoAssociation</S>
                <S>Disable-OCILoganalyticsIngestTimeRule</S>
                <S>Disable-OCILoganalyticsSourceEventTypes</S>
                <S>Enable-OCILoganalyticsArchiving</S>
                <S>Enable-OCILoganalyticsAutoAssociation</S>
                <S>Enable-OCILoganalyticsIngestTimeRule</S>
                <S>Enable-OCILoganalyticsSourceEventTypes</S>
                <S>Export-OCILoganalyticsCustomContent</S>
                <S>Export-OCILoganalyticsQueryResult</S>
                <S>Get-OCILoganalyticsAssociableEntitiesList</S>
                <S>Get-OCILoganalyticsAssociatedEntitiesList</S>
                <S>Get-OCILoganalyticsAssociationSummary</S>
                <S>Get-OCILoganalyticsAutoAssociationsList</S>
                <S>Get-OCILoganalyticsCategoriesList</S>
                <S>Get-OCILoganalyticsCategory</S>
                <S>Get-OCILoganalyticsColumnNames</S>
                <S>Get-OCILoganalyticsConfigWorkRequest</S>
                <S>Get-OCILoganalyticsConfigWorkRequestsList</S>
                <S>Get-OCILoganalyticsEffectivePropertiesList</S>
                <S>Get-OCILoganalyticsEmBridge</S>
                <S>Get-OCILoganalyticsEmBridgesList</S>
                <S>Get-OCILoganalyticsEmBridgeSummary</S>
                <S>Get-OCILoganalyticsEncryptionKeyInfoList</S>
                <S>Get-OCILoganalyticsEntitiesList</S>
                <S>Get-OCILoganalyticsEntitiesSummary</S>
                <S>Get-OCILoganalyticsEntity</S>
                <S>Get-OCILoganalyticsEntityAssociationsList</S>
                <S>Get-OCILoganalyticsEntitySourceAssociationsList</S>
                <S>Get-OCILoganalyticsEntityTopologyList</S>
                <S>Get-OCILoganalyticsEntityType</S>
                <S>Get-OCILoganalyticsEntityTypesList</S>
                <S>Get-OCILoganalyticsField</S>
                <S>Get-OCILoganalyticsFieldsList</S>
                <S>Get-OCILoganalyticsFieldsSummary</S>
                <S>Get-OCILoganalyticsIngestTimeRule</S>
                <S>Get-OCILoganalyticsIngestTimeRulesList</S>
                <S>Get-OCILoganalyticsLabel</S>
                <S>Get-OCILoganalyticsLabelPrioritiesList</S>
                <S>Get-OCILoganalyticsLabelsList</S>
                <S>Get-OCILoganalyticsLabelSourceDetailsList</S>
                <S>Get-OCILoganalyticsLabelSummary</S>
                <S>Get-OCILoganalyticsLogGroup</S>
                <S>Get-OCILoganalyticsLogGroupsList</S>
                <S>Get-OCILoganalyticsLogGroupsSummary</S>
                <S>Get-OCILoganalyticsLogSetsCount</S>
                <S>Get-OCILoganalyticsLogSetsList</S>
                <S>Get-OCILoganalyticsLookup</S>
                <S>Get-OCILoganalyticsLookupsList</S>
                <S>Get-OCILoganalyticsLookupSummary</S>
                <S>Get-OCILoganalyticsMetaSourceTypesList</S>
                <S>Get-OCILoganalyticsNamespace</S>
                <S>Get-OCILoganalyticsNamespacesList</S>
                <S>Get-OCILoganalyticsObjectCollectionRule</S>
                <S>Get-OCILoganalyticsObjectCollectionRulesList</S>
                <S>Get-OCILoganalyticsOverlappingRecallsList</S>
                <S>Get-OCILoganalyticsParser</S>
                <S>Get-OCILoganalyticsParserFunctionsList</S>
                <S>Get-OCILoganalyticsParserMetaPluginsList</S>
                <S>Get-OCILoganalyticsParsersList</S>
                <S>Get-OCILoganalyticsParserSummary</S>
                <S>Get-OCILoganalyticsPreferences</S>
                <S>Get-OCILoganalyticsPropertiesMetadataList</S>
                <S>Get-OCILoganalyticsQueryResult</S>
                <S>Get-OCILoganalyticsQueryWorkRequest</S>
                <S>Get-OCILoganalyticsQueryWorkRequestsList</S>
                <S>Get-OCILoganalyticsRecallCount</S>
                <S>Get-OCILoganalyticsRecalledDataList</S>
                <S>Get-OCILoganalyticsRecalledDataSize</S>
                <S>Get-OCILoganalyticsResourceCategoriesList</S>
                <S>Get-OCILoganalyticsRulesList</S>
                <S>Get-OCILoganalyticsRulesSummary</S>
                <S>Get-OCILoganalyticsScheduledTask</S>
                <S>Get-OCILoganalyticsScheduledTasksList</S>
                <S>Get-OCILoganalyticsSource</S>
                <S>Get-OCILoganalyticsSourceAssociationsList</S>
                <S>Get-OCILoganalyticsSourceEventTypesList</S>
                <S>Get-OCILoganalyticsSourceExtendedFieldDefinitionsList</S>
                <S>Get-OCILoganalyticsSourceLabelOperatorsList</S>
                <S>Get-OCILoganalyticsSourceMetaFunctionsList</S>
                <S>Get-OCILoganalyticsSourcePatternsList</S>
                <S>Get-OCILoganalyticsSourcesList</S>
                <S>Get-OCILoganalyticsSourceSummary</S>
                <S>Get-OCILoganalyticsStorage</S>
                <S>Get-OCILoganalyticsStorageUsage</S>
                <S>Get-OCILoganalyticsStorageWorkRequest</S>
                <S>Get-OCILoganalyticsStorageWorkRequestErrorsList</S>
                <S>Get-OCILoganalyticsStorageWorkRequestsList</S>
                <S>Get-OCILoganalyticsSupportedCharEncodingsList</S>
                <S>Get-OCILoganalyticsSupportedTimezonesList</S>
                <S>Get-OCILoganalyticsUnprocessedDataBucket</S>
                <S>Get-OCILoganalyticsUpload</S>
                <S>Get-OCILoganalyticsUploadFilesList</S>
                <S>Get-OCILoganalyticsUploadsList</S>
                <S>Get-OCILoganalyticsUploadWarningsList</S>
                <S>Get-OCILoganalyticsWarningsList</S>
                <S>Get-OCILoganalyticsWorkRequest</S>
                <S>Get-OCILoganalyticsWorkRequestErrorsList</S>
                <S>Get-OCILoganalyticsWorkRequestLogsList</S>
                <S>Get-OCILoganalyticsWorkRequestsList</S>
                <S>Import-OCILoganalyticsCustomContent</S>
                <S>Invoke-OCILoganalyticsAppendLookupData</S>
                <S>Invoke-OCILoganalyticsAssignEncryptionKey</S>
                <S>Invoke-OCILoganalyticsBatchGetBasicInfo</S>
                <S>Invoke-OCILoganalyticsClean</S>
                <S>Invoke-OCILoganalyticsCompareContent</S>
                <S>Invoke-OCILoganalyticsEstimatePurgeDataSize</S>
                <S>Invoke-OCILoganalyticsEstimateRecallDataSize</S>
                <S>Invoke-OCILoganalyticsEstimateReleaseDataSize</S>
                <S>Invoke-OCILoganalyticsExtractStructuredLogFieldPaths</S>
                <S>Invoke-OCILoganalyticsExtractStructuredLogHeaderPaths</S>
                <S>Invoke-OCILoganalyticsFilter</S>
                <S>Invoke-OCILoganalyticsOffboardNamespace</S>
                <S>Invoke-OCILoganalyticsOnboardNamespace</S>
                <S>Invoke-OCILoganalyticsParseQuery</S>
                <S>Invoke-OCILoganalyticsPauseScheduledTask</S>
                <S>Invoke-OCILoganalyticsPurgeStorageData</S>
                <S>Invoke-OCILoganalyticsQuery</S>
                <S>Invoke-OCILoganalyticsRecallArchivedData</S>
                <S>Invoke-OCILoganalyticsReleaseRecalledData</S>
                <S>Invoke-OCILoganalyticsResumeScheduledTask</S>
                <S>Invoke-OCILoganalyticsRun</S>
                <S>Invoke-OCILoganalyticsSetUnprocessedDataBucket</S>
                <S>Invoke-OCILoganalyticsSuggest</S>
                <S>Invoke-OCILoganalyticsSuppressWarning</S>
                <S>Invoke-OCILoganalyticsTestParser</S>
                <S>Invoke-OCILoganalyticsUnsuppressWarning</S>
                <S>Invoke-OCILoganalyticsUpsertAssociations</S>
                <S>Invoke-OCILoganalyticsUpsertField</S>
                <S>Invoke-OCILoganalyticsUpsertLabel</S>
                <S>Invoke-OCILoganalyticsUpsertParser</S>
                <S>Invoke-OCILoganalyticsUpsertSource</S>
                <S>Invoke-OCILoganalyticsVerify</S>
                <S>Move-OCILoganalyticsEmBridgeCompartment</S>
                <S>Move-OCILoganalyticsEntityCompartment</S>
                <S>Move-OCILoganalyticsIngestTimeRuleCompartment</S>
                <S>Move-OCILoganalyticsLogGroupCompartment</S>
                <S>Move-OCILoganalyticsObjectCollectionRuleCompartment</S>
                <S>Move-OCILoganalyticsScheduledTaskCompartment</S>
                <S>New-OCILoganalyticsEmBridge</S>
                <S>New-OCILoganalyticsEntity</S>
                <S>New-OCILoganalyticsEntityType</S>
                <S>New-OCILoganalyticsIngestTimeRule</S>
                <S>New-OCILoganalyticsLogGroup</S>
                <S>New-OCILoganalyticsObjectCollectionRule</S>
                <S>New-OCILoganalyticsScheduledTask</S>
                <S>Register-OCILoganalyticsLookup</S>
                <S>Remove-OCILoganalyticsAssociations</S>
                <S>Remove-OCILoganalyticsEmBridge</S>
                <S>Remove-OCILoganalyticsEntity</S>
                <S>Remove-OCILoganalyticsEntityAssociations</S>
                <S>Remove-OCILoganalyticsEntityType</S>
                <S>Remove-OCILoganalyticsField</S>
                <S>Remove-OCILoganalyticsIngestTimeRule</S>
                <S>Remove-OCILoganalyticsLabel</S>
                <S>Remove-OCILoganalyticsLogGroup</S>
                <S>Remove-OCILoganalyticsLookup</S>
                <S>Remove-OCILoganalyticsObjectCollectionRule</S>
                <S>Remove-OCILoganalyticsParser</S>
                <S>Remove-OCILoganalyticsPreferences</S>
                <S>Remove-OCILoganalyticsResourceCategories</S>
                <S>Remove-OCILoganalyticsScheduledTask</S>
                <S>Remove-OCILoganalyticsSource</S>
                <S>Remove-OCILoganalyticsSourceEventTypes</S>
                <S>Remove-OCILoganalyticsUpload</S>
                <S>Remove-OCILoganalyticsUploadFile</S>
                <S>Remove-OCILoganalyticsUploadWarning</S>
                <S>Stop-OCILoganalyticsQueryWorkRequest</S>
                <S>Update-OCILoganalyticsEmBridge</S>
                <S>Update-OCILoganalyticsEntity</S>
                <S>Update-OCILoganalyticsEntityType</S>
                <S>Update-OCILoganalyticsIngestTimeRule</S>
                <S>Update-OCILoganalyticsLogGroup</S>
                <S>Update-OCILoganalyticsLookup</S>
                <S>Update-OCILoganalyticsLookupData</S>
                <S>Update-OCILoganalyticsObjectCollectionRule</S>
                <S>Update-OCILoganalyticsPreferences</S>
                <S>Update-OCILoganalyticsResourceCategories</S>
                <S>Update-OCILoganalyticsScheduledTask</S>
                <S>Update-OCILoganalyticsStorage</S>
                <S>Write-OCILoganalyticsDiscoveryData</S>
                <S>Write-OCILoganalyticsLogEventsFile</S>
                <S>Write-OCILoganalyticsLogFile</S>
                <S>Write-OCILoganalyticsQueryWorkRequestBackground</S>
              </LST>
            </Obj>
          </En>
          <En>
            <S N="Key">Command</S>
            <Obj N="Value" RefId="4">
              <TNRef RefId="1" />
              <LST>
                <S>Add-OCILoganalyticsEntityAssociation</S>
                <S>Add-OCILoganalyticsSourceEventTypes</S>
                <S>Confirm-OCILoganalyticsAssociationParameters</S>
                <S>Confirm-OCILoganalyticsEndpoint</S>
                <S>Confirm-OCILoganalyticsFile</S>
                <S>Confirm-OCILoganalyticsLabelCondition</S>
                <S>Confirm-OCILoganalyticsSource</S>
                <S>Confirm-OCILoganalyticsSourceExtendedFieldDetails</S>
                <S>Confirm-OCILoganalyticsSourceMapping</S>
                <S>Disable-OCILoganalyticsArchiving</S>
                <S>Disable-OCILoganalyticsAutoAssociation</S>
                <S>Disable-OCILoganalyticsIngestTimeRule</S>
                <S>Disable-OCILoganalyticsSourceEventTypes</S>
                <S>Enable-OCILoganalyticsArchiving</S>
                <S>Enable-OCILoganalyticsAutoAssociation</S>
                <S>Enable-OCILoganalyticsIngestTimeRule</S>
                <S>Enable-OCILoganalyticsSourceEventTypes</S>
                <S>Export-OCILoganalyticsCustomContent</S>
                <S>Export-OCILoganalyticsQueryResult</S>
                <S>Get-OCILoganalyticsAssociableEntitiesList</S>
                <S>Get-OCILoganalyticsAssociatedEntitiesList</S>
                <S>Get-OCILoganalyticsAssociationSummary</S>
                <S>Get-OCILoganalyticsAutoAssociationsList</S>
                <S>Get-OCILoganalyticsCategoriesList</S>
                <S>Get-OCILoganalyticsCategory</S>
                <S>Get-OCILoganalyticsColumnNames</S>
                <S>Get-OCILoganalyticsConfigWorkRequest</S>
                <S>Get-OCILoganalyticsConfigWorkRequestsList</S>
                <S>Get-OCILoganalyticsEffectivePropertiesList</S>
                <S>Get-OCILoganalyticsEmBridge</S>
                <S>Get-OCILoganalyticsEmBridgesList</S>
                <S>Get-OCILoganalyticsEmBridgeSummary</S>
                <S>Get-OCILoganalyticsEncryptionKeyInfoList</S>
                <S>Get-OCILoganalyticsEntitiesList</S>
                <S>Get-OCILoganalyticsEntitiesSummary</S>
                <S>Get-OCILoganalyticsEntity</S>
                <S>Get-OCILoganalyticsEntityAssociationsList</S>
                <S>Get-OCILoganalyticsEntitySourceAssociationsList</S>
                <S>Get-OCILoganalyticsEntityTopologyList</S>
                <S>Get-OCILoganalyticsEntityType</S>
                <S>Get-OCILoganalyticsEntityTypesList</S>
                <S>Get-OCILoganalyticsField</S>
                <S>Get-OCILoganalyticsFieldsList</S>
                <S>Get-OCILoganalyticsFieldsSummary</S>
                <S>Get-OCILoganalyticsIngestTimeRule</S>
                <S>Get-OCILoganalyticsIngestTimeRulesList</S>
                <S>Get-OCILoganalyticsLabel</S>
                <S>Get-OCILoganalyticsLabelPrioritiesList</S>
                <S>Get-OCILoganalyticsLabelsList</S>
                <S>Get-OCILoganalyticsLabelSourceDetailsList</S>
                <S>Get-OCILoganalyticsLabelSummary</S>
                <S>Get-OCILoganalyticsLogGroup</S>
                <S>Get-OCILoganalyticsLogGroupsList</S>
                <S>Get-OCILoganalyticsLogGroupsSummary</S>
                <S>Get-OCILoganalyticsLogSetsCount</S>
                <S>Get-OCILoganalyticsLogSetsList</S>
                <S>Get-OCILoganalyticsLookup</S>
                <S>Get-OCILoganalyticsLookupsList</S>
                <S>Get-OCILoganalyticsLookupSummary</S>
                <S>Get-OCILoganalyticsMetaSourceTypesList</S>
                <S>Get-OCILoganalyticsNamespace</S>
                <S>Get-OCILoganalyticsNamespacesList</S>
                <S>Get-OCILoganalyticsObjectCollectionRule</S>
                <S>Get-OCILoganalyticsObjectCollectionRulesList</S>
                <S>Get-OCILoganalyticsOverlappingRecallsList</S>
                <S>Get-OCILoganalyticsParser</S>
                <S>Get-OCILoganalyticsParserFunctionsList</S>
                <S>Get-OCILoganalyticsParserMetaPluginsList</S>
                <S>Get-OCILoganalyticsParsersList</S>
                <S>Get-OCILoganalyticsParserSummary</S>
                <S>Get-OCILoganalyticsPreferences</S>
                <S>Get-OCILoganalyticsPropertiesMetadataList</S>
                <S>Get-OCILoganalyticsQueryResult</S>
                <S>Get-OCILoganalyticsQueryWorkRequest</S>
                <S>Get-OCILoganalyticsQueryWorkRequestsList</S>
                <S>Get-OCILoganalyticsRecallCount</S>
                <S>Get-OCILoganalyticsRecalledDataList</S>
                <S>Get-OCILoganalyticsRecalledDataSize</S>
                <S>Get-OCILoganalyticsResourceCategoriesList</S>
                <S>Get-OCILoganalyticsRulesList</S>
                <S>Get-OCILoganalyticsRulesSummary</S>
                <S>Get-OCILoganalyticsScheduledTask</S>
                <S>Get-OCILoganalyticsScheduledTasksList</S>
                <S>Get-OCILoganalyticsSource</S>
                <S>Get-OCILoganalyticsSourceAssociationsList</S>
                <S>Get-OCILoganalyticsSourceEventTypesList</S>
                <S>Get-OCILoganalyticsSourceExtendedFieldDefinitionsList</S>
                <S>Get-OCILoganalyticsSourceLabelOperatorsList</S>
                <S>Get-OCILoganalyticsSourceMetaFunctionsList</S>
                <S>Get-OCILoganalyticsSourcePatternsList</S>
                <S>Get-OCILoganalyticsSourcesList</S>
                <S>Get-OCILoganalyticsSourceSummary</S>
                <S>Get-OCILoganalyticsStorage</S>
                <S>Get-OCILoganalyticsStorageUsage</S>
                <S>Get-OCILoganalyticsStorageWorkRequest</S>
                <S>Get-OCILoganalyticsStorageWorkRequestErrorsList</S>
                <S>Get-OCILoganalyticsStorageWorkRequestsList</S>
                <S>Get-OCILoganalyticsSupportedCharEncodingsList</S>
                <S>Get-OCILoganalyticsSupportedTimezonesList</S>
                <S>Get-OCILoganalyticsUnprocessedDataBucket</S>
                <S>Get-OCILoganalyticsUpload</S>
                <S>Get-OCILoganalyticsUploadFilesList</S>
                <S>Get-OCILoganalyticsUploadsList</S>
                <S>Get-OCILoganalyticsUploadWarningsList</S>
                <S>Get-OCILoganalyticsWarningsList</S>
                <S>Get-OCILoganalyticsWorkRequest</S>
                <S>Get-OCILoganalyticsWorkRequestErrorsList</S>
                <S>Get-OCILoganalyticsWorkRequestLogsList</S>
                <S>Get-OCILoganalyticsWorkRequestsList</S>
                <S>Import-OCILoganalyticsCustomContent</S>
                <S>Invoke-OCILoganalyticsAppendLookupData</S>
                <S>Invoke-OCILoganalyticsAssignEncryptionKey</S>
                <S>Invoke-OCILoganalyticsBatchGetBasicInfo</S>
                <S>Invoke-OCILoganalyticsClean</S>
                <S>Invoke-OCILoganalyticsCompareContent</S>
                <S>Invoke-OCILoganalyticsEstimatePurgeDataSize</S>
                <S>Invoke-OCILoganalyticsEstimateRecallDataSize</S>
                <S>Invoke-OCILoganalyticsEstimateReleaseDataSize</S>
                <S>Invoke-OCILoganalyticsExtractStructuredLogFieldPaths</S>
                <S>Invoke-OCILoganalyticsExtractStructuredLogHeaderPaths</S>
                <S>Invoke-OCILoganalyticsFilter</S>
                <S>Invoke-OCILoganalyticsOffboardNamespace</S>
                <S>Invoke-OCILoganalyticsOnboardNamespace</S>
                <S>Invoke-OCILoganalyticsParseQuery</S>
                <S>Invoke-OCILoganalyticsPauseScheduledTask</S>
                <S>Invoke-OCILoganalyticsPurgeStorageData</S>
                <S>Invoke-OCILoganalyticsQuery</S>
                <S>Invoke-OCILoganalyticsRecallArchivedData</S>
                <S>Invoke-OCILoganalyticsReleaseRecalledData</S>
                <S>Invoke-OCILoganalyticsResumeScheduledTask</S>
                <S>Invoke-OCILoganalyticsRun</S>
                <S>Invoke-OCILoganalyticsSetUnprocessedDataBucket</S>
                <S>Invoke-OCILoganalyticsSuggest</S>
                <S>Invoke-OCILoganalyticsSuppressWarning</S>
                <S>Invoke-OCILoganalyticsTestParser</S>
                <S>Invoke-OCILoganalyticsUnsuppressWarning</S>
                <S>Invoke-OCILoganalyticsUpsertAssociations</S>
                <S>Invoke-OCILoganalyticsUpsertField</S>
                <S>Invoke-OCILoganalyticsUpsertLabel</S>
                <S>Invoke-OCILoganalyticsUpsertParser</S>
                <S>Invoke-OCILoganalyticsUpsertSource</S>
                <S>Invoke-OCILoganalyticsVerify</S>
                <S>Move-OCILoganalyticsEmBridgeCompartment</S>
                <S>Move-OCILoganalyticsEntityCompartment</S>
                <S>Move-OCILoganalyticsIngestTimeRuleCompartment</S>
                <S>Move-OCILoganalyticsLogGroupCompartment</S>
                <S>Move-OCILoganalyticsObjectCollectionRuleCompartment</S>
                <S>Move-OCILoganalyticsScheduledTaskCompartment</S>
                <S>New-OCILoganalyticsEmBridge</S>
                <S>New-OCILoganalyticsEntity</S>
                <S>New-OCILoganalyticsEntityType</S>
                <S>New-OCILoganalyticsIngestTimeRule</S>
                <S>New-OCILoganalyticsLogGroup</S>
                <S>New-OCILoganalyticsObjectCollectionRule</S>
                <S>New-OCILoganalyticsScheduledTask</S>
                <S>Register-OCILoganalyticsLookup</S>
                <S>Remove-OCILoganalyticsAssociations</S>
                <S>Remove-OCILoganalyticsEmBridge</S>
                <S>Remove-OCILoganalyticsEntity</S>
                <S>Remove-OCILoganalyticsEntityAssociations</S>
                <S>Remove-OCILoganalyticsEntityType</S>
                <S>Remove-OCILoganalyticsField</S>
                <S>Remove-OCILoganalyticsIngestTimeRule</S>
                <S>Remove-OCILoganalyticsLabel</S>
                <S>Remove-OCILoganalyticsLogGroup</S>
                <S>Remove-OCILoganalyticsLookup</S>
                <S>Remove-OCILoganalyticsObjectCollectionRule</S>
                <S>Remove-OCILoganalyticsParser</S>
                <S>Remove-OCILoganalyticsPreferences</S>
                <S>Remove-OCILoganalyticsResourceCategories</S>
                <S>Remove-OCILoganalyticsScheduledTask</S>
                <S>Remove-OCILoganalyticsSource</S>
                <S>Remove-OCILoganalyticsSourceEventTypes</S>
                <S>Remove-OCILoganalyticsUpload</S>
                <S>Remove-OCILoganalyticsUploadFile</S>
                <S>Remove-OCILoganalyticsUploadWarning</S>
                <S>Stop-OCILoganalyticsQueryWorkRequest</S>
                <S>Update-OCILoganalyticsEmBridge</S>
                <S>Update-OCILoganalyticsEntity</S>
                <S>Update-OCILoganalyticsEntityType</S>
                <S>Update-OCILoganalyticsIngestTimeRule</S>
                <S>Update-OCILoganalyticsLogGroup</S>
                <S>Update-OCILoganalyticsLookup</S>
                <S>Update-OCILoganalyticsLookupData</S>
                <S>Update-OCILoganalyticsObjectCollectionRule</S>
                <S>Update-OCILoganalyticsPreferences</S>
                <S>Update-OCILoganalyticsResourceCategories</S>
                <S>Update-OCILoganalyticsScheduledTask</S>
                <S>Update-OCILoganalyticsStorage</S>
                <S>Write-OCILoganalyticsDiscoveryData</S>
                <S>Write-OCILoganalyticsLogEventsFile</S>
                <S>Write-OCILoganalyticsLogFile</S>
                <S>Write-OCILoganalyticsQueryWorkRequestBackground</S>
              </LST>
            </Obj>
          </En>
          <En>
            <S N="Key">Workflow</S>
            <Obj N="Value" RefId="5">
              <TNRef RefId="1" />
              <LST />
            </Obj>
          </En>
          <En>
            <S N="Key">Function</S>
            <Ref N="Value" RefId="5" />
          </En>
          <En>
            <S N="Key">RoleCapability</S>
            <Ref N="Value" RefId="5" />
          </En>
          <En>
            <S N="Key">DscResource</S>
            <Ref N="Value" RefId="5" />
          </En>
        </DCT>
      </Obj>
      <Nil N="PowerShellGetFormatVersion" />
      <S N="ReleaseNotes">https://github.com/oracle/oci-powershell-modules/blob/master/CHANGELOG.md</S>
      <Obj N="Dependencies" RefId="6">
        <TNRef RefId="1" />
        <LST>
          <Obj RefId="7">
            <TN RefId="3">
              <T>System.Collections.Specialized.OrderedDictionary</T>
              <T>System.Object</T>
            </TN>
            <DCT>
              <En>
                <S N="Key">Name</S>
                <S N="Value">OCI.PSModules.Common</S>
              </En>
              <En>
                <S N="Key">RequiredVersion</S>
                <S N="Value">95.1.0</S>
              </En>
              <En>
                <S N="Key">CanonicalId</S>
                <S N="Value">nuget:OCI.PSModules.Common/[95.1.0]</S>
              </En>
            </DCT>
          </Obj>
        </LST>
      </Obj>
      <S N="RepositorySourceLocation">https://www.powershellgallery.com/api/v2</S>
      <S N="Repository">PSGallery</S>
      <S N="PackageManagementProvider">NuGet</S>
      <Obj N="AdditionalMetadata" RefId="8">
        <TN RefId="4">
          <T>System.Management.Automation.PSCustomObject</T>
          <T>System.Object</T>
        </TN>
        <MS>
          <S N="copyright">(c) Oracle Cloud Infrastructure. All rights reserved.</S>
          <S N="description">This modules provides Cmdlets for OCI Loganalytics Service</S>
          <S N="requireLicenseAcceptance">False</S>
          <S N="releaseNotes">https://github.com/oracle/oci-powershell-modules/blob/master/CHANGELOG.md</S>
          <S N="isLatestVersion">False</S>
          <S N="isAbsoluteLatestVersion">False</S>
          <S N="versionDownloadCount">335</S>
          <S N="downloadCount">15357</S>
          <S N="packageSize">617578</S>
          <S N="published">11/12/2024 6:50:02 PM +02:00</S>
          <S N="created">11/12/2024 6:50:02 PM +02:00</S>
          <S N="lastUpdated">9/5/2025 5:00:00 PM +03:00</S>
          <S N="tags">PSEdition_Core Windows Linux macOS Oracle OCI Cloud OracleCloudInfrastructure Loganalytics PSModule PSCmdlet_Add-OCILoganalyticsEntityAssociation PSCommand_Add-OCILoganalyticsEntityAssociation PSCmdlet_Add-OCILoganalyticsSourceEventTypes PSCommand_Add-OCILoganalyticsSourceEventTypes PSCmdlet_Confirm-OCILoganalyticsAssociationParameters PSCommand_Confirm-OCILoganalyticsAssociationParameters PSCmdlet_Confirm-OCILoganalyticsEndpoint PSCommand_Confirm-OCILoganalyticsEndpoint PSCmdlet_Confirm-OCILoganalyticsFile PSCommand_Confirm-OCILoganalyticsFile PSCmdlet_Confirm-OCILoganalyticsLabelCondition PSCommand_Confirm-OCILoganalyticsLabelCondition PSCmdlet_Confirm-OCILoganalyticsSource PSCommand_Confirm-OCILoganalyticsSource PSCmdlet_Confirm-OCILoganalyticsSourceExtendedFieldDetails PSCommand_Confirm-OCILoganalyticsSourceExtendedFieldDetails PSCmdlet_Confirm-OCILoganalyticsSourceMapping PSCommand_Confirm-OCILoganalyticsSourceMapping PSCmdlet_Disable-OCILoganalyticsArchiving PSCommand_Disable-OCILoganalyticsArchiving PSCmdlet_Disable-OCILoganalyticsAutoAssociation PSCommand_Disable-OCILoganalyticsAutoAssociation PSCmdlet_Disable-OCILoganalyticsIngestTimeRule PSCommand_Disable-OCILoganalyticsIngestTimeRule PSCmdlet_Disable-OCILoganalyticsSourceEventTypes PSCommand_Disable-OCILoganalyticsSourceEventTypes PSCmdlet_Enable-OCILoganalyticsArchiving PSCommand_Enable-OCILoganalyticsArchiving PSCmdlet_Enable-OCILoganalyticsAutoAssociation PSCommand_Enable-OCILoganalyticsAutoAssociation PSCmdlet_Enable-OCILoganalyticsIngestTimeRule PSCommand_Enable-OCILoganalyticsIngestTimeRule PSCmdlet_Enable-OCILoganalyticsSourceEventTypes PSCommand_Enable-OCILoganalyticsSourceEventTypes PSCmdlet_Export-OCILoganalyticsCustomContent PSCommand_Export-OCILoganalyticsCustomContent PSCmdlet_Export-OCILoganalyticsQueryResult PSCommand_Export-OCILoganalyticsQueryResult PSCmdlet_Get-OCILoganalyticsAssociableEntitiesList PSCommand_Get-OCILoganalyticsAssociableEntitiesList PSCmdlet_Get-OCILoganalyticsAssociatedEntitiesList PSCommand_Get-OCILoganalyticsAssociatedEntitiesList PSCmdlet_Get-OCILoganalyticsAssociationSummary PSCommand_Get-OCILoganalyticsAssociationSummary PSCmdlet_Get-OCILoganalyticsAutoAssociationsList PSCommand_Get-OCILoganalyticsAutoAssociationsList PSCmdlet_Get-OCILoganalyticsCategoriesList PSCommand_Get-OCILoganalyticsCategoriesList PSCmdlet_Get-OCILoganalyticsCategory PSCommand_Get-OCILoganalyticsCategory PSCmdlet_Get-OCILoganalyticsColumnNames PSCommand_Get-OCILoganalyticsColumnNames PSCmdlet_Get-OCILoganalyticsConfigWorkRequest PSCommand_Get-OCILoganalyticsConfigWorkRequest PSCmdlet_Get-OCILoganalyticsConfigWorkRequestsList PSCommand_Get-OCILoganalyticsConfigWorkRequestsList PSCmdlet_Get-OCILoganalyticsEffectivePropertiesList PSCommand_Get-OCILoganalyticsEffectivePropertiesList PSCmdlet_Get-OCILoganalyticsEmBridge PSCommand_Get-OCILoganalyticsEmBridge PSCmdlet_Get-OCILoganalyticsEmBridgesList PSCommand_Get-OCILoganalyticsEmBridgesList PSCmdlet_Get-OCILoganalyticsEmBridgeSummary PSCommand_Get-OCILoganalyticsEmBridgeSummary PSCmdlet_Get-OCILoganalyticsEncryptionKeyInfoList PSCommand_Get-OCILoganalyticsEncryptionKeyInfoList PSCmdlet_Get-OCILoganalyticsEntitiesList PSCommand_Get-OCILoganalyticsEntitiesList PSCmdlet_Get-OCILoganalyticsEntitiesSummary PSCommand_Get-OCILoganalyticsEntitiesSummary PSCmdlet_Get-OCILoganalyticsEntity PSCommand_Get-OCILoganalyticsEntity PSCmdlet_Get-OCILoganalyticsEntityAssociationsList PSCommand_Get-OCILoganalyticsEntityAssociationsList PSCmdlet_Get-OCILoganalyticsEntitySourceAssociationsList PSCommand_Get-OCILoganalyticsEntitySourceAssociationsList PSCmdlet_Get-OCILoganalyticsEntityTopologyList PSCommand_Get-OCILoganalyticsEntityTopologyList PSCmdlet_Get-OCILoganalyticsEntityType PSCommand_Get-OCILoganalyticsEntityType PSCmdlet_Get-OCILoganalyticsEntityTypesList PSCommand_Get-OCILoganalyticsEntityTypesList PSCmdlet_Get-OCILoganalyticsField PSCommand_Get-OCILoganalyticsField PSCmdlet_Get-OCILoganalyticsFieldsList PSCommand_Get-OCILoganalyticsFieldsList PSCmdlet_Get-OCILoganalyticsFieldsSummary PSCommand_Get-OCILoganalyticsFieldsSummary PSCmdlet_Get-OCILoganalyticsIngestTimeRule PSCommand_Get-OCILoganalyticsIngestTimeRule PSCmdlet_Get-OCILoganalyticsIngestTimeRulesList PSCommand_Get-OCILoganalyticsIngestTimeRulesList PSCmdlet_Get-OCILoganalyticsLabel PSCommand_Get-OCILoganalyticsLabel PSCmdlet_Get-OCILoganalyticsLabelPrioritiesList PSCommand_Get-OCILoganalyticsLabelPrioritiesList PSCmdlet_Get-OCILoganalyticsLabelsList PSCommand_Get-OCILoganalyticsLabelsList PSCmdlet_Get-OCILoganalyticsLabelSourceDetailsList PSCommand_Get-OCILoganalyticsLabelSourceDetailsList PSCmdlet_Get-OCILoganalyticsLabelSummary PSCommand_Get-OCILoganalyticsLabelSummary PSCmdlet_Get-OCILoganalyticsLogGroup PSCommand_Get-OCILoganalyticsLogGroup PSCmdlet_Get-OCILoganalyticsLogGroupsList PSCommand_Get-OCILoganalyticsLogGroupsList PSCmdlet_Get-OCILoganalyticsLogGroupsSummary PSCommand_Get-OCILoganalyticsLogGroupsSummary PSCmdlet_Get-OCILoganalyticsLogSetsCount PSCommand_Get-OCILoganalyticsLogSetsCount PSCmdlet_Get-OCILoganalyticsLogSetsList PSCommand_Get-OCILoganalyticsLogSetsList PSCmdlet_Get-OCILoganalyticsLookup PSCommand_Get-OCILoganalyticsLookup PSCmdlet_Get-OCILoganalyticsLookupsList PSCommand_Get-OCILoganalyticsLookupsList PSCmdlet_Get-OCILoganalyticsLookupSummary PSCommand_Get-OCILoganalyticsLookupSummary PSCmdlet_Get-OCILoganalyticsMetaSourceTypesList PSCommand_Get-OCILoganalyticsMetaSourceTypesList PSCmdlet_Get-OCILoganalyticsNamespace PSCommand_Get-OCILoganalyticsNamespace PSCmdlet_Get-OCILoganalyticsNamespacesList PSCommand_Get-OCILoganalyticsNamespacesList PSCmdlet_Get-OCILoganalyticsObjectCollectionRule PSCommand_Get-OCILoganalyticsObjectCollectionRule PSCmdlet_Get-OCILoganalyticsObjectCollectionRulesList PSCommand_Get-OCILoganalyticsObjectCollectionRulesList PSCmdlet_Get-OCILoganalyticsOverlappingRecallsList PSCommand_Get-OCILoganalyticsOverlappingRecallsList PSCmdlet_Get-OCILoganalyticsParser PSCommand_Get-OCILoganalyticsParser PSCmdlet_Get-OCILoganalyticsParserFunctionsList PSCommand_Get-OCILoganalyticsParserFunctionsList PSCmdlet_Get-OCILoganalyticsParserMetaPluginsList PSCommand_Get-OCILoganalyticsParserMetaPluginsList PSCmdlet_Get-OCILoganalyticsParsersList PSCommand_Get-OCILoganalyticsParsersList PSCmdlet_Get-OCILoganalyticsParserSummary PSCommand_Get-OCILoganalyticsParserSummary PSCmdlet_Get-OCILoganalyticsPreferences PSCommand_Get-OCILoganalyticsPreferences PSCmdlet_Get-OCILoganalyticsPropertiesMetadataList PSCommand_Get-OCILoganalyticsPropertiesMetadataList PSCmdlet_Get-OCILoganalyticsQueryResult PSCommand_Get-OCILoganalyticsQueryResult PSCmdlet_Get-OCILoganalyticsQueryWorkRequest PSCommand_Get-OCILoganalyticsQueryWorkRequest PSCmdlet_Get-OCILoganalyticsQueryWorkRequestsList PSCommand_Get-OCILoganalyticsQueryWorkRequestsList PSCmdlet_Get-OCILoganalyticsRecallCount PSCommand_Get-OCILoganalyticsRecallCount PSCmdlet_Get-OCILoganalyticsRecalledDataList PSCommand_Get-OCILoganalyticsRecalledDataList PSCmdlet_Get-OCILoganalyticsRecalledDataSize PSCommand_Get-OCILoganalyticsRecalledDataSize PSCmdlet_Get-OCILoganalyticsResourceCategoriesList PSCommand_Get-OCILoganalyticsResourceCategoriesList PSCmdlet_Get-OCILoganalyticsRulesList PSCommand_Get-OCILoganalyticsRulesList PSCmdlet_Get-OCILoganalyticsRulesSummary PSCommand_Get-OCILoganalyticsRulesSummary PSCmdlet_Get-OCILoganalyticsScheduledTask PSCommand_Get-OCILoganalyticsScheduledTask PSCmdlet_Get-OCILoganalyticsScheduledTasksList PSCommand_Get-OCILoganalyticsScheduledTasksList PSCmdlet_Get-OCILoganalyticsSource PSCommand_Get-OCILoganalyticsSource PSCmdlet_Get-OCILoganalyticsSourceAssociationsList PSCommand_Get-OCILoganalyticsSourceAssociationsList PSCmdlet_Get-OCILoganalyticsSourceEventTypesList PSCommand_Get-OCILoganalyticsSourceEventTypesList PSCmdlet_Get-OCILoganalyticsSourceExtendedFieldDefinitionsList PSCommand_Get-OCILoganalyticsSourceExtendedFieldDefinitionsList PSCmdlet_Get-OCILoganalyticsSourceLabelOperatorsList PSCommand_Get-OCILoganalyticsSourceLabelOperatorsList PSCmdlet_Get-OCILoganalyticsSourceMetaFunctionsList PSCommand_Get-OCILoganalyticsSourceMetaFunctionsList PSCmdlet_Get-OCILoganalyticsSourcePatternsList PSCommand_Get-OCILoganalyticsSourcePatternsList PSCmdlet_Get-OCILoganalyticsSourcesList PSCommand_Get-OCILoganalyticsSourcesList PSCmdlet_Get-OCILoganalyticsSourceSummary PSCommand_Get-OCILoganalyticsSourceSummary PSCmdlet_Get-OCILoganalyticsStorage PSCommand_Get-OCILoganalyticsStorage PSCmdlet_Get-OCILoganalyticsStorageUsage PSCommand_Get-OCILoganalyticsStorageUsage PSCmdlet_Get-OCILoganalyticsStorageWorkRequest PSCommand_Get-OCILoganalyticsStorageWorkRequest PSCmdlet_Get-OCILoganalyticsStorageWorkRequestErrorsList PSCommand_Get-OCILoganalyticsStorageWorkRequestErrorsList PSCmdlet_Get-OCILoganalyticsStorageWorkRequestsList PSCommand_Get-OCILoganalyticsStorageWorkRequestsList PSCmdlet_Get-OCILoganalyticsSupportedCharEncodingsList PSCommand_Get-OCILoganalyticsSupportedCharEncodingsList PSCmdlet_Get-OCILoganalyticsSupportedTimezonesList PSCommand_Get-OCILoganalyticsSupportedTimezonesList PSCmdlet_Get-OCILoganalyticsUnprocessedDataBucket PSCommand_Get-OCILoganalyticsUnprocessedDataBucket PSCmdlet_Get-OCILoganalyticsUpload PSCommand_Get-OCILoganalyticsUpload PSCmdlet_Get-OCILoganalyticsUploadFilesList PSCommand_Get-OCILoganalyticsUploadFilesList PSCmdlet_Get-OCILoganalyticsUploadsList PSCommand_Get-OCILoganalyticsUploadsList PSCmdlet_Get-OCILoganalyticsUploadWarningsList PSCommand_Get-OCILoganalyticsUploadWarningsList PSCmdlet_Get-OCILoganalyticsWarningsList PSCommand_Get-OCILoganalyticsWarningsList PSCmdlet_Get-OCILoganalyticsWorkRequest PSCommand_Get-OCILoganalyticsWorkRequest PSCmdlet_Get-OCILoganalyticsWorkRequestErrorsList PSCommand_Get-OCILoganalyticsWorkRequestErrorsList PSCmdlet_Get-OCILoganalyticsWorkRequestLogsList PSCommand_Get-OCILoganalyticsWorkRequestLogsList PSCmdlet_Get-OCILoganalyticsWorkRequestsList PSCommand_Get-OCILoganalyticsWorkRequestsList PSCmdlet_Import-OCILoganalyticsCustomContent PSCommand_Import-OCILoganalyticsCustomContent PSCmdlet_Invoke-OCILoganalyticsAppendLookupData PSCommand_Invoke-OCILoganalyticsAppendLookupData PSCmdlet_Invoke-OCILoganalyticsAssignEncryptionKey PSCommand_Invoke-OCILoganalyticsAssignEncryptionKey PSCmdlet_Invoke-OCILoganalyticsBatchGetBasicInfo PSCommand_Invoke-OCILoganalyticsBatchGetBasicInfo PSCmdlet_Invoke-OCILoganalyticsClean PSCommand_Invoke-OCILoganalyticsClean PSCmdlet_Invoke-OCILoganalyticsCompareContent PSCommand_Invoke-OCILoganalyticsCompareContent PSCmdlet_Invoke-OCILoganalyticsEstimatePurgeDataSize PSCommand_Invoke-OCILoganalyticsEstimatePurgeDataSize PSCmdlet_Invoke-OCILoganalyticsEstimateRecallDataSize PSCommand_Invoke-OCILoganalyticsEstimateRecallDataSize PSCmdlet_Invoke-OCILoganalyticsEstimateReleaseDataSize PSCommand_Invoke-OCILoganalyticsEstimateReleaseDataSize PSCmdlet_Invoke-OCILoganalyticsExtractStructuredLogFieldPaths PSCommand_Invoke-OCILoganalyticsExtractStructuredLogFieldPaths PSCmdlet_Invoke-OCILoganalyticsExtractStructuredLogHeaderPaths PSCommand_Invoke-OCILoganalyticsExtractStructuredLogHeaderPaths PSCmdlet_Invoke-OCILoganalyticsFilter PSCommand_Invoke-OCILoganalyticsFilter PSCmdlet_Invoke-OCILoganalyticsOffboardNamespace PSCommand_Invoke-OCILoganalyticsOffboardNamespace PSCmdlet_Invoke-OCILoganalyticsOnboardNamespace PSCommand_Invoke-OCILoganalyticsOnboardNamespace PSCmdlet_Invoke-OCILoganalyticsParseQuery PSCommand_Invoke-OCILoganalyticsParseQuery PSCmdlet_Invoke-OCILoganalyticsPauseScheduledTask PSCommand_Invoke-OCILoganalyticsPauseScheduledTask PSCmdlet_Invoke-OCILoganalyticsPurgeStorageData PSCommand_Invoke-OCILoganalyticsPurgeStorageData PSCmdlet_Invoke-OCILoganalyticsQuery PSCommand_Invoke-OCILoganalyticsQuery PSCmdlet_Invoke-OCILoganalyticsRecallArchivedData PSCommand_Invoke-OCILoganalyticsRecallArchivedData PSCmdlet_Invoke-OCILoganalyticsReleaseRecalledData PSCommand_Invoke-OCILoganalyticsReleaseRecalledData PSCmdlet_Invoke-OCILoganalyticsResumeScheduledTask PSCommand_Invoke-OCILoganalyticsResumeScheduledTask PSCmdlet_Invoke-OCILoganalyticsRun PSCommand_Invoke-OCILoganalyticsRun PSCmdlet_Invoke-OCILoganalyticsSetUnprocessedDataBucket PSCommand_Invoke-OCILoganalyticsSetUnprocessedDataBucket PSCmdlet_Invoke-OCILoganalyticsSuggest PSCommand_Invoke-OCILoganalyticsSuggest PSCmdlet_Invoke-OCILoganalyticsSuppressWarning PSCommand_Invoke-OCILoganalyticsSuppressWarning PSCmdlet_Invoke-OCILoganalyticsTestParser PSCommand_Invoke-OCILoganalyticsTestParser PSCmdlet_Invoke-OCILoganalyticsUnsuppressWarning PSCommand_Invoke-OCILoganalyticsUnsuppressWarning PSCmdlet_Invoke-OCILoganalyticsUpsertAssociations PSCommand_Invoke-OCILoganalyticsUpsertAssociations PSCmdlet_Invoke-OCILoganalyticsUpsertField PSCommand_Invoke-OCILoganalyticsUpsertField PSCmdlet_Invoke-OCILoganalyticsUpsertLabel PSCommand_Invoke-OCILoganalyticsUpsertLabel PSCmdlet_Invoke-OCILoganalyticsUpsertParser PSCommand_Invoke-OCILoganalyticsUpsertParser PSCmdlet_Invoke-OCILoganalyticsUpsertSource PSCommand_Invoke-OCILoganalyticsUpsertSource PSCmdlet_Invoke-OCILoganalyticsVerify PSCommand_Invoke-OCILoganalyticsVerify PSCmdlet_Move-OCILoganalyticsEmBridgeCompartment PSCommand_Move-OCILoganalyticsEmBridgeCompartment PSCmdlet_Move-OCILoganalyticsEntityCompartment PSCommand_Move-OCILoganalyticsEntityCompartment PSCmdlet_Move-OCILoganalyticsIngestTimeRuleCompartment PSCommand_Move-OCILoganalyticsIngestTimeRuleCompartment PSCmdlet_Move-OCILoganalyticsLogGroupCompartment PSCommand_Move-OCILoganalyticsLogGroupCompartment PSCmdlet_Move-OCILoganalyticsObjectCollectionRuleCompartment PSCommand_Move-OCILoganalyticsObjectCollectionRuleCompartment PSCmdlet_Move-OCILoganalyticsScheduledTaskCompartment PSCommand_Move-OCILoganalyticsScheduledTaskCompartment PSCmdlet_New-OCILoganalyticsEmBridge PSCommand_New-OCILoganalyticsEmBridge PSCmdlet_New-OCILoganalyticsEntity PSCommand_New-OCILoganalyticsEntity PSCmdlet_New-OCILoganalyticsEntityType PSCommand_New-OCILoganalyticsEntityType PSCmdlet_New-OCILoganalyticsIngestTimeRule PSCommand_New-OCILoganalyticsIngestTimeRule PSCmdlet_New-OCILoganalyticsLogGroup PSCommand_New-OCILoganalyticsLogGroup PSCmdlet_New-OCILoganalyticsObjectCollectionRule PSCommand_New-OCILoganalyticsObjectCollectionRule PSCmdlet_New-OCILoganalyticsScheduledTask PSCommand_New-OCILoganalyticsScheduledTask PSCmdlet_Register-OCILoganalyticsLookup PSCommand_Register-OCILoganalyticsLookup PSCmdlet_Remove-OCILoganalyticsAssociations PSCommand_Remove-OCILoganalyticsAssociations PSCmdlet_Remove-OCILoganalyticsEmBridge PSCommand_Remove-OCILoganalyticsEmBridge PSCmdlet_Remove-OCILoganalyticsEntity PSCommand_Remove-OCILoganalyticsEntity PSCmdlet_Remove-OCILoganalyticsEntityAssociations PSCommand_Remove-OCILoganalyticsEntityAssociations PSCmdlet_Remove-OCILoganalyticsEntityType PSCommand_Remove-OCILoganalyticsEntityType PSCmdlet_Remove-OCILoganalyticsField PSCommand_Remove-OCILoganalyticsField PSCmdlet_Remove-OCILoganalyticsIngestTimeRule PSCommand_Remove-OCILoganalyticsIngestTimeRule PSCmdlet_Remove-OCILoganalyticsLabel PSCommand_Remove-OCILoganalyticsLabel PSCmdlet_Remove-OCILoganalyticsLogGroup PSCommand_Remove-OCILoganalyticsLogGroup PSCmdlet_Remove-OCILoganalyticsLookup PSCommand_Remove-OCILoganalyticsLookup PSCmdlet_Remove-OCILoganalyticsObjectCollectionRule PSCommand_Remove-OCILoganalyticsObjectCollectionRule PSCmdlet_Remove-OCILoganalyticsParser PSCommand_Remove-OCILoganalyticsParser PSCmdlet_Remove-OCILoganalyticsPreferences PSCommand_Remove-OCILoganalyticsPreferences PSCmdlet_Remove-OCILoganalyticsResourceCategories PSCommand_Remove-OCILoganalyticsResourceCategories PSCmdlet_Remove-OCILoganalyticsScheduledTask PSCommand_Remove-OCILoganalyticsScheduledTask PSCmdlet_Remove-OCILoganalyticsSource PSCommand_Remove-OCILoganalyticsSource PSCmdlet_Remove-OCILoganalyticsSourceEventTypes PSCommand_Remove-OCILoganalyticsSourceEventTypes PSCmdlet_Remove-OCILoganalyticsUpload PSCommand_Remove-OCILoganalyticsUpload PSCmdlet_Remove-OCILoganalyticsUploadFile PSCommand_Remove-OCILoganalyticsUploadFile PSCmdlet_Remove-OCILoganalyticsUploadWarning PSCommand_Remove-OCILoganalyticsUploadWarning PSCmdlet_Stop-OCILoganalyticsQueryWorkRequest PSCommand_Stop-OCILoganalyticsQueryWorkRequest PSCmdlet_Update-OCILoganalyticsEmBridge PSCommand_Update-OCILoganalyticsEmBridge PSCmdlet_Update-OCILoganalyticsEntity PSCommand_Update-OCILoganalyticsEntity PSCmdlet_Update-OCILoganalyticsEntityType PSCommand_Update-OCILoganalyticsEntityType PSCmdlet_Update-OCILoganalyticsIngestTimeRule PSCommand_Update-OCILoganalyticsIngestTimeRule PSCmdlet_Update-OCILoganalyticsLogGroup PSCommand_Update-OCILoganalyticsLogGroup PSCmdlet_Update-OCILoganalyticsLookup PSCommand_Update-OCILoganalyticsLookup PSCmdlet_Update-OCILoganalyticsLookupData PSCommand_Update-OCILoganalyticsLookupData PSCmdlet_Update-OCILoganalyticsObjectCollectionRule PSCommand_Update-OCILoganalyticsObjectCollectionRule PSCmdlet_Update-OCILoganalyticsPreferences PSCommand_Update-OCILoganalyticsPreferences PSCmdlet_Update-OCILoganalyticsResourceCategories PSCommand_Update-OCILoganalyticsResourceCategories PSCmdlet_Update-OCILoganalyticsScheduledTask PSCommand_Update-OCILoganalyticsScheduledTask PSCmdlet_Update-OCILoganalyticsStorage PSCommand_Update-OCILoganalyticsStorage PSCmdlet_Write-OCILoganalyticsDiscoveryData PSCommand_Write-OCILoganalyticsDiscoveryData PSCmdlet_Write-OCILoganalyticsLogEventsFile PSCommand_Write-OCILoganalyticsLogEventsFile PSCmdlet_Write-OCILoganalyticsLogFile PSCommand_Write-OCILoganalyticsLogFile PSCmdlet_Write-OCILoganalyticsQueryWorkRequestBackground PSCommand_Write-OCILoganalyticsQueryWorkRequestBackground PSIncludes_Cmdlet</S>
          <S N="developmentDependency">False</S>
          <S N="updated">2025-09-05T17:00:00Z</S>
          <S N="NormalizedVersion">95.1.0</S>
          <S N="Authors">Oracle Cloud Infrastructure</S>
          <S N="IsPrerelease">false</S>
          <S N="ItemType">Module</S>
          <S N="FileList">OCI.PSModules.Loganalytics.nuspec|OCI.PSModules.Loganalytics.dll-Help.xml|THIRD_PARTY_LICENSES.txt|LICENSE.txt|OCI.PSModules.Loganalytics.psd1|assemblies\OCI.PSModules.Loganalytics.dll|assemblies\OCI.DotNetSDK.Loganalytics.dll</S>
          <S N="GUID">a190d2eb-8d34-45b0-836a-ba4f1b2e1914</S>
          <S N="PowerShellVersion">6.0</S>
          <S N="CompanyName">Oracle Corporation</S>
        </MS>
      </Obj>
      <S N="InstalledLocation">C:\Program Files\PowerShell\Modules1\OCI.PSModules.Loganalytics\95.1.0</S>
    </MS>
  </Obj>
</Objs>
