<Objs Version="1.1.0.1" xmlns="http://schemas.microsoft.com/powershell/2004/04">
  <Obj RefId="0">
    <TN RefId="0">
      <T>Microsoft.PowerShell.Commands.PSRepositoryItemInfo</T>
      <T>System.Management.Automation.PSCustomObject</T>
      <T>System.Object</T>
    </TN>
    <MS>
      <S N="Name">OCI.PSModules.Networkfirewall</S>
      <S N="Version">95.1.0</S>
      <S N="Type">Module</S>
      <S N="Description">This modules provides Cmdlets for OCI Networkfirewall Service</S>
      <S N="Author">Oracle Cloud Infrastructure</S>
      <S N="CompanyName">oci-psmodules-grp</S>
      <S N="Copyright">(c) Oracle Cloud Infrastructure. All rights reserved.</S>
      <DT N="PublishedDate">2024-11-12T18:51:15+02:00</DT>
      <Nil N="InstalledDate" />
      <Nil N="UpdatedDate" />
      <URI N="LicenseUri">https://github.com/oracle/oci-powershell-modules/blob/master/LICENSE.txt</URI>
      <URI N="ProjectUri">https://github.com/oracle/oci-powershell-modules/</URI>
      <URI N="IconUri">https://github.com/oracle/oci-powershell-modules/blob/master/icon.png</URI>
      <Obj N="Tags" RefId="1">
        <TN RefId="1">
          <T>System.Object[]</T>
          <T>System.Array</T>
          <T>System.Object</T>
        </TN>
        <LST>
          <S>PSEdition_Core</S>
          <S>Windows</S>
          <S>Linux</S>
          <S>macOS</S>
          <S>Oracle</S>
          <S>OCI</S>
          <S>Cloud</S>
          <S>OracleCloudInfrastructure</S>
          <S>Networkfirewall</S>
          <S>PSModule</S>
        </LST>
      </Obj>
      <Obj N="Includes" RefId="2">
        <TN RefId="2">
          <T>System.Collections.Hashtable</T>
          <T>System.Object</T>
        </TN>
        <DCT>
          <En>
            <S N="Key">Cmdlet</S>
            <Obj N="Value" RefId="3">
              <TNRef RefId="1" />
              <LST>
                <S>Get-OCINetworkfirewall</S>
                <S>Get-OCINetworkfirewallAddressList</S>
                <S>Get-OCINetworkfirewallAddressListsList</S>
                <S>Get-OCINetworkfirewallApplication</S>
                <S>Get-OCINetworkfirewallApplicationGroup</S>
                <S>Get-OCINetworkfirewallApplicationGroupsList</S>
                <S>Get-OCINetworkfirewallApplicationsList</S>
                <S>Get-OCINetworkfirewallDecryptionProfile</S>
                <S>Get-OCINetworkfirewallDecryptionProfilesList</S>
                <S>Get-OCINetworkfirewallDecryptionRule</S>
                <S>Get-OCINetworkfirewallDecryptionRulesList</S>
                <S>Get-OCINetworkfirewallMappedSecret</S>
                <S>Get-OCINetworkfirewallMappedSecretsList</S>
                <S>Get-OCINetworkfirewallPoliciesList</S>
                <S>Get-OCINetworkfirewallPolicy</S>
                <S>Get-OCINetworkfirewallSecurityRule</S>
                <S>Get-OCINetworkfirewallSecurityRulesList</S>
                <S>Get-OCINetworkfirewallService</S>
                <S>Get-OCINetworkfirewallServiceList</S>
                <S>Get-OCINetworkfirewallServiceListsList</S>
                <S>Get-OCINetworkfirewallServicesList</S>
                <S>Get-OCINetworkfirewallsList</S>
                <S>Get-OCINetworkfirewallTunnelInspectionRule</S>
                <S>Get-OCINetworkfirewallTunnelInspectionRulesList</S>
                <S>Get-OCINetworkfirewallUrlList</S>
                <S>Get-OCINetworkfirewallUrlListsList</S>
                <S>Get-OCINetworkfirewallWorkRequest</S>
                <S>Get-OCINetworkfirewallWorkRequestErrorsList</S>
                <S>Get-OCINetworkfirewallWorkRequestLogsList</S>
                <S>Get-OCINetworkfirewallWorkRequestsList</S>
                <S>Invoke-OCINetworkfirewallApplyNetworkFirewallPolicy</S>
                <S>Invoke-OCINetworkfirewallBulkUploadAddressLists</S>
                <S>Invoke-OCINetworkfirewallBulkUploadApplicationGroups</S>
                <S>Invoke-OCINetworkfirewallBulkUploadApplications</S>
                <S>Invoke-OCINetworkfirewallBulkUploadDecryptionProfiles</S>
                <S>Invoke-OCINetworkfirewallBulkUploadDecryptionRules</S>
                <S>Invoke-OCINetworkfirewallBulkUploadMappedSecrets</S>
                <S>Invoke-OCINetworkfirewallBulkUploadSecurityRules</S>
                <S>Invoke-OCINetworkfirewallBulkUploadServiceLists</S>
                <S>Invoke-OCINetworkfirewallBulkUploadServices</S>
                <S>Invoke-OCINetworkfirewallBulkUploadTunnelInspectionRules</S>
                <S>Invoke-OCINetworkfirewallBulkUploadUrlLists</S>
                <S>Invoke-OCINetworkfirewallCloneNetworkFirewallPolicy</S>
                <S>Invoke-OCINetworkfirewallMigrateNetworkFirewallPolicy</S>
                <S>Move-OCINetworkfirewallCompartment</S>
                <S>Move-OCINetworkfirewallPolicyCompartment</S>
                <S>New-OCINetworkfirewall</S>
                <S>New-OCINetworkfirewallAddressList</S>
                <S>New-OCINetworkfirewallApplication</S>
                <S>New-OCINetworkfirewallApplicationGroup</S>
                <S>New-OCINetworkfirewallDecryptionProfile</S>
                <S>New-OCINetworkfirewallDecryptionRule</S>
                <S>New-OCINetworkfirewallMappedSecret</S>
                <S>New-OCINetworkfirewallPolicy</S>
                <S>New-OCINetworkfirewallSecurityRule</S>
                <S>New-OCINetworkfirewallService</S>
                <S>New-OCINetworkfirewallServiceList</S>
                <S>New-OCINetworkfirewallTunnelInspectionRule</S>
                <S>New-OCINetworkfirewallUrlList</S>
                <S>Remove-OCINetworkfirewall</S>
                <S>Remove-OCINetworkfirewallAddressList</S>
                <S>Remove-OCINetworkfirewallApplication</S>
                <S>Remove-OCINetworkfirewallApplicationGroup</S>
                <S>Remove-OCINetworkfirewallDecryptionProfile</S>
                <S>Remove-OCINetworkfirewallDecryptionRule</S>
                <S>Remove-OCINetworkfirewallMappedSecret</S>
                <S>Remove-OCINetworkfirewallPolicy</S>
                <S>Remove-OCINetworkfirewallSecurityRule</S>
                <S>Remove-OCINetworkfirewallService</S>
                <S>Remove-OCINetworkfirewallServiceList</S>
                <S>Remove-OCINetworkfirewallTunnelInspectionRule</S>
                <S>Remove-OCINetworkfirewallUrlList</S>
                <S>Stop-OCINetworkfirewallWorkRequest</S>
                <S>Update-OCINetworkfirewall</S>
                <S>Update-OCINetworkfirewallAddressList</S>
                <S>Update-OCINetworkfirewallApplication</S>
                <S>Update-OCINetworkfirewallApplicationGroup</S>
                <S>Update-OCINetworkfirewallDecryptionProfile</S>
                <S>Update-OCINetworkfirewallDecryptionRule</S>
                <S>Update-OCINetworkfirewallMappedSecret</S>
                <S>Update-OCINetworkfirewallPolicy</S>
                <S>Update-OCINetworkfirewallSecurityRule</S>
                <S>Update-OCINetworkfirewallService</S>
                <S>Update-OCINetworkfirewallServiceList</S>
                <S>Update-OCINetworkfirewallTunnelInspectionRule</S>
                <S>Update-OCINetworkfirewallUrlList</S>
              </LST>
            </Obj>
          </En>
          <En>
            <S N="Key">Command</S>
            <Obj N="Value" RefId="4">
              <TNRef RefId="1" />
              <LST>
                <S>Get-OCINetworkfirewall</S>
                <S>Get-OCINetworkfirewallAddressList</S>
                <S>Get-OCINetworkfirewallAddressListsList</S>
                <S>Get-OCINetworkfirewallApplication</S>
                <S>Get-OCINetworkfirewallApplicationGroup</S>
                <S>Get-OCINetworkfirewallApplicationGroupsList</S>
                <S>Get-OCINetworkfirewallApplicationsList</S>
                <S>Get-OCINetworkfirewallDecryptionProfile</S>
                <S>Get-OCINetworkfirewallDecryptionProfilesList</S>
                <S>Get-OCINetworkfirewallDecryptionRule</S>
                <S>Get-OCINetworkfirewallDecryptionRulesList</S>
                <S>Get-OCINetworkfirewallMappedSecret</S>
                <S>Get-OCINetworkfirewallMappedSecretsList</S>
                <S>Get-OCINetworkfirewallPoliciesList</S>
                <S>Get-OCINetworkfirewallPolicy</S>
                <S>Get-OCINetworkfirewallSecurityRule</S>
                <S>Get-OCINetworkfirewallSecurityRulesList</S>
                <S>Get-OCINetworkfirewallService</S>
                <S>Get-OCINetworkfirewallServiceList</S>
                <S>Get-OCINetworkfirewallServiceListsList</S>
                <S>Get-OCINetworkfirewallServicesList</S>
                <S>Get-OCINetworkfirewallsList</S>
                <S>Get-OCINetworkfirewallTunnelInspectionRule</S>
                <S>Get-OCINetworkfirewallTunnelInspectionRulesList</S>
                <S>Get-OCINetworkfirewallUrlList</S>
                <S>Get-OCINetworkfirewallUrlListsList</S>
                <S>Get-OCINetworkfirewallWorkRequest</S>
                <S>Get-OCINetworkfirewallWorkRequestErrorsList</S>
                <S>Get-OCINetworkfirewallWorkRequestLogsList</S>
                <S>Get-OCINetworkfirewallWorkRequestsList</S>
                <S>Invoke-OCINetworkfirewallApplyNetworkFirewallPolicy</S>
                <S>Invoke-OCINetworkfirewallBulkUploadAddressLists</S>
                <S>Invoke-OCINetworkfirewallBulkUploadApplicationGroups</S>
                <S>Invoke-OCINetworkfirewallBulkUploadApplications</S>
                <S>Invoke-OCINetworkfirewallBulkUploadDecryptionProfiles</S>
                <S>Invoke-OCINetworkfirewallBulkUploadDecryptionRules</S>
                <S>Invoke-OCINetworkfirewallBulkUploadMappedSecrets</S>
                <S>Invoke-OCINetworkfirewallBulkUploadSecurityRules</S>
                <S>Invoke-OCINetworkfirewallBulkUploadServiceLists</S>
                <S>Invoke-OCINetworkfirewallBulkUploadServices</S>
                <S>Invoke-OCINetworkfirewallBulkUploadTunnelInspectionRules</S>
                <S>Invoke-OCINetworkfirewallBulkUploadUrlLists</S>
                <S>Invoke-OCINetworkfirewallCloneNetworkFirewallPolicy</S>
                <S>Invoke-OCINetworkfirewallMigrateNetworkFirewallPolicy</S>
                <S>Move-OCINetworkfirewallCompartment</S>
                <S>Move-OCINetworkfirewallPolicyCompartment</S>
                <S>New-OCINetworkfirewall</S>
                <S>New-OCINetworkfirewallAddressList</S>
                <S>New-OCINetworkfirewallApplication</S>
                <S>New-OCINetworkfirewallApplicationGroup</S>
                <S>New-OCINetworkfirewallDecryptionProfile</S>
                <S>New-OCINetworkfirewallDecryptionRule</S>
                <S>New-OCINetworkfirewallMappedSecret</S>
                <S>New-OCINetworkfirewallPolicy</S>
                <S>New-OCINetworkfirewallSecurityRule</S>
                <S>New-OCINetworkfirewallService</S>
                <S>New-OCINetworkfirewallServiceList</S>
                <S>New-OCINetworkfirewallTunnelInspectionRule</S>
                <S>New-OCINetworkfirewallUrlList</S>
                <S>Remove-OCINetworkfirewall</S>
                <S>Remove-OCINetworkfirewallAddressList</S>
                <S>Remove-OCINetworkfirewallApplication</S>
                <S>Remove-OCINetworkfirewallApplicationGroup</S>
                <S>Remove-OCINetworkfirewallDecryptionProfile</S>
                <S>Remove-OCINetworkfirewallDecryptionRule</S>
                <S>Remove-OCINetworkfirewallMappedSecret</S>
                <S>Remove-OCINetworkfirewallPolicy</S>
                <S>Remove-OCINetworkfirewallSecurityRule</S>
                <S>Remove-OCINetworkfirewallService</S>
                <S>Remove-OCINetworkfirewallServiceList</S>
                <S>Remove-OCINetworkfirewallTunnelInspectionRule</S>
                <S>Remove-OCINetworkfirewallUrlList</S>
                <S>Stop-OCINetworkfirewallWorkRequest</S>
                <S>Update-OCINetworkfirewall</S>
                <S>Update-OCINetworkfirewallAddressList</S>
                <S>Update-OCINetworkfirewallApplication</S>
                <S>Update-OCINetworkfirewallApplicationGroup</S>
                <S>Update-OCINetworkfirewallDecryptionProfile</S>
                <S>Update-OCINetworkfirewallDecryptionRule</S>
                <S>Update-OCINetworkfirewallMappedSecret</S>
                <S>Update-OCINetworkfirewallPolicy</S>
                <S>Update-OCINetworkfirewallSecurityRule</S>
                <S>Update-OCINetworkfirewallService</S>
                <S>Update-OCINetworkfirewallServiceList</S>
                <S>Update-OCINetworkfirewallTunnelInspectionRule</S>
                <S>Update-OCINetworkfirewallUrlList</S>
              </LST>
            </Obj>
          </En>
          <En>
            <S N="Key">Workflow</S>
            <Obj N="Value" RefId="5">
              <TNRef RefId="1" />
              <LST />
            </Obj>
          </En>
          <En>
            <S N="Key">Function</S>
            <Ref N="Value" RefId="5" />
          </En>
          <En>
            <S N="Key">RoleCapability</S>
            <Ref N="Value" RefId="5" />
          </En>
          <En>
            <S N="Key">DscResource</S>
            <Ref N="Value" RefId="5" />
          </En>
        </DCT>
      </Obj>
      <Nil N="PowerShellGetFormatVersion" />
      <S N="ReleaseNotes">https://github.com/oracle/oci-powershell-modules/blob/master/CHANGELOG.md</S>
      <Obj N="Dependencies" RefId="6">
        <TNRef RefId="1" />
        <LST>
          <Obj RefId="7">
            <TN RefId="3">
              <T>System.Collections.Specialized.OrderedDictionary</T>
              <T>System.Object</T>
            </TN>
            <DCT>
              <En>
                <S N="Key">Name</S>
                <S N="Value">OCI.PSModules.Common</S>
              </En>
              <En>
                <S N="Key">RequiredVersion</S>
                <S N="Value">95.1.0</S>
              </En>
              <En>
                <S N="Key">CanonicalId</S>
                <S N="Value">nuget:OCI.PSModules.Common/[95.1.0]</S>
              </En>
            </DCT>
          </Obj>
        </LST>
      </Obj>
      <S N="RepositorySourceLocation">https://www.powershellgallery.com/api/v2</S>
      <S N="Repository">PSGallery</S>
      <S N="PackageManagementProvider">NuGet</S>
      <Obj N="AdditionalMetadata" RefId="8">
        <TN RefId="4">
          <T>System.Management.Automation.PSCustomObject</T>
          <T>System.Object</T>
        </TN>
        <MS>
          <S N="copyright">(c) Oracle Cloud Infrastructure. All rights reserved.</S>
          <S N="description">This modules provides Cmdlets for OCI Networkfirewall Service</S>
          <S N="requireLicenseAcceptance">False</S>
          <S N="releaseNotes">https://github.com/oracle/oci-powershell-modules/blob/master/CHANGELOG.md</S>
          <S N="isLatestVersion">False</S>
          <S N="isAbsoluteLatestVersion">False</S>
          <S N="versionDownloadCount">333</S>
          <S N="downloadCount">10518</S>
          <S N="packageSize">239938</S>
          <S N="published">11/12/2024 6:51:15 PM +02:00</S>
          <S N="created">11/12/2024 6:51:15 PM +02:00</S>
          <S N="lastUpdated">9/5/2025 5:00:00 PM +03:00</S>
          <S N="tags">PSEdition_Core Windows Linux macOS Oracle OCI Cloud OracleCloudInfrastructure Networkfirewall PSModule PSCmdlet_Get-OCINetworkfirewall PSCommand_Get-OCINetworkfirewall PSCmdlet_Get-OCINetworkfirewallAddressList PSCommand_Get-OCINetworkfirewallAddressList PSCmdlet_Get-OCINetworkfirewallAddressListsList PSCommand_Get-OCINetworkfirewallAddressListsList PSCmdlet_Get-OCINetworkfirewallApplication PSCommand_Get-OCINetworkfirewallApplication PSCmdlet_Get-OCINetworkfirewallApplicationGroup PSCommand_Get-OCINetworkfirewallApplicationGroup PSCmdlet_Get-OCINetworkfirewallApplicationGroupsList PSCommand_Get-OCINetworkfirewallApplicationGroupsList PSCmdlet_Get-OCINetworkfirewallApplicationsList PSCommand_Get-OCINetworkfirewallApplicationsList PSCmdlet_Get-OCINetworkfirewallDecryptionProfile PSCommand_Get-OCINetworkfirewallDecryptionProfile PSCmdlet_Get-OCINetworkfirewallDecryptionProfilesList PSCommand_Get-OCINetworkfirewallDecryptionProfilesList PSCmdlet_Get-OCINetworkfirewallDecryptionRule PSCommand_Get-OCINetworkfirewallDecryptionRule PSCmdlet_Get-OCINetworkfirewallDecryptionRulesList PSCommand_Get-OCINetworkfirewallDecryptionRulesList PSCmdlet_Get-OCINetworkfirewallMappedSecret PSCommand_Get-OCINetworkfirewallMappedSecret PSCmdlet_Get-OCINetworkfirewallMappedSecretsList PSCommand_Get-OCINetworkfirewallMappedSecretsList PSCmdlet_Get-OCINetworkfirewallPoliciesList PSCommand_Get-OCINetworkfirewallPoliciesList PSCmdlet_Get-OCINetworkfirewallPolicy PSCommand_Get-OCINetworkfirewallPolicy PSCmdlet_Get-OCINetworkfirewallSecurityRule PSCommand_Get-OCINetworkfirewallSecurityRule PSCmdlet_Get-OCINetworkfirewallSecurityRulesList PSCommand_Get-OCINetworkfirewallSecurityRulesList PSCmdlet_Get-OCINetworkfirewallService PSCommand_Get-OCINetworkfirewallService PSCmdlet_Get-OCINetworkfirewallServiceList PSCommand_Get-OCINetworkfirewallServiceList PSCmdlet_Get-OCINetworkfirewallServiceListsList PSCommand_Get-OCINetworkfirewallServiceListsList PSCmdlet_Get-OCINetworkfirewallServicesList PSCommand_Get-OCINetworkfirewallServicesList PSCmdlet_Get-OCINetworkfirewallsList PSCommand_Get-OCINetworkfirewallsList PSCmdlet_Get-OCINetworkfirewallTunnelInspectionRule PSCommand_Get-OCINetworkfirewallTunnelInspectionRule PSCmdlet_Get-OCINetworkfirewallTunnelInspectionRulesList PSCommand_Get-OCINetworkfirewallTunnelInspectionRulesList PSCmdlet_Get-OCINetworkfirewallUrlList PSCommand_Get-OCINetworkfirewallUrlList PSCmdlet_Get-OCINetworkfirewallUrlListsList PSCommand_Get-OCINetworkfirewallUrlListsList PSCmdlet_Get-OCINetworkfirewallWorkRequest PSCommand_Get-OCINetworkfirewallWorkRequest PSCmdlet_Get-OCINetworkfirewallWorkRequestErrorsList PSCommand_Get-OCINetworkfirewallWorkRequestErrorsList PSCmdlet_Get-OCINetworkfirewallWorkRequestLogsList PSCommand_Get-OCINetworkfirewallWorkRequestLogsList PSCmdlet_Get-OCINetworkfirewallWorkRequestsList PSCommand_Get-OCINetworkfirewallWorkRequestsList PSCmdlet_Invoke-OCINetworkfirewallApplyNetworkFirewallPolicy PSCommand_Invoke-OCINetworkfirewallApplyNetworkFirewallPolicy PSCmdlet_Invoke-OCINetworkfirewallBulkUploadAddressLists PSCommand_Invoke-OCINetworkfirewallBulkUploadAddressLists PSCmdlet_Invoke-OCINetworkfirewallBulkUploadApplicationGroups PSCommand_Invoke-OCINetworkfirewallBulkUploadApplicationGroups PSCmdlet_Invoke-OCINetworkfirewallBulkUploadApplications PSCommand_Invoke-OCINetworkfirewallBulkUploadApplications PSCmdlet_Invoke-OCINetworkfirewallBulkUploadDecryptionProfiles PSCommand_Invoke-OCINetworkfirewallBulkUploadDecryptionProfiles PSCmdlet_Invoke-OCINetworkfirewallBulkUploadDecryptionRules PSCommand_Invoke-OCINetworkfirewallBulkUploadDecryptionRules PSCmdlet_Invoke-OCINetworkfirewallBulkUploadMappedSecrets PSCommand_Invoke-OCINetworkfirewallBulkUploadMappedSecrets PSCmdlet_Invoke-OCINetworkfirewallBulkUploadSecurityRules PSCommand_Invoke-OCINetworkfirewallBulkUploadSecurityRules PSCmdlet_Invoke-OCINetworkfirewallBulkUploadServiceLists PSCommand_Invoke-OCINetworkfirewallBulkUploadServiceLists PSCmdlet_Invoke-OCINetworkfirewallBulkUploadServices PSCommand_Invoke-OCINetworkfirewallBulkUploadServices PSCmdlet_Invoke-OCINetworkfirewallBulkUploadTunnelInspectionRules PSCommand_Invoke-OCINetworkfirewallBulkUploadTunnelInspectionRules PSCmdlet_Invoke-OCINetworkfirewallBulkUploadUrlLists PSCommand_Invoke-OCINetworkfirewallBulkUploadUrlLists PSCmdlet_Invoke-OCINetworkfirewallCloneNetworkFirewallPolicy PSCommand_Invoke-OCINetworkfirewallCloneNetworkFirewallPolicy PSCmdlet_Invoke-OCINetworkfirewallMigrateNetworkFirewallPolicy PSCommand_Invoke-OCINetworkfirewallMigrateNetworkFirewallPolicy PSCmdlet_Move-OCINetworkfirewallCompartment PSCommand_Move-OCINetworkfirewallCompartment PSCmdlet_Move-OCINetworkfirewallPolicyCompartment PSCommand_Move-OCINetworkfirewallPolicyCompartment PSCmdlet_New-OCINetworkfirewall PSCommand_New-OCINetworkfirewall PSCmdlet_New-OCINetworkfirewallAddressList PSCommand_New-OCINetworkfirewallAddressList PSCmdlet_New-OCINetworkfirewallApplication PSCommand_New-OCINetworkfirewallApplication PSCmdlet_New-OCINetworkfirewallApplicationGroup PSCommand_New-OCINetworkfirewallApplicationGroup PSCmdlet_New-OCINetworkfirewallDecryptionProfile PSCommand_New-OCINetworkfirewallDecryptionProfile PSCmdlet_New-OCINetworkfirewallDecryptionRule PSCommand_New-OCINetworkfirewallDecryptionRule PSCmdlet_New-OCINetworkfirewallMappedSecret PSCommand_New-OCINetworkfirewallMappedSecret PSCmdlet_New-OCINetworkfirewallPolicy PSCommand_New-OCINetworkfirewallPolicy PSCmdlet_New-OCINetworkfirewallSecurityRule PSCommand_New-OCINetworkfirewallSecurityRule PSCmdlet_New-OCINetworkfirewallService PSCommand_New-OCINetworkfirewallService PSCmdlet_New-OCINetworkfirewallServiceList PSCommand_New-OCINetworkfirewallServiceList PSCmdlet_New-OCINetworkfirewallTunnelInspectionRule PSCommand_New-OCINetworkfirewallTunnelInspectionRule PSCmdlet_New-OCINetworkfirewallUrlList PSCommand_New-OCINetworkfirewallUrlList PSCmdlet_Remove-OCINetworkfirewall PSCommand_Remove-OCINetworkfirewall PSCmdlet_Remove-OCINetworkfirewallAddressList PSCommand_Remove-OCINetworkfirewallAddressList PSCmdlet_Remove-OCINetworkfirewallApplication PSCommand_Remove-OCINetworkfirewallApplication PSCmdlet_Remove-OCINetworkfirewallApplicationGroup PSCommand_Remove-OCINetworkfirewallApplicationGroup PSCmdlet_Remove-OCINetworkfirewallDecryptionProfile PSCommand_Remove-OCINetworkfirewallDecryptionProfile PSCmdlet_Remove-OCINetworkfirewallDecryptionRule PSCommand_Remove-OCINetworkfirewallDecryptionRule PSCmdlet_Remove-OCINetworkfirewallMappedSecret PSCommand_Remove-OCINetworkfirewallMappedSecret PSCmdlet_Remove-OCINetworkfirewallPolicy PSCommand_Remove-OCINetworkfirewallPolicy PSCmdlet_Remove-OCINetworkfirewallSecurityRule PSCommand_Remove-OCINetworkfirewallSecurityRule PSCmdlet_Remove-OCINetworkfirewallService PSCommand_Remove-OCINetworkfirewallService PSCmdlet_Remove-OCINetworkfirewallServiceList PSCommand_Remove-OCINetworkfirewallServiceList PSCmdlet_Remove-OCINetworkfirewallTunnelInspectionRule PSCommand_Remove-OCINetworkfirewallTunnelInspectionRule PSCmdlet_Remove-OCINetworkfirewallUrlList PSCommand_Remove-OCINetworkfirewallUrlList PSCmdlet_Stop-OCINetworkfirewallWorkRequest PSCommand_Stop-OCINetworkfirewallWorkRequest PSCmdlet_Update-OCINetworkfirewall PSCommand_Update-OCINetworkfirewall PSCmdlet_Update-OCINetworkfirewallAddressList PSCommand_Update-OCINetworkfirewallAddressList PSCmdlet_Update-OCINetworkfirewallApplication PSCommand_Update-OCINetworkfirewallApplication PSCmdlet_Update-OCINetworkfirewallApplicationGroup PSCommand_Update-OCINetworkfirewallApplicationGroup PSCmdlet_Update-OCINetworkfirewallDecryptionProfile PSCommand_Update-OCINetworkfirewallDecryptionProfile PSCmdlet_Update-OCINetworkfirewallDecryptionRule PSCommand_Update-OCINetworkfirewallDecryptionRule PSCmdlet_Update-OCINetworkfirewallMappedSecret PSCommand_Update-OCINetworkfirewallMappedSecret PSCmdlet_Update-OCINetworkfirewallPolicy PSCommand_Update-OCINetworkfirewallPolicy PSCmdlet_Update-OCINetworkfirewallSecurityRule PSCommand_Update-OCINetworkfirewallSecurityRule PSCmdlet_Update-OCINetworkfirewallService PSCommand_Update-OCINetworkfirewallService PSCmdlet_Update-OCINetworkfirewallServiceList PSCommand_Update-OCINetworkfirewallServiceList PSCmdlet_Update-OCINetworkfirewallTunnelInspectionRule PSCommand_Update-OCINetworkfirewallTunnelInspectionRule PSCmdlet_Update-OCINetworkfirewallUrlList PSCommand_Update-OCINetworkfirewallUrlList PSIncludes_Cmdlet</S>
          <S N="developmentDependency">False</S>
          <S N="updated">2025-09-05T17:00:00Z</S>
          <S N="NormalizedVersion">95.1.0</S>
          <S N="Authors">Oracle Cloud Infrastructure</S>
          <S N="IsPrerelease">false</S>
          <S N="ItemType">Module</S>
          <S N="FileList">OCI.PSModules.Networkfirewall.nuspec|THIRD_PARTY_LICENSES.txt|OCI.PSModules.Networkfirewall.psd1|LICENSE.txt|OCI.PSModules.Networkfirewall.dll-Help.xml|assemblies\OCI.PSModules.Networkfirewall.dll|assemblies\OCI.DotNetSDK.Networkfirewall.dll</S>
          <S N="GUID">6a784c1a-dca2-489e-beb9-d910537df35b</S>
          <S N="PowerShellVersion">6.0</S>
          <S N="CompanyName">Oracle Corporation</S>
        </MS>
      </Obj>
      <S N="InstalledLocation">C:\Program Files\PowerShell\Modules1\OCI.PSModules.Networkfirewall\95.1.0</S>
    </MS>
  </Obj>
</Objs>
