<Objs Version="1.1.0.1" xmlns="http://schemas.microsoft.com/powershell/2004/04">
  <Obj RefId="0">
    <TN RefId="0">
      <T>Microsoft.PowerShell.Commands.PSRepositoryItemInfo</T>
      <T>System.Management.Automation.PSCustomObject</T>
      <T>System.Object</T>
    </TN>
    <MS>
      <S N="Name">OCI.PSModules.Bastion</S>
      <S N="Version">95.1.0</S>
      <S N="Type">Module</S>
      <S N="Description">This modules provides Cmdlets for OCI Bastion Service</S>
      <S N="Author">Oracle Cloud Infrastructure</S>
      <S N="CompanyName">oci-psmodules-grp</S>
      <S N="Copyright">(c) Oracle Cloud Infrastructure. All rights reserved.</S>
      <DT N="PublishedDate">2024-11-12T18:43:26+02:00</DT>
      <Nil N="InstalledDate" />
      <Nil N="UpdatedDate" />
      <URI N="LicenseUri">https://github.com/oracle/oci-powershell-modules/blob/master/LICENSE.txt</URI>
      <URI N="ProjectUri">https://github.com/oracle/oci-powershell-modules/</URI>
      <URI N="IconUri">https://github.com/oracle/oci-powershell-modules/blob/master/icon.png</URI>
      <Obj N="Tags" RefId="1">
        <TN RefId="1">
          <T>System.Object[]</T>
          <T>System.Array</T>
          <T>System.Object</T>
        </TN>
        <LST>
          <S>PSEdition_Core</S>
          <S>Windows</S>
          <S>Linux</S>
          <S>macOS</S>
          <S>Oracle</S>
          <S>OCI</S>
          <S>Cloud</S>
          <S>OracleCloudInfrastructure</S>
          <S>Bastion</S>
          <S>PSModule</S>
        </LST>
      </Obj>
      <Obj N="Includes" RefId="2">
        <TN RefId="2">
          <T>System.Collections.Hashtable</T>
          <T>System.Object</T>
        </TN>
        <DCT>
          <En>
            <S N="Key">Cmdlet</S>
            <Obj N="Value" RefId="3">
              <TNRef RefId="1" />
              <LST>
                <S>Get-OCIBastion</S>
                <S>Get-OCIBastionSession</S>
                <S>Get-OCIBastionSessionsList</S>
                <S>Get-OCIBastionsList</S>
                <S>Get-OCIBastionWorkRequest</S>
                <S>Get-OCIBastionWorkRequestErrorsList</S>
                <S>Get-OCIBastionWorkRequestLogsList</S>
                <S>Get-OCIBastionWorkRequestsList</S>
                <S>Move-OCIBastionCompartment</S>
                <S>New-OCIBastion</S>
                <S>New-OCIBastionSession</S>
                <S>Remove-OCIBastion</S>
                <S>Remove-OCIBastionSession</S>
                <S>Update-OCIBastion</S>
                <S>Update-OCIBastionSession</S>
              </LST>
            </Obj>
          </En>
          <En>
            <S N="Key">Command</S>
            <Obj N="Value" RefId="4">
              <TNRef RefId="1" />
              <LST>
                <S>Get-OCIBastion</S>
                <S>Get-OCIBastionSession</S>
                <S>Get-OCIBastionSessionsList</S>
                <S>Get-OCIBastionsList</S>
                <S>Get-OCIBastionWorkRequest</S>
                <S>Get-OCIBastionWorkRequestErrorsList</S>
                <S>Get-OCIBastionWorkRequestLogsList</S>
                <S>Get-OCIBastionWorkRequestsList</S>
                <S>Move-OCIBastionCompartment</S>
                <S>New-OCIBastion</S>
                <S>New-OCIBastionSession</S>
                <S>Remove-OCIBastion</S>
                <S>Remove-OCIBastionSession</S>
                <S>Update-OCIBastion</S>
                <S>Update-OCIBastionSession</S>
              </LST>
            </Obj>
          </En>
          <En>
            <S N="Key">Workflow</S>
            <Obj N="Value" RefId="5">
              <TNRef RefId="1" />
              <LST />
            </Obj>
          </En>
          <En>
            <S N="Key">Function</S>
            <Ref N="Value" RefId="5" />
          </En>
          <En>
            <S N="Key">RoleCapability</S>
            <Ref N="Value" RefId="5" />
          </En>
          <En>
            <S N="Key">DscResource</S>
            <Ref N="Value" RefId="5" />
          </En>
        </DCT>
      </Obj>
      <Nil N="PowerShellGetFormatVersion" />
      <S N="ReleaseNotes">https://github.com/oracle/oci-powershell-modules/blob/master/CHANGELOG.md</S>
      <Obj N="Dependencies" RefId="6">
        <TNRef RefId="1" />
        <LST>
          <Obj RefId="7">
            <TN RefId="3">
              <T>System.Collections.Specialized.OrderedDictionary</T>
              <T>System.Object</T>
            </TN>
            <DCT>
              <En>
                <S N="Key">Name</S>
                <S N="Value">OCI.PSModules.Common</S>
              </En>
              <En>
                <S N="Key">RequiredVersion</S>
                <S N="Value">95.1.0</S>
              </En>
              <En>
                <S N="Key">CanonicalId</S>
                <S N="Value">nuget:OCI.PSModules.Common/[95.1.0]</S>
              </En>
            </DCT>
          </Obj>
        </LST>
      </Obj>
      <S N="RepositorySourceLocation">https://www.powershellgallery.com/api/v2</S>
      <S N="Repository">PSGallery</S>
      <S N="PackageManagementProvider">NuGet</S>
      <Obj N="AdditionalMetadata" RefId="8">
        <TN RefId="4">
          <T>System.Management.Automation.PSCustomObject</T>
          <T>System.Object</T>
        </TN>
        <MS>
          <S N="copyright">(c) Oracle Cloud Infrastructure. All rights reserved.</S>
          <S N="description">This modules provides Cmdlets for OCI Bastion Service</S>
          <S N="requireLicenseAcceptance">False</S>
          <S N="releaseNotes">https://github.com/oracle/oci-powershell-modules/blob/master/CHANGELOG.md</S>
          <S N="isLatestVersion">False</S>
          <S N="isAbsoluteLatestVersion">False</S>
          <S N="versionDownloadCount">348</S>
          <S N="downloadCount">12582</S>
          <S N="packageSize">98312</S>
          <S N="published">11/12/2024 6:43:26 PM +02:00</S>
          <S N="created">11/12/2024 6:43:26 PM +02:00</S>
          <S N="lastUpdated">9/5/2025 4:30:00 PM +03:00</S>
          <S N="tags">PSEdition_Core Windows Linux macOS Oracle OCI Cloud OracleCloudInfrastructure Bastion PSModule PSCmdlet_Get-OCIBastion PSCommand_Get-OCIBastion PSCmdlet_Get-OCIBastionSession PSCommand_Get-OCIBastionSession PSCmdlet_Get-OCIBastionSessionsList PSCommand_Get-OCIBastionSessionsList PSCmdlet_Get-OCIBastionsList PSCommand_Get-OCIBastionsList PSCmdlet_Get-OCIBastionWorkRequest PSCommand_Get-OCIBastionWorkRequest PSCmdlet_Get-OCIBastionWorkRequestErrorsList PSCommand_Get-OCIBastionWorkRequestErrorsList PSCmdlet_Get-OCIBastionWorkRequestLogsList PSCommand_Get-OCIBastionWorkRequestLogsList PSCmdlet_Get-OCIBastionWorkRequestsList PSCommand_Get-OCIBastionWorkRequestsList PSCmdlet_Move-OCIBastionCompartment PSCommand_Move-OCIBastionCompartment PSCmdlet_New-OCIBastion PSCommand_New-OCIBastion PSCmdlet_New-OCIBastionSession PSCommand_New-OCIBastionSession PSCmdlet_Remove-OCIBastion PSCommand_Remove-OCIBastion PSCmdlet_Remove-OCIBastionSession PSCommand_Remove-OCIBastionSession PSCmdlet_Update-OCIBastion PSCommand_Update-OCIBastion PSCmdlet_Update-OCIBastionSession PSCommand_Update-OCIBastionSession PSIncludes_Cmdlet</S>
          <S N="developmentDependency">False</S>
          <S N="updated">2025-09-05T16:30:00Z</S>
          <S N="NormalizedVersion">95.1.0</S>
          <S N="Authors">Oracle Cloud Infrastructure</S>
          <S N="IsPrerelease">false</S>
          <S N="ItemType">Module</S>
          <S N="FileList">OCI.PSModules.Bastion.nuspec|THIRD_PARTY_LICENSES.txt|OCI.PSModules.Bastion.dll-Help.xml|LICENSE.txt|OCI.PSModules.Bastion.psd1|assemblies\OCI.DotNetSDK.Bastion.dll|assemblies\OCI.PSModules.Bastion.dll</S>
          <S N="GUID">2e2ff643-43d5-47ff-a4d4-2f965b778f45</S>
          <S N="PowerShellVersion">6.0</S>
          <S N="CompanyName">Oracle Corporation</S>
        </MS>
      </Obj>
      <S N="InstalledLocation">C:\Program Files\PowerShell\Modules1\OCI.PSModules.Bastion\95.1.0</S>
    </MS>
  </Obj>
</Objs>
