<Objs Version="1.1.0.1" xmlns="http://schemas.microsoft.com/powershell/2004/04">
  <Obj RefId="0">
    <TN RefId="0">
      <T>Microsoft.PowerShell.Commands.PSRepositoryItemInfo</T>
      <T>System.Management.Automation.PSCustomObject</T>
      <T>System.Object</T>
    </TN>
    <MS>
      <S N="Name">OCI.PSModules.Jmsjavadownloads</S>
      <Version N="Version">120.0.0</Version>
      <S N="Type">Module</S>
      <S N="Description">This modules provides Cmdlets for OCI Jmsjavadownloads Service</S>
      <S N="Author">Oracle Cloud Infrastructure</S>
      <S N="CompanyName">oci-psmodules-grp</S>
      <S N="Copyright">(c) Oracle Cloud Infrastructure. All rights reserved.</S>
      <DT N="PublishedDate">2025-11-18T18:45:22+02:00</DT>
      <Obj N="InstalledDate" RefId="1">
        <DT>2025-11-27T08:15:09.7785649+02:00</DT>
        <MS>
          <Obj N="DisplayHint" RefId="2">
            <TN RefId="1">
              <T>Microsoft.PowerShell.Commands.DisplayHintType</T>
              <T>System.Enum</T>
              <T>System.ValueType</T>
              <T>System.Object</T>
            </TN>
            <ToString>DateTime</ToString>
            <I32>2</I32>
          </Obj>
        </MS>
      </Obj>
      <Nil N="UpdatedDate" />
      <URI N="LicenseUri">https://github.com/oracle/oci-powershell-modules/blob/master/LICENSE.txt</URI>
      <URI N="ProjectUri">https://github.com/oracle/oci-powershell-modules/</URI>
      <URI N="IconUri">https://github.com/oracle/oci-powershell-modules/blob/master/icon.png</URI>
      <Obj N="Tags" RefId="3">
        <TN RefId="2">
          <T>System.Object[]</T>
          <T>System.Array</T>
          <T>System.Object</T>
        </TN>
        <LST>
          <S>PSEdition_Core</S>
          <S>Windows</S>
          <S>Linux</S>
          <S>macOS</S>
          <S>Oracle</S>
          <S>OCI</S>
          <S>Cloud</S>
          <S>OracleCloudInfrastructure</S>
          <S>Jmsjavadownloads</S>
          <S>PSModule</S>
        </LST>
      </Obj>
      <Obj N="Includes" RefId="4">
        <TN RefId="3">
          <T>System.Collections.Hashtable</T>
          <T>System.Object</T>
        </TN>
        <DCT>
          <En>
            <S N="Key">Function</S>
            <Obj N="Value" RefId="5">
              <TNRef RefId="2" />
              <LST />
            </Obj>
          </En>
          <En>
            <S N="Key">RoleCapability</S>
            <Ref N="Value" RefId="5" />
          </En>
          <En>
            <S N="Key">Cmdlet</S>
            <Obj N="Value" RefId="6">
              <TNRef RefId="2" />
              <LST>
                <S>Get-OCIJmsjavadownloadsJavaDownloadRecordsList</S>
                <S>Get-OCIJmsjavadownloadsJavaDownloadReport</S>
                <S>Get-OCIJmsjavadownloadsJavaDownloadReportContent</S>
                <S>Get-OCIJmsjavadownloadsJavaDownloadReportsList</S>
                <S>Get-OCIJmsjavadownloadsJavaDownloadToken</S>
                <S>Get-OCIJmsjavadownloadsJavaDownloadTokensList</S>
                <S>Get-OCIJmsjavadownloadsJavaLicense</S>
                <S>Get-OCIJmsjavadownloadsJavaLicenseAcceptanceRecord</S>
                <S>Get-OCIJmsjavadownloadsJavaLicenseAcceptanceRecordsList</S>
                <S>Get-OCIJmsjavadownloadsJavaLicensesList</S>
                <S>Get-OCIJmsjavadownloadsWorkRequest</S>
                <S>Get-OCIJmsjavadownloadsWorkRequestErrorsList</S>
                <S>Get-OCIJmsjavadownloadsWorkRequestLogsList</S>
                <S>Get-OCIJmsjavadownloadsWorkRequestsList</S>
                <S>Invoke-OCIJmsjavadownloadsRequestSummarizedJavaDownloadCounts</S>
                <S>New-OCIJmsjavadownloadsArtifactDownloadUrl</S>
                <S>New-OCIJmsjavadownloadsJavaDownloadReport</S>
                <S>New-OCIJmsjavadownloadsJavaDownloadToken</S>
                <S>New-OCIJmsjavadownloadsJavaLicenseAcceptanceRecord</S>
                <S>Remove-OCIJmsjavadownloadsJavaDownloadReport</S>
                <S>Remove-OCIJmsjavadownloadsJavaDownloadToken</S>
                <S>Remove-OCIJmsjavadownloadsJavaLicenseAcceptanceRecord</S>
                <S>Stop-OCIJmsjavadownloadsWorkRequest</S>
                <S>Update-OCIJmsjavadownloadsJavaDownloadToken</S>
                <S>Update-OCIJmsjavadownloadsJavaLicenseAcceptanceRecord</S>
              </LST>
            </Obj>
          </En>
          <En>
            <S N="Key">DscResource</S>
            <Ref N="Value" RefId="5" />
          </En>
          <En>
            <S N="Key">Command</S>
            <Obj N="Value" RefId="7">
              <TNRef RefId="2" />
              <LST>
                <S>Get-OCIJmsjavadownloadsJavaDownloadRecordsList</S>
                <S>Get-OCIJmsjavadownloadsJavaDownloadReport</S>
                <S>Get-OCIJmsjavadownloadsJavaDownloadReportContent</S>
                <S>Get-OCIJmsjavadownloadsJavaDownloadReportsList</S>
                <S>Get-OCIJmsjavadownloadsJavaDownloadToken</S>
                <S>Get-OCIJmsjavadownloadsJavaDownloadTokensList</S>
                <S>Get-OCIJmsjavadownloadsJavaLicense</S>
                <S>Get-OCIJmsjavadownloadsJavaLicenseAcceptanceRecord</S>
                <S>Get-OCIJmsjavadownloadsJavaLicenseAcceptanceRecordsList</S>
                <S>Get-OCIJmsjavadownloadsJavaLicensesList</S>
                <S>Get-OCIJmsjavadownloadsWorkRequest</S>
                <S>Get-OCIJmsjavadownloadsWorkRequestErrorsList</S>
                <S>Get-OCIJmsjavadownloadsWorkRequestLogsList</S>
                <S>Get-OCIJmsjavadownloadsWorkRequestsList</S>
                <S>Invoke-OCIJmsjavadownloadsRequestSummarizedJavaDownloadCounts</S>
                <S>New-OCIJmsjavadownloadsArtifactDownloadUrl</S>
                <S>New-OCIJmsjavadownloadsJavaDownloadReport</S>
                <S>New-OCIJmsjavadownloadsJavaDownloadToken</S>
                <S>New-OCIJmsjavadownloadsJavaLicenseAcceptanceRecord</S>
                <S>Remove-OCIJmsjavadownloadsJavaDownloadReport</S>
                <S>Remove-OCIJmsjavadownloadsJavaDownloadToken</S>
                <S>Remove-OCIJmsjavadownloadsJavaLicenseAcceptanceRecord</S>
                <S>Stop-OCIJmsjavadownloadsWorkRequest</S>
                <S>Update-OCIJmsjavadownloadsJavaDownloadToken</S>
                <S>Update-OCIJmsjavadownloadsJavaLicenseAcceptanceRecord</S>
              </LST>
            </Obj>
          </En>
          <En>
            <S N="Key">Workflow</S>
            <Ref N="Value" RefId="5" />
          </En>
        </DCT>
      </Obj>
      <Nil N="PowerShellGetFormatVersion" />
      <S N="ReleaseNotes">https://github.com/oracle/oci-powershell-modules/blob/master/CHANGELOG.md</S>
      <Obj N="Dependencies" RefId="8">
        <TNRef RefId="2" />
        <LST>
          <Obj RefId="9">
            <TN RefId="4">
              <T>System.Collections.Specialized.OrderedDictionary</T>
              <T>System.Object</T>
            </TN>
            <DCT>
              <En>
                <S N="Key">Name</S>
                <S N="Value">OCI.PSModules.Common</S>
              </En>
              <En>
                <S N="Key">RequiredVersion</S>
                <S N="Value">120.0.0</S>
              </En>
              <En>
                <S N="Key">CanonicalId</S>
                <S N="Value">nuget:OCI.PSModules.Common/[120.0.0]</S>
              </En>
            </DCT>
          </Obj>
        </LST>
      </Obj>
      <S N="RepositorySourceLocation">https://www.powershellgallery.com/api/v2</S>
      <S N="Repository">PSGallery</S>
      <S N="PackageManagementProvider">NuGet</S>
      <Obj N="AdditionalMetadata" RefId="10">
        <TN RefId="5">
          <T>System.Management.Automation.PSCustomObject</T>
          <T>System.Object</T>
        </TN>
        <MS>
          <S N="copyright">(c) Oracle Cloud Infrastructure. All rights reserved.</S>
          <S N="description">This modules provides Cmdlets for OCI Jmsjavadownloads Service</S>
          <S N="requireLicenseAcceptance">False</S>
          <S N="releaseNotes">https://github.com/oracle/oci-powershell-modules/blob/master/CHANGELOG.md</S>
          <S N="isLatestVersion">True</S>
          <S N="isAbsoluteLatestVersion">True</S>
          <S N="versionDownloadCount">47</S>
          <S N="downloadCount">7944</S>
          <S N="packageSize">121075</S>
          <S N="published">11/18/2025 6:45:22 PM +02:00</S>
          <S N="created">11/18/2025 6:45:22 PM +02:00</S>
          <S N="lastUpdated">11/26/2025 9:30:00 PM +02:00</S>
          <S N="tags">PSEdition_Core Windows Linux macOS Oracle OCI Cloud OracleCloudInfrastructure Jmsjavadownloads PSModule PSCmdlet_Get-OCIJmsjavadownloadsJavaDownloadRecordsList PSCommand_Get-OCIJmsjavadownloadsJavaDownloadRecordsList PSCmdlet_Get-OCIJmsjavadownloadsJavaDownloadReport PSCommand_Get-OCIJmsjavadownloadsJavaDownloadReport PSCmdlet_Get-OCIJmsjavadownloadsJavaDownloadReportContent PSCommand_Get-OCIJmsjavadownloadsJavaDownloadReportContent PSCmdlet_Get-OCIJmsjavadownloadsJavaDownloadReportsList PSCommand_Get-OCIJmsjavadownloadsJavaDownloadReportsList PSCmdlet_Get-OCIJmsjavadownloadsJavaDownloadToken PSCommand_Get-OCIJmsjavadownloadsJavaDownloadToken PSCmdlet_Get-OCIJmsjavadownloadsJavaDownloadTokensList PSCommand_Get-OCIJmsjavadownloadsJavaDownloadTokensList PSCmdlet_Get-OCIJmsjavadownloadsJavaLicense PSCommand_Get-OCIJmsjavadownloadsJavaLicense PSCmdlet_Get-OCIJmsjavadownloadsJavaLicenseAcceptanceRecord PSCommand_Get-OCIJmsjavadownloadsJavaLicenseAcceptanceRecord PSCmdlet_Get-OCIJmsjavadownloadsJavaLicenseAcceptanceRecordsList PSCommand_Get-OCIJmsjavadownloadsJavaLicenseAcceptanceRecordsList PSCmdlet_Get-OCIJmsjavadownloadsJavaLicensesList PSCommand_Get-OCIJmsjavadownloadsJavaLicensesList PSCmdlet_Get-OCIJmsjavadownloadsWorkRequest PSCommand_Get-OCIJmsjavadownloadsWorkRequest PSCmdlet_Get-OCIJmsjavadownloadsWorkRequestErrorsList PSCommand_Get-OCIJmsjavadownloadsWorkRequestErrorsList PSCmdlet_Get-OCIJmsjavadownloadsWorkRequestLogsList PSCommand_Get-OCIJmsjavadownloadsWorkRequestLogsList PSCmdlet_Get-OCIJmsjavadownloadsWorkRequestsList PSCommand_Get-OCIJmsjavadownloadsWorkRequestsList PSCmdlet_Invoke-OCIJmsjavadownloadsRequestSummarizedJavaDownloadCounts PSCommand_Invoke-OCIJmsjavadownloadsRequestSummarizedJavaDownloadCounts PSCmdlet_New-OCIJmsjavadownloadsArtifactDownloadUrl PSCommand_New-OCIJmsjavadownloadsArtifactDownloadUrl PSCmdlet_New-OCIJmsjavadownloadsJavaDownloadReport PSCommand_New-OCIJmsjavadownloadsJavaDownloadReport PSCmdlet_New-OCIJmsjavadownloadsJavaDownloadToken PSCommand_New-OCIJmsjavadownloadsJavaDownloadToken PSCmdlet_New-OCIJmsjavadownloadsJavaLicenseAcceptanceRecord PSCommand_New-OCIJmsjavadownloadsJavaLicenseAcceptanceRecord PSCmdlet_Remove-OCIJmsjavadownloadsJavaDownloadReport PSCommand_Remove-OCIJmsjavadownloadsJavaDownloadReport PSCmdlet_Remove-OCIJmsjavadownloadsJavaDownloadToken PSCommand_Remove-OCIJmsjavadownloadsJavaDownloadToken PSCmdlet_Remove-OCIJmsjavadownloadsJavaLicenseAcceptanceRecord PSCommand_Remove-OCIJmsjavadownloadsJavaLicenseAcceptanceRecord PSCmdlet_Stop-OCIJmsjavadownloadsWorkRequest PSCommand_Stop-OCIJmsjavadownloadsWorkRequest PSCmdlet_Update-OCIJmsjavadownloadsJavaDownloadToken PSCommand_Update-OCIJmsjavadownloadsJavaDownloadToken PSCmdlet_Update-OCIJmsjavadownloadsJavaLicenseAcceptanceRecord PSCommand_Update-OCIJmsjavadownloadsJavaLicenseAcceptanceRecord PSIncludes_Cmdlet</S>
          <S N="developmentDependency">False</S>
          <S N="updated">2025-11-26T21:30:00Z</S>
          <S N="NormalizedVersion">120.0.0</S>
          <S N="Authors">Oracle Cloud Infrastructure</S>
          <S N="IsPrerelease">false</S>
          <S N="ItemType">Module</S>
          <S N="FileList">OCI.PSModules.Jmsjavadownloads.nuspec|OCI.PSModules.Jmsjavadownloads.psd1|LICENSE.txt|OCI.PSModules.Jmsjavadownloads.dll-Help.xml|THIRD_PARTY_LICENSES.txt|assemblies\OCI.PSModules.Jmsjavadownloads.dll|assemblies\OCI.DotNetSDK.Jmsjavadownloads.dll</S>
          <S N="GUID">a83f9369-1d29-4c1c-8c1d-33e3f88d0bf3</S>
          <S N="PowerShellVersion">6.0</S>
          <S N="CompanyName">Oracle Corporation</S>
        </MS>
      </Obj>
      <S N="InstalledLocation">C:\Program Files\PowerShell\Modules\OCI.PSModules.Jmsjavadownloads\120.0.0</S>
    </MS>
  </Obj>
</Objs>
