<?xml version="1.0"?>
<doc>
    <assembly>
        <name>AWS.Tools.NeptuneGraph</name>
    </assembly>
    <members>
        <member name="T:Amazon.PowerShell.Cmdlets.NEPTG.AddNEPTGResourceTagCmdlet">
            <summary>
            Adds tags to the specified resource.
            </summary>
        </member>
        <member name="P:Amazon.PowerShell.Cmdlets.NEPTG.AddNEPTGResourceTagCmdlet.ResourceArn">
            <summary>
            <para>
            <para>ARN of the resource for which tags need to be added.</para>
            </para>
            </summary>
        </member>
        <member name="P:Amazon.PowerShell.Cmdlets.NEPTG.AddNEPTGResourceTagCmdlet.Tag">
            <summary>
            <para>
            <para>The tags to be assigned to the Neptune Analytics resource.</para><para>The tags are metadata that are specified as a list of key-value pairs:</para><para><b>Key</b> (string)   –   A key is the required name of the tag. The string value
            can be from 1 to 128 Unicode characters in length. It can't be prefixed with <c>aws:</c>
            and can only contain the set of Unicode characters specified by this Java regular
            expression: <c>"^([\p{L}\p{Z}\p{N}_.:/=+\-]*)$")</c>.</para><para><b>Value</b> (string)   –   A value is the optional value of the tag. The string
            value can be from 1 to 256 Unicode characters in length. It can't be prefixed with
            <c>aws:</c> and can only contain the set of Unicode characters specified by this Java
            regular expression: <c>"^([\p{L}\p{Z}\p{N}_.:/=+\-]*)$")</c>.</para>
            </para>
            </summary>
        </member>
        <member name="P:Amazon.PowerShell.Cmdlets.NEPTG.AddNEPTGResourceTagCmdlet.Select">
            <summary>
            Use the -Select parameter to control the cmdlet output. The cmdlet doesn't have a return value by default.
            Specifying -Select '*' will result in the cmdlet returning the whole service response (Amazon.NeptuneGraph.Model.TagResourceResponse).
            Specifying -Select '^ParameterName' will result in the cmdlet returning the selected cmdlet parameter value.
            </summary>
        </member>
        <member name="P:Amazon.PowerShell.Cmdlets.NEPTG.AddNEPTGResourceTagCmdlet.PassThru">
            <summary>
            Changes the cmdlet behavior to return the value passed to the ResourceArn parameter.
            The -PassThru parameter is deprecated, use -Select '^ResourceArn' instead. This parameter will be removed in a future version.
            </summary>
        </member>
        <member name="P:Amazon.PowerShell.Cmdlets.NEPTG.AddNEPTGResourceTagCmdlet.Force">
            <summary>
            This parameter overrides confirmation prompts to force 
            the cmdlet to continue its operation. This parameter should always
            be used with caution.
            </summary>
        </member>
        <member name="T:Amazon.PowerShell.Cmdlets.NEPTG.GetNEPTGExportTaskCmdlet">
            <summary>
            Retrieves a specified export task.
            </summary>
        </member>
        <member name="P:Amazon.PowerShell.Cmdlets.NEPTG.GetNEPTGExportTaskCmdlet.TaskIdentifier">
            <summary>
            <para>
            <para>The unique identifier of the export task.</para>
            </para>
            </summary>
        </member>
        <member name="P:Amazon.PowerShell.Cmdlets.NEPTG.GetNEPTGExportTaskCmdlet.Select">
            <summary>
            Use the -Select parameter to control the cmdlet output. The default value is '*'.
            Specifying -Select '*' will result in the cmdlet returning the whole service response (Amazon.NeptuneGraph.Model.GetExportTaskResponse).
            Specifying the name of a property of type Amazon.NeptuneGraph.Model.GetExportTaskResponse will result in that property being returned.
            Specifying -Select '^ParameterName' will result in the cmdlet returning the selected cmdlet parameter value.
            </summary>
        </member>
        <member name="P:Amazon.PowerShell.Cmdlets.NEPTG.GetNEPTGExportTaskCmdlet.PassThru">
            <summary>
            Changes the cmdlet behavior to return the value passed to the TaskIdentifier parameter.
            The -PassThru parameter is deprecated, use -Select '^TaskIdentifier' instead. This parameter will be removed in a future version.
            </summary>
        </member>
        <member name="T:Amazon.PowerShell.Cmdlets.NEPTG.GetNEPTGExportTaskListCmdlet">
            <summary>
            Retrieves a list of export tasks.
            </summary>
        </member>
        <member name="P:Amazon.PowerShell.Cmdlets.NEPTG.GetNEPTGExportTaskListCmdlet.GraphIdentifier">
            <summary>
            <para>
            <para>The unique identifier of the Neptune Analytics graph.</para>
            </para>
            </summary>
        </member>
        <member name="P:Amazon.PowerShell.Cmdlets.NEPTG.GetNEPTGExportTaskListCmdlet.MaxResult">
            <summary>
            <para>
            <para>The maximum number of export tasks to return.</para>
            </para>
            </summary>
        </member>
        <member name="P:Amazon.PowerShell.Cmdlets.NEPTG.GetNEPTGExportTaskListCmdlet.NextToken">
            <summary>
            <para>
            <para>Pagination token used to paginate input.</para>
            </para>
            </summary>
        </member>
        <member name="P:Amazon.PowerShell.Cmdlets.NEPTG.GetNEPTGExportTaskListCmdlet.Select">
            <summary>
            Use the -Select parameter to control the cmdlet output. The default value is 'Tasks'.
            Specifying -Select '*' will result in the cmdlet returning the whole service response (Amazon.NeptuneGraph.Model.ListExportTasksResponse).
            Specifying the name of a property of type Amazon.NeptuneGraph.Model.ListExportTasksResponse will result in that property being returned.
            Specifying -Select '^ParameterName' will result in the cmdlet returning the selected cmdlet parameter value.
            </summary>
        </member>
        <member name="P:Amazon.PowerShell.Cmdlets.NEPTG.GetNEPTGExportTaskListCmdlet.PassThru">
            <summary>
            Changes the cmdlet behavior to return the value passed to the GraphIdentifier parameter.
            The -PassThru parameter is deprecated, use -Select '^GraphIdentifier' instead. This parameter will be removed in a future version.
            </summary>
        </member>
        <member name="T:Amazon.PowerShell.Cmdlets.NEPTG.GetNEPTGGraphCmdlet">
            <summary>
            Gets information about a specified graph.
            </summary>
        </member>
        <member name="P:Amazon.PowerShell.Cmdlets.NEPTG.GetNEPTGGraphCmdlet.GraphIdentifier">
            <summary>
            <para>
            <para>The unique identifier of the Neptune Analytics graph.</para>
            </para>
            </summary>
        </member>
        <member name="P:Amazon.PowerShell.Cmdlets.NEPTG.GetNEPTGGraphCmdlet.Select">
            <summary>
            Use the -Select parameter to control the cmdlet output. The default value is '*'.
            Specifying -Select '*' will result in the cmdlet returning the whole service response (Amazon.NeptuneGraph.Model.GetGraphResponse).
            Specifying the name of a property of type Amazon.NeptuneGraph.Model.GetGraphResponse will result in that property being returned.
            Specifying -Select '^ParameterName' will result in the cmdlet returning the selected cmdlet parameter value.
            </summary>
        </member>
        <member name="P:Amazon.PowerShell.Cmdlets.NEPTG.GetNEPTGGraphCmdlet.PassThru">
            <summary>
            Changes the cmdlet behavior to return the value passed to the GraphIdentifier parameter.
            The -PassThru parameter is deprecated, use -Select '^GraphIdentifier' instead. This parameter will be removed in a future version.
            </summary>
        </member>
        <member name="T:Amazon.PowerShell.Cmdlets.NEPTG.GetNEPTGGraphListCmdlet">
            <summary>
            Lists available Neptune Analytics graphs.
            </summary>
        </member>
        <member name="P:Amazon.PowerShell.Cmdlets.NEPTG.GetNEPTGGraphListCmdlet.MaxResult">
            <summary>
            <para>
            <para>The total number of records to return in the command's output.</para><para>If the total number of records available is more than the value specified, <c>nextToken</c>
            is provided in the command's output. To resume pagination, provide the <c>nextToken</c>
            output value in the <c>nextToken</c> argument of a subsequent command. Do not use
            the <c>nextToken</c> response element directly outside of the Amazon CLI.</para>
            </para>
            </summary>
        </member>
        <member name="P:Amazon.PowerShell.Cmdlets.NEPTG.GetNEPTGGraphListCmdlet.NextToken">
            <summary>
            <para>
            <para>Pagination token used to paginate output.</para><para>When this value is provided as input, the service returns results from where the previous
            response left off. When this value is present in output, it indicates that there are
            more results to retrieve.</para>
            </para>
            </summary>
        </member>
        <member name="P:Amazon.PowerShell.Cmdlets.NEPTG.GetNEPTGGraphListCmdlet.Select">
            <summary>
            Use the -Select parameter to control the cmdlet output. The default value is 'Graphs'.
            Specifying -Select '*' will result in the cmdlet returning the whole service response (Amazon.NeptuneGraph.Model.ListGraphsResponse).
            Specifying the name of a property of type Amazon.NeptuneGraph.Model.ListGraphsResponse will result in that property being returned.
            Specifying -Select '^ParameterName' will result in the cmdlet returning the selected cmdlet parameter value.
            </summary>
        </member>
        <member name="T:Amazon.PowerShell.Cmdlets.NEPTG.GetNEPTGGraphSnapshotCmdlet">
            <summary>
            Retrieves a specified graph snapshot.
            </summary>
        </member>
        <member name="P:Amazon.PowerShell.Cmdlets.NEPTG.GetNEPTGGraphSnapshotCmdlet.SnapshotIdentifier">
            <summary>
            <para>
            <para>The ID of the snapshot to retrieve.</para>
            </para>
            </summary>
        </member>
        <member name="P:Amazon.PowerShell.Cmdlets.NEPTG.GetNEPTGGraphSnapshotCmdlet.Select">
            <summary>
            Use the -Select parameter to control the cmdlet output. The default value is '*'.
            Specifying -Select '*' will result in the cmdlet returning the whole service response (Amazon.NeptuneGraph.Model.GetGraphSnapshotResponse).
            Specifying the name of a property of type Amazon.NeptuneGraph.Model.GetGraphSnapshotResponse will result in that property being returned.
            Specifying -Select '^ParameterName' will result in the cmdlet returning the selected cmdlet parameter value.
            </summary>
        </member>
        <member name="P:Amazon.PowerShell.Cmdlets.NEPTG.GetNEPTGGraphSnapshotCmdlet.PassThru">
            <summary>
            Changes the cmdlet behavior to return the value passed to the SnapshotIdentifier parameter.
            The -PassThru parameter is deprecated, use -Select '^SnapshotIdentifier' instead. This parameter will be removed in a future version.
            </summary>
        </member>
        <member name="T:Amazon.PowerShell.Cmdlets.NEPTG.GetNEPTGGraphSnapshotListCmdlet">
            <summary>
            Lists available snapshots of a specified Neptune Analytics graph.
            </summary>
        </member>
        <member name="P:Amazon.PowerShell.Cmdlets.NEPTG.GetNEPTGGraphSnapshotListCmdlet.GraphIdentifier">
            <summary>
            <para>
            <para>The unique identifier of the Neptune Analytics graph.</para>
            </para>
            </summary>
        </member>
        <member name="P:Amazon.PowerShell.Cmdlets.NEPTG.GetNEPTGGraphSnapshotListCmdlet.MaxResult">
            <summary>
            <para>
            <para>The total number of records to return in the command's output.</para><para>If the total number of records available is more than the value specified, <c>nextToken</c>
            is provided in the command's output. To resume pagination, provide the <c>nextToken</c>
            output value in the <c>nextToken</c> argument of a subsequent command. Do not use
            the <c>nextToken</c> response element directly outside of the Amazon CLI.</para>
            </para>
            </summary>
        </member>
        <member name="P:Amazon.PowerShell.Cmdlets.NEPTG.GetNEPTGGraphSnapshotListCmdlet.NextToken">
            <summary>
            <para>
            <para>Pagination token used to paginate output.</para><para>When this value is provided as input, the service returns results from where the previous
            response left off. When this value is present in output, it indicates that there are
            more results to retrieve.</para>
            </para>
            </summary>
        </member>
        <member name="P:Amazon.PowerShell.Cmdlets.NEPTG.GetNEPTGGraphSnapshotListCmdlet.Select">
            <summary>
            Use the -Select parameter to control the cmdlet output. The default value is 'GraphSnapshots'.
            Specifying -Select '*' will result in the cmdlet returning the whole service response (Amazon.NeptuneGraph.Model.ListGraphSnapshotsResponse).
            Specifying the name of a property of type Amazon.NeptuneGraph.Model.ListGraphSnapshotsResponse will result in that property being returned.
            Specifying -Select '^ParameterName' will result in the cmdlet returning the selected cmdlet parameter value.
            </summary>
        </member>
        <member name="P:Amazon.PowerShell.Cmdlets.NEPTG.GetNEPTGGraphSnapshotListCmdlet.PassThru">
            <summary>
            Changes the cmdlet behavior to return the value passed to the GraphIdentifier parameter.
            The -PassThru parameter is deprecated, use -Select '^GraphIdentifier' instead. This parameter will be removed in a future version.
            </summary>
        </member>
        <member name="T:Amazon.PowerShell.Cmdlets.NEPTG.GetNEPTGGraphSummaryCmdlet">
            <summary>
            Gets a graph summary for a property graph.
            </summary>
        </member>
        <member name="P:Amazon.PowerShell.Cmdlets.NEPTG.GetNEPTGGraphSummaryCmdlet.GraphIdentifier">
            <summary>
            <para>
            <para>The unique identifier of the Neptune Analytics graph.</para>
            </para>
            </summary>
        </member>
        <member name="P:Amazon.PowerShell.Cmdlets.NEPTG.GetNEPTGGraphSummaryCmdlet.Mode">
            <summary>
            <para>
            <para>The summary mode can take one of two values: <c>basic</c> (the default), and <c>detailed</c>.</para>
            </para>
            </summary>
        </member>
        <member name="P:Amazon.PowerShell.Cmdlets.NEPTG.GetNEPTGGraphSummaryCmdlet.Select">
            <summary>
            Use the -Select parameter to control the cmdlet output. The default value is '*'.
            Specifying -Select '*' will result in the cmdlet returning the whole service response (Amazon.NeptuneGraph.Model.GetGraphSummaryResponse).
            Specifying the name of a property of type Amazon.NeptuneGraph.Model.GetGraphSummaryResponse will result in that property being returned.
            Specifying -Select '^ParameterName' will result in the cmdlet returning the selected cmdlet parameter value.
            </summary>
        </member>
        <member name="P:Amazon.PowerShell.Cmdlets.NEPTG.GetNEPTGGraphSummaryCmdlet.PassThru">
            <summary>
            Changes the cmdlet behavior to return the value passed to the GraphIdentifier parameter.
            The -PassThru parameter is deprecated, use -Select '^GraphIdentifier' instead. This parameter will be removed in a future version.
            </summary>
        </member>
        <member name="T:Amazon.PowerShell.Cmdlets.NEPTG.GetNEPTGImportTaskCmdlet">
            <summary>
            Retrieves a specified import task.
            </summary>
        </member>
        <member name="P:Amazon.PowerShell.Cmdlets.NEPTG.GetNEPTGImportTaskCmdlet.TaskIdentifier">
            <summary>
            <para>
            <para>The unique identifier of the import task.</para>
            </para>
            </summary>
        </member>
        <member name="P:Amazon.PowerShell.Cmdlets.NEPTG.GetNEPTGImportTaskCmdlet.Select">
            <summary>
            Use the -Select parameter to control the cmdlet output. The default value is '*'.
            Specifying -Select '*' will result in the cmdlet returning the whole service response (Amazon.NeptuneGraph.Model.GetImportTaskResponse).
            Specifying the name of a property of type Amazon.NeptuneGraph.Model.GetImportTaskResponse will result in that property being returned.
            Specifying -Select '^ParameterName' will result in the cmdlet returning the selected cmdlet parameter value.
            </summary>
        </member>
        <member name="P:Amazon.PowerShell.Cmdlets.NEPTG.GetNEPTGImportTaskCmdlet.PassThru">
            <summary>
            Changes the cmdlet behavior to return the value passed to the TaskIdentifier parameter.
            The -PassThru parameter is deprecated, use -Select '^TaskIdentifier' instead. This parameter will be removed in a future version.
            </summary>
        </member>
        <member name="T:Amazon.PowerShell.Cmdlets.NEPTG.GetNEPTGImportTaskListCmdlet">
            <summary>
            Lists import tasks.
            </summary>
        </member>
        <member name="P:Amazon.PowerShell.Cmdlets.NEPTG.GetNEPTGImportTaskListCmdlet.MaxResult">
            <summary>
            <para>
            <para>The total number of records to return in the command's output.</para><para>If the total number of records available is more than the value specified, <c>nextToken</c>
            is provided in the command's output. To resume pagination, provide the <c>nextToken</c>
            output value in the <c>nextToken</c> argument of a subsequent command. Do not use
            the <c>nextToken</c> response element directly outside of the Amazon CLI.</para>
            </para>
            </summary>
        </member>
        <member name="P:Amazon.PowerShell.Cmdlets.NEPTG.GetNEPTGImportTaskListCmdlet.NextToken">
            <summary>
            <para>
            <para>Pagination token used to paginate output.</para><para>When this value is provided as input, the service returns results from where the previous
            response left off. When this value is present in output, it indicates that there are
            more results to retrieve.</para>
            </para>
            </summary>
        </member>
        <member name="P:Amazon.PowerShell.Cmdlets.NEPTG.GetNEPTGImportTaskListCmdlet.Select">
            <summary>
            Use the -Select parameter to control the cmdlet output. The default value is 'Tasks'.
            Specifying -Select '*' will result in the cmdlet returning the whole service response (Amazon.NeptuneGraph.Model.ListImportTasksResponse).
            Specifying the name of a property of type Amazon.NeptuneGraph.Model.ListImportTasksResponse will result in that property being returned.
            Specifying -Select '^ParameterName' will result in the cmdlet returning the selected cmdlet parameter value.
            </summary>
        </member>
        <member name="T:Amazon.PowerShell.Cmdlets.NEPTG.GetNEPTGPrivateGraphEndpointCmdlet">
            <summary>
            Retrieves information about a specified private endpoint.
            </summary>
        </member>
        <member name="P:Amazon.PowerShell.Cmdlets.NEPTG.GetNEPTGPrivateGraphEndpointCmdlet.GraphIdentifier">
            <summary>
            <para>
            <para>The unique identifier of the Neptune Analytics graph.</para>
            </para>
            </summary>
        </member>
        <member name="P:Amazon.PowerShell.Cmdlets.NEPTG.GetNEPTGPrivateGraphEndpointCmdlet.VpcId">
            <summary>
            <para>
            <para>The ID of the VPC where the private endpoint is located.</para>
            </para>
            </summary>
        </member>
        <member name="P:Amazon.PowerShell.Cmdlets.NEPTG.GetNEPTGPrivateGraphEndpointCmdlet.Select">
            <summary>
            Use the -Select parameter to control the cmdlet output. The default value is '*'.
            Specifying -Select '*' will result in the cmdlet returning the whole service response (Amazon.NeptuneGraph.Model.GetPrivateGraphEndpointResponse).
            Specifying the name of a property of type Amazon.NeptuneGraph.Model.GetPrivateGraphEndpointResponse will result in that property being returned.
            Specifying -Select '^ParameterName' will result in the cmdlet returning the selected cmdlet parameter value.
            </summary>
        </member>
        <member name="P:Amazon.PowerShell.Cmdlets.NEPTG.GetNEPTGPrivateGraphEndpointCmdlet.PassThru">
            <summary>
            Changes the cmdlet behavior to return the value passed to the GraphIdentifier parameter.
            The -PassThru parameter is deprecated, use -Select '^GraphIdentifier' instead. This parameter will be removed in a future version.
            </summary>
        </member>
        <member name="T:Amazon.PowerShell.Cmdlets.NEPTG.GetNEPTGPrivateGraphEndpointListCmdlet">
            <summary>
            Lists private endpoints for a specified Neptune Analytics graph.
            </summary>
        </member>
        <member name="P:Amazon.PowerShell.Cmdlets.NEPTG.GetNEPTGPrivateGraphEndpointListCmdlet.GraphIdentifier">
            <summary>
            <para>
            <para>The unique identifier of the Neptune Analytics graph.</para>
            </para>
            </summary>
        </member>
        <member name="P:Amazon.PowerShell.Cmdlets.NEPTG.GetNEPTGPrivateGraphEndpointListCmdlet.MaxResult">
            <summary>
            <para>
            <para>The total number of records to return in the command's output.</para><para>If the total number of records available is more than the value specified, <c>nextToken</c>
            is provided in the command's output. To resume pagination, provide the <c>nextToken</c>
            output value in the <c>nextToken</c> argument of a subsequent command. Do not use
            the <c>nextToken</c> response element directly outside of the Amazon CLI.</para>
            </para>
            </summary>
        </member>
        <member name="P:Amazon.PowerShell.Cmdlets.NEPTG.GetNEPTGPrivateGraphEndpointListCmdlet.NextToken">
            <summary>
            <para>
            <para>Pagination token used to paginate output.</para><para>When this value is provided as input, the service returns results from where the previous
            response left off. When this value is present in output, it indicates that there are
            more results to retrieve.</para>
            </para>
            </summary>
        </member>
        <member name="P:Amazon.PowerShell.Cmdlets.NEPTG.GetNEPTGPrivateGraphEndpointListCmdlet.Select">
            <summary>
            Use the -Select parameter to control the cmdlet output. The default value is 'PrivateGraphEndpoints'.
            Specifying -Select '*' will result in the cmdlet returning the whole service response (Amazon.NeptuneGraph.Model.ListPrivateGraphEndpointsResponse).
            Specifying the name of a property of type Amazon.NeptuneGraph.Model.ListPrivateGraphEndpointsResponse will result in that property being returned.
            Specifying -Select '^ParameterName' will result in the cmdlet returning the selected cmdlet parameter value.
            </summary>
        </member>
        <member name="P:Amazon.PowerShell.Cmdlets.NEPTG.GetNEPTGPrivateGraphEndpointListCmdlet.PassThru">
            <summary>
            Changes the cmdlet behavior to return the value passed to the GraphIdentifier parameter.
            The -PassThru parameter is deprecated, use -Select '^GraphIdentifier' instead. This parameter will be removed in a future version.
            </summary>
        </member>
        <member name="T:Amazon.PowerShell.Cmdlets.NEPTG.GetNEPTGQueryCmdlet">
            <summary>
            Retrieves the status of a specified query.
            
             <note><para>
             When invoking this operation in a Neptune Analytics cluster, the IAM user or role
            making the request must have the <c>neptune-graph:GetQueryStatus</c> IAM action attached.
            
            </para></note>
            </summary>
        </member>
        <member name="P:Amazon.PowerShell.Cmdlets.NEPTG.GetNEPTGQueryCmdlet.GraphIdentifier">
            <summary>
            <para>
            <para>The unique identifier of the Neptune Analytics graph.</para>
            </para>
            </summary>
        </member>
        <member name="P:Amazon.PowerShell.Cmdlets.NEPTG.GetNEPTGQueryCmdlet.QueryId">
            <summary>
            <para>
            <para>The ID of the query in question.</para>
            </para>
            </summary>
        </member>
        <member name="P:Amazon.PowerShell.Cmdlets.NEPTG.GetNEPTGQueryCmdlet.Select">
            <summary>
            Use the -Select parameter to control the cmdlet output. The default value is '*'.
            Specifying -Select '*' will result in the cmdlet returning the whole service response (Amazon.NeptuneGraph.Model.GetQueryResponse).
            Specifying the name of a property of type Amazon.NeptuneGraph.Model.GetQueryResponse will result in that property being returned.
            Specifying -Select '^ParameterName' will result in the cmdlet returning the selected cmdlet parameter value.
            </summary>
        </member>
        <member name="P:Amazon.PowerShell.Cmdlets.NEPTG.GetNEPTGQueryCmdlet.PassThru">
            <summary>
            Changes the cmdlet behavior to return the value passed to the GraphIdentifier parameter.
            The -PassThru parameter is deprecated, use -Select '^GraphIdentifier' instead. This parameter will be removed in a future version.
            </summary>
        </member>
        <member name="T:Amazon.PowerShell.Cmdlets.NEPTG.GetNEPTGQueryListCmdlet">
            <summary>
            Lists active openCypher queries.
            </summary>
        </member>
        <member name="P:Amazon.PowerShell.Cmdlets.NEPTG.GetNEPTGQueryListCmdlet.GraphIdentifier">
            <summary>
            <para>
            <para>The unique identifier of the Neptune Analytics graph.</para>
            </para>
            </summary>
        </member>
        <member name="P:Amazon.PowerShell.Cmdlets.NEPTG.GetNEPTGQueryListCmdlet.State">
            <summary>
            <para>
            <para>Filtered list of queries based on state.</para>
            </para>
            </summary>
        </member>
        <member name="P:Amazon.PowerShell.Cmdlets.NEPTG.GetNEPTGQueryListCmdlet.MaxResult">
            <summary>
            <para>
            <para>The maximum number of results to be fetched by the API.</para>
            </para>
            </summary>
        </member>
        <member name="P:Amazon.PowerShell.Cmdlets.NEPTG.GetNEPTGQueryListCmdlet.Select">
            <summary>
            Use the -Select parameter to control the cmdlet output. The default value is 'Queries'.
            Specifying -Select '*' will result in the cmdlet returning the whole service response (Amazon.NeptuneGraph.Model.ListQueriesResponse).
            Specifying the name of a property of type Amazon.NeptuneGraph.Model.ListQueriesResponse will result in that property being returned.
            Specifying -Select '^ParameterName' will result in the cmdlet returning the selected cmdlet parameter value.
            </summary>
        </member>
        <member name="P:Amazon.PowerShell.Cmdlets.NEPTG.GetNEPTGQueryListCmdlet.PassThru">
            <summary>
            Changes the cmdlet behavior to return the value passed to the GraphIdentifier parameter.
            The -PassThru parameter is deprecated, use -Select '^GraphIdentifier' instead. This parameter will be removed in a future version.
            </summary>
        </member>
        <member name="T:Amazon.PowerShell.Cmdlets.NEPTG.GetNEPTGResourceTagCmdlet">
            <summary>
            Lists tags associated with a specified resource.
            </summary>
        </member>
        <member name="P:Amazon.PowerShell.Cmdlets.NEPTG.GetNEPTGResourceTagCmdlet.ResourceArn">
            <summary>
            <para>
            <para>The ARN of the resource.</para>
            </para>
            </summary>
        </member>
        <member name="P:Amazon.PowerShell.Cmdlets.NEPTG.GetNEPTGResourceTagCmdlet.Select">
            <summary>
            Use the -Select parameter to control the cmdlet output. The default value is 'Tags'.
            Specifying -Select '*' will result in the cmdlet returning the whole service response (Amazon.NeptuneGraph.Model.ListTagsForResourceResponse).
            Specifying the name of a property of type Amazon.NeptuneGraph.Model.ListTagsForResourceResponse will result in that property being returned.
            Specifying -Select '^ParameterName' will result in the cmdlet returning the selected cmdlet parameter value.
            </summary>
        </member>
        <member name="P:Amazon.PowerShell.Cmdlets.NEPTG.GetNEPTGResourceTagCmdlet.PassThru">
            <summary>
            Changes the cmdlet behavior to return the value passed to the ResourceArn parameter.
            The -PassThru parameter is deprecated, use -Select '^ResourceArn' instead. This parameter will be removed in a future version.
            </summary>
        </member>
        <member name="T:Amazon.PowerShell.Cmdlets.NEPTG.InvokeNEPTGQueryCmdlet">
            <summary>
            Execute an openCypher query.
            
             
            <para>
             When invoking this operation in a Neptune Analytics cluster, the IAM user or role
            making the request must have a policy attached that allows one of the following IAM
            actions in that cluster, depending on the query: 
            </para><ul><li><para>
            neptune-graph:ReadDataViaQuery
            </para></li><li><para>
            neptune-graph:WriteDataViaQuery
            </para></li><li><para>
            neptune-graph:DeleteDataViaQuery
            </para></li></ul>
            </summary>
        </member>
        <member name="P:Amazon.PowerShell.Cmdlets.NEPTG.InvokeNEPTGQueryCmdlet.ExplainMode">
            <summary>
            <para>
            <para>The explain mode parameter returns a query explain instead of the actual query results.
            A query explain can be used to gather insights about the query execution such as planning
            decisions, time spent on each operator, solutions flowing etc.</para>
            </para>
            </summary>
        </member>
        <member name="P:Amazon.PowerShell.Cmdlets.NEPTG.InvokeNEPTGQueryCmdlet.GraphIdentifier">
            <summary>
            <para>
            <para>The unique identifier of the Neptune Analytics graph.</para>
            </para>
            </summary>
        </member>
        <member name="P:Amazon.PowerShell.Cmdlets.NEPTG.InvokeNEPTGQueryCmdlet.Language">
            <summary>
            <para>
            <para>The query language the query is written in. Currently only openCypher is supported.</para>
            </para>
            </summary>
        </member>
        <member name="P:Amazon.PowerShell.Cmdlets.NEPTG.InvokeNEPTGQueryCmdlet.Parameter">
            <summary>
            <para>
            <para>The data parameters the query can use in JSON format. For example: {"name": "john",
            "age": 20}. (optional) </para>
            </para>
            </summary>
        </member>
        <member name="P:Amazon.PowerShell.Cmdlets.NEPTG.InvokeNEPTGQueryCmdlet.PlanCache">
            <summary>
            <para>
            <para>Query plan cache is a feature that saves the query plan and reuses it on successive
            executions of the same query. This reduces query latency, and works for both <c>READ</c>
            and <c>UPDATE</c> queries. The plan cache is an LRU cache with a 5 minute TTL and
            a capacity of 1000.</para>
            </para>
            </summary>
        </member>
        <member name="P:Amazon.PowerShell.Cmdlets.NEPTG.InvokeNEPTGQueryCmdlet.QueryString">
            <summary>
            <para>
            <para>The query string to be executed.</para>
            </para>
            </summary>
        </member>
        <member name="P:Amazon.PowerShell.Cmdlets.NEPTG.InvokeNEPTGQueryCmdlet.QueryTimeoutMillisecond">
            <summary>
            <para>
            <para>Specifies the query timeout duration, in milliseconds. (optional)</para>
            </para>
            </summary>
        </member>
        <member name="P:Amazon.PowerShell.Cmdlets.NEPTG.InvokeNEPTGQueryCmdlet.Select">
            <summary>
            Use the -Select parameter to control the cmdlet output. The default value is 'Payload'.
            Specifying -Select '*' will result in the cmdlet returning the whole service response (Amazon.NeptuneGraph.Model.ExecuteQueryResponse).
            Specifying the name of a property of type Amazon.NeptuneGraph.Model.ExecuteQueryResponse will result in that property being returned.
            Specifying -Select '^ParameterName' will result in the cmdlet returning the selected cmdlet parameter value.
            </summary>
        </member>
        <member name="P:Amazon.PowerShell.Cmdlets.NEPTG.InvokeNEPTGQueryCmdlet.PassThru">
            <summary>
            Changes the cmdlet behavior to return the value passed to the GraphIdentifier parameter.
            The -PassThru parameter is deprecated, use -Select '^GraphIdentifier' instead. This parameter will be removed in a future version.
            </summary>
        </member>
        <member name="P:Amazon.PowerShell.Cmdlets.NEPTG.InvokeNEPTGQueryCmdlet.Force">
            <summary>
            This parameter overrides confirmation prompts to force 
            the cmdlet to continue its operation. This parameter should always
            be used with caution.
            </summary>
        </member>
        <member name="T:Amazon.PowerShell.Cmdlets.NEPTG.NewNEPTGGraphCmdlet">
            <summary>
            Creates a new Neptune Analytics graph.
            </summary>
        </member>
        <member name="P:Amazon.PowerShell.Cmdlets.NEPTG.NewNEPTGGraphCmdlet.DeletionProtection">
            <summary>
            <para>
            <para>Indicates whether or not to enable deletion protection on the graph. The graph can’t
            be deleted when deletion protection is enabled. (<c>true</c> or <c>false</c>).</para>
            </para>
            </summary>
        </member>
        <member name="P:Amazon.PowerShell.Cmdlets.NEPTG.NewNEPTGGraphCmdlet.VectorSearchConfiguration_Dimension">
            <summary>
            <para>
            <para>The number of dimensions.</para>
            </para>
            </summary>
        </member>
        <member name="P:Amazon.PowerShell.Cmdlets.NEPTG.NewNEPTGGraphCmdlet.GraphName">
            <summary>
            <para>
            <para>A name for the new Neptune Analytics graph to be created.</para><para>The name must contain from 1 to 63 letters, numbers, or hyphens, and its first character
            must be a letter. It cannot end with a hyphen or contain two consecutive hyphens.
            </para>
            </para>
            </summary>
        </member>
        <member name="P:Amazon.PowerShell.Cmdlets.NEPTG.NewNEPTGGraphCmdlet.KmsKeyIdentifier">
            <summary>
            <para>
            <para>Specifies a KMS key to use to encrypt data in the new graph.</para>
            </para>
            </summary>
        </member>
        <member name="P:Amazon.PowerShell.Cmdlets.NEPTG.NewNEPTGGraphCmdlet.ProvisionedMemory">
            <summary>
            <para>
            <para>The provisioned memory-optimized Neptune Capacity Units (m-NCUs) to use for the graph.
            Min = 128</para>
            </para>
            </summary>
        </member>
        <member name="P:Amazon.PowerShell.Cmdlets.NEPTG.NewNEPTGGraphCmdlet.PublicConnectivity">
            <summary>
            <para>
            <para>Specifies whether or not the graph can be reachable over the internet. All access
            to graphs is IAM authenticated. (<c>true</c> to enable, or <c>false</c> to disable.</para>
            </para>
            </summary>
        </member>
        <member name="P:Amazon.PowerShell.Cmdlets.NEPTG.NewNEPTGGraphCmdlet.ReplicaCount">
            <summary>
            <para>
            <para>The number of replicas in other AZs. Min =0, Max = 2, Default = 1.</para><important><para> Additional charges equivalent to the m-NCUs selected for the graph apply for each
            replica. </para></important>
            </para>
            </summary>
        </member>
        <member name="P:Amazon.PowerShell.Cmdlets.NEPTG.NewNEPTGGraphCmdlet.Tag">
            <summary>
            <para>
            <para>Adds metadata tags to the new graph. These tags can also be used with cost allocation
            reporting, or used in a Condition statement in an IAM policy.</para>
            </para>
            </summary>
        </member>
        <member name="P:Amazon.PowerShell.Cmdlets.NEPTG.NewNEPTGGraphCmdlet.Select">
            <summary>
            Use the -Select parameter to control the cmdlet output. The default value is '*'.
            Specifying -Select '*' will result in the cmdlet returning the whole service response (Amazon.NeptuneGraph.Model.CreateGraphResponse).
            Specifying the name of a property of type Amazon.NeptuneGraph.Model.CreateGraphResponse will result in that property being returned.
            Specifying -Select '^ParameterName' will result in the cmdlet returning the selected cmdlet parameter value.
            </summary>
        </member>
        <member name="P:Amazon.PowerShell.Cmdlets.NEPTG.NewNEPTGGraphCmdlet.Force">
            <summary>
            This parameter overrides confirmation prompts to force 
            the cmdlet to continue its operation. This parameter should always
            be used with caution.
            </summary>
        </member>
        <member name="T:Amazon.PowerShell.Cmdlets.NEPTG.NewNEPTGGraphSnapshotCmdlet">
            <summary>
            Creates a snapshot of the specific graph.
            </summary>
        </member>
        <member name="P:Amazon.PowerShell.Cmdlets.NEPTG.NewNEPTGGraphSnapshotCmdlet.GraphIdentifier">
            <summary>
            <para>
            <para>The unique identifier of the Neptune Analytics graph.</para>
            </para>
            </summary>
        </member>
        <member name="P:Amazon.PowerShell.Cmdlets.NEPTG.NewNEPTGGraphSnapshotCmdlet.SnapshotName">
            <summary>
            <para>
            <para>The snapshot name. For example: <c>my-snapshot-1</c>.</para><para>The name must contain from 1 to 63 letters, numbers, or hyphens, and its first character
            must be a letter. It cannot end with a hyphen or contain two consecutive hyphens.</para>
            </para>
            </summary>
        </member>
        <member name="P:Amazon.PowerShell.Cmdlets.NEPTG.NewNEPTGGraphSnapshotCmdlet.Tag">
            <summary>
            <para>
            <para>Adds metadata tags to the new graph. These tags can also be used with cost allocation
            reporting, or used in a Condition statement in an IAM policy.</para>
            </para>
            </summary>
        </member>
        <member name="P:Amazon.PowerShell.Cmdlets.NEPTG.NewNEPTGGraphSnapshotCmdlet.Select">
            <summary>
            Use the -Select parameter to control the cmdlet output. The default value is '*'.
            Specifying -Select '*' will result in the cmdlet returning the whole service response (Amazon.NeptuneGraph.Model.CreateGraphSnapshotResponse).
            Specifying the name of a property of type Amazon.NeptuneGraph.Model.CreateGraphSnapshotResponse will result in that property being returned.
            Specifying -Select '^ParameterName' will result in the cmdlet returning the selected cmdlet parameter value.
            </summary>
        </member>
        <member name="P:Amazon.PowerShell.Cmdlets.NEPTG.NewNEPTGGraphSnapshotCmdlet.PassThru">
            <summary>
            Changes the cmdlet behavior to return the value passed to the GraphIdentifier parameter.
            The -PassThru parameter is deprecated, use -Select '^GraphIdentifier' instead. This parameter will be removed in a future version.
            </summary>
        </member>
        <member name="P:Amazon.PowerShell.Cmdlets.NEPTG.NewNEPTGGraphSnapshotCmdlet.Force">
            <summary>
            This parameter overrides confirmation prompts to force 
            the cmdlet to continue its operation. This parameter should always
            be used with caution.
            </summary>
        </member>
        <member name="T:Amazon.PowerShell.Cmdlets.NEPTG.NewNEPTGGraphUsingImportTaskCmdlet">
            <summary>
            Creates a new Neptune Analytics graph and imports data into it, either from Amazon
            Simple Storage Service (S3) or from a Neptune database or a Neptune database snapshot.
            
             
            <para>
            The data can be loaded from files in S3 that in either the <a href="https://docs.aws.amazon.com/neptune/latest/userguide/bulk-load-tutorial-format-gremlin.html">Gremlin
            CSV format</a> or the <a href="https://docs.aws.amazon.com/neptune/latest/userguide/bulk-load-tutorial-format-opencypher.html">openCypher
            load format</a>.
            </para>
            </summary>
        </member>
        <member name="P:Amazon.PowerShell.Cmdlets.NEPTG.NewNEPTGGraphUsingImportTaskCmdlet.BlankNodeHandling">
            <summary>
            <para>
            <para>The method to handle blank nodes in the dataset. Currently, only <c>convertToIri</c>
            is supported, meaning blank nodes are converted to unique IRIs at load time. Must
            be provided when format is <c>ntriples</c>. For more information, see <a href="https://docs.aws.amazon.com/neptune-analytics/latest/userguide/using-rdf-data.html#rdf-handling">Handling
            RDF values</a>.</para>
            </para>
            </summary>
        </member>
        <member name="P:Amazon.PowerShell.Cmdlets.NEPTG.NewNEPTGGraphUsingImportTaskCmdlet.DeletionProtection">
            <summary>
            <para>
            <para>Indicates whether or not to enable deletion protection on the graph. The graph can’t
            be deleted when deletion protection is enabled. (<c>true</c> or <c>false</c>).</para>
            </para>
            </summary>
        </member>
        <member name="P:Amazon.PowerShell.Cmdlets.NEPTG.NewNEPTGGraphUsingImportTaskCmdlet.VectorSearchConfiguration_Dimension">
            <summary>
            <para>
            <para>The number of dimensions.</para>
            </para>
            </summary>
        </member>
        <member name="P:Amazon.PowerShell.Cmdlets.NEPTG.NewNEPTGGraphUsingImportTaskCmdlet.FailOnError">
            <summary>
            <para>
            <para>If set to <c>true</c>, the task halts when an import error is encountered. If set
            to <c>false</c>, the task skips the data that caused the error and continues if possible.</para>
            </para>
            </summary>
        </member>
        <member name="P:Amazon.PowerShell.Cmdlets.NEPTG.NewNEPTGGraphUsingImportTaskCmdlet.Format">
            <summary>
            <para>
            <para>Specifies the format of S3 data to be imported. Valid values are <c>CSV</c>, which
            identifies the <a href="https://docs.aws.amazon.com/neptune/latest/userguide/bulk-load-tutorial-format-gremlin.html">Gremlin
            CSV format</a>, <c>OPEN_CYPHER</c>, which identifies the <a href="https://docs.aws.amazon.com/neptune/latest/userguide/bulk-load-tutorial-format-opencypher.html">openCypher
            load format</a>, or <c>ntriples</c>, which identifies the <a href="https://docs.aws.amazon.com/neptune-analytics/latest/userguide/using-rdf-data.html">RDF
            n-triples</a> format.</para>
            </para>
            </summary>
        </member>
        <member name="P:Amazon.PowerShell.Cmdlets.NEPTG.NewNEPTGGraphUsingImportTaskCmdlet.GraphName">
            <summary>
            <para>
            <para>A name for the new Neptune Analytics graph to be created.</para><para>The name must contain from 1 to 63 letters, numbers, or hyphens, and its first character
            must be a letter. It cannot end with a hyphen or contain two consecutive hyphens.
            </para>
            </para>
            </summary>
        </member>
        <member name="P:Amazon.PowerShell.Cmdlets.NEPTG.NewNEPTGGraphUsingImportTaskCmdlet.KmsKeyIdentifier">
            <summary>
            <para>
            <para>Specifies a KMS key to use to encrypt data imported into the new graph.</para>
            </para>
            </summary>
        </member>
        <member name="P:Amazon.PowerShell.Cmdlets.NEPTG.NewNEPTGGraphUsingImportTaskCmdlet.MaxProvisionedMemory">
            <summary>
            <para>
            <para>The maximum provisioned memory-optimized Neptune Capacity Units (m-NCUs) to use for
            the graph. Default: 1024, or the approved upper limit for your account.</para><para> If both the minimum and maximum values are specified, the final <c>provisioned-memory</c>
            will be chosen per the actual size of your imported data. If neither value is specified,
            128 m-NCUs are used.</para>
            </para>
            </summary>
        </member>
        <member name="P:Amazon.PowerShell.Cmdlets.NEPTG.NewNEPTGGraphUsingImportTaskCmdlet.MinProvisionedMemory">
            <summary>
            <para>
            <para>The minimum provisioned memory-optimized Neptune Capacity Units (m-NCUs) to use for
            the graph. Default: 128</para>
            </para>
            </summary>
        </member>
        <member name="P:Amazon.PowerShell.Cmdlets.NEPTG.NewNEPTGGraphUsingImportTaskCmdlet.ParquetType">
            <summary>
            <para>
            <para>The parquet type of the import task.</para>
            </para>
            </summary>
        </member>
        <member name="P:Amazon.PowerShell.Cmdlets.NEPTG.NewNEPTGGraphUsingImportTaskCmdlet.Neptune_PreserveDefaultVertexLabel">
            <summary>
            <para>
            <para>Neptune Analytics supports label-less vertices and no labels are assigned unless one
            is explicitly provided. Neptune assigns default labels when none is explicitly provided.
            When importing the data into Neptune Analytics, the default vertex labels can be omitted
            by setting <i>preserveDefaultVertexLabels</i> to false. Note that if the vertex only
            has default labels, and has no other properties or edges, then the vertex will effectively
            not get imported into Neptune Analytics when preserveDefaultVertexLabels is set to
            false.</para>
            </para>
            </summary>
        </member>
        <member name="P:Amazon.PowerShell.Cmdlets.NEPTG.NewNEPTGGraphUsingImportTaskCmdlet.Neptune_PreserveEdgeId">
            <summary>
            <para>
            <para>Neptune Analytics currently does not support user defined edge ids. The edge ids are
            not imported by default. They are imported if <i>preserveEdgeIds</i> is set to true,
            and ids are stored as properties on the relationships with the property name <i>neptuneEdgeId</i>.</para>
            </para>
            </summary>
        </member>
        <member name="P:Amazon.PowerShell.Cmdlets.NEPTG.NewNEPTGGraphUsingImportTaskCmdlet.PublicConnectivity">
            <summary>
            <para>
            <para>Specifies whether or not the graph can be reachable over the internet. All access
            to graphs is IAM authenticated. (<c>true</c> to enable, or <c>false</c> to disable).</para>
            </para>
            </summary>
        </member>
        <member name="P:Amazon.PowerShell.Cmdlets.NEPTG.NewNEPTGGraphUsingImportTaskCmdlet.ReplicaCount">
            <summary>
            <para>
            <para>The number of replicas in other AZs to provision on the new graph after import. Default
            = 0, Min = 0, Max = 2.</para><important><para> Additional charges equivalent to the m-NCUs selected for the graph apply for each
            replica. </para></important>
            </para>
            </summary>
        </member>
        <member name="P:Amazon.PowerShell.Cmdlets.NEPTG.NewNEPTGGraphUsingImportTaskCmdlet.RoleArn">
            <summary>
            <para>
            <para>The ARN of the IAM role that will allow access to the data that is to be imported.</para>
            </para>
            </summary>
        </member>
        <member name="P:Amazon.PowerShell.Cmdlets.NEPTG.NewNEPTGGraphUsingImportTaskCmdlet.Neptune_S3ExportKmsKeyId">
            <summary>
            <para>
            <para>The KMS key to use to encrypt data in the S3 bucket where the graph data is exported</para>
            </para>
            </summary>
        </member>
        <member name="P:Amazon.PowerShell.Cmdlets.NEPTG.NewNEPTGGraphUsingImportTaskCmdlet.Neptune_S3ExportPath">
            <summary>
            <para>
            <para>The path to an S3 bucket from which to import data.</para>
            </para>
            </summary>
        </member>
        <member name="P:Amazon.PowerShell.Cmdlets.NEPTG.NewNEPTGGraphUsingImportTaskCmdlet.Source">
            <summary>
            <para>
            <para>A URL identifying to the location of the data to be imported. This can be an Amazon
            S3 path, or can point to a Neptune database endpoint or snapshot.</para>
            </para>
            </summary>
        </member>
        <member name="P:Amazon.PowerShell.Cmdlets.NEPTG.NewNEPTGGraphUsingImportTaskCmdlet.Tag">
            <summary>
            <para>
            <para>Adds metadata tags to the new graph. These tags can also be used with cost allocation
            reporting, or used in a Condition statement in an IAM policy.</para>
            </para>
            </summary>
        </member>
        <member name="P:Amazon.PowerShell.Cmdlets.NEPTG.NewNEPTGGraphUsingImportTaskCmdlet.Select">
            <summary>
            Use the -Select parameter to control the cmdlet output. The default value is '*'.
            Specifying -Select '*' will result in the cmdlet returning the whole service response (Amazon.NeptuneGraph.Model.CreateGraphUsingImportTaskResponse).
            Specifying the name of a property of type Amazon.NeptuneGraph.Model.CreateGraphUsingImportTaskResponse will result in that property being returned.
            Specifying -Select '^ParameterName' will result in the cmdlet returning the selected cmdlet parameter value.
            </summary>
        </member>
        <member name="P:Amazon.PowerShell.Cmdlets.NEPTG.NewNEPTGGraphUsingImportTaskCmdlet.Force">
            <summary>
            This parameter overrides confirmation prompts to force 
            the cmdlet to continue its operation. This parameter should always
            be used with caution.
            </summary>
        </member>
        <member name="T:Amazon.PowerShell.Cmdlets.NEPTG.NewNEPTGPrivateGraphEndpointCmdlet">
            <summary>
            Create a private graph endpoint to allow private access from to the graph from within
            a VPC. You can attach security groups to the private graph endpoint.
            
             <note><para>
            VPC endpoint charges apply.
            </para></note>
            </summary>
        </member>
        <member name="P:Amazon.PowerShell.Cmdlets.NEPTG.NewNEPTGPrivateGraphEndpointCmdlet.GraphIdentifier">
            <summary>
            <para>
            <para>The unique identifier of the Neptune Analytics graph.</para>
            </para>
            </summary>
        </member>
        <member name="P:Amazon.PowerShell.Cmdlets.NEPTG.NewNEPTGPrivateGraphEndpointCmdlet.SubnetId">
            <summary>
            <para>
            <para>Subnets in which private graph endpoint ENIs are created.</para>
            </para>
            </summary>
        </member>
        <member name="P:Amazon.PowerShell.Cmdlets.NEPTG.NewNEPTGPrivateGraphEndpointCmdlet.VpcId">
            <summary>
            <para>
            <para> The VPC in which the private graph endpoint needs to be created.</para>
            </para>
            </summary>
        </member>
        <member name="P:Amazon.PowerShell.Cmdlets.NEPTG.NewNEPTGPrivateGraphEndpointCmdlet.VpcSecurityGroupId">
            <summary>
            <para>
            <para>Security groups to be attached to the private graph endpoint..</para>
            </para>
            </summary>
        </member>
        <member name="P:Amazon.PowerShell.Cmdlets.NEPTG.NewNEPTGPrivateGraphEndpointCmdlet.Select">
            <summary>
            Use the -Select parameter to control the cmdlet output. The default value is '*'.
            Specifying -Select '*' will result in the cmdlet returning the whole service response (Amazon.NeptuneGraph.Model.CreatePrivateGraphEndpointResponse).
            Specifying the name of a property of type Amazon.NeptuneGraph.Model.CreatePrivateGraphEndpointResponse will result in that property being returned.
            Specifying -Select '^ParameterName' will result in the cmdlet returning the selected cmdlet parameter value.
            </summary>
        </member>
        <member name="P:Amazon.PowerShell.Cmdlets.NEPTG.NewNEPTGPrivateGraphEndpointCmdlet.PassThru">
            <summary>
            Changes the cmdlet behavior to return the value passed to the GraphIdentifier parameter.
            The -PassThru parameter is deprecated, use -Select '^GraphIdentifier' instead. This parameter will be removed in a future version.
            </summary>
        </member>
        <member name="P:Amazon.PowerShell.Cmdlets.NEPTG.NewNEPTGPrivateGraphEndpointCmdlet.Force">
            <summary>
            This parameter overrides confirmation prompts to force 
            the cmdlet to continue its operation. This parameter should always
            be used with caution.
            </summary>
        </member>
        <member name="T:Amazon.PowerShell.Cmdlets.NEPTG.RemoveNEPTGGraphCmdlet">
            <summary>
            Deletes the specified graph. Graphs cannot be deleted if delete-protection is enabled.
            </summary>
        </member>
        <member name="P:Amazon.PowerShell.Cmdlets.NEPTG.RemoveNEPTGGraphCmdlet.GraphIdentifier">
            <summary>
            <para>
            <para>The unique identifier of the Neptune Analytics graph.</para>
            </para>
            </summary>
        </member>
        <member name="P:Amazon.PowerShell.Cmdlets.NEPTG.RemoveNEPTGGraphCmdlet.SkipSnapshot">
            <summary>
            <para>
            <para>Determines whether a final graph snapshot is created before the graph is deleted.
            If <c>true</c> is specified, no graph snapshot is created. If <c>false</c> is specified,
            a graph snapshot is created before the graph is deleted.</para>
            </para>
            </summary>
        </member>
        <member name="P:Amazon.PowerShell.Cmdlets.NEPTG.RemoveNEPTGGraphCmdlet.Select">
            <summary>
            Use the -Select parameter to control the cmdlet output. The default value is '*'.
            Specifying -Select '*' will result in the cmdlet returning the whole service response (Amazon.NeptuneGraph.Model.DeleteGraphResponse).
            Specifying the name of a property of type Amazon.NeptuneGraph.Model.DeleteGraphResponse will result in that property being returned.
            Specifying -Select '^ParameterName' will result in the cmdlet returning the selected cmdlet parameter value.
            </summary>
        </member>
        <member name="P:Amazon.PowerShell.Cmdlets.NEPTG.RemoveNEPTGGraphCmdlet.PassThru">
            <summary>
            Changes the cmdlet behavior to return the value passed to the GraphIdentifier parameter.
            The -PassThru parameter is deprecated, use -Select '^GraphIdentifier' instead. This parameter will be removed in a future version.
            </summary>
        </member>
        <member name="P:Amazon.PowerShell.Cmdlets.NEPTG.RemoveNEPTGGraphCmdlet.Force">
            <summary>
            This parameter overrides confirmation prompts to force 
            the cmdlet to continue its operation. This parameter should always
            be used with caution.
            </summary>
        </member>
        <member name="T:Amazon.PowerShell.Cmdlets.NEPTG.RemoveNEPTGGraphSnapshotCmdlet">
            <summary>
            Deletes the specifed graph snapshot.
            </summary>
        </member>
        <member name="P:Amazon.PowerShell.Cmdlets.NEPTG.RemoveNEPTGGraphSnapshotCmdlet.SnapshotIdentifier">
            <summary>
            <para>
            <para>ID of the graph snapshot to be deleted.</para>
            </para>
            </summary>
        </member>
        <member name="P:Amazon.PowerShell.Cmdlets.NEPTG.RemoveNEPTGGraphSnapshotCmdlet.Select">
            <summary>
            Use the -Select parameter to control the cmdlet output. The default value is '*'.
            Specifying -Select '*' will result in the cmdlet returning the whole service response (Amazon.NeptuneGraph.Model.DeleteGraphSnapshotResponse).
            Specifying the name of a property of type Amazon.NeptuneGraph.Model.DeleteGraphSnapshotResponse will result in that property being returned.
            Specifying -Select '^ParameterName' will result in the cmdlet returning the selected cmdlet parameter value.
            </summary>
        </member>
        <member name="P:Amazon.PowerShell.Cmdlets.NEPTG.RemoveNEPTGGraphSnapshotCmdlet.PassThru">
            <summary>
            Changes the cmdlet behavior to return the value passed to the SnapshotIdentifier parameter.
            The -PassThru parameter is deprecated, use -Select '^SnapshotIdentifier' instead. This parameter will be removed in a future version.
            </summary>
        </member>
        <member name="P:Amazon.PowerShell.Cmdlets.NEPTG.RemoveNEPTGGraphSnapshotCmdlet.Force">
            <summary>
            This parameter overrides confirmation prompts to force 
            the cmdlet to continue its operation. This parameter should always
            be used with caution.
            </summary>
        </member>
        <member name="T:Amazon.PowerShell.Cmdlets.NEPTG.RemoveNEPTGPrivateGraphEndpointCmdlet">
            <summary>
            Deletes a private graph endpoint.
            </summary>
        </member>
        <member name="P:Amazon.PowerShell.Cmdlets.NEPTG.RemoveNEPTGPrivateGraphEndpointCmdlet.GraphIdentifier">
            <summary>
            <para>
            <para>The unique identifier of the Neptune Analytics graph.</para>
            </para>
            </summary>
        </member>
        <member name="P:Amazon.PowerShell.Cmdlets.NEPTG.RemoveNEPTGPrivateGraphEndpointCmdlet.VpcId">
            <summary>
            <para>
            <para>The ID of the VPC where the private endpoint is located.</para>
            </para>
            </summary>
        </member>
        <member name="P:Amazon.PowerShell.Cmdlets.NEPTG.RemoveNEPTGPrivateGraphEndpointCmdlet.Select">
            <summary>
            Use the -Select parameter to control the cmdlet output. The default value is '*'.
            Specifying -Select '*' will result in the cmdlet returning the whole service response (Amazon.NeptuneGraph.Model.DeletePrivateGraphEndpointResponse).
            Specifying the name of a property of type Amazon.NeptuneGraph.Model.DeletePrivateGraphEndpointResponse will result in that property being returned.
            Specifying -Select '^ParameterName' will result in the cmdlet returning the selected cmdlet parameter value.
            </summary>
        </member>
        <member name="P:Amazon.PowerShell.Cmdlets.NEPTG.RemoveNEPTGPrivateGraphEndpointCmdlet.PassThru">
            <summary>
            Changes the cmdlet behavior to return the value passed to the GraphIdentifier parameter.
            The -PassThru parameter is deprecated, use -Select '^GraphIdentifier' instead. This parameter will be removed in a future version.
            </summary>
        </member>
        <member name="P:Amazon.PowerShell.Cmdlets.NEPTG.RemoveNEPTGPrivateGraphEndpointCmdlet.Force">
            <summary>
            This parameter overrides confirmation prompts to force 
            the cmdlet to continue its operation. This parameter should always
            be used with caution.
            </summary>
        </member>
        <member name="T:Amazon.PowerShell.Cmdlets.NEPTG.RemoveNEPTGResourceTagCmdlet">
            <summary>
            Removes the specified tags from the specified resource.
            </summary>
        </member>
        <member name="P:Amazon.PowerShell.Cmdlets.NEPTG.RemoveNEPTGResourceTagCmdlet.ResourceArn">
            <summary>
            <para>
            <para>ARN of the resource whose tag needs to be removed.</para>
            </para>
            </summary>
        </member>
        <member name="P:Amazon.PowerShell.Cmdlets.NEPTG.RemoveNEPTGResourceTagCmdlet.TagKey">
            <summary>
            <para>
            <para>Tag keys for the tags to be removed.</para>
            </para>
            </summary>
        </member>
        <member name="P:Amazon.PowerShell.Cmdlets.NEPTG.RemoveNEPTGResourceTagCmdlet.Select">
            <summary>
            Use the -Select parameter to control the cmdlet output. The cmdlet doesn't have a return value by default.
            Specifying -Select '*' will result in the cmdlet returning the whole service response (Amazon.NeptuneGraph.Model.UntagResourceResponse).
            Specifying -Select '^ParameterName' will result in the cmdlet returning the selected cmdlet parameter value.
            </summary>
        </member>
        <member name="P:Amazon.PowerShell.Cmdlets.NEPTG.RemoveNEPTGResourceTagCmdlet.PassThru">
            <summary>
            Changes the cmdlet behavior to return the value passed to the ResourceArn parameter.
            The -PassThru parameter is deprecated, use -Select '^ResourceArn' instead. This parameter will be removed in a future version.
            </summary>
        </member>
        <member name="P:Amazon.PowerShell.Cmdlets.NEPTG.RemoveNEPTGResourceTagCmdlet.Force">
            <summary>
            This parameter overrides confirmation prompts to force 
            the cmdlet to continue its operation. This parameter should always
            be used with caution.
            </summary>
        </member>
        <member name="T:Amazon.PowerShell.Cmdlets.NEPTG.ResetNEPTGGraphCmdlet">
            <summary>
            Empties the data from a specified Neptune Analytics graph.
            </summary>
        </member>
        <member name="P:Amazon.PowerShell.Cmdlets.NEPTG.ResetNEPTGGraphCmdlet.GraphIdentifier">
            <summary>
            <para>
            <para>ID of the graph to reset.</para>
            </para>
            </summary>
        </member>
        <member name="P:Amazon.PowerShell.Cmdlets.NEPTG.ResetNEPTGGraphCmdlet.SkipSnapshot">
            <summary>
            <para>
            <para>Determines whether a final graph snapshot is created before the graph data is deleted.
            If set to <c>true</c>, no graph snapshot is created. If set to <c>false</c>, a graph
            snapshot is created before the data is deleted.</para>
            </para>
            </summary>
        </member>
        <member name="P:Amazon.PowerShell.Cmdlets.NEPTG.ResetNEPTGGraphCmdlet.Select">
            <summary>
            Use the -Select parameter to control the cmdlet output. The default value is '*'.
            Specifying -Select '*' will result in the cmdlet returning the whole service response (Amazon.NeptuneGraph.Model.ResetGraphResponse).
            Specifying the name of a property of type Amazon.NeptuneGraph.Model.ResetGraphResponse will result in that property being returned.
            Specifying -Select '^ParameterName' will result in the cmdlet returning the selected cmdlet parameter value.
            </summary>
        </member>
        <member name="P:Amazon.PowerShell.Cmdlets.NEPTG.ResetNEPTGGraphCmdlet.PassThru">
            <summary>
            Changes the cmdlet behavior to return the value passed to the GraphIdentifier parameter.
            The -PassThru parameter is deprecated, use -Select '^GraphIdentifier' instead. This parameter will be removed in a future version.
            </summary>
        </member>
        <member name="P:Amazon.PowerShell.Cmdlets.NEPTG.ResetNEPTGGraphCmdlet.Force">
            <summary>
            This parameter overrides confirmation prompts to force 
            the cmdlet to continue its operation. This parameter should always
            be used with caution.
            </summary>
        </member>
        <member name="T:Amazon.PowerShell.Cmdlets.NEPTG.RestoreNEPTGGraphFromSnapshotCmdlet">
            <summary>
            Restores a graph from a snapshot.
            </summary>
        </member>
        <member name="P:Amazon.PowerShell.Cmdlets.NEPTG.RestoreNEPTGGraphFromSnapshotCmdlet.DeletionProtection">
            <summary>
            <para>
            <para>A value that indicates whether the graph has deletion protection enabled. The graph
            can't be deleted when deletion protection is enabled.</para>
            </para>
            </summary>
        </member>
        <member name="P:Amazon.PowerShell.Cmdlets.NEPTG.RestoreNEPTGGraphFromSnapshotCmdlet.GraphName">
            <summary>
            <para>
            <para>A name for the new Neptune Analytics graph to be created from the snapshot.</para><para>The name must contain from 1 to 63 letters, numbers, or hyphens, and its first character
            must be a letter. It cannot end with a hyphen or contain two consecutive hyphens.
            </para>
            </para>
            </summary>
        </member>
        <member name="P:Amazon.PowerShell.Cmdlets.NEPTG.RestoreNEPTGGraphFromSnapshotCmdlet.ProvisionedMemory">
            <summary>
            <para>
            <para>The provisioned memory-optimized Neptune Capacity Units (m-NCUs) to use for the graph.</para><para>Min = 128</para>
            </para>
            </summary>
        </member>
        <member name="P:Amazon.PowerShell.Cmdlets.NEPTG.RestoreNEPTGGraphFromSnapshotCmdlet.PublicConnectivity">
            <summary>
            <para>
            <para>Specifies whether or not the graph can be reachable over the internet. All access
            to graphs is IAM authenticated. (<c>true</c> to enable, or <c>false</c> to disable).</para>
            </para>
            </summary>
        </member>
        <member name="P:Amazon.PowerShell.Cmdlets.NEPTG.RestoreNEPTGGraphFromSnapshotCmdlet.ReplicaCount">
            <summary>
            <para>
            <para>The number of replicas in other AZs. Min =0, Max = 2, Default =1</para><important><para> Additional charges equivalent to the m-NCUs selected for the graph apply for each
            replica. </para></important>
            </para>
            </summary>
        </member>
        <member name="P:Amazon.PowerShell.Cmdlets.NEPTG.RestoreNEPTGGraphFromSnapshotCmdlet.SnapshotIdentifier">
            <summary>
            <para>
            <para>The ID of the snapshot in question.</para>
            </para>
            </summary>
        </member>
        <member name="P:Amazon.PowerShell.Cmdlets.NEPTG.RestoreNEPTGGraphFromSnapshotCmdlet.Tag">
            <summary>
            <para>
            <para>Adds metadata tags to the snapshot. These tags can also be used with cost allocation
            reporting, or used in a Condition statement in an IAM policy.</para>
            </para>
            </summary>
        </member>
        <member name="P:Amazon.PowerShell.Cmdlets.NEPTG.RestoreNEPTGGraphFromSnapshotCmdlet.Select">
            <summary>
            Use the -Select parameter to control the cmdlet output. The default value is '*'.
            Specifying -Select '*' will result in the cmdlet returning the whole service response (Amazon.NeptuneGraph.Model.RestoreGraphFromSnapshotResponse).
            Specifying the name of a property of type Amazon.NeptuneGraph.Model.RestoreGraphFromSnapshotResponse will result in that property being returned.
            Specifying -Select '^ParameterName' will result in the cmdlet returning the selected cmdlet parameter value.
            </summary>
        </member>
        <member name="P:Amazon.PowerShell.Cmdlets.NEPTG.RestoreNEPTGGraphFromSnapshotCmdlet.PassThru">
            <summary>
            Changes the cmdlet behavior to return the value passed to the SnapshotIdentifier parameter.
            The -PassThru parameter is deprecated, use -Select '^SnapshotIdentifier' instead. This parameter will be removed in a future version.
            </summary>
        </member>
        <member name="P:Amazon.PowerShell.Cmdlets.NEPTG.RestoreNEPTGGraphFromSnapshotCmdlet.Force">
            <summary>
            This parameter overrides confirmation prompts to force 
            the cmdlet to continue its operation. This parameter should always
            be used with caution.
            </summary>
        </member>
        <member name="T:Amazon.PowerShell.Cmdlets.NEPTG.StartNEPTGExportTaskCmdlet">
            <summary>
            Export data from an existing Neptune Analytics graph to Amazon S3. The graph state
            should be <c>AVAILABLE</c>.
            </summary>
        </member>
        <member name="P:Amazon.PowerShell.Cmdlets.NEPTG.StartNEPTGExportTaskCmdlet.Destination">
            <summary>
            <para>
            <para>The Amazon S3 URI where data will be exported to.</para>
            </para>
            </summary>
        </member>
        <member name="P:Amazon.PowerShell.Cmdlets.NEPTG.StartNEPTGExportTaskCmdlet.ExportFilter_EdgeFilter">
            <summary>
            <para>
            <para>Used to specify filters on a per-label basis for edges. This allows you to control
            which edge labels and properties are included in the export.</para>
            </para>
            </summary>
        </member>
        <member name="P:Amazon.PowerShell.Cmdlets.NEPTG.StartNEPTGExportTaskCmdlet.Format">
            <summary>
            <para>
            <para>The format of the export task.</para>
            </para>
            </summary>
        </member>
        <member name="P:Amazon.PowerShell.Cmdlets.NEPTG.StartNEPTGExportTaskCmdlet.GraphIdentifier">
            <summary>
            <para>
            <para>The source graph identifier of the export task.</para>
            </para>
            </summary>
        </member>
        <member name="P:Amazon.PowerShell.Cmdlets.NEPTG.StartNEPTGExportTaskCmdlet.KmsKeyIdentifier">
            <summary>
            <para>
            <para>The KMS key identifier of the export task.</para>
            </para>
            </summary>
        </member>
        <member name="P:Amazon.PowerShell.Cmdlets.NEPTG.StartNEPTGExportTaskCmdlet.ParquetType">
            <summary>
            <para>
            <para>The parquet type of the export task.</para>
            </para>
            </summary>
        </member>
        <member name="P:Amazon.PowerShell.Cmdlets.NEPTG.StartNEPTGExportTaskCmdlet.RoleArn">
            <summary>
            <para>
            <para>The ARN of the IAM role that will allow data to be exported to the destination.</para>
            </para>
            </summary>
        </member>
        <member name="P:Amazon.PowerShell.Cmdlets.NEPTG.StartNEPTGExportTaskCmdlet.Tag">
            <summary>
            <para>
            <para>Tags to be applied to the export task.</para>
            </para>
            </summary>
        </member>
        <member name="P:Amazon.PowerShell.Cmdlets.NEPTG.StartNEPTGExportTaskCmdlet.ExportFilter_VertexFilter">
            <summary>
            <para>
            <para>Used to specify filters on a per-label basis for vertices. This allows you to control
            which vertex labels and properties are included in the export.</para>
            </para>
            </summary>
        </member>
        <member name="P:Amazon.PowerShell.Cmdlets.NEPTG.StartNEPTGExportTaskCmdlet.Select">
            <summary>
            Use the -Select parameter to control the cmdlet output. The default value is '*'.
            Specifying -Select '*' will result in the cmdlet returning the whole service response (Amazon.NeptuneGraph.Model.StartExportTaskResponse).
            Specifying the name of a property of type Amazon.NeptuneGraph.Model.StartExportTaskResponse will result in that property being returned.
            Specifying -Select '^ParameterName' will result in the cmdlet returning the selected cmdlet parameter value.
            </summary>
        </member>
        <member name="P:Amazon.PowerShell.Cmdlets.NEPTG.StartNEPTGExportTaskCmdlet.PassThru">
            <summary>
            Changes the cmdlet behavior to return the value passed to the GraphIdentifier parameter.
            The -PassThru parameter is deprecated, use -Select '^GraphIdentifier' instead. This parameter will be removed in a future version.
            </summary>
        </member>
        <member name="P:Amazon.PowerShell.Cmdlets.NEPTG.StartNEPTGExportTaskCmdlet.Force">
            <summary>
            This parameter overrides confirmation prompts to force 
            the cmdlet to continue its operation. This parameter should always
            be used with caution.
            </summary>
        </member>
        <member name="T:Amazon.PowerShell.Cmdlets.NEPTG.StartNEPTGImportTaskCmdlet">
            <summary>
            Import data into existing Neptune Analytics graph from Amazon Simple Storage Service
            (S3). The graph needs to be empty and in the AVAILABLE state.
            </summary>
        </member>
        <member name="P:Amazon.PowerShell.Cmdlets.NEPTG.StartNEPTGImportTaskCmdlet.BlankNodeHandling">
            <summary>
            <para>
            <para>The method to handle blank nodes in the dataset. Currently, only <c>convertToIri</c>
            is supported, meaning blank nodes are converted to unique IRIs at load time. Must
            be provided when format is <c>ntriples</c>. For more information, see <a href="https://docs.aws.amazon.com/neptune-analytics/latest/userguide/using-rdf-data.html#rdf-handling">Handling
            RDF values</a>.</para>
            </para>
            </summary>
        </member>
        <member name="P:Amazon.PowerShell.Cmdlets.NEPTG.StartNEPTGImportTaskCmdlet.FailOnError">
            <summary>
            <para>
            <para>If set to true, the task halts when an import error is encountered. If set to false,
            the task skips the data that caused the error and continues if possible.</para>
            </para>
            </summary>
        </member>
        <member name="P:Amazon.PowerShell.Cmdlets.NEPTG.StartNEPTGImportTaskCmdlet.Format">
            <summary>
            <para>
            <para>Specifies the format of Amazon S3 data to be imported. Valid values are CSV, which
            identifies the Gremlin CSV format or OPENCYPHER, which identies the openCypher load
            format.</para>
            </para>
            </summary>
        </member>
        <member name="P:Amazon.PowerShell.Cmdlets.NEPTG.StartNEPTGImportTaskCmdlet.GraphIdentifier">
            <summary>
            <para>
            <para>The unique identifier of the Neptune Analytics graph.</para>
            </para>
            </summary>
        </member>
        <member name="P:Amazon.PowerShell.Cmdlets.NEPTG.StartNEPTGImportTaskCmdlet.ParquetType">
            <summary>
            <para>
            <para>The parquet type of the import task.</para>
            </para>
            </summary>
        </member>
        <member name="P:Amazon.PowerShell.Cmdlets.NEPTG.StartNEPTGImportTaskCmdlet.Neptune_PreserveDefaultVertexLabel">
            <summary>
            <para>
            <para>Neptune Analytics supports label-less vertices and no labels are assigned unless one
            is explicitly provided. Neptune assigns default labels when none is explicitly provided.
            When importing the data into Neptune Analytics, the default vertex labels can be omitted
            by setting <i>preserveDefaultVertexLabels</i> to false. Note that if the vertex only
            has default labels, and has no other properties or edges, then the vertex will effectively
            not get imported into Neptune Analytics when preserveDefaultVertexLabels is set to
            false.</para>
            </para>
            </summary>
        </member>
        <member name="P:Amazon.PowerShell.Cmdlets.NEPTG.StartNEPTGImportTaskCmdlet.Neptune_PreserveEdgeId">
            <summary>
            <para>
            <para>Neptune Analytics currently does not support user defined edge ids. The edge ids are
            not imported by default. They are imported if <i>preserveEdgeIds</i> is set to true,
            and ids are stored as properties on the relationships with the property name <i>neptuneEdgeId</i>.</para>
            </para>
            </summary>
        </member>
        <member name="P:Amazon.PowerShell.Cmdlets.NEPTG.StartNEPTGImportTaskCmdlet.RoleArn">
            <summary>
            <para>
            <para>The ARN of the IAM role that will allow access to the data that is to be imported.</para>
            </para>
            </summary>
        </member>
        <member name="P:Amazon.PowerShell.Cmdlets.NEPTG.StartNEPTGImportTaskCmdlet.Neptune_S3ExportKmsKeyId">
            <summary>
            <para>
            <para>The KMS key to use to encrypt data in the S3 bucket where the graph data is exported</para>
            </para>
            </summary>
        </member>
        <member name="P:Amazon.PowerShell.Cmdlets.NEPTG.StartNEPTGImportTaskCmdlet.Neptune_S3ExportPath">
            <summary>
            <para>
            <para>The path to an S3 bucket from which to import data.</para>
            </para>
            </summary>
        </member>
        <member name="P:Amazon.PowerShell.Cmdlets.NEPTG.StartNEPTGImportTaskCmdlet.Source">
            <summary>
            <para>
            <para>A URL identifying the location of the data to be imported. This can be an Amazon S3
            path, or can point to a Neptune database endpoint or snapshot.</para>
            </para>
            </summary>
        </member>
        <member name="P:Amazon.PowerShell.Cmdlets.NEPTG.StartNEPTGImportTaskCmdlet.Select">
            <summary>
            Use the -Select parameter to control the cmdlet output. The default value is '*'.
            Specifying -Select '*' will result in the cmdlet returning the whole service response (Amazon.NeptuneGraph.Model.StartImportTaskResponse).
            Specifying the name of a property of type Amazon.NeptuneGraph.Model.StartImportTaskResponse will result in that property being returned.
            Specifying -Select '^ParameterName' will result in the cmdlet returning the selected cmdlet parameter value.
            </summary>
        </member>
        <member name="P:Amazon.PowerShell.Cmdlets.NEPTG.StartNEPTGImportTaskCmdlet.PassThru">
            <summary>
            Changes the cmdlet behavior to return the value passed to the GraphIdentifier parameter.
            The -PassThru parameter is deprecated, use -Select '^GraphIdentifier' instead. This parameter will be removed in a future version.
            </summary>
        </member>
        <member name="P:Amazon.PowerShell.Cmdlets.NEPTG.StartNEPTGImportTaskCmdlet.Force">
            <summary>
            This parameter overrides confirmation prompts to force 
            the cmdlet to continue its operation. This parameter should always
            be used with caution.
            </summary>
        </member>
        <member name="T:Amazon.PowerShell.Cmdlets.NEPTG.StopNEPTGExportTaskCmdlet">
            <summary>
            Cancel the specified export task.
            </summary>
        </member>
        <member name="P:Amazon.PowerShell.Cmdlets.NEPTG.StopNEPTGExportTaskCmdlet.TaskIdentifier">
            <summary>
            <para>
            <para>The unique identifier of the export task.</para>
            </para>
            </summary>
        </member>
        <member name="P:Amazon.PowerShell.Cmdlets.NEPTG.StopNEPTGExportTaskCmdlet.Select">
            <summary>
            Use the -Select parameter to control the cmdlet output. The default value is '*'.
            Specifying -Select '*' will result in the cmdlet returning the whole service response (Amazon.NeptuneGraph.Model.CancelExportTaskResponse).
            Specifying the name of a property of type Amazon.NeptuneGraph.Model.CancelExportTaskResponse will result in that property being returned.
            Specifying -Select '^ParameterName' will result in the cmdlet returning the selected cmdlet parameter value.
            </summary>
        </member>
        <member name="P:Amazon.PowerShell.Cmdlets.NEPTG.StopNEPTGExportTaskCmdlet.PassThru">
            <summary>
            Changes the cmdlet behavior to return the value passed to the TaskIdentifier parameter.
            The -PassThru parameter is deprecated, use -Select '^TaskIdentifier' instead. This parameter will be removed in a future version.
            </summary>
        </member>
        <member name="P:Amazon.PowerShell.Cmdlets.NEPTG.StopNEPTGExportTaskCmdlet.Force">
            <summary>
            This parameter overrides confirmation prompts to force 
            the cmdlet to continue its operation. This parameter should always
            be used with caution.
            </summary>
        </member>
        <member name="T:Amazon.PowerShell.Cmdlets.NEPTG.StopNEPTGImportTaskCmdlet">
            <summary>
            Deletes the specified import task.
            </summary>
        </member>
        <member name="P:Amazon.PowerShell.Cmdlets.NEPTG.StopNEPTGImportTaskCmdlet.TaskIdentifier">
            <summary>
            <para>
            <para>The unique identifier of the import task.</para>
            </para>
            </summary>
        </member>
        <member name="P:Amazon.PowerShell.Cmdlets.NEPTG.StopNEPTGImportTaskCmdlet.Select">
            <summary>
            Use the -Select parameter to control the cmdlet output. The default value is '*'.
            Specifying -Select '*' will result in the cmdlet returning the whole service response (Amazon.NeptuneGraph.Model.CancelImportTaskResponse).
            Specifying the name of a property of type Amazon.NeptuneGraph.Model.CancelImportTaskResponse will result in that property being returned.
            Specifying -Select '^ParameterName' will result in the cmdlet returning the selected cmdlet parameter value.
            </summary>
        </member>
        <member name="P:Amazon.PowerShell.Cmdlets.NEPTG.StopNEPTGImportTaskCmdlet.PassThru">
            <summary>
            Changes the cmdlet behavior to return the value passed to the TaskIdentifier parameter.
            The -PassThru parameter is deprecated, use -Select '^TaskIdentifier' instead. This parameter will be removed in a future version.
            </summary>
        </member>
        <member name="P:Amazon.PowerShell.Cmdlets.NEPTG.StopNEPTGImportTaskCmdlet.Force">
            <summary>
            This parameter overrides confirmation prompts to force 
            the cmdlet to continue its operation. This parameter should always
            be used with caution.
            </summary>
        </member>
        <member name="T:Amazon.PowerShell.Cmdlets.NEPTG.StopNEPTGQueryCmdlet">
            <summary>
            Cancels a specified query.
            </summary>
        </member>
        <member name="P:Amazon.PowerShell.Cmdlets.NEPTG.StopNEPTGQueryCmdlet.GraphIdentifier">
            <summary>
            <para>
            <para>The unique identifier of the Neptune Analytics graph.</para>
            </para>
            </summary>
        </member>
        <member name="P:Amazon.PowerShell.Cmdlets.NEPTG.StopNEPTGQueryCmdlet.QueryId">
            <summary>
            <para>
            <para>The unique identifier of the query to cancel.</para>
            </para>
            </summary>
        </member>
        <member name="P:Amazon.PowerShell.Cmdlets.NEPTG.StopNEPTGQueryCmdlet.Select">
            <summary>
            Use the -Select parameter to control the cmdlet output. The cmdlet doesn't have a return value by default.
            Specifying -Select '*' will result in the cmdlet returning the whole service response (Amazon.NeptuneGraph.Model.CancelQueryResponse).
            Specifying -Select '^ParameterName' will result in the cmdlet returning the selected cmdlet parameter value.
            </summary>
        </member>
        <member name="P:Amazon.PowerShell.Cmdlets.NEPTG.StopNEPTGQueryCmdlet.PassThru">
            <summary>
            Changes the cmdlet behavior to return the value passed to the GraphIdentifier parameter.
            The -PassThru parameter is deprecated, use -Select '^GraphIdentifier' instead. This parameter will be removed in a future version.
            </summary>
        </member>
        <member name="P:Amazon.PowerShell.Cmdlets.NEPTG.StopNEPTGQueryCmdlet.Force">
            <summary>
            This parameter overrides confirmation prompts to force 
            the cmdlet to continue its operation. This parameter should always
            be used with caution.
            </summary>
        </member>
        <member name="T:Amazon.PowerShell.Cmdlets.NEPTG.UpdateNEPTGGraphCmdlet">
            <summary>
            Updates the configuration of a specified Neptune Analytics graph
            </summary>
        </member>
        <member name="P:Amazon.PowerShell.Cmdlets.NEPTG.UpdateNEPTGGraphCmdlet.DeletionProtection">
            <summary>
            <para>
            <para>A value that indicates whether the graph has deletion protection enabled. The graph
            can't be deleted when deletion protection is enabled.</para>
            </para>
            </summary>
        </member>
        <member name="P:Amazon.PowerShell.Cmdlets.NEPTG.UpdateNEPTGGraphCmdlet.GraphIdentifier">
            <summary>
            <para>
            <para>The unique identifier of the Neptune Analytics graph.</para>
            </para>
            </summary>
        </member>
        <member name="P:Amazon.PowerShell.Cmdlets.NEPTG.UpdateNEPTGGraphCmdlet.ProvisionedMemory">
            <summary>
            <para>
            <para>The provisioned memory-optimized Neptune Capacity Units (m-NCUs) to use for the graph.</para><para>Min = 128</para>
            </para>
            </summary>
        </member>
        <member name="P:Amazon.PowerShell.Cmdlets.NEPTG.UpdateNEPTGGraphCmdlet.PublicConnectivity">
            <summary>
            <para>
            <para>Specifies whether or not the graph can be reachable over the internet. All access
            to graphs is IAM authenticated. (<c>true</c> to enable, or <c>false</c> to disable.</para>
            </para>
            </summary>
        </member>
        <member name="P:Amazon.PowerShell.Cmdlets.NEPTG.UpdateNEPTGGraphCmdlet.Select">
            <summary>
            Use the -Select parameter to control the cmdlet output. The default value is '*'.
            Specifying -Select '*' will result in the cmdlet returning the whole service response (Amazon.NeptuneGraph.Model.UpdateGraphResponse).
            Specifying the name of a property of type Amazon.NeptuneGraph.Model.UpdateGraphResponse will result in that property being returned.
            Specifying -Select '^ParameterName' will result in the cmdlet returning the selected cmdlet parameter value.
            </summary>
        </member>
        <member name="P:Amazon.PowerShell.Cmdlets.NEPTG.UpdateNEPTGGraphCmdlet.PassThru">
            <summary>
            Changes the cmdlet behavior to return the value passed to the GraphIdentifier parameter.
            The -PassThru parameter is deprecated, use -Select '^GraphIdentifier' instead. This parameter will be removed in a future version.
            </summary>
        </member>
        <member name="P:Amazon.PowerShell.Cmdlets.NEPTG.UpdateNEPTGGraphCmdlet.Force">
            <summary>
            This parameter overrides confirmation prompts to force 
            the cmdlet to continue its operation. This parameter should always
            be used with caution.
            </summary>
        </member>
    </members>
</doc>
