<Objs Version="1.1.0.1" xmlns="http://schemas.microsoft.com/powershell/2004/04">
  <Obj RefId="0">
    <TN RefId="0">
      <T>Microsoft.PowerShell.Commands.PSRepositoryItemInfo</T>
      <T>System.Management.Automation.PSCustomObject</T>
      <T>System.Object</T>
    </TN>
    <MS>
      <S N="Name">OCI.PSModules.Databasetools</S>
      <S N="Version">95.1.0</S>
      <S N="Type">Module</S>
      <S N="Description">This modules provides Cmdlets for OCI Databasetools Service</S>
      <S N="Author">Oracle Cloud Infrastructure</S>
      <S N="CompanyName">oci-psmodules-grp</S>
      <S N="Copyright">(c) Oracle Cloud Infrastructure. All rights reserved.</S>
      <DT N="PublishedDate">2024-11-12T18:45:36+02:00</DT>
      <Nil N="InstalledDate" />
      <Nil N="UpdatedDate" />
      <URI N="LicenseUri">https://github.com/oracle/oci-powershell-modules/blob/master/LICENSE.txt</URI>
      <URI N="ProjectUri">https://github.com/oracle/oci-powershell-modules/</URI>
      <URI N="IconUri">https://github.com/oracle/oci-powershell-modules/blob/master/icon.png</URI>
      <Obj N="Tags" RefId="1">
        <TN RefId="1">
          <T>System.Object[]</T>
          <T>System.Array</T>
          <T>System.Object</T>
        </TN>
        <LST>
          <S>PSEdition_Core</S>
          <S>Windows</S>
          <S>Linux</S>
          <S>macOS</S>
          <S>Oracle</S>
          <S>OCI</S>
          <S>Cloud</S>
          <S>OracleCloudInfrastructure</S>
          <S>Databasetools</S>
          <S>PSModule</S>
        </LST>
      </Obj>
      <Obj N="Includes" RefId="2">
        <TN RefId="2">
          <T>System.Collections.Hashtable</T>
          <T>System.Object</T>
        </TN>
        <DCT>
          <En>
            <S N="Key">Cmdlet</S>
            <Obj N="Value" RefId="3">
              <TNRef RefId="1" />
              <LST>
                <S>Add-OCIDatabasetoolsConnectionLock</S>
                <S>Add-OCIDatabasetoolsPrivateEndpointLock</S>
                <S>Confirm-OCIDatabasetoolsConnection</S>
                <S>Get-OCIDatabasetoolsConnection</S>
                <S>Get-OCIDatabasetoolsConnectionsList</S>
                <S>Get-OCIDatabasetoolsEndpointService</S>
                <S>Get-OCIDatabasetoolsEndpointServicesList</S>
                <S>Get-OCIDatabasetoolsPrivateEndpoint</S>
                <S>Get-OCIDatabasetoolsPrivateEndpointsList</S>
                <S>Get-OCIDatabasetoolsWorkRequest</S>
                <S>Get-OCIDatabasetoolsWorkRequestErrorsList</S>
                <S>Get-OCIDatabasetoolsWorkRequestLogsList</S>
                <S>Get-OCIDatabasetoolsWorkRequestsList</S>
                <S>Move-OCIDatabasetoolsConnectionCompartment</S>
                <S>Move-OCIDatabasetoolsPrivateEndpointCompartment</S>
                <S>New-OCIDatabasetoolsConnection</S>
                <S>New-OCIDatabasetoolsPrivateEndpoint</S>
                <S>Remove-OCIDatabasetoolsConnection</S>
                <S>Remove-OCIDatabasetoolsConnectionLock</S>
                <S>Remove-OCIDatabasetoolsPrivateEndpoint</S>
                <S>Remove-OCIDatabasetoolsPrivateEndpointLock</S>
                <S>Update-OCIDatabasetoolsConnection</S>
                <S>Update-OCIDatabasetoolsPrivateEndpoint</S>
              </LST>
            </Obj>
          </En>
          <En>
            <S N="Key">Command</S>
            <Obj N="Value" RefId="4">
              <TNRef RefId="1" />
              <LST>
                <S>Add-OCIDatabasetoolsConnectionLock</S>
                <S>Add-OCIDatabasetoolsPrivateEndpointLock</S>
                <S>Confirm-OCIDatabasetoolsConnection</S>
                <S>Get-OCIDatabasetoolsConnection</S>
                <S>Get-OCIDatabasetoolsConnectionsList</S>
                <S>Get-OCIDatabasetoolsEndpointService</S>
                <S>Get-OCIDatabasetoolsEndpointServicesList</S>
                <S>Get-OCIDatabasetoolsPrivateEndpoint</S>
                <S>Get-OCIDatabasetoolsPrivateEndpointsList</S>
                <S>Get-OCIDatabasetoolsWorkRequest</S>
                <S>Get-OCIDatabasetoolsWorkRequestErrorsList</S>
                <S>Get-OCIDatabasetoolsWorkRequestLogsList</S>
                <S>Get-OCIDatabasetoolsWorkRequestsList</S>
                <S>Move-OCIDatabasetoolsConnectionCompartment</S>
                <S>Move-OCIDatabasetoolsPrivateEndpointCompartment</S>
                <S>New-OCIDatabasetoolsConnection</S>
                <S>New-OCIDatabasetoolsPrivateEndpoint</S>
                <S>Remove-OCIDatabasetoolsConnection</S>
                <S>Remove-OCIDatabasetoolsConnectionLock</S>
                <S>Remove-OCIDatabasetoolsPrivateEndpoint</S>
                <S>Remove-OCIDatabasetoolsPrivateEndpointLock</S>
                <S>Update-OCIDatabasetoolsConnection</S>
                <S>Update-OCIDatabasetoolsPrivateEndpoint</S>
              </LST>
            </Obj>
          </En>
          <En>
            <S N="Key">Workflow</S>
            <Obj N="Value" RefId="5">
              <TNRef RefId="1" />
              <LST />
            </Obj>
          </En>
          <En>
            <S N="Key">Function</S>
            <Ref N="Value" RefId="5" />
          </En>
          <En>
            <S N="Key">RoleCapability</S>
            <Ref N="Value" RefId="5" />
          </En>
          <En>
            <S N="Key">DscResource</S>
            <Ref N="Value" RefId="5" />
          </En>
        </DCT>
      </Obj>
      <Nil N="PowerShellGetFormatVersion" />
      <S N="ReleaseNotes">https://github.com/oracle/oci-powershell-modules/blob/master/CHANGELOG.md</S>
      <Obj N="Dependencies" RefId="6">
        <TNRef RefId="1" />
        <LST>
          <Obj RefId="7">
            <TN RefId="3">
              <T>System.Collections.Specialized.OrderedDictionary</T>
              <T>System.Object</T>
            </TN>
            <DCT>
              <En>
                <S N="Key">Name</S>
                <S N="Value">OCI.PSModules.Common</S>
              </En>
              <En>
                <S N="Key">RequiredVersion</S>
                <S N="Value">95.1.0</S>
              </En>
              <En>
                <S N="Key">CanonicalId</S>
                <S N="Value">nuget:OCI.PSModules.Common/[95.1.0]</S>
              </En>
            </DCT>
          </Obj>
        </LST>
      </Obj>
      <S N="RepositorySourceLocation">https://www.powershellgallery.com/api/v2</S>
      <S N="Repository">PSGallery</S>
      <S N="PackageManagementProvider">NuGet</S>
      <Obj N="AdditionalMetadata" RefId="8">
        <TN RefId="4">
          <T>System.Management.Automation.PSCustomObject</T>
          <T>System.Object</T>
        </TN>
        <MS>
          <S N="copyright">(c) Oracle Cloud Infrastructure. All rights reserved.</S>
          <S N="description">This modules provides Cmdlets for OCI Databasetools Service</S>
          <S N="requireLicenseAcceptance">False</S>
          <S N="releaseNotes">https://github.com/oracle/oci-powershell-modules/blob/master/CHANGELOG.md</S>
          <S N="isLatestVersion">False</S>
          <S N="isAbsoluteLatestVersion">False</S>
          <S N="versionDownloadCount">336</S>
          <S N="downloadCount">11834</S>
          <S N="packageSize">137584</S>
          <S N="published">11/12/2024 6:45:36 PM +02:00</S>
          <S N="created">11/12/2024 6:45:36 PM +02:00</S>
          <S N="lastUpdated">9/5/2025 4:40:00 PM +03:00</S>
          <S N="tags">PSEdition_Core Windows Linux macOS Oracle OCI Cloud OracleCloudInfrastructure Databasetools PSModule PSCmdlet_Add-OCIDatabasetoolsConnectionLock PSCommand_Add-OCIDatabasetoolsConnectionLock PSCmdlet_Add-OCIDatabasetoolsPrivateEndpointLock PSCommand_Add-OCIDatabasetoolsPrivateEndpointLock PSCmdlet_Confirm-OCIDatabasetoolsConnection PSCommand_Confirm-OCIDatabasetoolsConnection PSCmdlet_Get-OCIDatabasetoolsConnection PSCommand_Get-OCIDatabasetoolsConnection PSCmdlet_Get-OCIDatabasetoolsConnectionsList PSCommand_Get-OCIDatabasetoolsConnectionsList PSCmdlet_Get-OCIDatabasetoolsEndpointService PSCommand_Get-OCIDatabasetoolsEndpointService PSCmdlet_Get-OCIDatabasetoolsEndpointServicesList PSCommand_Get-OCIDatabasetoolsEndpointServicesList PSCmdlet_Get-OCIDatabasetoolsPrivateEndpoint PSCommand_Get-OCIDatabasetoolsPrivateEndpoint PSCmdlet_Get-OCIDatabasetoolsPrivateEndpointsList PSCommand_Get-OCIDatabasetoolsPrivateEndpointsList PSCmdlet_Get-OCIDatabasetoolsWorkRequest PSCommand_Get-OCIDatabasetoolsWorkRequest PSCmdlet_Get-OCIDatabasetoolsWorkRequestErrorsList PSCommand_Get-OCIDatabasetoolsWorkRequestErrorsList PSCmdlet_Get-OCIDatabasetoolsWorkRequestLogsList PSCommand_Get-OCIDatabasetoolsWorkRequestLogsList PSCmdlet_Get-OCIDatabasetoolsWorkRequestsList PSCommand_Get-OCIDatabasetoolsWorkRequestsList PSCmdlet_Move-OCIDatabasetoolsConnectionCompartment PSCommand_Move-OCIDatabasetoolsConnectionCompartment PSCmdlet_Move-OCIDatabasetoolsPrivateEndpointCompartment PSCommand_Move-OCIDatabasetoolsPrivateEndpointCompartment PSCmdlet_New-OCIDatabasetoolsConnection PSCommand_New-OCIDatabasetoolsConnection PSCmdlet_New-OCIDatabasetoolsPrivateEndpoint PSCommand_New-OCIDatabasetoolsPrivateEndpoint PSCmdlet_Remove-OCIDatabasetoolsConnection PSCommand_Remove-OCIDatabasetoolsConnection PSCmdlet_Remove-OCIDatabasetoolsConnectionLock PSCommand_Remove-OCIDatabasetoolsConnectionLock PSCmdlet_Remove-OCIDatabasetoolsPrivateEndpoint PSCommand_Remove-OCIDatabasetoolsPrivateEndpoint PSCmdlet_Remove-OCIDatabasetoolsPrivateEndpointLock PSCommand_Remove-OCIDatabasetoolsPrivateEndpointLock PSCmdlet_Update-OCIDatabasetoolsConnection PSCommand_Update-OCIDatabasetoolsConnection PSCmdlet_Update-OCIDatabasetoolsPrivateEndpoint PSCommand_Update-OCIDatabasetoolsPrivateEndpoint PSIncludes_Cmdlet</S>
          <S N="developmentDependency">False</S>
          <S N="updated">2025-09-05T16:40:00Z</S>
          <S N="NormalizedVersion">95.1.0</S>
          <S N="Authors">Oracle Cloud Infrastructure</S>
          <S N="IsPrerelease">false</S>
          <S N="ItemType">Module</S>
          <S N="FileList">OCI.PSModules.Databasetools.nuspec|THIRD_PARTY_LICENSES.txt|OCI.PSModules.Databasetools.dll-Help.xml|LICENSE.txt|OCI.PSModules.Databasetools.psd1|assemblies\OCI.DotNetSDK.Databasetools.dll|assemblies\OCI.PSModules.Databasetools.dll</S>
          <S N="GUID">6caf205d-e415-4d7f-93f8-86cff5556f36</S>
          <S N="PowerShellVersion">6.0</S>
          <S N="CompanyName">Oracle Corporation</S>
        </MS>
      </Obj>
      <S N="InstalledLocation">C:\Program Files\PowerShell\Modules1\OCI.PSModules.Databasetools\95.1.0</S>
    </MS>
  </Obj>
</Objs>
