<Objs Version="1.1.0.1" xmlns="http://schemas.microsoft.com/powershell/2004/04">
  <Obj RefId="0">
    <TN RefId="0">
      <T>Microsoft.PowerShell.Commands.PSRepositoryItemInfo</T>
      <T>System.Management.Automation.PSCustomObject</T>
      <T>System.Object</T>
    </TN>
    <MS>
      <S N="Name">OCI.PSModules.Identitydomains</S>
      <S N="Version">95.1.0</S>
      <S N="Type">Module</S>
      <S N="Description">This modules provides Cmdlets for OCI Identitydomains Service</S>
      <S N="Author">Oracle Cloud Infrastructure</S>
      <S N="CompanyName">oci-psmodules-grp</S>
      <S N="Copyright">(c) Oracle Cloud Infrastructure. All rights reserved.</S>
      <DT N="PublishedDate">2024-11-12T18:49:07+02:00</DT>
      <Nil N="InstalledDate" />
      <Nil N="UpdatedDate" />
      <URI N="LicenseUri">https://github.com/oracle/oci-powershell-modules/blob/master/LICENSE.txt</URI>
      <URI N="ProjectUri">https://github.com/oracle/oci-powershell-modules/</URI>
      <URI N="IconUri">https://github.com/oracle/oci-powershell-modules/blob/master/icon.png</URI>
      <Obj N="Tags" RefId="1">
        <TN RefId="1">
          <T>System.Object[]</T>
          <T>System.Array</T>
          <T>System.Object</T>
        </TN>
        <LST>
          <S>PSEdition_Core</S>
          <S>Windows</S>
          <S>Linux</S>
          <S>macOS</S>
          <S>Oracle</S>
          <S>OCI</S>
          <S>Cloud</S>
          <S>OracleCloudInfrastructure</S>
          <S>Identitydomains</S>
          <S>PSModule</S>
        </LST>
      </Obj>
      <Obj N="Includes" RefId="2">
        <TN RefId="2">
          <T>System.Collections.Hashtable</T>
          <T>System.Object</T>
        </TN>
        <DCT>
          <En>
            <S N="Key">Function</S>
            <Obj N="Value" RefId="3">
              <TNRef RefId="1" />
              <LST />
            </Obj>
          </En>
          <En>
            <S N="Key">Workflow</S>
            <Ref N="Value" RefId="3" />
          </En>
          <En>
            <S N="Key">DscResource</S>
            <Ref N="Value" RefId="3" />
          </En>
          <En>
            <S N="Key">RoleCapability</S>
            <Ref N="Value" RefId="3" />
          </En>
          <En>
            <S N="Key">Command</S>
            <Obj N="Value" RefId="4">
              <TNRef RefId="1" />
              <LST>
                <S>Get-OCIIdentitydomainsAccountMgmtInfo</S>
                <S>Get-OCIIdentitydomainsAccountMgmtInfosList</S>
                <S>Get-OCIIdentitydomainsAccountRecoverySetting</S>
                <S>Get-OCIIdentitydomainsAccountRecoverySettingsList</S>
                <S>Get-OCIIdentitydomainsApiKey</S>
                <S>Get-OCIIdentitydomainsApiKeysList</S>
                <S>Get-OCIIdentitydomainsApp</S>
                <S>Get-OCIIdentitydomainsAppRole</S>
                <S>Get-OCIIdentitydomainsAppRolesList</S>
                <S>Get-OCIIdentitydomainsApprovalWorkflow</S>
                <S>Get-OCIIdentitydomainsApprovalWorkflowAssignment</S>
                <S>Get-OCIIdentitydomainsApprovalWorkflowAssignmentsList</S>
                <S>Get-OCIIdentitydomainsApprovalWorkflowsList</S>
                <S>Get-OCIIdentitydomainsApprovalWorkflowStep</S>
                <S>Get-OCIIdentitydomainsApprovalWorkflowStepsList</S>
                <S>Get-OCIIdentitydomainsAppsList</S>
                <S>Get-OCIIdentitydomainsAuthenticationFactorSetting</S>
                <S>Get-OCIIdentitydomainsAuthenticationFactorSettingsList</S>
                <S>Get-OCIIdentitydomainsAuthToken</S>
                <S>Get-OCIIdentitydomainsAuthTokensList</S>
                <S>Get-OCIIdentitydomainsBrandingSetting</S>
                <S>Get-OCIIdentitydomainsBrandingSettingsList</S>
                <S>Get-OCIIdentitydomainsCloudGate</S>
                <S>Get-OCIIdentitydomainsCloudGateMapping</S>
                <S>Get-OCIIdentitydomainsCloudGateMappingsList</S>
                <S>Get-OCIIdentitydomainsCloudGateServer</S>
                <S>Get-OCIIdentitydomainsCloudGateServersList</S>
                <S>Get-OCIIdentitydomainsCloudGatesList</S>
                <S>Get-OCIIdentitydomainsCondition</S>
                <S>Get-OCIIdentitydomainsConditionsList</S>
                <S>Get-OCIIdentitydomainsCustomerSecretKey</S>
                <S>Get-OCIIdentitydomainsCustomerSecretKeysList</S>
                <S>Get-OCIIdentitydomainsDynamicResourceGroup</S>
                <S>Get-OCIIdentitydomainsDynamicResourceGroupsList</S>
                <S>Get-OCIIdentitydomainsGrant</S>
                <S>Get-OCIIdentitydomainsGrantsList</S>
                <S>Get-OCIIdentitydomainsGroup</S>
                <S>Get-OCIIdentitydomainsGroupsList</S>
                <S>Get-OCIIdentitydomainsIdentityPropagationTrust</S>
                <S>Get-OCIIdentitydomainsIdentityPropagationTrustsList</S>
                <S>Get-OCIIdentitydomainsIdentityProvider</S>
                <S>Get-OCIIdentitydomainsIdentityProvidersList</S>
                <S>Get-OCIIdentitydomainsIdentitySetting</S>
                <S>Get-OCIIdentitydomainsIdentitySettingsList</S>
                <S>Get-OCIIdentitydomainsKmsiSetting</S>
                <S>Get-OCIIdentitydomainsKmsiSettingsList</S>
                <S>Get-OCIIdentitydomainsMe</S>
                <S>Get-OCIIdentitydomainsMyApiKey</S>
                <S>Get-OCIIdentitydomainsMyApiKeysList</S>
                <S>Get-OCIIdentitydomainsMyAppsList</S>
                <S>Get-OCIIdentitydomainsMyAuthToken</S>
                <S>Get-OCIIdentitydomainsMyAuthTokensList</S>
                <S>Get-OCIIdentitydomainsMyCompletedApproval</S>
                <S>Get-OCIIdentitydomainsMyCompletedApprovalsList</S>
                <S>Get-OCIIdentitydomainsMyCustomerSecretKey</S>
                <S>Get-OCIIdentitydomainsMyCustomerSecretKeysList</S>
                <S>Get-OCIIdentitydomainsMyDevice</S>
                <S>Get-OCIIdentitydomainsMyDevicesList</S>
                <S>Get-OCIIdentitydomainsMyGroupsList</S>
                <S>Get-OCIIdentitydomainsMyOAuth2ClientCredential</S>
                <S>Get-OCIIdentitydomainsMyOAuth2ClientCredentialsList</S>
                <S>Get-OCIIdentitydomainsMyPendingApproval</S>
                <S>Get-OCIIdentitydomainsMyPendingApprovalsList</S>
                <S>Get-OCIIdentitydomainsMyRequest</S>
                <S>Get-OCIIdentitydomainsMyRequestableGroupsList</S>
                <S>Get-OCIIdentitydomainsMyRequestsList</S>
                <S>Get-OCIIdentitydomainsMySmtpCredential</S>
                <S>Get-OCIIdentitydomainsMySmtpCredentialsList</S>
                <S>Get-OCIIdentitydomainsMySupportAccount</S>
                <S>Get-OCIIdentitydomainsMySupportAccountsList</S>
                <S>Get-OCIIdentitydomainsMyTrustedUserAgent</S>
                <S>Get-OCIIdentitydomainsMyTrustedUserAgentsList</S>
                <S>Get-OCIIdentitydomainsMyUserDbCredential</S>
                <S>Get-OCIIdentitydomainsMyUserDbCredentialsList</S>
                <S>Get-OCIIdentitydomainsNetworkPerimeter</S>
                <S>Get-OCIIdentitydomainsNetworkPerimetersList</S>
                <S>Get-OCIIdentitydomainsNotificationSetting</S>
                <S>Get-OCIIdentitydomainsNotificationSettingsList</S>
                <S>Get-OCIIdentitydomainsOAuth2ClientCredential</S>
                <S>Get-OCIIdentitydomainsOAuth2ClientCredentialsList</S>
                <S>Get-OCIIdentitydomainsOAuthClientCertificate</S>
                <S>Get-OCIIdentitydomainsOAuthClientCertificatesList</S>
                <S>Get-OCIIdentitydomainsOAuthPartnerCertificate</S>
                <S>Get-OCIIdentitydomainsOAuthPartnerCertificatesList</S>
                <S>Get-OCIIdentitydomainsOciConsoleSignOnPolicyConsent</S>
                <S>Get-OCIIdentitydomainsOciConsoleSignOnPolicyConsentsList</S>
                <S>Get-OCIIdentitydomainsPasswordPoliciesList</S>
                <S>Get-OCIIdentitydomainsPasswordPolicy</S>
                <S>Get-OCIIdentitydomainsPoliciesList</S>
                <S>Get-OCIIdentitydomainsPolicy</S>
                <S>Get-OCIIdentitydomainsResourceTypeSchemaAttributesList</S>
                <S>Get-OCIIdentitydomainsRule</S>
                <S>Get-OCIIdentitydomainsRulesList</S>
                <S>Get-OCIIdentitydomainsSchema</S>
                <S>Get-OCIIdentitydomainsSchemasList</S>
                <S>Get-OCIIdentitydomainsSecurityQuestion</S>
                <S>Get-OCIIdentitydomainsSecurityQuestionSetting</S>
                <S>Get-OCIIdentitydomainsSecurityQuestionSettingsList</S>
                <S>Get-OCIIdentitydomainsSecurityQuestionsList</S>
                <S>Get-OCIIdentitydomainsSelfRegistrationProfile</S>
                <S>Get-OCIIdentitydomainsSelfRegistrationProfilesList</S>
                <S>Get-OCIIdentitydomainsSetting</S>
                <S>Get-OCIIdentitydomainsSettingsList</S>
                <S>Get-OCIIdentitydomainsSmtpCredential</S>
                <S>Get-OCIIdentitydomainsSmtpCredentialsList</S>
                <S>Get-OCIIdentitydomainsSocialIdentityProvider</S>
                <S>Get-OCIIdentitydomainsSocialIdentityProvidersList</S>
                <S>Get-OCIIdentitydomainsUser</S>
                <S>Get-OCIIdentitydomainsUserAttributesSetting</S>
                <S>Get-OCIIdentitydomainsUserAttributesSettingsList</S>
                <S>Get-OCIIdentitydomainsUserDbCredential</S>
                <S>Get-OCIIdentitydomainsUserDbCredentialsList</S>
                <S>Get-OCIIdentitydomainsUsersList</S>
                <S>Invoke-OCIIdentitydomainsPatchAccountRecoverySetting</S>
                <S>Invoke-OCIIdentitydomainsPatchApiKey</S>
                <S>Invoke-OCIIdentitydomainsPatchApp</S>
                <S>Invoke-OCIIdentitydomainsPatchAppRole</S>
                <S>Invoke-OCIIdentitydomainsPatchApprovalWorkflow</S>
                <S>Invoke-OCIIdentitydomainsPatchApprovalWorkflowStep</S>
                <S>Invoke-OCIIdentitydomainsPatchAuthToken</S>
                <S>Invoke-OCIIdentitydomainsPatchCloudGate</S>
                <S>Invoke-OCIIdentitydomainsPatchCloudGateMapping</S>
                <S>Invoke-OCIIdentitydomainsPatchCloudGateServer</S>
                <S>Invoke-OCIIdentitydomainsPatchCondition</S>
                <S>Invoke-OCIIdentitydomainsPatchCustomerSecretKey</S>
                <S>Invoke-OCIIdentitydomainsPatchDynamicResourceGroup</S>
                <S>Invoke-OCIIdentitydomainsPatchGrant</S>
                <S>Invoke-OCIIdentitydomainsPatchGroup</S>
                <S>Invoke-OCIIdentitydomainsPatchIdentityPropagationTrust</S>
                <S>Invoke-OCIIdentitydomainsPatchIdentityProvider</S>
                <S>Invoke-OCIIdentitydomainsPatchIdentitySetting</S>
                <S>Invoke-OCIIdentitydomainsPatchKmsiSetting</S>
                <S>Invoke-OCIIdentitydomainsPatchMe</S>
                <S>Invoke-OCIIdentitydomainsPatchMyApiKey</S>
                <S>Invoke-OCIIdentitydomainsPatchMyAuthToken</S>
                <S>Invoke-OCIIdentitydomainsPatchMyCustomerSecretKey</S>
                <S>Invoke-OCIIdentitydomainsPatchMyDevice</S>
                <S>Invoke-OCIIdentitydomainsPatchMyOAuth2ClientCredential</S>
                <S>Invoke-OCIIdentitydomainsPatchMyPendingApproval</S>
                <S>Invoke-OCIIdentitydomainsPatchMyRequest</S>
                <S>Invoke-OCIIdentitydomainsPatchMySmtpCredential</S>
                <S>Invoke-OCIIdentitydomainsPatchNetworkPerimeter</S>
                <S>Invoke-OCIIdentitydomainsPatchOAuth2ClientCredential</S>
                <S>Invoke-OCIIdentitydomainsPatchPasswordPolicy</S>
                <S>Invoke-OCIIdentitydomainsPatchPolicy</S>
                <S>Invoke-OCIIdentitydomainsPatchRule</S>
                <S>Invoke-OCIIdentitydomainsPatchSchema</S>
                <S>Invoke-OCIIdentitydomainsPatchSecurityQuestion</S>
                <S>Invoke-OCIIdentitydomainsPatchSecurityQuestionSetting</S>
                <S>Invoke-OCIIdentitydomainsPatchSelfRegistrationProfile</S>
                <S>Invoke-OCIIdentitydomainsPatchSetting</S>
                <S>Invoke-OCIIdentitydomainsPatchSmtpCredential</S>
                <S>Invoke-OCIIdentitydomainsPatchSocialIdentityProvider</S>
                <S>Invoke-OCIIdentitydomainsPatchUser</S>
                <S>Invoke-OCIIdentitydomainsPatchUserAttributesSetting</S>
                <S>Invoke-OCIIdentitydomainsSearchAccountMgmtInfos</S>
                <S>Invoke-OCIIdentitydomainsSearchApiKeys</S>
                <S>Invoke-OCIIdentitydomainsSearchAppRoles</S>
                <S>Invoke-OCIIdentitydomainsSearchApps</S>
                <S>Invoke-OCIIdentitydomainsSearchAuthenticationFactorSettings</S>
                <S>Invoke-OCIIdentitydomainsSearchAuthTokens</S>
                <S>Invoke-OCIIdentitydomainsSearchCloudGateMappings</S>
                <S>Invoke-OCIIdentitydomainsSearchCloudGates</S>
                <S>Invoke-OCIIdentitydomainsSearchCloudGateServers</S>
                <S>Invoke-OCIIdentitydomainsSearchConditions</S>
                <S>Invoke-OCIIdentitydomainsSearchCustomerSecretKeys</S>
                <S>Invoke-OCIIdentitydomainsSearchDynamicResourceGroups</S>
                <S>Invoke-OCIIdentitydomainsSearchGrants</S>
                <S>Invoke-OCIIdentitydomainsSearchGroups</S>
                <S>Invoke-OCIIdentitydomainsSearchIdentityProviders</S>
                <S>Invoke-OCIIdentitydomainsSearchIdentitySettings</S>
                <S>Invoke-OCIIdentitydomainsSearchKmsiSettings</S>
                <S>Invoke-OCIIdentitydomainsSearchMyApps</S>
                <S>Invoke-OCIIdentitydomainsSearchMyGroups</S>
                <S>Invoke-OCIIdentitydomainsSearchMyRequestableGroups</S>
                <S>Invoke-OCIIdentitydomainsSearchMyRequests</S>
                <S>Invoke-OCIIdentitydomainsSearchNetworkPerimeters</S>
                <S>Invoke-OCIIdentitydomainsSearchNotificationSettings</S>
                <S>Invoke-OCIIdentitydomainsSearchOAuth2ClientCredentials</S>
                <S>Invoke-OCIIdentitydomainsSearchOAuthClientCertificates</S>
                <S>Invoke-OCIIdentitydomainsSearchOAuthPartnerCertificates</S>
                <S>Invoke-OCIIdentitydomainsSearchOciConsoleSignOnPolicyConsents</S>
                <S>Invoke-OCIIdentitydomainsSearchPasswordPolicies</S>
                <S>Invoke-OCIIdentitydomainsSearchPolicies</S>
                <S>Invoke-OCIIdentitydomainsSearchResourceTypeSchemaAttributes</S>
                <S>Invoke-OCIIdentitydomainsSearchRules</S>
                <S>Invoke-OCIIdentitydomainsSearchSchemas</S>
                <S>Invoke-OCIIdentitydomainsSearchSecurityQuestions</S>
                <S>Invoke-OCIIdentitydomainsSearchSecurityQuestionSettings</S>
                <S>Invoke-OCIIdentitydomainsSearchSelfRegistrationProfiles</S>
                <S>Invoke-OCIIdentitydomainsSearchSettings</S>
                <S>Invoke-OCIIdentitydomainsSearchSmtpCredentials</S>
                <S>Invoke-OCIIdentitydomainsSearchSocialIdentityProviders</S>
                <S>Invoke-OCIIdentitydomainsSearchUserAttributesSettings</S>
                <S>Invoke-OCIIdentitydomainsSearchUserDbCredentials</S>
                <S>Invoke-OCIIdentitydomainsSearchUsers</S>
                <S>New-OCIIdentitydomainsApiKey</S>
                <S>New-OCIIdentitydomainsApp</S>
                <S>New-OCIIdentitydomainsAppRole</S>
                <S>New-OCIIdentitydomainsApprovalWorkflow</S>
                <S>New-OCIIdentitydomainsApprovalWorkflowAssignment</S>
                <S>New-OCIIdentitydomainsApprovalWorkflowStep</S>
                <S>New-OCIIdentitydomainsAuthenticationFactorsRemover</S>
                <S>New-OCIIdentitydomainsAuthToken</S>
                <S>New-OCIIdentitydomainsCloudGate</S>
                <S>New-OCIIdentitydomainsCloudGateMapping</S>
                <S>New-OCIIdentitydomainsCloudGateServer</S>
                <S>New-OCIIdentitydomainsCondition</S>
                <S>New-OCIIdentitydomainsCustomerSecretKey</S>
                <S>New-OCIIdentitydomainsDynamicResourceGroup</S>
                <S>New-OCIIdentitydomainsGrant</S>
                <S>New-OCIIdentitydomainsGroup</S>
                <S>New-OCIIdentitydomainsIdentityPropagationTrust</S>
                <S>New-OCIIdentitydomainsIdentityProvider</S>
                <S>New-OCIIdentitydomainsMe</S>
                <S>New-OCIIdentitydomainsMyApiKey</S>
                <S>New-OCIIdentitydomainsMyAuthenticationFactorInitiator</S>
                <S>New-OCIIdentitydomainsMyAuthenticationFactorsRemover</S>
                <S>New-OCIIdentitydomainsMyAuthenticationFactorValidator</S>
                <S>New-OCIIdentitydomainsMyAuthToken</S>
                <S>New-OCIIdentitydomainsMyCustomerSecretKey</S>
                <S>New-OCIIdentitydomainsMyOAuth2ClientCredential</S>
                <S>New-OCIIdentitydomainsMyRequest</S>
                <S>New-OCIIdentitydomainsMySmtpCredential</S>
                <S>New-OCIIdentitydomainsMySupportAccount</S>
                <S>New-OCIIdentitydomainsMyUserDbCredential</S>
                <S>New-OCIIdentitydomainsNetworkPerimeter</S>
                <S>New-OCIIdentitydomainsOAuth2ClientCredential</S>
                <S>New-OCIIdentitydomainsOAuthClientCertificate</S>
                <S>New-OCIIdentitydomainsOAuthPartnerCertificate</S>
                <S>New-OCIIdentitydomainsPasswordPolicy</S>
                <S>New-OCIIdentitydomainsPolicy</S>
                <S>New-OCIIdentitydomainsRestoreOciConsolePolicy</S>
                <S>New-OCIIdentitydomainsRule</S>
                <S>New-OCIIdentitydomainsSecurityQuestion</S>
                <S>New-OCIIdentitydomainsSelfRegistrationProfile</S>
                <S>New-OCIIdentitydomainsSmtpCredential</S>
                <S>New-OCIIdentitydomainsSocialIdentityProvider</S>
                <S>New-OCIIdentitydomainsUser</S>
                <S>New-OCIIdentitydomainsUserDbCredential</S>
                <S>Remove-OCIIdentitydomainsApiKey</S>
                <S>Remove-OCIIdentitydomainsApp</S>
                <S>Remove-OCIIdentitydomainsAppRole</S>
                <S>Remove-OCIIdentitydomainsApprovalWorkflow</S>
                <S>Remove-OCIIdentitydomainsApprovalWorkflowAssignment</S>
                <S>Remove-OCIIdentitydomainsApprovalWorkflowStep</S>
                <S>Remove-OCIIdentitydomainsAuthToken</S>
                <S>Remove-OCIIdentitydomainsCloudGate</S>
                <S>Remove-OCIIdentitydomainsCloudGateMapping</S>
                <S>Remove-OCIIdentitydomainsCloudGateServer</S>
                <S>Remove-OCIIdentitydomainsCondition</S>
                <S>Remove-OCIIdentitydomainsCustomerSecretKey</S>
                <S>Remove-OCIIdentitydomainsDynamicResourceGroup</S>
                <S>Remove-OCIIdentitydomainsGrant</S>
                <S>Remove-OCIIdentitydomainsGroup</S>
                <S>Remove-OCIIdentitydomainsIdentityPropagationTrust</S>
                <S>Remove-OCIIdentitydomainsIdentityProvider</S>
                <S>Remove-OCIIdentitydomainsMyApiKey</S>
                <S>Remove-OCIIdentitydomainsMyAuthToken</S>
                <S>Remove-OCIIdentitydomainsMyCustomerSecretKey</S>
                <S>Remove-OCIIdentitydomainsMyDevice</S>
                <S>Remove-OCIIdentitydomainsMyOAuth2ClientCredential</S>
                <S>Remove-OCIIdentitydomainsMySmtpCredential</S>
                <S>Remove-OCIIdentitydomainsMySupportAccount</S>
                <S>Remove-OCIIdentitydomainsMyTrustedUserAgent</S>
                <S>Remove-OCIIdentitydomainsMyUserDbCredential</S>
                <S>Remove-OCIIdentitydomainsNetworkPerimeter</S>
                <S>Remove-OCIIdentitydomainsOAuth2ClientCredential</S>
                <S>Remove-OCIIdentitydomainsOAuthClientCertificate</S>
                <S>Remove-OCIIdentitydomainsOAuthPartnerCertificate</S>
                <S>Remove-OCIIdentitydomainsPasswordPolicy</S>
                <S>Remove-OCIIdentitydomainsPolicy</S>
                <S>Remove-OCIIdentitydomainsRule</S>
                <S>Remove-OCIIdentitydomainsSecurityQuestion</S>
                <S>Remove-OCIIdentitydomainsSelfRegistrationProfile</S>
                <S>Remove-OCIIdentitydomainsSmtpCredential</S>
                <S>Remove-OCIIdentitydomainsSocialIdentityProvider</S>
                <S>Remove-OCIIdentitydomainsUser</S>
                <S>Remove-OCIIdentitydomainsUserDbCredential</S>
                <S>Write-OCIIdentitydomainsAccountRecoverySetting</S>
                <S>Write-OCIIdentitydomainsApp</S>
                <S>Write-OCIIdentitydomainsApprovalWorkflow</S>
                <S>Write-OCIIdentitydomainsAppStatusChanger</S>
                <S>Write-OCIIdentitydomainsAuthenticationFactorSetting</S>
                <S>Write-OCIIdentitydomainsCloudGate</S>
                <S>Write-OCIIdentitydomainsCloudGateMapping</S>
                <S>Write-OCIIdentitydomainsCloudGateServer</S>
                <S>Write-OCIIdentitydomainsCondition</S>
                <S>Write-OCIIdentitydomainsDynamicResourceGroup</S>
                <S>Write-OCIIdentitydomainsGroup</S>
                <S>Write-OCIIdentitydomainsIdentityPropagationTrust</S>
                <S>Write-OCIIdentitydomainsIdentityProvider</S>
                <S>Write-OCIIdentitydomainsIdentitySetting</S>
                <S>Write-OCIIdentitydomainsKmsiSetting</S>
                <S>Write-OCIIdentitydomainsMe</S>
                <S>Write-OCIIdentitydomainsMePasswordChanger</S>
                <S>Write-OCIIdentitydomainsNetworkPerimeter</S>
                <S>Write-OCIIdentitydomainsNotificationSetting</S>
                <S>Write-OCIIdentitydomainsPasswordPolicy</S>
                <S>Write-OCIIdentitydomainsPolicy</S>
                <S>Write-OCIIdentitydomainsRule</S>
                <S>Write-OCIIdentitydomainsSchema</S>
                <S>Write-OCIIdentitydomainsSecurityQuestionSetting</S>
                <S>Write-OCIIdentitydomainsSelfRegistrationProfile</S>
                <S>Write-OCIIdentitydomainsSetting</S>
                <S>Write-OCIIdentitydomainsSocialIdentityProvider</S>
                <S>Write-OCIIdentitydomainsUser</S>
                <S>Write-OCIIdentitydomainsUserCapabilitiesChanger</S>
                <S>Write-OCIIdentitydomainsUserPasswordChanger</S>
                <S>Write-OCIIdentitydomainsUserPasswordResetter</S>
                <S>Write-OCIIdentitydomainsUserStatusChanger</S>
              </LST>
            </Obj>
          </En>
          <En>
            <S N="Key">Cmdlet</S>
            <Obj N="Value" RefId="5">
              <TNRef RefId="1" />
              <LST>
                <S>Get-OCIIdentitydomainsAccountMgmtInfo</S>
                <S>Get-OCIIdentitydomainsAccountMgmtInfosList</S>
                <S>Get-OCIIdentitydomainsAccountRecoverySetting</S>
                <S>Get-OCIIdentitydomainsAccountRecoverySettingsList</S>
                <S>Get-OCIIdentitydomainsApiKey</S>
                <S>Get-OCIIdentitydomainsApiKeysList</S>
                <S>Get-OCIIdentitydomainsApp</S>
                <S>Get-OCIIdentitydomainsAppRole</S>
                <S>Get-OCIIdentitydomainsAppRolesList</S>
                <S>Get-OCIIdentitydomainsApprovalWorkflow</S>
                <S>Get-OCIIdentitydomainsApprovalWorkflowAssignment</S>
                <S>Get-OCIIdentitydomainsApprovalWorkflowAssignmentsList</S>
                <S>Get-OCIIdentitydomainsApprovalWorkflowsList</S>
                <S>Get-OCIIdentitydomainsApprovalWorkflowStep</S>
                <S>Get-OCIIdentitydomainsApprovalWorkflowStepsList</S>
                <S>Get-OCIIdentitydomainsAppsList</S>
                <S>Get-OCIIdentitydomainsAuthenticationFactorSetting</S>
                <S>Get-OCIIdentitydomainsAuthenticationFactorSettingsList</S>
                <S>Get-OCIIdentitydomainsAuthToken</S>
                <S>Get-OCIIdentitydomainsAuthTokensList</S>
                <S>Get-OCIIdentitydomainsBrandingSetting</S>
                <S>Get-OCIIdentitydomainsBrandingSettingsList</S>
                <S>Get-OCIIdentitydomainsCloudGate</S>
                <S>Get-OCIIdentitydomainsCloudGateMapping</S>
                <S>Get-OCIIdentitydomainsCloudGateMappingsList</S>
                <S>Get-OCIIdentitydomainsCloudGateServer</S>
                <S>Get-OCIIdentitydomainsCloudGateServersList</S>
                <S>Get-OCIIdentitydomainsCloudGatesList</S>
                <S>Get-OCIIdentitydomainsCondition</S>
                <S>Get-OCIIdentitydomainsConditionsList</S>
                <S>Get-OCIIdentitydomainsCustomerSecretKey</S>
                <S>Get-OCIIdentitydomainsCustomerSecretKeysList</S>
                <S>Get-OCIIdentitydomainsDynamicResourceGroup</S>
                <S>Get-OCIIdentitydomainsDynamicResourceGroupsList</S>
                <S>Get-OCIIdentitydomainsGrant</S>
                <S>Get-OCIIdentitydomainsGrantsList</S>
                <S>Get-OCIIdentitydomainsGroup</S>
                <S>Get-OCIIdentitydomainsGroupsList</S>
                <S>Get-OCIIdentitydomainsIdentityPropagationTrust</S>
                <S>Get-OCIIdentitydomainsIdentityPropagationTrustsList</S>
                <S>Get-OCIIdentitydomainsIdentityProvider</S>
                <S>Get-OCIIdentitydomainsIdentityProvidersList</S>
                <S>Get-OCIIdentitydomainsIdentitySetting</S>
                <S>Get-OCIIdentitydomainsIdentitySettingsList</S>
                <S>Get-OCIIdentitydomainsKmsiSetting</S>
                <S>Get-OCIIdentitydomainsKmsiSettingsList</S>
                <S>Get-OCIIdentitydomainsMe</S>
                <S>Get-OCIIdentitydomainsMyApiKey</S>
                <S>Get-OCIIdentitydomainsMyApiKeysList</S>
                <S>Get-OCIIdentitydomainsMyAppsList</S>
                <S>Get-OCIIdentitydomainsMyAuthToken</S>
                <S>Get-OCIIdentitydomainsMyAuthTokensList</S>
                <S>Get-OCIIdentitydomainsMyCompletedApproval</S>
                <S>Get-OCIIdentitydomainsMyCompletedApprovalsList</S>
                <S>Get-OCIIdentitydomainsMyCustomerSecretKey</S>
                <S>Get-OCIIdentitydomainsMyCustomerSecretKeysList</S>
                <S>Get-OCIIdentitydomainsMyDevice</S>
                <S>Get-OCIIdentitydomainsMyDevicesList</S>
                <S>Get-OCIIdentitydomainsMyGroupsList</S>
                <S>Get-OCIIdentitydomainsMyOAuth2ClientCredential</S>
                <S>Get-OCIIdentitydomainsMyOAuth2ClientCredentialsList</S>
                <S>Get-OCIIdentitydomainsMyPendingApproval</S>
                <S>Get-OCIIdentitydomainsMyPendingApprovalsList</S>
                <S>Get-OCIIdentitydomainsMyRequest</S>
                <S>Get-OCIIdentitydomainsMyRequestableGroupsList</S>
                <S>Get-OCIIdentitydomainsMyRequestsList</S>
                <S>Get-OCIIdentitydomainsMySmtpCredential</S>
                <S>Get-OCIIdentitydomainsMySmtpCredentialsList</S>
                <S>Get-OCIIdentitydomainsMySupportAccount</S>
                <S>Get-OCIIdentitydomainsMySupportAccountsList</S>
                <S>Get-OCIIdentitydomainsMyTrustedUserAgent</S>
                <S>Get-OCIIdentitydomainsMyTrustedUserAgentsList</S>
                <S>Get-OCIIdentitydomainsMyUserDbCredential</S>
                <S>Get-OCIIdentitydomainsMyUserDbCredentialsList</S>
                <S>Get-OCIIdentitydomainsNetworkPerimeter</S>
                <S>Get-OCIIdentitydomainsNetworkPerimetersList</S>
                <S>Get-OCIIdentitydomainsNotificationSetting</S>
                <S>Get-OCIIdentitydomainsNotificationSettingsList</S>
                <S>Get-OCIIdentitydomainsOAuth2ClientCredential</S>
                <S>Get-OCIIdentitydomainsOAuth2ClientCredentialsList</S>
                <S>Get-OCIIdentitydomainsOAuthClientCertificate</S>
                <S>Get-OCIIdentitydomainsOAuthClientCertificatesList</S>
                <S>Get-OCIIdentitydomainsOAuthPartnerCertificate</S>
                <S>Get-OCIIdentitydomainsOAuthPartnerCertificatesList</S>
                <S>Get-OCIIdentitydomainsOciConsoleSignOnPolicyConsent</S>
                <S>Get-OCIIdentitydomainsOciConsoleSignOnPolicyConsentsList</S>
                <S>Get-OCIIdentitydomainsPasswordPoliciesList</S>
                <S>Get-OCIIdentitydomainsPasswordPolicy</S>
                <S>Get-OCIIdentitydomainsPoliciesList</S>
                <S>Get-OCIIdentitydomainsPolicy</S>
                <S>Get-OCIIdentitydomainsResourceTypeSchemaAttributesList</S>
                <S>Get-OCIIdentitydomainsRule</S>
                <S>Get-OCIIdentitydomainsRulesList</S>
                <S>Get-OCIIdentitydomainsSchema</S>
                <S>Get-OCIIdentitydomainsSchemasList</S>
                <S>Get-OCIIdentitydomainsSecurityQuestion</S>
                <S>Get-OCIIdentitydomainsSecurityQuestionSetting</S>
                <S>Get-OCIIdentitydomainsSecurityQuestionSettingsList</S>
                <S>Get-OCIIdentitydomainsSecurityQuestionsList</S>
                <S>Get-OCIIdentitydomainsSelfRegistrationProfile</S>
                <S>Get-OCIIdentitydomainsSelfRegistrationProfilesList</S>
                <S>Get-OCIIdentitydomainsSetting</S>
                <S>Get-OCIIdentitydomainsSettingsList</S>
                <S>Get-OCIIdentitydomainsSmtpCredential</S>
                <S>Get-OCIIdentitydomainsSmtpCredentialsList</S>
                <S>Get-OCIIdentitydomainsSocialIdentityProvider</S>
                <S>Get-OCIIdentitydomainsSocialIdentityProvidersList</S>
                <S>Get-OCIIdentitydomainsUser</S>
                <S>Get-OCIIdentitydomainsUserAttributesSetting</S>
                <S>Get-OCIIdentitydomainsUserAttributesSettingsList</S>
                <S>Get-OCIIdentitydomainsUserDbCredential</S>
                <S>Get-OCIIdentitydomainsUserDbCredentialsList</S>
                <S>Get-OCIIdentitydomainsUsersList</S>
                <S>Invoke-OCIIdentitydomainsPatchAccountRecoverySetting</S>
                <S>Invoke-OCIIdentitydomainsPatchApiKey</S>
                <S>Invoke-OCIIdentitydomainsPatchApp</S>
                <S>Invoke-OCIIdentitydomainsPatchAppRole</S>
                <S>Invoke-OCIIdentitydomainsPatchApprovalWorkflow</S>
                <S>Invoke-OCIIdentitydomainsPatchApprovalWorkflowStep</S>
                <S>Invoke-OCIIdentitydomainsPatchAuthToken</S>
                <S>Invoke-OCIIdentitydomainsPatchCloudGate</S>
                <S>Invoke-OCIIdentitydomainsPatchCloudGateMapping</S>
                <S>Invoke-OCIIdentitydomainsPatchCloudGateServer</S>
                <S>Invoke-OCIIdentitydomainsPatchCondition</S>
                <S>Invoke-OCIIdentitydomainsPatchCustomerSecretKey</S>
                <S>Invoke-OCIIdentitydomainsPatchDynamicResourceGroup</S>
                <S>Invoke-OCIIdentitydomainsPatchGrant</S>
                <S>Invoke-OCIIdentitydomainsPatchGroup</S>
                <S>Invoke-OCIIdentitydomainsPatchIdentityPropagationTrust</S>
                <S>Invoke-OCIIdentitydomainsPatchIdentityProvider</S>
                <S>Invoke-OCIIdentitydomainsPatchIdentitySetting</S>
                <S>Invoke-OCIIdentitydomainsPatchKmsiSetting</S>
                <S>Invoke-OCIIdentitydomainsPatchMe</S>
                <S>Invoke-OCIIdentitydomainsPatchMyApiKey</S>
                <S>Invoke-OCIIdentitydomainsPatchMyAuthToken</S>
                <S>Invoke-OCIIdentitydomainsPatchMyCustomerSecretKey</S>
                <S>Invoke-OCIIdentitydomainsPatchMyDevice</S>
                <S>Invoke-OCIIdentitydomainsPatchMyOAuth2ClientCredential</S>
                <S>Invoke-OCIIdentitydomainsPatchMyPendingApproval</S>
                <S>Invoke-OCIIdentitydomainsPatchMyRequest</S>
                <S>Invoke-OCIIdentitydomainsPatchMySmtpCredential</S>
                <S>Invoke-OCIIdentitydomainsPatchNetworkPerimeter</S>
                <S>Invoke-OCIIdentitydomainsPatchOAuth2ClientCredential</S>
                <S>Invoke-OCIIdentitydomainsPatchPasswordPolicy</S>
                <S>Invoke-OCIIdentitydomainsPatchPolicy</S>
                <S>Invoke-OCIIdentitydomainsPatchRule</S>
                <S>Invoke-OCIIdentitydomainsPatchSchema</S>
                <S>Invoke-OCIIdentitydomainsPatchSecurityQuestion</S>
                <S>Invoke-OCIIdentitydomainsPatchSecurityQuestionSetting</S>
                <S>Invoke-OCIIdentitydomainsPatchSelfRegistrationProfile</S>
                <S>Invoke-OCIIdentitydomainsPatchSetting</S>
                <S>Invoke-OCIIdentitydomainsPatchSmtpCredential</S>
                <S>Invoke-OCIIdentitydomainsPatchSocialIdentityProvider</S>
                <S>Invoke-OCIIdentitydomainsPatchUser</S>
                <S>Invoke-OCIIdentitydomainsPatchUserAttributesSetting</S>
                <S>Invoke-OCIIdentitydomainsSearchAccountMgmtInfos</S>
                <S>Invoke-OCIIdentitydomainsSearchApiKeys</S>
                <S>Invoke-OCIIdentitydomainsSearchAppRoles</S>
                <S>Invoke-OCIIdentitydomainsSearchApps</S>
                <S>Invoke-OCIIdentitydomainsSearchAuthenticationFactorSettings</S>
                <S>Invoke-OCIIdentitydomainsSearchAuthTokens</S>
                <S>Invoke-OCIIdentitydomainsSearchCloudGateMappings</S>
                <S>Invoke-OCIIdentitydomainsSearchCloudGates</S>
                <S>Invoke-OCIIdentitydomainsSearchCloudGateServers</S>
                <S>Invoke-OCIIdentitydomainsSearchConditions</S>
                <S>Invoke-OCIIdentitydomainsSearchCustomerSecretKeys</S>
                <S>Invoke-OCIIdentitydomainsSearchDynamicResourceGroups</S>
                <S>Invoke-OCIIdentitydomainsSearchGrants</S>
                <S>Invoke-OCIIdentitydomainsSearchGroups</S>
                <S>Invoke-OCIIdentitydomainsSearchIdentityProviders</S>
                <S>Invoke-OCIIdentitydomainsSearchIdentitySettings</S>
                <S>Invoke-OCIIdentitydomainsSearchKmsiSettings</S>
                <S>Invoke-OCIIdentitydomainsSearchMyApps</S>
                <S>Invoke-OCIIdentitydomainsSearchMyGroups</S>
                <S>Invoke-OCIIdentitydomainsSearchMyRequestableGroups</S>
                <S>Invoke-OCIIdentitydomainsSearchMyRequests</S>
                <S>Invoke-OCIIdentitydomainsSearchNetworkPerimeters</S>
                <S>Invoke-OCIIdentitydomainsSearchNotificationSettings</S>
                <S>Invoke-OCIIdentitydomainsSearchOAuth2ClientCredentials</S>
                <S>Invoke-OCIIdentitydomainsSearchOAuthClientCertificates</S>
                <S>Invoke-OCIIdentitydomainsSearchOAuthPartnerCertificates</S>
                <S>Invoke-OCIIdentitydomainsSearchOciConsoleSignOnPolicyConsents</S>
                <S>Invoke-OCIIdentitydomainsSearchPasswordPolicies</S>
                <S>Invoke-OCIIdentitydomainsSearchPolicies</S>
                <S>Invoke-OCIIdentitydomainsSearchResourceTypeSchemaAttributes</S>
                <S>Invoke-OCIIdentitydomainsSearchRules</S>
                <S>Invoke-OCIIdentitydomainsSearchSchemas</S>
                <S>Invoke-OCIIdentitydomainsSearchSecurityQuestions</S>
                <S>Invoke-OCIIdentitydomainsSearchSecurityQuestionSettings</S>
                <S>Invoke-OCIIdentitydomainsSearchSelfRegistrationProfiles</S>
                <S>Invoke-OCIIdentitydomainsSearchSettings</S>
                <S>Invoke-OCIIdentitydomainsSearchSmtpCredentials</S>
                <S>Invoke-OCIIdentitydomainsSearchSocialIdentityProviders</S>
                <S>Invoke-OCIIdentitydomainsSearchUserAttributesSettings</S>
                <S>Invoke-OCIIdentitydomainsSearchUserDbCredentials</S>
                <S>Invoke-OCIIdentitydomainsSearchUsers</S>
                <S>New-OCIIdentitydomainsApiKey</S>
                <S>New-OCIIdentitydomainsApp</S>
                <S>New-OCIIdentitydomainsAppRole</S>
                <S>New-OCIIdentitydomainsApprovalWorkflow</S>
                <S>New-OCIIdentitydomainsApprovalWorkflowAssignment</S>
                <S>New-OCIIdentitydomainsApprovalWorkflowStep</S>
                <S>New-OCIIdentitydomainsAuthenticationFactorsRemover</S>
                <S>New-OCIIdentitydomainsAuthToken</S>
                <S>New-OCIIdentitydomainsCloudGate</S>
                <S>New-OCIIdentitydomainsCloudGateMapping</S>
                <S>New-OCIIdentitydomainsCloudGateServer</S>
                <S>New-OCIIdentitydomainsCondition</S>
                <S>New-OCIIdentitydomainsCustomerSecretKey</S>
                <S>New-OCIIdentitydomainsDynamicResourceGroup</S>
                <S>New-OCIIdentitydomainsGrant</S>
                <S>New-OCIIdentitydomainsGroup</S>
                <S>New-OCIIdentitydomainsIdentityPropagationTrust</S>
                <S>New-OCIIdentitydomainsIdentityProvider</S>
                <S>New-OCIIdentitydomainsMe</S>
                <S>New-OCIIdentitydomainsMyApiKey</S>
                <S>New-OCIIdentitydomainsMyAuthenticationFactorInitiator</S>
                <S>New-OCIIdentitydomainsMyAuthenticationFactorsRemover</S>
                <S>New-OCIIdentitydomainsMyAuthenticationFactorValidator</S>
                <S>New-OCIIdentitydomainsMyAuthToken</S>
                <S>New-OCIIdentitydomainsMyCustomerSecretKey</S>
                <S>New-OCIIdentitydomainsMyOAuth2ClientCredential</S>
                <S>New-OCIIdentitydomainsMyRequest</S>
                <S>New-OCIIdentitydomainsMySmtpCredential</S>
                <S>New-OCIIdentitydomainsMySupportAccount</S>
                <S>New-OCIIdentitydomainsMyUserDbCredential</S>
                <S>New-OCIIdentitydomainsNetworkPerimeter</S>
                <S>New-OCIIdentitydomainsOAuth2ClientCredential</S>
                <S>New-OCIIdentitydomainsOAuthClientCertificate</S>
                <S>New-OCIIdentitydomainsOAuthPartnerCertificate</S>
                <S>New-OCIIdentitydomainsPasswordPolicy</S>
                <S>New-OCIIdentitydomainsPolicy</S>
                <S>New-OCIIdentitydomainsRestoreOciConsolePolicy</S>
                <S>New-OCIIdentitydomainsRule</S>
                <S>New-OCIIdentitydomainsSecurityQuestion</S>
                <S>New-OCIIdentitydomainsSelfRegistrationProfile</S>
                <S>New-OCIIdentitydomainsSmtpCredential</S>
                <S>New-OCIIdentitydomainsSocialIdentityProvider</S>
                <S>New-OCIIdentitydomainsUser</S>
                <S>New-OCIIdentitydomainsUserDbCredential</S>
                <S>Remove-OCIIdentitydomainsApiKey</S>
                <S>Remove-OCIIdentitydomainsApp</S>
                <S>Remove-OCIIdentitydomainsAppRole</S>
                <S>Remove-OCIIdentitydomainsApprovalWorkflow</S>
                <S>Remove-OCIIdentitydomainsApprovalWorkflowAssignment</S>
                <S>Remove-OCIIdentitydomainsApprovalWorkflowStep</S>
                <S>Remove-OCIIdentitydomainsAuthToken</S>
                <S>Remove-OCIIdentitydomainsCloudGate</S>
                <S>Remove-OCIIdentitydomainsCloudGateMapping</S>
                <S>Remove-OCIIdentitydomainsCloudGateServer</S>
                <S>Remove-OCIIdentitydomainsCondition</S>
                <S>Remove-OCIIdentitydomainsCustomerSecretKey</S>
                <S>Remove-OCIIdentitydomainsDynamicResourceGroup</S>
                <S>Remove-OCIIdentitydomainsGrant</S>
                <S>Remove-OCIIdentitydomainsGroup</S>
                <S>Remove-OCIIdentitydomainsIdentityPropagationTrust</S>
                <S>Remove-OCIIdentitydomainsIdentityProvider</S>
                <S>Remove-OCIIdentitydomainsMyApiKey</S>
                <S>Remove-OCIIdentitydomainsMyAuthToken</S>
                <S>Remove-OCIIdentitydomainsMyCustomerSecretKey</S>
                <S>Remove-OCIIdentitydomainsMyDevice</S>
                <S>Remove-OCIIdentitydomainsMyOAuth2ClientCredential</S>
                <S>Remove-OCIIdentitydomainsMySmtpCredential</S>
                <S>Remove-OCIIdentitydomainsMySupportAccount</S>
                <S>Remove-OCIIdentitydomainsMyTrustedUserAgent</S>
                <S>Remove-OCIIdentitydomainsMyUserDbCredential</S>
                <S>Remove-OCIIdentitydomainsNetworkPerimeter</S>
                <S>Remove-OCIIdentitydomainsOAuth2ClientCredential</S>
                <S>Remove-OCIIdentitydomainsOAuthClientCertificate</S>
                <S>Remove-OCIIdentitydomainsOAuthPartnerCertificate</S>
                <S>Remove-OCIIdentitydomainsPasswordPolicy</S>
                <S>Remove-OCIIdentitydomainsPolicy</S>
                <S>Remove-OCIIdentitydomainsRule</S>
                <S>Remove-OCIIdentitydomainsSecurityQuestion</S>
                <S>Remove-OCIIdentitydomainsSelfRegistrationProfile</S>
                <S>Remove-OCIIdentitydomainsSmtpCredential</S>
                <S>Remove-OCIIdentitydomainsSocialIdentityProvider</S>
                <S>Remove-OCIIdentitydomainsUser</S>
                <S>Remove-OCIIdentitydomainsUserDbCredential</S>
                <S>Write-OCIIdentitydomainsAccountRecoverySetting</S>
                <S>Write-OCIIdentitydomainsApp</S>
                <S>Write-OCIIdentitydomainsApprovalWorkflow</S>
                <S>Write-OCIIdentitydomainsAppStatusChanger</S>
                <S>Write-OCIIdentitydomainsAuthenticationFactorSetting</S>
                <S>Write-OCIIdentitydomainsCloudGate</S>
                <S>Write-OCIIdentitydomainsCloudGateMapping</S>
                <S>Write-OCIIdentitydomainsCloudGateServer</S>
                <S>Write-OCIIdentitydomainsCondition</S>
                <S>Write-OCIIdentitydomainsDynamicResourceGroup</S>
                <S>Write-OCIIdentitydomainsGroup</S>
                <S>Write-OCIIdentitydomainsIdentityPropagationTrust</S>
                <S>Write-OCIIdentitydomainsIdentityProvider</S>
                <S>Write-OCIIdentitydomainsIdentitySetting</S>
                <S>Write-OCIIdentitydomainsKmsiSetting</S>
                <S>Write-OCIIdentitydomainsMe</S>
                <S>Write-OCIIdentitydomainsMePasswordChanger</S>
                <S>Write-OCIIdentitydomainsNetworkPerimeter</S>
                <S>Write-OCIIdentitydomainsNotificationSetting</S>
                <S>Write-OCIIdentitydomainsPasswordPolicy</S>
                <S>Write-OCIIdentitydomainsPolicy</S>
                <S>Write-OCIIdentitydomainsRule</S>
                <S>Write-OCIIdentitydomainsSchema</S>
                <S>Write-OCIIdentitydomainsSecurityQuestionSetting</S>
                <S>Write-OCIIdentitydomainsSelfRegistrationProfile</S>
                <S>Write-OCIIdentitydomainsSetting</S>
                <S>Write-OCIIdentitydomainsSocialIdentityProvider</S>
                <S>Write-OCIIdentitydomainsUser</S>
                <S>Write-OCIIdentitydomainsUserCapabilitiesChanger</S>
                <S>Write-OCIIdentitydomainsUserPasswordChanger</S>
                <S>Write-OCIIdentitydomainsUserPasswordResetter</S>
                <S>Write-OCIIdentitydomainsUserStatusChanger</S>
              </LST>
            </Obj>
          </En>
        </DCT>
      </Obj>
      <Nil N="PowerShellGetFormatVersion" />
      <S N="ReleaseNotes">https://github.com/oracle/oci-powershell-modules/blob/master/CHANGELOG.md</S>
      <Obj N="Dependencies" RefId="6">
        <TNRef RefId="1" />
        <LST>
          <Obj RefId="7">
            <TN RefId="3">
              <T>System.Collections.Specialized.OrderedDictionary</T>
              <T>System.Object</T>
            </TN>
            <DCT>
              <En>
                <S N="Key">Name</S>
                <S N="Value">OCI.PSModules.Common</S>
              </En>
              <En>
                <S N="Key">RequiredVersion</S>
                <S N="Value">95.1.0</S>
              </En>
              <En>
                <S N="Key">CanonicalId</S>
                <S N="Value">nuget:OCI.PSModules.Common/[95.1.0]</S>
              </En>
            </DCT>
          </Obj>
        </LST>
      </Obj>
      <S N="RepositorySourceLocation">https://www.powershellgallery.com/api/v2</S>
      <S N="Repository">PSGallery</S>
      <S N="PackageManagementProvider">NuGet</S>
      <Obj N="AdditionalMetadata" RefId="8">
        <TN RefId="4">
          <T>System.Management.Automation.PSCustomObject</T>
          <T>System.Object</T>
        </TN>
        <MS>
          <S N="copyright">(c) Oracle Cloud Infrastructure. All rights reserved.</S>
          <S N="description">This modules provides Cmdlets for OCI Identitydomains Service</S>
          <S N="requireLicenseAcceptance">False</S>
          <S N="releaseNotes">https://github.com/oracle/oci-powershell-modules/blob/master/CHANGELOG.md</S>
          <S N="isLatestVersion">True</S>
          <S N="isAbsoluteLatestVersion">True</S>
          <S N="versionDownloadCount">301</S>
          <S N="downloadCount">5789</S>
          <S N="packageSize">828905</S>
          <S N="published">11/12/2024 6:49:07 PM +02:00</S>
          <S N="created">11/12/2024 6:49:07 PM +02:00</S>
          <S N="lastUpdated">12/8/2024 9:30:00 PM +02:00</S>
          <S N="tags">PSEdition_Core Windows Linux macOS Oracle OCI Cloud OracleCloudInfrastructure Identitydomains PSModule PSCmdlet_Get-OCIIdentitydomainsAccountMgmtInfo PSCommand_Get-OCIIdentitydomainsAccountMgmtInfo PSCmdlet_Get-OCIIdentitydomainsAccountMgmtInfosList PSCommand_Get-OCIIdentitydomainsAccountMgmtInfosList PSCmdlet_Get-OCIIdentitydomainsAccountRecoverySetting PSCommand_Get-OCIIdentitydomainsAccountRecoverySetting PSCmdlet_Get-OCIIdentitydomainsAccountRecoverySettingsList PSCommand_Get-OCIIdentitydomainsAccountRecoverySettingsList PSCmdlet_Get-OCIIdentitydomainsApiKey PSCommand_Get-OCIIdentitydomainsApiKey PSCmdlet_Get-OCIIdentitydomainsApiKeysList PSCommand_Get-OCIIdentitydomainsApiKeysList PSCmdlet_Get-OCIIdentitydomainsApp PSCommand_Get-OCIIdentitydomainsApp PSCmdlet_Get-OCIIdentitydomainsAppRole PSCommand_Get-OCIIdentitydomainsAppRole PSCmdlet_Get-OCIIdentitydomainsAppRolesList PSCommand_Get-OCIIdentitydomainsAppRolesList PSCmdlet_Get-OCIIdentitydomainsApprovalWorkflow PSCommand_Get-OCIIdentitydomainsApprovalWorkflow PSCmdlet_Get-OCIIdentitydomainsApprovalWorkflowAssignment PSCommand_Get-OCIIdentitydomainsApprovalWorkflowAssignment PSCmdlet_Get-OCIIdentitydomainsApprovalWorkflowAssignmentsList PSCommand_Get-OCIIdentitydomainsApprovalWorkflowAssignmentsList PSCmdlet_Get-OCIIdentitydomainsApprovalWorkflowsList PSCommand_Get-OCIIdentitydomainsApprovalWorkflowsList PSCmdlet_Get-OCIIdentitydomainsApprovalWorkflowStep PSCommand_Get-OCIIdentitydomainsApprovalWorkflowStep PSCmdlet_Get-OCIIdentitydomainsApprovalWorkflowStepsList PSCommand_Get-OCIIdentitydomainsApprovalWorkflowStepsList PSCmdlet_Get-OCIIdentitydomainsAppsList PSCommand_Get-OCIIdentitydomainsAppsList PSCmdlet_Get-OCIIdentitydomainsAuthenticationFactorSetting PSCommand_Get-OCIIdentitydomainsAuthenticationFactorSetting PSCmdlet_Get-OCIIdentitydomainsAuthenticationFactorSettingsList PSCommand_Get-OCIIdentitydomainsAuthenticationFactorSettingsList PSCmdlet_Get-OCIIdentitydomainsAuthToken PSCommand_Get-OCIIdentitydomainsAuthToken PSCmdlet_Get-OCIIdentitydomainsAuthTokensList PSCommand_Get-OCIIdentitydomainsAuthTokensList PSCmdlet_Get-OCIIdentitydomainsBrandingSetting PSCommand_Get-OCIIdentitydomainsBrandingSetting PSCmdlet_Get-OCIIdentitydomainsBrandingSettingsList PSCommand_Get-OCIIdentitydomainsBrandingSettingsList PSCmdlet_Get-OCIIdentitydomainsCloudGate PSCommand_Get-OCIIdentitydomainsCloudGate PSCmdlet_Get-OCIIdentitydomainsCloudGateMapping PSCommand_Get-OCIIdentitydomainsCloudGateMapping PSCmdlet_Get-OCIIdentitydomainsCloudGateMappingsList PSCommand_Get-OCIIdentitydomainsCloudGateMappingsList PSCmdlet_Get-OCIIdentitydomainsCloudGateServer PSCommand_Get-OCIIdentitydomainsCloudGateServer PSCmdlet_Get-OCIIdentitydomainsCloudGateServersList PSCommand_Get-OCIIdentitydomainsCloudGateServersList PSCmdlet_Get-OCIIdentitydomainsCloudGatesList PSCommand_Get-OCIIdentitydomainsCloudGatesList PSCmdlet_Get-OCIIdentitydomainsCondition PSCommand_Get-OCIIdentitydomainsCondition PSCmdlet_Get-OCIIdentitydomainsConditionsList PSCommand_Get-OCIIdentitydomainsConditionsList PSCmdlet_Get-OCIIdentitydomainsCustomerSecretKey PSCommand_Get-OCIIdentitydomainsCustomerSecretKey PSCmdlet_Get-OCIIdentitydomainsCustomerSecretKeysList PSCommand_Get-OCIIdentitydomainsCustomerSecretKeysList PSCmdlet_Get-OCIIdentitydomainsDynamicResourceGroup PSCommand_Get-OCIIdentitydomainsDynamicResourceGroup PSCmdlet_Get-OCIIdentitydomainsDynamicResourceGroupsList PSCommand_Get-OCIIdentitydomainsDynamicResourceGroupsList PSCmdlet_Get-OCIIdentitydomainsGrant PSCommand_Get-OCIIdentitydomainsGrant PSCmdlet_Get-OCIIdentitydomainsGrantsList PSCommand_Get-OCIIdentitydomainsGrantsList PSCmdlet_Get-OCIIdentitydomainsGroup PSCommand_Get-OCIIdentitydomainsGroup PSCmdlet_Get-OCIIdentitydomainsGroupsList PSCommand_Get-OCIIdentitydomainsGroupsList PSCmdlet_Get-OCIIdentitydomainsIdentityPropagationTrust PSCommand_Get-OCIIdentitydomainsIdentityPropagationTrust PSCmdlet_Get-OCIIdentitydomainsIdentityPropagationTrustsList PSCommand_Get-OCIIdentitydomainsIdentityPropagationTrustsList PSCmdlet_Get-OCIIdentitydomainsIdentityProvider PSCommand_Get-OCIIdentitydomainsIdentityProvider PSCmdlet_Get-OCIIdentitydomainsIdentityProvidersList PSCommand_Get-OCIIdentitydomainsIdentityProvidersList PSCmdlet_Get-OCIIdentitydomainsIdentitySetting PSCommand_Get-OCIIdentitydomainsIdentitySetting PSCmdlet_Get-OCIIdentitydomainsIdentitySettingsList PSCommand_Get-OCIIdentitydomainsIdentitySettingsList PSCmdlet_Get-OCIIdentitydomainsKmsiSetting PSCommand_Get-OCIIdentitydomainsKmsiSetting PSCmdlet_Get-OCIIdentitydomainsKmsiSettingsList PSCommand_Get-OCIIdentitydomainsKmsiSettingsList PSCmdlet_Get-OCIIdentitydomainsMe PSCommand_Get-OCIIdentitydomainsMe PSCmdlet_Get-OCIIdentitydomainsMyApiKey PSCommand_Get-OCIIdentitydomainsMyApiKey PSCmdlet_Get-OCIIdentitydomainsMyApiKeysList PSCommand_Get-OCIIdentitydomainsMyApiKeysList PSCmdlet_Get-OCIIdentitydomainsMyAppsList PSCommand_Get-OCIIdentitydomainsMyAppsList PSCmdlet_Get-OCIIdentitydomainsMyAuthToken PSCommand_Get-OCIIdentitydomainsMyAuthToken PSCmdlet_Get-OCIIdentitydomainsMyAuthTokensList PSCommand_Get-OCIIdentitydomainsMyAuthTokensList PSCmdlet_Get-OCIIdentitydomainsMyCompletedApproval PSCommand_Get-OCIIdentitydomainsMyCompletedApproval PSCmdlet_Get-OCIIdentitydomainsMyCompletedApprovalsList PSCommand_Get-OCIIdentitydomainsMyCompletedApprovalsList PSCmdlet_Get-OCIIdentitydomainsMyCustomerSecretKey PSCommand_Get-OCIIdentitydomainsMyCustomerSecretKey PSCmdlet_Get-OCIIdentitydomainsMyCustomerSecretKeysList PSCommand_Get-OCIIdentitydomainsMyCustomerSecretKeysList PSCmdlet_Get-OCIIdentitydomainsMyDevice PSCommand_Get-OCIIdentitydomainsMyDevice PSCmdlet_Get-OCIIdentitydomainsMyDevicesList PSCommand_Get-OCIIdentitydomainsMyDevicesList PSCmdlet_Get-OCIIdentitydomainsMyGroupsList PSCommand_Get-OCIIdentitydomainsMyGroupsList PSCmdlet_Get-OCIIdentitydomainsMyOAuth2ClientCredential PSCommand_Get-OCIIdentitydomainsMyOAuth2ClientCredential PSCmdlet_Get-OCIIdentitydomainsMyOAuth2ClientCredentialsList PSCommand_Get-OCIIdentitydomainsMyOAuth2ClientCredentialsList PSCmdlet_Get-OCIIdentitydomainsMyPendingApproval PSCommand_Get-OCIIdentitydomainsMyPendingApproval PSCmdlet_Get-OCIIdentitydomainsMyPendingApprovalsList PSCommand_Get-OCIIdentitydomainsMyPendingApprovalsList PSCmdlet_Get-OCIIdentitydomainsMyRequest PSCommand_Get-OCIIdentitydomainsMyRequest PSCmdlet_Get-OCIIdentitydomainsMyRequestableGroupsList PSCommand_Get-OCIIdentitydomainsMyRequestableGroupsList PSCmdlet_Get-OCIIdentitydomainsMyRequestsList PSCommand_Get-OCIIdentitydomainsMyRequestsList PSCmdlet_Get-OCIIdentitydomainsMySmtpCredential PSCommand_Get-OCIIdentitydomainsMySmtpCredential PSCmdlet_Get-OCIIdentitydomainsMySmtpCredentialsList PSCommand_Get-OCIIdentitydomainsMySmtpCredentialsList PSCmdlet_Get-OCIIdentitydomainsMySupportAccount PSCommand_Get-OCIIdentitydomainsMySupportAccount PSCmdlet_Get-OCIIdentitydomainsMySupportAccountsList PSCommand_Get-OCIIdentitydomainsMySupportAccountsList PSCmdlet_Get-OCIIdentitydomainsMyTrustedUserAgent PSCommand_Get-OCIIdentitydomainsMyTrustedUserAgent PSCmdlet_Get-OCIIdentitydomainsMyTrustedUserAgentsList PSCommand_Get-OCIIdentitydomainsMyTrustedUserAgentsList PSCmdlet_Get-OCIIdentitydomainsMyUserDbCredential PSCommand_Get-OCIIdentitydomainsMyUserDbCredential PSCmdlet_Get-OCIIdentitydomainsMyUserDbCredentialsList PSCommand_Get-OCIIdentitydomainsMyUserDbCredentialsList PSCmdlet_Get-OCIIdentitydomainsNetworkPerimeter PSCommand_Get-OCIIdentitydomainsNetworkPerimeter PSCmdlet_Get-OCIIdentitydomainsNetworkPerimetersList PSCommand_Get-OCIIdentitydomainsNetworkPerimetersList PSCmdlet_Get-OCIIdentitydomainsNotificationSetting PSCommand_Get-OCIIdentitydomainsNotificationSetting PSCmdlet_Get-OCIIdentitydomainsNotificationSettingsList PSCommand_Get-OCIIdentitydomainsNotificationSettingsList PSCmdlet_Get-OCIIdentitydomainsOAuth2ClientCredential PSCommand_Get-OCIIdentitydomainsOAuth2ClientCredential PSCmdlet_Get-OCIIdentitydomainsOAuth2ClientCredentialsList PSCommand_Get-OCIIdentitydomainsOAuth2ClientCredentialsList PSCmdlet_Get-OCIIdentitydomainsOAuthClientCertificate PSCommand_Get-OCIIdentitydomainsOAuthClientCertificate PSCmdlet_Get-OCIIdentitydomainsOAuthClientCertificatesList PSCommand_Get-OCIIdentitydomainsOAuthClientCertificatesList PSCmdlet_Get-OCIIdentitydomainsOAuthPartnerCertificate PSCommand_Get-OCIIdentitydomainsOAuthPartnerCertificate PSCmdlet_Get-OCIIdentitydomainsOAuthPartnerCertificatesList PSCommand_Get-OCIIdentitydomainsOAuthPartnerCertificatesList PSCmdlet_Get-OCIIdentitydomainsOciConsoleSignOnPolicyConsent PSCommand_Get-OCIIdentitydomainsOciConsoleSignOnPolicyConsent PSCmdlet_Get-OCIIdentitydomainsOciConsoleSignOnPolicyConsentsList PSCommand_Get-OCIIdentitydomainsOciConsoleSignOnPolicyConsentsList PSCmdlet_Get-OCIIdentitydomainsPasswordPoliciesList PSCommand_Get-OCIIdentitydomainsPasswordPoliciesList PSCmdlet_Get-OCIIdentitydomainsPasswordPolicy PSCommand_Get-OCIIdentitydomainsPasswordPolicy PSCmdlet_Get-OCIIdentitydomainsPoliciesList PSCommand_Get-OCIIdentitydomainsPoliciesList PSCmdlet_Get-OCIIdentitydomainsPolicy PSCommand_Get-OCIIdentitydomainsPolicy PSCmdlet_Get-OCIIdentitydomainsResourceTypeSchemaAttributesList PSCommand_Get-OCIIdentitydomainsResourceTypeSchemaAttributesList PSCmdlet_Get-OCIIdentitydomainsRule PSCommand_Get-OCIIdentitydomainsRule PSCmdlet_Get-OCIIdentitydomainsRulesList PSCommand_Get-OCIIdentitydomainsRulesList PSCmdlet_Get-OCIIdentitydomainsSchema PSCommand_Get-OCIIdentitydomainsSchema PSCmdlet_Get-OCIIdentitydomainsSchemasList PSCommand_Get-OCIIdentitydomainsSchemasList PSCmdlet_Get-OCIIdentitydomainsSecurityQuestion PSCommand_Get-OCIIdentitydomainsSecurityQuestion PSCmdlet_Get-OCIIdentitydomainsSecurityQuestionSetting PSCommand_Get-OCIIdentitydomainsSecurityQuestionSetting PSCmdlet_Get-OCIIdentitydomainsSecurityQuestionSettingsList PSCommand_Get-OCIIdentitydomainsSecurityQuestionSettingsList PSCmdlet_Get-OCIIdentitydomainsSecurityQuestionsList PSCommand_Get-OCIIdentitydomainsSecurityQuestionsList PSCmdlet_Get-OCIIdentitydomainsSelfRegistrationProfile PSCommand_Get-OCIIdentitydomainsSelfRegistrationProfile PSCmdlet_Get-OCIIdentitydomainsSelfRegistrationProfilesList PSCommand_Get-OCIIdentitydomainsSelfRegistrationProfilesList PSCmdlet_Get-OCIIdentitydomainsSetting PSCommand_Get-OCIIdentitydomainsSetting PSCmdlet_Get-OCIIdentitydomainsSettingsList PSCommand_Get-OCIIdentitydomainsSettingsList PSCmdlet_Get-OCIIdentitydomainsSmtpCredential PSCommand_Get-OCIIdentitydomainsSmtpCredential PSCmdlet_Get-OCIIdentitydomainsSmtpCredentialsList PSCommand_Get-OCIIdentitydomainsSmtpCredentialsList PSCmdlet_Get-OCIIdentitydomainsSocialIdentityProvider PSCommand_Get-OCIIdentitydomainsSocialIdentityProvider PSCmdlet_Get-OCIIdentitydomainsSocialIdentityProvidersList PSCommand_Get-OCIIdentitydomainsSocialIdentityProvidersList PSCmdlet_Get-OCIIdentitydomainsUser PSCommand_Get-OCIIdentitydomainsUser PSCmdlet_Get-OCIIdentitydomainsUserAttributesSetting PSCommand_Get-OCIIdentitydomainsUserAttributesSetting PSCmdlet_Get-OCIIdentitydomainsUserAttributesSettingsList PSCommand_Get-OCIIdentitydomainsUserAttributesSettingsList PSCmdlet_Get-OCIIdentitydomainsUserDbCredential PSCommand_Get-OCIIdentitydomainsUserDbCredential PSCmdlet_Get-OCIIdentitydomainsUserDbCredentialsList PSCommand_Get-OCIIdentitydomainsUserDbCredentialsList PSCmdlet_Get-OCIIdentitydomainsUsersList PSCommand_Get-OCIIdentitydomainsUsersList PSCmdlet_Invoke-OCIIdentitydomainsPatchAccountRecoverySetting PSCommand_Invoke-OCIIdentitydomainsPatchAccountRecoverySetting PSCmdlet_Invoke-OCIIdentitydomainsPatchApiKey PSCommand_Invoke-OCIIdentitydomainsPatchApiKey PSCmdlet_Invoke-OCIIdentitydomainsPatchApp PSCommand_Invoke-OCIIdentitydomainsPatchApp PSCmdlet_Invoke-OCIIdentitydomainsPatchAppRole PSCommand_Invoke-OCIIdentitydomainsPatchAppRole PSCmdlet_Invoke-OCIIdentitydomainsPatchApprovalWorkflow PSCommand_Invoke-OCIIdentitydomainsPatchApprovalWorkflow PSCmdlet_Invoke-OCIIdentitydomainsPatchApprovalWorkflowStep PSCommand_Invoke-OCIIdentitydomainsPatchApprovalWorkflowStep PSCmdlet_Invoke-OCIIdentitydomainsPatchAuthToken PSCommand_Invoke-OCIIdentitydomainsPatchAuthToken PSCmdlet_Invoke-OCIIdentitydomainsPatchCloudGate PSCommand_Invoke-OCIIdentitydomainsPatchCloudGate PSCmdlet_Invoke-OCIIdentitydomainsPatchCloudGateMapping PSCommand_Invoke-OCIIdentitydomainsPatchCloudGateMapping PSCmdlet_Invoke-OCIIdentitydomainsPatchCloudGateServer PSCommand_Invoke-OCIIdentitydomainsPatchCloudGateServer PSCmdlet_Invoke-OCIIdentitydomainsPatchCondition PSCommand_Invoke-OCIIdentitydomainsPatchCondition PSCmdlet_Invoke-OCIIdentitydomainsPatchCustomerSecretKey PSCommand_Invoke-OCIIdentitydomainsPatchCustomerSecretKey PSCmdlet_Invoke-OCIIdentitydomainsPatchDynamicResourceGroup PSCommand_Invoke-OCIIdentitydomainsPatchDynamicResourceGroup PSCmdlet_Invoke-OCIIdentitydomainsPatchGrant PSCommand_Invoke-OCIIdentitydomainsPatchGrant PSCmdlet_Invoke-OCIIdentitydomainsPatchGroup PSCommand_Invoke-OCIIdentitydomainsPatchGroup PSCmdlet_Invoke-OCIIdentitydomainsPatchIdentityPropagationTrust PSCommand_Invoke-OCIIdentitydomainsPatchIdentityPropagationTrust PSCmdlet_Invoke-OCIIdentitydomainsPatchIdentityProvider PSCommand_Invoke-OCIIdentitydomainsPatchIdentityProvider PSCmdlet_Invoke-OCIIdentitydomainsPatchIdentitySetting PSCommand_Invoke-OCIIdentitydomainsPatchIdentitySetting PSCmdlet_Invoke-OCIIdentitydomainsPatchKmsiSetting PSCommand_Invoke-OCIIdentitydomainsPatchKmsiSetting PSCmdlet_Invoke-OCIIdentitydomainsPatchMe PSCommand_Invoke-OCIIdentitydomainsPatchMe PSCmdlet_Invoke-OCIIdentitydomainsPatchMyApiKey PSCommand_Invoke-OCIIdentitydomainsPatchMyApiKey PSCmdlet_Invoke-OCIIdentitydomainsPatchMyAuthToken PSCommand_Invoke-OCIIdentitydomainsPatchMyAuthToken PSCmdlet_Invoke-OCIIdentitydomainsPatchMyCustomerSecretKey PSCommand_Invoke-OCIIdentitydomainsPatchMyCustomerSecretKey PSCmdlet_Invoke-OCIIdentitydomainsPatchMyDevice PSCommand_Invoke-OCIIdentitydomainsPatchMyDevice PSCmdlet_Invoke-OCIIdentitydomainsPatchMyOAuth2ClientCredential PSCommand_Invoke-OCIIdentitydomainsPatchMyOAuth2ClientCredential PSCmdlet_Invoke-OCIIdentitydomainsPatchMyPendingApproval PSCommand_Invoke-OCIIdentitydomainsPatchMyPendingApproval PSCmdlet_Invoke-OCIIdentitydomainsPatchMyRequest PSCommand_Invoke-OCIIdentitydomainsPatchMyRequest PSCmdlet_Invoke-OCIIdentitydomainsPatchMySmtpCredential PSCommand_Invoke-OCIIdentitydomainsPatchMySmtpCredential PSCmdlet_Invoke-OCIIdentitydomainsPatchNetworkPerimeter PSCommand_Invoke-OCIIdentitydomainsPatchNetworkPerimeter PSCmdlet_Invoke-OCIIdentitydomainsPatchOAuth2ClientCredential PSCommand_Invoke-OCIIdentitydomainsPatchOAuth2ClientCredential PSCmdlet_Invoke-OCIIdentitydomainsPatchPasswordPolicy PSCommand_Invoke-OCIIdentitydomainsPatchPasswordPolicy PSCmdlet_Invoke-OCIIdentitydomainsPatchPolicy PSCommand_Invoke-OCIIdentitydomainsPatchPolicy PSCmdlet_Invoke-OCIIdentitydomainsPatchRule PSCommand_Invoke-OCIIdentitydomainsPatchRule PSCmdlet_Invoke-OCIIdentitydomainsPatchSchema PSCommand_Invoke-OCIIdentitydomainsPatchSchema PSCmdlet_Invoke-OCIIdentitydomainsPatchSecurityQuestion PSCommand_Invoke-OCIIdentitydomainsPatchSecurityQuestion PSCmdlet_Invoke-OCIIdentitydomainsPatchSecurityQuestionSetting PSCommand_Invoke-OCIIdentitydomainsPatchSecurityQuestionSetting PSCmdlet_Invoke-OCIIdentitydomainsPatchSelfRegistrationProfile PSCommand_Invoke-OCIIdentitydomainsPatchSelfRegistrationProfile PSCmdlet_Invoke-OCIIdentitydomainsPatchSetting PSCommand_Invoke-OCIIdentitydomainsPatchSetting PSCmdlet_Invoke-OCIIdentitydomainsPatchSmtpCredential PSCommand_Invoke-OCIIdentitydomainsPatchSmtpCredential PSCmdlet_Invoke-OCIIdentitydomainsPatchSocialIdentityProvider PSCommand_Invoke-OCIIdentitydomainsPatchSocialIdentityProvider PSCmdlet_Invoke-OCIIdentitydomainsPatchUser PSCommand_Invoke-OCIIdentitydomainsPatchUser PSCmdlet_Invoke-OCIIdentitydomainsPatchUserAttributesSetting PSCommand_Invoke-OCIIdentitydomainsPatchUserAttributesSetting PSCmdlet_Invoke-OCIIdentitydomainsSearchAccountMgmtInfos PSCommand_Invoke-OCIIdentitydomainsSearchAccountMgmtInfos PSCmdlet_Invoke-OCIIdentitydomainsSearchApiKeys PSCommand_Invoke-OCIIdentitydomainsSearchApiKeys PSCmdlet_Invoke-OCIIdentitydomainsSearchAppRoles PSCommand_Invoke-OCIIdentitydomainsSearchAppRoles PSCmdlet_Invoke-OCIIdentitydomainsSearchApps PSCommand_Invoke-OCIIdentitydomainsSearchApps PSCmdlet_Invoke-OCIIdentitydomainsSearchAuthenticationFactorSettings PSCommand_Invoke-OCIIdentitydomainsSearchAuthenticationFactorSettings PSCmdlet_Invoke-OCIIdentitydomainsSearchAuthTokens PSCommand_Invoke-OCIIdentitydomainsSearchAuthTokens PSCmdlet_Invoke-OCIIdentitydomainsSearchCloudGateMappings PSCommand_Invoke-OCIIdentitydomainsSearchCloudGateMappings PSCmdlet_Invoke-OCIIdentitydomainsSearchCloudGates PSCommand_Invoke-OCIIdentitydomainsSearchCloudGates PSCmdlet_Invoke-OCIIdentitydomainsSearchCloudGateServers PSCommand_Invoke-OCIIdentitydomainsSearchCloudGateServers PSCmdlet_Invoke-OCIIdentitydomainsSearchConditions PSCommand_Invoke-OCIIdentitydomainsSearchConditions PSCmdlet_Invoke-OCIIdentitydomainsSearchCustomerSecretKeys PSCommand_Invoke-OCIIdentitydomainsSearchCustomerSecretKeys PSCmdlet_Invoke-OCIIdentitydomainsSearchDynamicResourceGroups PSCommand_Invoke-OCIIdentitydomainsSearchDynamicResourceGroups PSCmdlet_Invoke-OCIIdentitydomainsSearchGrants PSCommand_Invoke-OCIIdentitydomainsSearchGrants PSCmdlet_Invoke-OCIIdentitydomainsSearchGroups PSCommand_Invoke-OCIIdentitydomainsSearchGroups PSCmdlet_Invoke-OCIIdentitydomainsSearchIdentityProviders PSCommand_Invoke-OCIIdentitydomainsSearchIdentityProviders PSCmdlet_Invoke-OCIIdentitydomainsSearchIdentitySettings PSCommand_Invoke-OCIIdentitydomainsSearchIdentitySettings PSCmdlet_Invoke-OCIIdentitydomainsSearchKmsiSettings PSCommand_Invoke-OCIIdentitydomainsSearchKmsiSettings PSCmdlet_Invoke-OCIIdentitydomainsSearchMyApps PSCommand_Invoke-OCIIdentitydomainsSearchMyApps PSCmdlet_Invoke-OCIIdentitydomainsSearchMyGroups PSCommand_Invoke-OCIIdentitydomainsSearchMyGroups PSCmdlet_Invoke-OCIIdentitydomainsSearchMyRequestableGroups PSCommand_Invoke-OCIIdentitydomainsSearchMyRequestableGroups PSCmdlet_Invoke-OCIIdentitydomainsSearchMyRequests PSCommand_Invoke-OCIIdentitydomainsSearchMyRequests PSCmdlet_Invoke-OCIIdentitydomainsSearchNetworkPerimeters PSCommand_Invoke-OCIIdentitydomainsSearchNetworkPerimeters PSCmdlet_Invoke-OCIIdentitydomainsSearchNotificationSettings PSCommand_Invoke-OCIIdentitydomainsSearchNotificationSettings PSCmdlet_Invoke-OCIIdentitydomainsSearchOAuth2ClientCredentials PSCommand_Invoke-OCIIdentitydomainsSearchOAuth2ClientCredentials PSCmdlet_Invoke-OCIIdentitydomainsSearchOAuthClientCertificates PSCommand_Invoke-OCIIdentitydomainsSearchOAuthClientCertificates PSCmdlet_Invoke-OCIIdentitydomainsSearchOAuthPartnerCertificates PSCommand_Invoke-OCIIdentitydomainsSearchOAuthPartnerCertificates PSCmdlet_Invoke-OCIIdentitydomainsSearchOciConsoleSignOnPolicyConsents PSCommand_Invoke-OCIIdentitydomainsSearchOciConsoleSignOnPolicyConsents PSCmdlet_Invoke-OCIIdentitydomainsSearchPasswordPolicies PSCommand_Invoke-OCIIdentitydomainsSearchPasswordPolicies PSCmdlet_Invoke-OCIIdentitydomainsSearchPolicies PSCommand_Invoke-OCIIdentitydomainsSearchPolicies PSCmdlet_Invoke-OCIIdentitydomainsSearchResourceTypeSchemaAttributes PSCommand_Invoke-OCIIdentitydomainsSearchResourceTypeSchemaAttributes PSCmdlet_Invoke-OCIIdentitydomainsSearchRules PSCommand_Invoke-OCIIdentitydomainsSearchRules PSCmdlet_Invoke-OCIIdentitydomainsSearchSchemas PSCommand_Invoke-OCIIdentitydomainsSearchSchemas PSCmdlet_Invoke-OCIIdentitydomainsSearchSecurityQuestions PSCommand_Invoke-OCIIdentitydomainsSearchSecurityQuestions PSCmdlet_Invoke-OCIIdentitydomainsSearchSecurityQuestionSettings PSCommand_Invoke-OCIIdentitydomainsSearchSecurityQuestionSettings PSCmdlet_Invoke-OCIIdentitydomainsSearchSelfRegistrationProfiles PSCommand_Invoke-OCIIdentitydomainsSearchSelfRegistrationProfiles PSCmdlet_Invoke-OCIIdentitydomainsSearchSettings PSCommand_Invoke-OCIIdentitydomainsSearchSettings PSCmdlet_Invoke-OCIIdentitydomainsSearchSmtpCredentials PSCommand_Invoke-OCIIdentitydomainsSearchSmtpCredentials PSCmdlet_Invoke-OCIIdentitydomainsSearchSocialIdentityProviders PSCommand_Invoke-OCIIdentitydomainsSearchSocialIdentityProviders PSCmdlet_Invoke-OCIIdentitydomainsSearchUserAttributesSettings PSCommand_Invoke-OCIIdentitydomainsSearchUserAttributesSettings PSCmdlet_Invoke-OCIIdentitydomainsSearchUserDbCredentials PSCommand_Invoke-OCIIdentitydomainsSearchUserDbCredentials PSCmdlet_Invoke-OCIIdentitydomainsSearchUsers PSCommand_Invoke-OCIIdentitydomainsSearchUsers PSCmdlet_New-OCIIdentitydomainsApiKey PSCommand_New-OCIIdentitydomainsApiKey PSCmdlet_New-OCIIdentitydomainsApp PSCommand_New-OCIIdentitydomainsApp PSCmdlet_New-OCIIdentitydomainsAppRole PSCommand_New-OCIIdentitydomainsAppRole PSCmdlet_New-OCIIdentitydomainsApprovalWorkflow PSCommand_New-OCIIdentitydomainsApprovalWorkflow PSCmdlet_New-OCIIdentitydomainsApprovalWorkflowAssignment PSCommand_New-OCIIdentitydomainsApprovalWorkflowAssignment PSCmdlet_New-OCIIdentitydomainsApprovalWorkflowStep PSCommand_New-OCIIdentitydomainsApprovalWorkflowStep PSCmdlet_New-OCIIdentitydomainsAuthenticationFactorsRemover PSCommand_New-OCIIdentitydomainsAuthenticationFactorsRemover PSCmdlet_New-OCIIdentitydomainsAuthToken PSCommand_New-OCIIdentitydomainsAuthToken PSCmdlet_New-OCIIdentitydomainsCloudGate PSCommand_New-OCIIdentitydomainsCloudGate PSCmdlet_New-OCIIdentitydomainsCloudGateMapping PSCommand_New-OCIIdentitydomainsCloudGateMapping PSCmdlet_New-OCIIdentitydomainsCloudGateServer PSCommand_New-OCIIdentitydomainsCloudGateServer PSCmdlet_New-OCIIdentitydomainsCondition PSCommand_New-OCIIdentitydomainsCondition PSCmdlet_New-OCIIdentitydomainsCustomerSecretKey PSCommand_New-OCIIdentitydomainsCustomerSecretKey PSCmdlet_New-OCIIdentitydomainsDynamicResourceGroup PSCommand_New-OCIIdentitydomainsDynamicResourceGroup PSCmdlet_New-OCIIdentitydomainsGrant PSCommand_New-OCIIdentitydomainsGrant PSCmdlet_New-OCIIdentitydomainsGroup PSCommand_New-OCIIdentitydomainsGroup PSCmdlet_New-OCIIdentitydomainsIdentityPropagationTrust PSCommand_New-OCIIdentitydomainsIdentityPropagationTrust PSCmdlet_New-OCIIdentitydomainsIdentityProvider PSCommand_New-OCIIdentitydomainsIdentityProvider PSCmdlet_New-OCIIdentitydomainsMe PSCommand_New-OCIIdentitydomainsMe PSCmdlet_New-OCIIdentitydomainsMyApiKey PSCommand_New-OCIIdentitydomainsMyApiKey PSCmdlet_New-OCIIdentitydomainsMyAuthenticationFactorInitiator PSCommand_New-OCIIdentitydomainsMyAuthenticationFactorInitiator PSCmdlet_New-OCIIdentitydomainsMyAuthenticationFactorsRemover PSCommand_New-OCIIdentitydomainsMyAuthenticationFactorsRemover PSCmdlet_New-OCIIdentitydomainsMyAuthenticationFactorValidator PSCommand_New-OCIIdentitydomainsMyAuthenticationFactorValidator PSCmdlet_New-OCIIdentitydomainsMyAuthToken PSCommand_New-OCIIdentitydomainsMyAuthToken PSCmdlet_New-OCIIdentitydomainsMyCustomerSecretKey PSCommand_New-OCIIdentitydomainsMyCustomerSecretKey PSCmdlet_New-OCIIdentitydomainsMyOAuth2ClientCredential PSCommand_New-OCIIdentitydomainsMyOAuth2ClientCredential PSCmdlet_New-OCIIdentitydomainsMyRequest PSCommand_New-OCIIdentitydomainsMyRequest PSCmdlet_New-OCIIdentitydomainsMySmtpCredential PSCommand_New-OCIIdentitydomainsMySmtpCredential PSCmdlet_New-OCIIdentitydomainsMySupportAccount PSCommand_New-OCIIdentitydomainsMySupportAccount PSCmdlet_New-OCIIdentitydomainsMyUserDbCredential PSCommand_New-OCIIdentitydomainsMyUserDbCredential PSCmdlet_New-OCIIdentitydomainsNetworkPerimeter PSCommand_New-OCIIdentitydomainsNetworkPerimeter PSCmdlet_New-OCIIdentitydomainsOAuth2ClientCredential PSCommand_New-OCIIdentitydomainsOAuth2ClientCredential PSCmdlet_New-OCIIdentitydomainsOAuthClientCertificate PSCommand_New-OCIIdentitydomainsOAuthClientCertificate PSCmdlet_New-OCIIdentitydomainsOAuthPartnerCertificate PSCommand_New-OCIIdentitydomainsOAuthPartnerCertificate PSCmdlet_New-OCIIdentitydomainsPasswordPolicy PSCommand_New-OCIIdentitydomainsPasswordPolicy PSCmdlet_New-OCIIdentitydomainsPolicy PSCommand_New-OCIIdentitydomainsPolicy PSCmdlet_New-OCIIdentitydomainsRestoreOciConsolePolicy PSCommand_New-OCIIdentitydomainsRestoreOciConsolePolicy PSCmdlet_New-OCIIdentitydomainsRule PSCommand_New-OCIIdentitydomainsRule PSCmdlet_New-OCIIdentitydomainsSecurityQuestion PSCommand_New-OCIIdentitydomainsSecurityQuestion PSCmdlet_New-OCIIdentitydomainsSelfRegistrationProfile PSCommand_New-OCIIdentitydomainsSelfRegistrationProfile PSCmdlet_New-OCIIdentitydomainsSmtpCredential PSCommand_New-OCIIdentitydomainsSmtpCredential PSCmdlet_New-OCIIdentitydomainsSocialIdentityProvider PSCommand_New-OCIIdentitydomainsSocialIdentityProvider PSCmdlet_New-OCIIdentitydomainsUser PSCommand_New-OCIIdentitydomainsUser PSCmdlet_New-OCIIdentitydomainsUserDbCredential PSCommand_New-OCIIdentitydomainsUserDbCredential PSCmdlet_Remove-OCIIdentitydomainsApiKey PSCommand_Remove-OCIIdentitydomainsApiKey PSCmdlet_Remove-OCIIdentitydomainsApp PSCommand_Remove-OCIIdentitydomainsApp PSCmdlet_Remove-OCIIdentitydomainsAppRole PSCommand_Remove-OCIIdentitydomainsAppRole PSCmdlet_Remove-OCIIdentitydomainsApprovalWorkflow PSCommand_Remove-OCIIdentitydomainsApprovalWorkflow PSCmdlet_Remove-OCIIdentitydomainsApprovalWorkflowAssignment PSCommand_Remove-OCIIdentitydomainsApprovalWorkflowAssignment PSCmdlet_Remove-OCIIdentitydomainsApprovalWorkflowStep PSCommand_Remove-OCIIdentitydomainsApprovalWorkflowStep PSCmdlet_Remove-OCIIdentitydomainsAuthToken PSCommand_Remove-OCIIdentitydomainsAuthToken PSCmdlet_Remove-OCIIdentitydomainsCloudGate PSCommand_Remove-OCIIdentitydomainsCloudGate PSCmdlet_Remove-OCIIdentitydomainsCloudGateMapping PSCommand_Remove-OCIIdentitydomainsCloudGateMapping PSCmdlet_Remove-OCIIdentitydomainsCloudGateServer PSCommand_Remove-OCIIdentitydomainsCloudGateServer PSCmdlet_Remove-OCIIdentitydomainsCondition PSCommand_Remove-OCIIdentitydomainsCondition PSCmdlet_Remove-OCIIdentitydomainsCustomerSecretKey PSCommand_Remove-OCIIdentitydomainsCustomerSecretKey PSCmdlet_Remove-OCIIdentitydomainsDynamicResourceGroup PSCommand_Remove-OCIIdentitydomainsDynamicResourceGroup PSCmdlet_Remove-OCIIdentitydomainsGrant PSCommand_Remove-OCIIdentitydomainsGrant PSCmdlet_Remove-OCIIdentitydomainsGroup PSCommand_Remove-OCIIdentitydomainsGroup PSCmdlet_Remove-OCIIdentitydomainsIdentityPropagationTrust PSCommand_Remove-OCIIdentitydomainsIdentityPropagationTrust PSCmdlet_Remove-OCIIdentitydomainsIdentityProvider PSCommand_Remove-OCIIdentitydomainsIdentityProvider PSCmdlet_Remove-OCIIdentitydomainsMyApiKey PSCommand_Remove-OCIIdentitydomainsMyApiKey PSCmdlet_Remove-OCIIdentitydomainsMyAuthToken PSCommand_Remove-OCIIdentitydomainsMyAuthToken PSCmdlet_Remove-OCIIdentitydomainsMyCustomerSecretKey PSCommand_Remove-OCIIdentitydomainsMyCustomerSecretKey PSCmdlet_Remove-OCIIdentitydomainsMyDevice PSCommand_Remove-OCIIdentitydomainsMyDevice PSCmdlet_Remove-OCIIdentitydomainsMyOAuth2ClientCredential PSCommand_Remove-OCIIdentitydomainsMyOAuth2ClientCredential PSCmdlet_Remove-OCIIdentitydomainsMySmtpCredential PSCommand_Remove-OCIIdentitydomainsMySmtpCredential PSCmdlet_Remove-OCIIdentitydomainsMySupportAccount PSCommand_Remove-OCIIdentitydomainsMySupportAccount PSCmdlet_Remove-OCIIdentitydomainsMyTrustedUserAgent PSCommand_Remove-OCIIdentitydomainsMyTrustedUserAgent PSCmdlet_Remove-OCIIdentitydomainsMyUserDbCredential PSCommand_Remove-OCIIdentitydomainsMyUserDbCredential PSCmdlet_Remove-OCIIdentitydomainsNetworkPerimeter PSCommand_Remove-OCIIdentitydomainsNetworkPerimeter PSCmdlet_Remove-OCIIdentitydomainsOAuth2ClientCredential PSCommand_Remove-OCIIdentitydomainsOAuth2ClientCredential PSCmdlet_Remove-OCIIdentitydomainsOAuthClientCertificate PSCommand_Remove-OCIIdentitydomainsOAuthClientCertificate PSCmdlet_Remove-OCIIdentitydomainsOAuthPartnerCertificate PSCommand_Remove-OCIIdentitydomainsOAuthPartnerCertificate PSCmdlet_Remove-OCIIdentitydomainsPasswordPolicy PSCommand_Remove-OCIIdentitydomainsPasswordPolicy PSCmdlet_Remove-OCIIdentitydomainsPolicy PSCommand_Remove-OCIIdentitydomainsPolicy PSCmdlet_Remove-OCIIdentitydomainsRule PSCommand_Remove-OCIIdentitydomainsRule PSCmdlet_Remove-OCIIdentitydomainsSecurityQuestion PSCommand_Remove-OCIIdentitydomainsSecurityQuestion PSCmdlet_Remove-OCIIdentitydomainsSelfRegistrationProfile PSCommand_Remove-OCIIdentitydomainsSelfRegistrationProfile PSCmdlet_Remove-OCIIdentitydomainsSmtpCredential PSCommand_Remove-OCIIdentitydomainsSmtpCredential PSCmdlet_Remove-OCIIdentitydomainsSocialIdentityProvider PSCommand_Remove-OCIIdentitydomainsSocialIdentityProvider PSCmdlet_Remove-OCIIdentitydomainsUser PSCommand_Remove-OCIIdentitydomainsUser PSCmdlet_Remove-OCIIdentitydomainsUserDbCredential PSCommand_Remove-OCIIdentitydomainsUserDbCredential PSCmdlet_Write-OCIIdentitydomainsAccountRecoverySetting PSCommand_Write-OCIIdentitydomainsAccountRecoverySetting PSCmdlet_Write-OCIIdentitydomainsApp PSCommand_Write-OCIIdentitydomainsApp PSCmdlet_Write-OCIIdentitydomainsApprovalWorkflow PSCommand_Write-OCIIdentitydomainsApprovalWorkflow PSCmdlet_Write-OCIIdentitydomainsAppStatusChanger PSCommand_Write-OCIIdentitydomainsAppStatusChanger PSCmdlet_Write-OCIIdentitydomainsAuthenticationFactorSetting PSCommand_Write-OCIIdentitydomainsAuthenticationFactorSetting PSCmdlet_Write-OCIIdentitydomainsCloudGate PSCommand_Write-OCIIdentitydomainsCloudGate PSCmdlet_Write-OCIIdentitydomainsCloudGateMapping PSCommand_Write-OCIIdentitydomainsCloudGateMapping PSCmdlet_Write-OCIIdentitydomainsCloudGateServer PSCommand_Write-OCIIdentitydomainsCloudGateServer PSCmdlet_Write-OCIIdentitydomainsCondition PSCommand_Write-OCIIdentitydomainsCondition PSCmdlet_Write-OCIIdentitydomainsDynamicResourceGroup PSCommand_Write-OCIIdentitydomainsDynamicResourceGroup PSCmdlet_Write-OCIIdentitydomainsGroup PSCommand_Write-OCIIdentitydomainsGroup PSCmdlet_Write-OCIIdentitydomainsIdentityPropagationTrust PSCommand_Write-OCIIdentitydomainsIdentityPropagationTrust PSCmdlet_Write-OCIIdentitydomainsIdentityProvider PSCommand_Write-OCIIdentitydomainsIdentityProvider PSCmdlet_Write-OCIIdentitydomainsIdentitySetting PSCommand_Write-OCIIdentitydomainsIdentitySetting PSCmdlet_Write-OCIIdentitydomainsKmsiSetting PSCommand_Write-OCIIdentitydomainsKmsiSetting PSCmdlet_Write-OCIIdentitydomainsMe PSCommand_Write-OCIIdentitydomainsMe PSCmdlet_Write-OCIIdentitydomainsMePasswordChanger PSCommand_Write-OCIIdentitydomainsMePasswordChanger PSCmdlet_Write-OCIIdentitydomainsNetworkPerimeter PSCommand_Write-OCIIdentitydomainsNetworkPerimeter PSCmdlet_Write-OCIIdentitydomainsNotificationSetting PSCommand_Write-OCIIdentitydomainsNotificationSetting PSCmdlet_Write-OCIIdentitydomainsPasswordPolicy PSCommand_Write-OCIIdentitydomainsPasswordPolicy PSCmdlet_Write-OCIIdentitydomainsPolicy PSCommand_Write-OCIIdentitydomainsPolicy PSCmdlet_Write-OCIIdentitydomainsRule PSCommand_Write-OCIIdentitydomainsRule PSCmdlet_Write-OCIIdentitydomainsSchema PSCommand_Write-OCIIdentitydomainsSchema PSCmdlet_Write-OCIIdentitydomainsSecurityQuestionSetting PSCommand_Write-OCIIdentitydomainsSecurityQuestionSetting PSCmdlet_Write-OCIIdentitydomainsSelfRegistrationProfile PSCommand_Write-OCIIdentitydomainsSelfRegistrationProfile PSCmdlet_Write-OCIIdentitydomainsSetting PSCommand_Write-OCIIdentitydomainsSetting PSCmdlet_Write-OCIIdentitydomainsSocialIdentityProvider PSCommand_Write-OCIIdentitydomainsSocialIdentityProvider PSCmdlet_Write-OCIIdentitydomainsUser PSCommand_Write-OCIIdentitydomainsUser PSCmdlet_Write-OCIIdentitydomainsUserCapabilitiesChanger PSCommand_Write-OCIIdentitydomainsUserCapabilitiesChanger PSCmdlet_Write-OCIIdentitydomainsUserPasswordChanger PSCommand_Write-OCIIdentitydomainsUserPasswordChanger PSCmdlet_Write-OCIIdentitydomainsUserPasswordResetter PSCommand_Write-OCIIdentitydomainsUserPasswordResetter PSCmdlet_Write-OCIIdentitydomainsUserStatusChanger PSCommand_Write-OCIIdentitydomainsUserStatusChanger PSIncludes_Cmdlet</S>
          <S N="developmentDependency">False</S>
          <S N="updated">2024-12-08T21:30:00Z</S>
          <S N="NormalizedVersion">95.1.0</S>
          <S N="Authors">Oracle Cloud Infrastructure</S>
          <S N="IsPrerelease">false</S>
          <S N="ItemType">Module</S>
          <S N="FileList">OCI.PSModules.Identitydomains.nuspec|THIRD_PARTY_LICENSES.txt|OCI.PSModules.Identitydomains.psd1|OCI.PSModules.Identitydomains.dll-Help.xml|LICENSE.txt|assemblies\OCI.DotNetSDK.Identitydomains.dll|assemblies\OCI.PSModules.Identitydomains.dll</S>
          <S N="GUID">a6c13cbd-d51d-4887-9285-9eb20c02e9cc</S>
          <S N="PowerShellVersion">6.0</S>
          <S N="CompanyName">Oracle Corporation</S>
        </MS>
      </Obj>
      <S N="InstalledLocation">C:\Users\MarcoFekry\Downloads\OCI.PSModules\OCI.PSModules.Identitydomains\95.1.0</S>
    </MS>
  </Obj>
</Objs>
